<?xml version="1.0" encoding="utf-8" ?>
<kml xmlns="http://www.opengis.net/kml/2.2">
<Document id="root_pd">
<Schema name="114SEC_DA" id="114SEC_DATBLPD">
	<SimpleField name="段碼" type="string"></SimpleField>
	<SimpleField name="段名" type="string"></SimpleField>
	<SimpleField name="行政區" type="string"></SimpleField>
</Schema>
<Folder><name>DATBLPD</name>
  <Placemark>
	<Style><LineStyle><color>ff0000ff</color></LineStyle><PolyStyle><fill>0</fill></PolyStyle></Style>
	<ExtendedData><SchemaData schemaUrl="#114SEC_DATBLPD">
		<SimpleData name="段碼">0063</SimpleData>
		<SimpleData name="段名">立人段</SimpleData>
		<SimpleData name="行政區">北區</SimpleData>
	</SchemaData></ExtendedData>
      <MultiGeometry>
        <Polygon>
          <outerBoundaryIs><LinearRing><coordinates>120.2014385,22.999737 120.2014386,22.9997371 120.201421,22.9997865 120.2015548,22.9999655 120.2018251,23.0003258 120.2018249,23.000326 120.2023221,23.0009901 120.2023221,23.0009888 120.2023223,23.0009888 120.2023507,23.0010263 120.2023806,23.0010663 120.2025194,23.0012526 120.2025322,23.00127 120.2027058,23.0015021 120.2027235,23.0015252 120.2028448,23.0016853 120.2028468,23.0016856 120.202899,23.0017559 120.2031694,23.0021148 120.2033884,23.0024063 120.2036,23.0026888 120.2036137,23.0027074 120.203629,23.002735 120.2036335,23.0027335 120.203655,23.0027623 120.2038694,23.0030453 120.2038693,23.0030454 120.2038686,23.0030454 120.2040292,23.0032585 120.2041891,23.0034721 120.2041984,23.0034838 120.2042577,23.0035625 120.2042579,23.0035614 120.2042581,23.0035613 120.2044888,23.0038682 120.2043575,23.0040105 120.2043018,23.0040714 120.2042551,23.004122 120.2042551,23.0041221 120.2042333,23.0041456 120.2041954,23.0041872 120.2040323,23.0043638 120.2039987,23.0044004 120.2039981,23.0044003 120.2039342,23.004469 120.2039319,23.0044703 120.2038379,23.0045731 120.2036945,23.004729 120.2036352,23.0047928 120.2035703,23.0048632 120.2035479,23.0048882 120.2034995,23.0049397 120.2034875,23.0049531 120.2034479,23.0049952 120.2032376,23.0052233 120.2031349,23.0051865 120.2027173,23.0050336 120.2022994,23.0048813 120.2022994,23.0048817 120.2022993,23.0048818 120.2020433,23.004789 120.2018922,23.0047346 120.2009922,23.0044084 120.2009273,23.0043851 120.2009273,23.0043849 120.200929,23.0043849 120.2003527,23.0041756 120.2003526,23.0041761 120.2003525,23.0041762 120.2001982,23.0041199 120.2000432,23.0040637 120.1998749,23.004002 120.1989387,23.0036621 120.1985008,23.0035041 120.1984059,23.003469 120.1984058,23.0034683 120.1981151,23.0033629 120.1980297,23.0033325 120.1979921,23.003319 120.1977847,23.0032436 120.1977105,23.0032168 120.1976779,23.0032053 120.1975655,23.0031645 120.1974427,23.003202 120.1972689,23.0032546 120.197334,23.0033453 120.197334,23.0033454 120.1969634,23.0034841 120.1968792,23.003508 120.1967602,23.0035412 120.1966419,23.0035737 120.1965238,23.0036088 120.196454,23.0036303 120.1964539,23.0036301 120.196448,23.0036321 120.1962456,23.0036706 120.1959207,23.0037304 120.1958332,23.0037468 120.1955912,23.0037546 120.1955077,23.0037575 120.1954154,23.003761 120.1952904,23.0037513 120.1949929,23.0036938 120.1947923,23.0036548 120.1946433,23.0036615 120.1946211,23.0036604 120.1945767,23.003659 120.1945672,23.0036574 120.1943099,23.0036433 120.1942323,23.0036332 120.193889,23.0035845 120.1938889,23.0035844 120.1939161,23.0035563 120.193937,23.0035334 120.1940239,23.0034442 120.1941335,23.003332 120.1941626,23.0033025 120.1942487,23.0032146 120.1942784,23.0031846 120.194398,23.0030629 120.1944585,23.0030021 120.1945147,23.002943 120.1945669,23.0028886 120.1945749,23.0028805 120.1946918,23.0027579 120.1947206,23.0027274 120.1947488,23.0026981 120.1947922,23.0026522 120.1948286,23.0026144 120.1948518,23.0025878 120.1950033,23.0024165 120.1950244,23.002393 120.1951258,23.0022821 120.1952793,23.002144 120.1953163,23.0021573 120.1953078,23.0021194 120.1953037,23.0021034 120.1953457,23.0020617 120.1954039,23.0020063 120.1954339,23.0019786 120.1955405,23.0018772 120.1955406,23.0018772 120.1955568,23.0018956 120.1955816,23.0018619 120.1956048,23.0018507 120.1955899,23.0018291 120.1956526,23.0017692 120.1956637,23.0017585 120.1957324,23.0017335 120.1958417,23.0016944 120.1958813,23.0016798 120.1959209,23.0016655 120.1959918,23.0016386 120.1962193,23.0015555 120.1964034,23.0014886 120.1965386,23.0014385 120.1966431,23.0013997 120.1967338,23.0013665 120.1967786,23.0013503 120.1968237,23.0013336 120.1969499,23.0012874 120.1971956,23.0011984 120.1973119,23.0011559 120.1974804,23.0010949 120.1975107,23.0010855 120.1975134,23.0010849 120.1975376,23.0010768 120.1976785,23.0010287 120.1980008,23.0009196 120.1980961,23.0008875 120.1982995,23.0008183 120.1984299,23.0007745 120.1984537,23.0007668 120.1984914,23.0007533 120.198531,23.0007396 120.1986526,23.000699 120.1987918,23.0006518 120.198793,23.0006343 120.1988567,23.0006131 120.1990233,23.0005571 120.199243,23.000482 120.1993471,23.0004459 120.1994418,23.000414 120.1995363,23.0003814 120.1997318,23.0003154 120.1997281,23.0003154 120.1997281,23.0003152 120.1997428,23.0003102 120.1997783,23.0002986 120.1998161,23.0002856 120.1999519,23.0002401 120.2002065,23.0001544 120.2003764,23.0000975 120.2003766,23.0000967 120.2004002,23.0000886 120.200587,23.0000258 120.2006315,23.0000106 120.2006714,22.9999972 120.2006991,22.9999907 120.2009772,22.9998954 120.201086,22.9998586 120.2011012,22.9998222 120.2011869,22.9997717 120.201187,22.9997717 120.2012069,22.9998165 120.2012793,22.9997914 120.2013776,22.9997576 120.2014385,22.999737</coordinates></LinearRing></outerBoundaryIs>
        </Polygon>
      </MultiGeometry>
  </Placemark>
  <Placemark>
	<Style><LineStyle><color>ff0000ff</color></LineStyle><PolyStyle><fill>0</fill></PolyStyle></Style>
	<ExtendedData><SchemaData schemaUrl="#114SEC_DATBLPD">
		<SimpleData name="段碼">0064</SimpleData>
		<SimpleData name="段名">正興段</SimpleData>
		<SimpleData name="行政區">北區</SimpleData>
	</SchemaData></ExtendedData>
      <MultiGeometry>
        <Polygon>
          <outerBoundaryIs><LinearRing><coordinates>120.2110012,23.0044288 120.2110013,23.0044289 120.2109984,23.004449 120.2109758,23.0045614 120.2109748,23.0045905 120.2109741,23.0046203 120.2108831,23.0046388 120.2108411,23.0046739 120.2107815,23.0048533 120.2106934,23.0051202 120.2105374,23.005595 120.2103987,23.0060143 120.2099219,23.0074609 120.2099287,23.0074887 120.2099139,23.0075374 120.2099049,23.007588 120.209906,23.0076386 120.2099106,23.0076934 120.2099169,23.0077406 120.2099339,23.0078014 120.2099655,23.0078988 120.2100276,23.0080833 120.2100834,23.0082502 120.2101218,23.0083594 120.2104066,23.0092135 120.2104663,23.0093933 120.2105683,23.0096978 120.2107905,23.0103576 120.2108532,23.0105422 120.2108948,23.0106636 120.2110779,23.0112087 120.2112907,23.0118474 120.2114918,23.0124531 120.2115176,23.012525 120.2115345,23.0125656 120.211565,23.012632 120.2116176,23.0127389 120.2116646,23.0128212 120.211704,23.0128861 120.2117454,23.0129488 120.2117866,23.013003 120.2118395,23.0130717 120.2119285,23.013182 120.2125513,23.0139566 120.2123955,23.0140655 120.2129467,23.0147515 120.2129333,23.0149595 120.2128534,23.0150118 120.2128495,23.0150649 120.2127677,23.0162245 120.2127625,23.0162645 120.2127586,23.016337 120.2127377,23.0166983 120.2127366,23.0167211 120.2127356,23.0167299 120.2127326,23.0168096 120.2127321,23.0168154 120.2127143,23.0174101 120.2129984,23.0183505 120.2130018,23.0185371 120.2129158,23.0186728 120.2128818,23.0186739 120.2128957,23.018707 120.2128956,23.0187071 120.2127754,23.0185668 120.2127499,23.0185373 120.2127251,23.0185078 120.2126719,23.0184463 120.2126473,23.0184168 120.2126203,23.0183854 120.2125945,23.018355 120.2125453,23.0182962 120.2125199,23.0182666 120.2124954,23.0182386 120.2124095,23.0181362 120.2123813,23.0181043 120.2123526,23.0180701 120.2123753,23.0180533 120.2123391,23.0180109 120.2123156,23.0180281 120.2122866,23.0179957 120.2122314,23.0179313 120.2122041,23.0178992 120.212082,23.0177579 120.212082,23.0177578 120.2121056,23.0177425 120.2120694,23.0177019 120.2120617,23.0176926 120.2120259,23.0176907 120.212018,23.0176816 120.2119908,23.0176484 120.2119107,23.0175532 120.2118731,23.0175087 120.2117946,23.0174144 120.211768,23.0173833 120.2117418,23.0173518 120.2117159,23.0173202 120.2116874,23.0172894 120.2112915,23.0168575 120.2111551,23.0167026 120.2110896,23.0166269 120.2109158,23.0164299 120.210855,23.0164118 120.2108129,23.0163987 120.2106931,23.0163264 120.2106816,23.0163346 120.2106394,23.0162952 120.2106395,23.016295 120.2106604,23.0162828 120.2106803,23.0162906 120.2105043,23.0160577 120.2102437,23.0157144 120.2099991,23.0152921 120.2099902,23.0152765 120.2099855,23.0152668 120.2099778,23.0152539 120.2099459,23.0151641 120.2099249,23.0146305 120.2099237,23.0146073 120.2099142,23.0145811 120.2098608,23.014431 120.2098442,23.0143833 120.2098263,23.014334 120.209807,23.0142793 120.2099094,23.0142475 120.2098478,23.0141601 120.2097648,23.0141579 120.2097604,23.0141455 120.2097521,23.0141231 120.2097266,23.0140518 120.2097142,23.0140162 120.2097011,23.0139802 120.2096924,23.0139579 120.2096751,23.0139106 120.2096752,23.0139105 120.2097658,23.0139109 120.2097635,23.0139008 120.2097576,23.0138811 120.2096654,23.0138796 120.20965,23.0138375 120.2096225,23.0137615 120.2096226,23.0137614 120.2096309,23.0137595 120.2096003,23.0136809 120.2095857,23.0136425 120.2095686,23.0135996 120.2095488,23.0135488 120.2095262,23.0134885 120.2095146,23.0134565 120.2094868,23.0133787 120.2094534,23.0132845 120.2094535,23.0132843 120.2094968,23.0132808 120.2094747,23.0132356 120.2094681,23.0132025 120.2094252,23.0132065 120.2093793,23.0130799 120.2093615,23.0130299 120.2093438,23.0129813 120.2093267,23.0129317 120.2093089,23.012883 120.2092907,23.0128338 120.2092907,23.0128337 120.2093246,23.0128306 120.2093092,23.0127992 120.2092799,23.0128019 120.2092687,23.0127686 120.2092566,23.0127361 120.2092454,23.0127041 120.2092334,23.012671 120.2091954,23.0125602 120.2091936,23.0125538 120.2091862,23.0125318 120.2091457,23.0124174 120.2091396,23.012399 120.209096,23.0122743 120.2090388,23.0121117 120.2090319,23.0121005 120.208843,23.0117835 120.2086939,23.0115306 120.2085509,23.0111961 120.2085453,23.0110502 120.2084461,23.0108808 120.2082724,23.0103934 120.2081671,23.0100938 120.208122,23.0100143 120.2080203,23.0098389 120.2079062,23.0096472 120.207841,23.0095356 120.2077646,23.0094104 120.2077249,23.0093447 120.2075704,23.0090933 120.2074333,23.0088715 120.2072873,23.0086346 120.2071909,23.0084793 120.2069376,23.0080779 120.2067637,23.0078017 120.2066743,23.0076532 120.206606,23.007542 120.2065466,23.0074234 120.2065059,23.007343 120.2064666,23.0072643 120.2062915,23.0069187 120.2062547,23.0067467 120.2061983,23.0063267 120.2061957,23.0063057 120.206194,23.0063052 120.2061854,23.0062994 120.2061463,23.0062768 120.2061299,23.0062384 120.2060809,23.0061488 120.2060754,23.0061381 120.2060628,23.0061402 120.2060184,23.0060808 120.2059992,23.0060492 120.2059911,23.0060367 120.2059439,23.0059393 120.2058706,23.0059417 120.2057926,23.005938 120.2057282,23.005912 120.2056932,23.0058923 120.2056706,23.0058777 120.205641,23.0058527 120.2056214,23.0058291 120.2056061,23.0058083 120.2055917,23.0057844 120.2055631,23.0056947 120.2055602,23.0056863 120.2055747,23.0056127 120.2056072,23.0055484 120.2056497,23.0054977 120.2056954,23.0054622 120.2057405,23.0054784 120.2057841,23.0054701 120.2059029,23.0054458 120.2059429,23.0054379 120.2071552,23.0051959 120.2081517,23.0049982 120.208605,23.0049063 120.208671,23.0048932 120.208732,23.0048808 120.2101049,23.0046077 120.2105998,23.0045102 120.2108424,23.0044606 120.2110012,23.0044288</coordinates></LinearRing></outerBoundaryIs>
        </Polygon>
      </MultiGeometry>
  </Placemark>
  <Placemark>
	<Style><LineStyle><color>ff0000ff</color></LineStyle><PolyStyle><fill>0</fill></PolyStyle></Style>
	<ExtendedData><SchemaData schemaUrl="#114SEC_DATBLPD">
		<SimpleData name="段碼">0066</SimpleData>
		<SimpleData name="段名">東豐段</SimpleData>
		<SimpleData name="行政區">北區</SimpleData>
	</SchemaData></ExtendedData>
      <MultiGeometry>
        <Polygon>
          <outerBoundaryIs><LinearRing><coordinates>120.2208578,23.0027447 120.220858,23.0027448 120.220816,23.0028898 120.2207453,23.0031293 120.2207433,23.003129 120.2207379,23.0031479 120.2207102,23.0032694 120.2206622,23.0035168 120.2206537,23.0035582 120.2206458,23.0035983 120.2206385,23.0036386 120.2206298,23.0036778 120.2206106,23.0037584 120.2206023,23.0037974 120.2205833,23.0038778 120.2205748,23.0039165 120.2205569,23.003996 120.2205484,23.004036 120.2205408,23.0040752 120.220527,23.0041381 120.2205241,23.0041556 120.2205151,23.0041959 120.2204638,23.0043708 120.2204632,23.0043784 120.2204544,23.0044347 120.2204622,23.0044824 120.2204616,23.0044826 120.2204649,23.0045034 120.2204622,23.004571 120.2204488,23.0046458 120.220441,23.0046812 120.2204205,23.0047537 120.2204068,23.0047887 120.2203893,23.0048326 120.2203533,23.0048684 120.2203394,23.0049041 120.2203268,23.0049361 120.2203022,23.0050359 120.2202844,23.0051056 120.2202736,23.0051427 120.220251,23.0052151 120.2202393,23.0052536 120.2202156,23.0053304 120.2202034,23.0053682 120.2201894,23.0054079 120.2201623,23.0054872 120.2201361,23.0055483 120.2200947,23.0055763 120.2200619,23.0055861 120.2199088,23.0055907 120.2198696,23.0055929 120.219854,23.0055945 120.2198539,23.0055944 120.2198538,23.0055909 120.2198198,23.005595 120.2197851,23.0056104 120.2197652,23.0056182 120.2197179,23.0056485 120.2196979,23.0056799 120.2196818,23.005728 120.2196586,23.0058241 120.2196566,23.0058327 120.2196584,23.005833 120.2196585,23.0058331 120.2196254,23.0059904 120.219625,23.0060469 120.2196225,23.0061614 120.2195991,23.0062909 120.2195695,23.0064224 120.2195577,23.0064772 120.2195354,23.0065808 120.2195138,23.0066831 120.2195032,23.0067368 120.2194602,23.0069351 120.2194585,23.0069443 120.2194484,23.007096 120.2194397,23.0071228 120.2194396,23.0071229 120.218736,23.0068776 120.2184254,23.0067696 120.2182971,23.0067226 120.2178983,23.0065787 120.2178979,23.0065774 120.21688,23.0062074 120.2166983,23.0061429 120.2166016,23.0061102 120.2160492,23.0059187 120.2159503,23.005885 120.2159505,23.0058853 120.2159504,23.0058854 120.2157977,23.0058333 120.2157408,23.0058137 120.2157408,23.0058135 120.2155953,23.0057639 120.2154138,23.0057017 120.2152937,23.0056599 120.2150066,23.0055176 120.21479,23.0054105 120.2147108,23.0053711 120.2147059,23.0053576 120.2146564,23.0051857 120.2146438,23.005133 120.214568,23.0048032 120.2144961,23.0044529 120.2144962,23.0044528 120.2144972,23.0044528 120.2144468,23.0042143 120.2143735,23.0038595 120.2143508,23.0037482 120.2143474,23.0037264 120.2149787,23.0036301 120.2156558,23.0035288 120.2158257,23.0035031 120.2159641,23.0034825 120.2159642,23.0034815 120.2159708,23.0034803 120.2163577,23.0034223 120.2168256,23.0033533 120.2172296,23.0032933 120.2179167,23.0031922 120.2179168,23.0031906 120.2183825,23.0031193 120.2183746,23.0031177 120.2183746,23.0031175 120.2198692,23.0028941 120.2198694,23.0028927 120.2208578,23.0027447</coordinates></LinearRing></outerBoundaryIs>
        </Polygon>
      </MultiGeometry>
  </Placemark>
  <Placemark>
	<Style><LineStyle><color>ff0000ff</color></LineStyle><PolyStyle><fill>0</fill></PolyStyle></Style>
	<ExtendedData><SchemaData schemaUrl="#114SEC_DATBLPD">
		<SimpleData name="段碼">0067</SimpleData>
		<SimpleData name="段名">仁愛段</SimpleData>
		<SimpleData name="行政區">北區</SimpleData>
	</SchemaData></ExtendedData>
      <MultiGeometry>
        <Polygon>
          <outerBoundaryIs><LinearRing><coordinates>120.2274013,23.001477 120.2275358,23.0015308 120.2276666,23.0015794 120.2276806,23.0015794 120.2279481,23.0015772 120.2279644,23.0015769 120.2281794,23.0015986 120.2282045,23.0016001 120.228251,23.0016332 120.2282887,23.0016737 120.2282987,23.0016847 120.228294,23.0017881 120.2283085,23.0018118 120.2283094,23.0018185 120.2283582,23.0018981 120.2284467,23.0020075 120.2285479,23.0021104 120.2287176,23.0022989 120.228768,23.0023706 120.2288567,23.002498 120.2288983,23.002563 120.2289171,23.002466 120.2289173,23.002466 120.2290306,23.0026228 120.2291984,23.002917 120.2292181,23.0029754 120.2291854,23.003204 120.2292189,23.0033024 120.229261,23.0033732 120.229045,23.0035306 120.2289366,23.0036099 120.228904,23.0036336 120.2288421,23.0036781 120.2287795,23.0037241 120.2287163,23.0037693 120.2286855,23.0037923 120.2286547,23.0038143 120.2286088,23.003848 120.2285732,23.0038736 120.2284918,23.0039326 120.2282847,23.0040839 120.228066,23.0042355 120.2280412,23.0042518 120.2278425,23.0043815 120.2278344,23.0043866 120.2277651,23.0044314 120.2276933,23.0044775 120.2275775,23.0043279 120.2275716,23.0043206 120.2274039,23.0044383 120.2272938,23.0045158 120.2271791,23.0045995 120.2270149,23.004716 120.2269235,23.0047753 120.226864,23.0048154 120.2267318,23.0049076 120.2264004,23.0051397 120.2261888,23.0052886 120.2257067,23.0056246 120.225148,23.0060186 120.2251234,23.0060361 120.2250888,23.0060603 120.2248419,23.0062344 120.2244302,23.0065396 120.2242327,23.0066853 120.2237472,23.0070341 120.2235122,23.0072067 120.2222829,23.0080945 120.2220381,23.0082717 120.2220243,23.0082821 120.2219982,23.0083013 120.2219217,23.0083533 120.2218917,23.0083751 120.2218713,23.0083892 120.2217892,23.0083386 120.2214876,23.0081647 120.2205272,23.0076076 120.2204079,23.0075392 120.2202399,23.0074404 120.2202089,23.0074261 120.2200103,23.0073412 120.2198439,23.0072695 120.2198284,23.0072618 120.219613,23.0071872 120.2194337,23.0071247 120.219443,23.0070982 120.2194538,23.0069474 120.2194553,23.0069383 120.2194656,23.0068944 120.2194823,23.0068224 120.2194986,23.0067491 120.2194992,23.0067391 120.2195045,23.0067101 120.2195313,23.0065817 120.2195663,23.0064242 120.219589,23.006325 120.219599,23.0062771 120.2196198,23.0061632 120.2196238,23.0059901 120.2196291,23.0059644 120.2196639,23.0058025 120.2196817,23.005728 120.2196852,23.0057149 120.2196882,23.0057006 120.2196933,23.0056897 120.2196977,23.0056792 120.2197175,23.0056474 120.2197661,23.0056175 120.2198214,23.0055936 120.2198539,23.0055922 120.219909,23.0055902 120.2199746,23.005589 120.2200624,23.0055856 120.220095,23.0055761 120.2201148,23.0055623 120.220137,23.0055475 120.2201625,23.0054874 120.2202036,23.0053681 120.2202838,23.0051064 120.2203237,23.0049398 120.2203517,23.0048673 120.220387,23.0048325 120.220418,23.0047551 120.2204388,23.0046822 120.220446,23.0046468 120.2204542,23.0046102 120.2204601,23.0045662 120.2204625,23.004503 120.2204605,23.0044824 120.2204527,23.0044329 120.2204573,23.0044108 120.2204631,23.0043717 120.2204702,23.0043428 120.2205147,23.0041932 120.2205544,23.0039994 120.2206319,23.0036657 120.2206775,23.0034297 120.220709,23.0032687 120.2207363,23.0031507 120.2207443,23.0031293 120.2207655,23.0030604 120.220792,23.0029713 120.2208154,23.0028888 120.2208577,23.0027437 120.2208996,23.0027377 120.2209683,23.0027269 120.221128,23.0027029 120.2211567,23.0026988 120.2212741,23.0026814 120.2213464,23.0026705 120.2218219,23.0025998 120.221822,23.0025991 120.2223115,23.0025257 120.2223461,23.0024832 120.222342,23.0024334 120.2223421,23.0024333 120.2225374,23.0024258 120.2225409,23.0024525 120.2225841,23.0024854 120.2237746,23.0023058 120.2246905,23.0021655 120.2247785,23.0021515 120.2251817,23.0020866 120.2257271,23.0020007 120.2269651,23.0018049 120.2269762,23.0018053 120.2270834,23.0017886 120.2271131,23.0017823 120.2271316,23.001777 120.2271682,23.0017629 120.2271861,23.0017546 120.2272044,23.001744 120.2272212,23.0017323 120.2272391,23.0017194 120.2272647,23.0016964 120.2272787,23.0016814 120.227296,23.0016586 120.2273213,23.0016168 120.2274013,23.001477</coordinates></LinearRing></outerBoundaryIs>
        </Polygon>
      </MultiGeometry>
  </Placemark>
  <Placemark>
	<Style><LineStyle><color>ff0000ff</color></LineStyle><PolyStyle><fill>0</fill></PolyStyle></Style>
	<ExtendedData><SchemaData schemaUrl="#114SEC_DATBLPD">
		<SimpleData name="段碼">0068</SimpleData>
		<SimpleData name="段名">華興段</SimpleData>
		<SimpleData name="行政區">北區</SimpleData>
	</SchemaData></ExtendedData>
      <MultiGeometry>
        <Polygon>
          <outerBoundaryIs><LinearRing><coordinates>120.2292638,23.0033735 120.2294964,23.0037646 120.2295534,23.0039638 120.2295864,23.0039622 120.2296233,23.0040143 120.2296759,23.0040754 120.2296857,23.0041244 120.2298523,23.0046238 120.2298603,23.0046763 120.2298777,23.0046979 120.2299072,23.004691 120.2299074,23.0046911 120.2299105,23.0047099 120.2299128,23.0047284 120.2299145,23.004747 120.2299154,23.0047656 120.2299157,23.0047842 120.2299152,23.0048028 120.229914,23.0048214 120.2299124,23.0048377 120.2298938,23.0048575 120.2298846,23.0048931 120.2298515,23.0050027 120.2298233,23.0050777 120.2298118,23.0051091 120.2298022,23.0051334 120.2297926,23.0051587 120.2297815,23.0052223 120.2298139,23.005273 120.2298398,23.0053155 120.229894,23.0054035 120.2299331,23.0054643 120.2299381,23.005512 120.2300203,23.0056093 120.2300508,23.0056882 120.2300525,23.0057417 120.2300341,23.0058014 120.2300398,23.0058172 120.2301146,23.0060722 120.2301181,23.0060852 120.2301299,23.0061402 120.2301368,23.006196 120.2301379,23.0062118 120.2301375,23.0062873 120.2301281,23.0063624 120.2301177,23.0064178 120.2301133,23.006439 120.2300823,23.0065324 120.2300785,23.0065418 120.2300329,23.0065967 120.22997,23.0067175 120.2299352,23.0068425 120.2299065,23.0069821 120.2299107,23.0071401 120.2299099,23.0072552 120.2299329,23.0072556 120.2299629,23.0072559 120.229988,23.0072916 120.2299813,23.0074799 120.2299293,23.0074851 120.2299393,23.0077358 120.2299575,23.0079831 120.22999,23.0082191 120.2300023,23.0083136 120.2300089,23.0084369 120.2299739,23.0084915 120.2299215,23.0085718 120.2298992,23.0085927 120.2298838,23.0086064 120.2298118,23.0087822 120.2297884,23.0088409 120.2295877,23.0093287 120.2295875,23.0093286 120.2295873,23.0093226 120.2295046,23.0095228 120.2294735,23.009515 120.2294852,23.0096518 120.2293744,23.0098674 120.2292757,23.0100581 120.2292625,23.0100829 120.2292207,23.0102564 120.2291522,23.0103889 120.2291439,23.0103978 120.2291195,23.0104285 120.2290969,23.0105433 120.2290723,23.0105563 120.2289445,23.0105826 120.2287505,23.0105741 120.2286607,23.0105685 120.228659,23.0105543 120.2285699,23.0104621 120.2282091,23.010454 120.2282155,23.010527 120.2282349,23.0105344 120.2282131,23.0106906 120.2280765,23.0109021 120.2280691,23.0109169 120.2280173,23.0110134 120.2279541,23.0111158 120.2278484,23.0111821 120.2276082,23.0112892 120.227527,23.0113008 120.2274537,23.0112904 120.2271841,23.0112199 120.2269134,23.0111631 120.2267163,23.0111367 120.2264368,23.011068 120.2263667,23.01108 120.2262909,23.0111137 120.2262658,23.01117 120.2262656,23.01117 120.2261977,23.0111172 120.2261835,23.0111293 120.2261073,23.0111888 120.2260334,23.0112455 120.2260309,23.011248 120.225845,23.011111 120.22577,23.0110562 120.225676,23.0109864 120.2256628,23.0109772 120.2254933,23.0107638 120.2252844,23.0106029 120.2250372,23.0104437 120.2248528,23.0102713 120.2247767,23.0102178 120.2246116,23.0101044 120.2244856,23.0100423 120.2244551,23.010026 120.2243341,23.0100045 120.2241968,23.0099022 120.2241258,23.0098508 120.2240643,23.0097884 120.2238712,23.009601 120.2233041,23.009192 120.2231587,23.0090878 120.2231327,23.0090695 120.2225945,23.0087533 120.2219226,23.0083522 120.2219226,23.0083521 120.2219972,23.0083003 120.2220234,23.0082826 120.2220383,23.0082709 120.2222842,23.0080936 120.222478,23.0079533 120.222546,23.0079036 120.2225799,23.007879 120.222611,23.007857 120.2226432,23.0078336 120.2229141,23.0076386 120.2229472,23.0076144 120.2229789,23.007591 120.2230133,23.0075672 120.223053,23.0075372 120.2230916,23.0075107 120.2231254,23.0074866 120.2232379,23.0074057 120.2233055,23.0073565 120.2233718,23.0073093 120.2234251,23.0072707 120.2234301,23.0072673 120.223467,23.0072404 120.2235015,23.0072163 120.2236481,23.0071085 120.2242338,23.0066844 120.2248497,23.0062293 120.2253734,23.005861 120.2254193,23.0058275 120.2257789,23.0055771 120.2264042,23.0051377 120.226884,23.0048012 120.2270092,23.0047187 120.2274091,23.0044344 120.2275335,23.0043457 120.2275728,23.0043172 120.227573,23.0043173 120.2276644,23.0044377 120.2276657,23.0044402 120.2276922,23.0044733 120.2277416,23.0044426 120.2278194,23.0043934 120.2278338,23.0043837 120.2280213,23.0042635 120.2280664,23.0042335 120.2282573,23.0041012 120.2282878,23.0040803 120.2283654,23.004024 120.2285218,23.0039115 120.22861,23.0038478 120.2286559,23.0038139 120.2286873,23.0037919 120.2287183,23.0037689 120.2288119,23.0037012 120.2288428,23.0036782 120.228874,23.0036556 120.2289057,23.003634 120.2289374,23.0036101 120.2289522,23.0035994 120.2289708,23.0035865 120.2292638,23.0033735</coordinates></LinearRing></outerBoundaryIs>
        </Polygon>
      </MultiGeometry>
  </Placemark>
  <Placemark>
	<Style><LineStyle><color>ff0000ff</color></LineStyle><PolyStyle><fill>0</fill></PolyStyle></Style>
	<ExtendedData><SchemaData schemaUrl="#114SEC_DATBLPD">
		<SimpleData name="段碼">0069</SimpleData>
		<SimpleData name="段名">東興段</SimpleData>
		<SimpleData name="行政區">北區</SimpleData>
	</SchemaData></ExtendedData>
      <MultiGeometry>
        <Polygon>
          <outerBoundaryIs><LinearRing><coordinates>120.2330909,22.9985656 120.233091,22.9985657 120.2330511,22.99874 120.2330488,22.9987515 120.2330346,22.9987529 120.2330024,22.9987847 120.2329802,22.9992531 120.2329209,23.0004821 120.2328073,23.0006575 120.2327926,23.0007628 120.2327576,23.0007662 120.2327575,23.0007661 120.2328277,23.0004855 120.2327685,23.0005769 120.2327672,23.000583 120.2327453,23.0007274 120.2327107,23.0008257 120.2327039,23.0008342 120.2327033,23.0008385 120.2326975,23.0008423 120.2326728,23.0008733 120.2326499,23.000885 120.2325529,23.0008736 120.2323415,23.0008061 120.2320734,23.0007398 120.2319785,23.0007161 120.2319224,23.0007018 120.2318744,23.0006904 120.2315878,23.0006493 120.2315877,23.0006498 120.231491,23.0006359 120.231304,23.0006188 120.2312937,23.0006184 120.2312146,23.0005916 120.2311819,23.0005807 120.2311041,23.000554 120.2310169,23.0005644 120.2308892,23.0006198 120.2306204,23.0006863 120.2302686,23.0007045 120.2300182,23.0009178 120.2299044,23.0009969 120.2298532,23.0010316 120.2298184,23.001056 120.2298041,23.0010656 120.2297996,23.0010694 120.2297835,23.0010841 120.2295092,23.0013134 120.228837,23.0014816 120.2286517,23.0014976 120.2282016,23.0015359 120.2281782,23.0015989 120.2279644,23.001578 120.227914,23.0015781 120.2276808,23.0015795 120.2276808,23.0015796 120.2276659,23.0015799 120.2275367,23.001531 120.2274019,23.0014768 120.2273732,23.0015274 120.227345,23.0015758 120.227322,23.0016162 120.2273007,23.0016507 120.2272886,23.0016687 120.2272742,23.0016876 120.2272452,23.0017142 120.2272205,23.0017345 120.2271924,23.001752 120.2271643,23.0017652 120.2271303,23.0017778 120.2270984,23.0017855 120.2270414,23.0017952 120.2269759,23.0018051 120.2269685,23.0018053 120.2266533,23.0018558 120.2262737,23.0019155 120.2257422,23.0019994 120.2257274,23.0020024 120.2247816,23.0021516 120.2244734,23.0021995 120.2244041,23.0022104 120.2241697,23.0022458 120.2240084,23.0022704 120.2237747,23.0023064 120.2237746,23.0023063 120.2237746,23.0023045 120.2229743,23.0024264 120.2225841,23.0024854 120.2225405,23.0024521 120.2225383,23.0024265 120.2223431,23.0024339 120.2223471,23.0024828 120.2223119,23.0025256 120.2218222,23.0025993 120.2218222,23.0026006 120.221128,23.0027045 120.2208994,23.0027394 120.2201226,23.0028543 120.2198697,23.002893 120.2198696,23.002895 120.2198015,23.0029049 120.2196456,23.0029285 120.2189719,23.0030284 120.2188421,23.0030488 120.218611,23.0030817 120.2183718,23.0031176 120.2179171,23.0031864 120.217917,23.0031885 120.216825,23.0033524 120.2163573,23.0034232 120.2161981,23.0034465 120.2159644,23.0034818 120.2159638,23.0034824 120.2151275,23.0036084 120.2150787,23.0036155 120.2149552,23.0036345 120.2144665,23.0037085 120.2143706,23.0037237 120.2143457,23.0037274 120.2143161,23.0035776 120.2142491,23.0032166 120.2142431,23.0031897 120.2142262,23.003097 120.2142273,23.0030968 120.2140215,23.0020805 120.2139624,23.0017928 120.213951,23.0017411 120.2139511,23.001741 120.2139519,23.001741 120.2139495,23.0017293 120.213942,23.001693 120.2139221,23.0015951 120.2139069,23.0015222 120.213907,23.0015221 120.2146883,23.0014021 120.2148168,23.0014045 120.2150925,23.0013786 120.2151144,23.0013759 120.2153858,23.0013205 120.2158877,23.0012193 120.2159775,23.0012094 120.2159776,23.0012095 120.2159776,23.0012117 120.2162358,23.0011842 120.2167648,23.001175 120.2173497,23.0010712 120.2173763,23.0010685 120.217558,23.0010557 120.2176275,23.0010361 120.2179295,23.0010048 120.2179297,23.0010057 120.2184199,23.0009542 120.2186585,23.0009322 120.2197335,23.0008563 120.2198812,23.0008463 120.2198813,23.0008464 120.2198814,23.0008498 120.2215471,23.0007322 120.2216255,23.0007277 120.2216848,23.0007232 120.221833,23.0007124 120.2218331,23.0007125 120.221833,23.0007139 120.2221568,23.0006909 120.2224496,23.0006661 120.2237846,23.0005736 120.2237847,23.0005737 120.2237827,23.0005756 120.2242589,23.0005412 120.2247842,23.000504 120.2253625,23.0004638 120.2256349,23.0004439 120.2256439,23.0004441 120.2257082,23.0004394 120.2258221,23.00043 120.2259109,23.0004203 120.2260303,23.000404 120.2260742,23.0003973 120.2261347,23.0003864 120.2261897,23.0003752 120.2262617,23.0003581 120.2263699,23.0003314 120.2264347,23.0003121 120.2264806,23.0002981 120.226479,23.0002957 120.226479,23.0002955 120.226885,23.0001724 120.226924,23.0001607 120.2269642,23.0001482 120.2270062,23.0001355 120.2270444,23.0001244 120.2270843,23.0001118 120.2271257,23.0000992 120.2272065,23.000075 120.2272483,23.0000623 120.2273728,23.0000238 120.2274754,22.9999926 120.2276898,22.9999265 120.2276902,22.9999272 120.2291127,22.9994948 120.2294287,22.9993989 120.2296441,22.9993333 120.2296444,22.9993307 120.2296969,22.9993149 120.2297356,22.9993023 120.2297739,22.9992908 120.229831,22.9992734 120.229886,22.9992569 120.2299214,22.9992457 120.2299621,22.9992331 120.2299976,22.9992228 120.2300351,22.9992109 120.2300767,22.999199 120.2301163,22.9991865 120.2301612,22.9991732 120.2302544,22.9991445 120.2303596,22.9991129 120.2303587,22.9991127 120.2303587,22.9991125 120.2310908,22.9988912 120.2310984,22.9988919 120.2315977,22.9987897 120.2315982,22.9987889 120.2318492,22.9987377 120.2320286,22.9986726 120.2323127,22.9986426 120.2324606,22.9986277 120.2330909,22.9985656</coordinates></LinearRing></outerBoundaryIs>
        </Polygon>
      </MultiGeometry>
  </Placemark>
  <Placemark>
	<Style><LineStyle><color>ff0000ff</color></LineStyle><PolyStyle><fill>0</fill></PolyStyle></Style>
	<ExtendedData><SchemaData schemaUrl="#114SEC_DATBLPD">
		<SimpleData name="段碼">0070</SimpleData>
		<SimpleData name="段名">開元段</SimpleData>
		<SimpleData name="行政區">北區</SimpleData>
	</SchemaData></ExtendedData>
      <MultiGeometry>
        <Polygon>
          <outerBoundaryIs><LinearRing><coordinates>120.2219213,23.0083529 120.2231529,23.0090832 120.2233023,23.0091913 120.2235078,23.0093393 120.2238711,23.0096023 120.2240654,23.0097902 120.2241246,23.0098495 120.2242533,23.0099434 120.2243367,23.0100045 120.2243619,23.0100092 120.2244544,23.0100247 120.2246193,23.0101088 120.2247512,23.0102001 120.2248545,23.0102721 120.225039,23.0104423 120.2252849,23.0106019 120.2254932,23.0107622 120.2256646,23.0109792 120.2256764,23.0109874 120.2257165,23.0110179 120.2258216,23.0110945 120.2258541,23.0111179 120.2258848,23.0111405 120.2259155,23.0111628 120.2259471,23.0111862 120.2259791,23.0112093 120.2260282,23.0112452 120.2260282,23.0112454 120.2259352,23.0113279 120.2259421,23.0113474 120.2259421,23.0113475 120.2258814,23.0113563 120.2258741,23.0113596 120.2257345,23.0114988 120.2257259,23.0115184 120.2257178,23.0115372 120.2256312,23.0117314 120.2256437,23.0117459 120.2258038,23.0119215 120.2258891,23.0120165 120.2260715,23.012242 120.2263172,23.0125462 120.2263248,23.0126242 120.226304,23.0126546 120.2261605,23.0126641 120.2257069,23.0125586 120.2256024,23.0125431 120.2255535,23.0125363 120.2253097,23.0125004 120.2252603,23.0124937 120.2251209,23.0124736 120.2250197,23.0125034 120.2249951,23.0124972 120.2249217,23.0125007 120.2248414,23.0125702 120.2248379,23.0126503 120.224879,23.0129034 120.2249646,23.013077 120.2250142,23.0131541 120.2250403,23.013196 120.2251816,23.0133672 120.2252126,23.0134578 120.2252143,23.013464 120.2252561,23.0137591 120.225252,23.0137621 120.2250927,23.0138931 120.2250552,23.0139044 120.2247846,23.0139846 120.2246837,23.0140624 120.2246573,23.0140989 120.2246534,23.0141699 120.2246488,23.0142624 120.2243896,23.0145069 120.2243356,23.014615 120.2243049,23.0146867 120.2242913,23.0147863 120.2242831,23.0148418 120.2242352,23.014971 120.2242379,23.0150189 120.2242431,23.0151 120.2242673,23.0151915 120.2242659,23.0151921 120.2245311,23.0153762 120.2245987,23.0154629 120.2246611,23.0155822 120.2246644,23.0156517 120.2246551,23.0156962 120.2243033,23.0161804 120.2241983,23.016252 120.2239776,23.0162675 120.2239212,23.0162411 120.2239117,23.016237 120.2237982,23.0162075 120.2235801,23.0161869 120.2235049,23.016195 120.2233465,23.0162728 120.2230928,23.0163624 120.2230045,23.0164178 120.2230464,23.0165168 120.2231193,23.0165906 120.223169,23.0166692 120.2233467,23.0168856 120.2233569,23.016917 120.2233947,23.0170358 120.2232317,23.0175903 120.2232238,23.0175992 120.2232237,23.0175991 120.2228107,23.0170309 120.2223085,23.0163388 120.2222021,23.0161919 120.2221082,23.0160628 120.2219795,23.015885 120.2217477,23.0155618 120.2213869,23.0150619 120.2211443,23.0147176 120.2211873,23.0145012 120.2211922,23.014394 120.2211956,23.0143067 120.2211928,23.0142877 120.2211878,23.014241 120.2211871,23.0142321 120.2211801,23.0141744 120.2211825,23.0140788 120.2211834,23.0140673 120.2212072,23.0137988 120.2212032,23.0137391 120.2212019,23.013723 120.2211973,23.013649 120.2211922,23.0135737 120.2211885,23.0135274 120.2211872,23.0135031 120.2211902,23.0134096 120.221191,23.0133666 120.2212015,23.0133189 120.2212132,23.0132603 120.221223,23.0132139 120.2212261,23.0132015 120.2212278,23.013194 120.2212336,23.0131643 120.2212425,23.0131017 120.2212113,23.0130324 120.2212063,23.0130002 120.2211858,23.0128619 120.2211784,23.0126637 120.2211745,23.0126318 120.2211617,23.0125175 120.2211288,23.0124058 120.2211172,23.0123678 120.2211056,23.0123292 120.2210946,23.0122914 120.2210826,23.0122527 120.2210504,23.0121144 120.221023,23.0119953 120.2210204,23.0119538 120.2210196,23.0119382 120.2210357,23.0118841 120.2208731,23.0116339 120.2207454,23.0115297 120.2207046,23.0114715 120.2207018,23.011355 120.2207115,23.0112564 120.2207242,23.0110817 120.2207366,23.0109054 120.2207277,23.0108032 120.2207216,23.0107084 120.2207247,23.0106615 120.2207817,23.0104089 120.2208012,23.0103355 120.2208453,23.0101667 120.2208581,23.0101201 120.2208624,23.0101036 120.2210546,23.0101349 120.2211754,23.0101516 120.2212166,23.0101582 120.2212422,23.0100273 120.2212718,23.0098735 120.2212825,23.0098188 120.2212926,23.0097653 120.2213325,23.0095578 120.221345,23.0094919 120.2213388,23.0094916 120.2212484,23.009382 120.2211756,23.0092945 120.2211279,23.0092366 120.2210791,23.0091781 120.2210854,23.0091734 120.2209642,23.0090283 120.2209642,23.0090282 120.2209945,23.0090066 120.2210617,23.0089593 120.2210624,23.0089587 120.2211292,23.0089114 120.2211625,23.0088881 120.221196,23.0088644 120.2212287,23.0088419 120.2212697,23.0088124 120.2213013,23.0087904 120.2214106,23.008713 120.2214464,23.0086884 120.2214862,23.0086608 120.2216215,23.0085652 120.2216584,23.0085373 120.2216964,23.0085113 120.2218476,23.0084053 120.2219213,23.0083529</coordinates></LinearRing></outerBoundaryIs>
        </Polygon>
      </MultiGeometry>
  </Placemark>
  <Placemark>
	<Style><LineStyle><color>ff0000ff</color></LineStyle><PolyStyle><fill>0</fill></PolyStyle></Style>
	<ExtendedData><SchemaData schemaUrl="#114SEC_DATBLPD">
		<SimpleData name="段碼">0071</SimpleData>
		<SimpleData name="段名">富台段</SimpleData>
		<SimpleData name="行政區">北區</SimpleData>
	</SchemaData></ExtendedData>
      <MultiGeometry>
        <Polygon>
          <outerBoundaryIs><LinearRing><coordinates>120.2207241,23.0106624 120.2207213,23.0107094 120.2207349,23.010906 120.2207282,23.0110026 120.2207103,23.0112563 120.2207096,23.0112564 120.2207033,23.0113558 120.2207043,23.0114699 120.2207435,23.0115263 120.2208721,23.0116322 120.2210358,23.011884 120.2210205,23.0119372 120.2210247,23.0119966 120.2210833,23.0122514 120.221162,23.0125166 120.2211727,23.012613 120.2211719,23.0126131 120.2211789,23.0126695 120.2211845,23.01285 120.2212105,23.0130271 120.2212431,23.0131008 120.2212304,23.0131802 120.2212131,23.0132596 120.2212099,23.0132763 120.2211913,23.013366 120.2211873,23.0134994 120.2211894,23.0135377 120.2212069,23.0137982 120.221193,23.0139676 120.2211912,23.0139678 120.2211811,23.0140751 120.2211798,23.0141801 120.2211844,23.0142203 120.2211943,23.014311 120.2211857,23.014507 120.2211424,23.0147165 120.2211422,23.0147166 120.2211185,23.0146829 120.2211521,23.0145212 120.2211551,23.014469 120.2211625,23.0143384 120.2211643,23.0143038 120.2211636,23.0143 120.2211567,23.0142543 120.2211476,23.0141959 120.2211509,23.0141197 120.2211545,23.0140393 120.22116,23.013919 120.2211626,23.0138657 120.2211629,23.0138231 120.221162,23.0137835 120.2211608,23.0137421 120.2211594,23.0137052 120.2211578,23.0136691 120.2211567,23.0136332 120.2211549,23.0135968 120.2211536,23.0135437 120.221154,23.0135046 120.2211551,23.0134317 120.2211552,23.0133954 120.2211561,23.0133588 120.2211557,23.0133199 120.2211616,23.0132813 120.2211719,23.0132213 120.2211799,23.0131708 120.221182,23.0131322 120.2211836,23.013096 120.2211843,23.0130707 120.2211814,23.0130613 120.221172,23.0130247 120.2211412,23.0129114 120.2211434,23.0128735 120.2211443,23.012862 120.2211487,23.0126803 120.2211008,23.0124729 120.2210886,23.0124153 120.2210746,23.0123474 120.2210727,23.0123266 120.2209776,23.0119498 120.2209425,23.0118115 120.2209243,23.0117959 120.220913,23.0117794 120.2208836,23.0117346 120.2208724,23.011718 120.220887,23.0116933 120.2206727,23.0114704 120.2206798,23.010923 120.2206726,23.0109152 120.2206778,23.0108023 120.220695,23.0107913 120.2207241,23.0106624</coordinates></LinearRing></outerBoundaryIs>
        </Polygon>
        <Polygon>
          <outerBoundaryIs><LinearRing><coordinates>120.2208508,23.010105 120.2208613,23.0101065 120.2208614,23.0101066 120.2207812,23.0104098 120.220781,23.0104098 120.2208508,23.010105</coordinates></LinearRing></outerBoundaryIs>
        </Polygon>
      </MultiGeometry>
  </Placemark>
  <Placemark>
	<Style><LineStyle><color>ff0000ff</color></LineStyle><PolyStyle><fill>0</fill></PolyStyle></Style>
	<ExtendedData><SchemaData schemaUrl="#114SEC_DATBLPD">
		<SimpleData name="段碼">0072</SimpleData>
		<SimpleData name="段名">延平段</SimpleData>
		<SimpleData name="行政區">北區</SimpleData>
	</SchemaData></ExtendedData>
      <MultiGeometry>
        <Polygon>
          <outerBoundaryIs><LinearRing><coordinates>120.2169794,23.0089294 120.2170929,23.0090869 120.2172086,23.0092424 120.2174303,23.0095434 120.2175209,23.0096808 120.2176757,23.0098868 120.2176756,23.0098869 120.2176745,23.0098869 120.2178767,23.0101723 120.2178767,23.0101733 120.218143,23.0105435 120.218201,23.0106261 120.2186456,23.0112461 120.2187728,23.0114246 120.2190633,23.0118287 120.2193237,23.0121999 120.2196092,23.0126053 120.2196096,23.0126054 120.2197414,23.0127929 120.2197414,23.0127931 120.2195049,23.0128046 120.2189318,23.0128309 120.2185395,23.0128475 120.2184929,23.0128491 120.2180218,23.0128697 120.2178611,23.0128763 120.2178612,23.0128776 120.2178599,23.0128778 120.21777,23.0128813 120.2159096,23.0129571 120.2159095,23.0129581 120.2158318,23.0129763 120.2154933,23.0130552 120.2153242,23.0130943 120.214904,23.0131922 120.2148674,23.0132009 120.2148209,23.0132115 120.2147754,23.0132218 120.21474,23.0132304 120.2146173,23.0132586 120.214606,23.0132584 120.2145618,23.0132584 120.2142265,23.0132563 120.2139568,23.0132549 120.2139567,23.0132584 120.2135153,23.0132563 120.2131275,23.0132538 120.2130484,23.013277 120.2123005,23.0134934 120.2122824,23.0135443 120.2122823,23.0135444 120.2121062,23.0133263 120.2120061,23.0132017 120.2120059,23.0132018 120.2118528,23.0130131 120.2118025,23.0129474 120.2117703,23.0129039 120.2116999,23.0127898 120.2116619,23.0127221 120.2116175,23.0126393 120.2115823,23.0125657 120.2115824,23.0125655 120.2115827,23.0125655 120.2115541,23.0125021 120.2115279,23.0124318 120.2113974,23.01205 120.2113711,23.0119723 120.2112893,23.0117276 120.2111987,23.0114621 120.211143,23.0112859 120.2111162,23.0112089 120.2111151,23.0112088 120.211099,23.0111599 120.2110406,23.0109847 120.2110092,23.0108918 120.2110056,23.0108921 120.2109835,23.0109291 120.2109831,23.010932 120.2109829,23.0109321 120.2108527,23.0105473 120.2108529,23.0105472 120.2109047,23.0105724 120.2110486,23.0105312 120.2110487,23.0105313 120.2110138,23.0108755 120.2110303,23.0108463 120.2110358,23.0108458 120.2110368,23.0108345 120.2110732,23.0104836 120.2120233,23.0102061 120.2120234,23.0102037 120.2125456,23.0100502 120.2131767,23.0098644 120.213187,23.0098645 120.2132518,23.0098449 120.2133558,23.009814 120.2133665,23.0097953 120.2134277,23.0097595 120.2134478,23.0097345 120.213448,23.0097345 120.2134528,23.0097509 120.2134957,23.0097724 120.2138255,23.0096747 120.2140836,23.0095967 120.2140849,23.0095968 120.2151181,23.0092953 120.2155731,23.0091623 120.2156185,23.0091489 120.2156251,23.0091364 120.215653,23.0091224 120.215644,23.0091002 120.2156441,23.0091001 120.2158456,23.0090799 120.2158981,23.0091064 120.216168,23.0090621 120.2169794,23.0089294</coordinates></LinearRing></outerBoundaryIs>
        </Polygon>
      </MultiGeometry>
  </Placemark>
  <Placemark>
	<Style><LineStyle><color>ff0000ff</color></LineStyle><PolyStyle><fill>0</fill></PolyStyle></Style>
	<ExtendedData><SchemaData schemaUrl="#114SEC_DATBLPD">
		<SimpleData name="段碼">0122</SimpleData>
		<SimpleData name="段名">安平段</SimpleData>
		<SimpleData name="行政區">安平區</SimpleData>
	</SchemaData></ExtendedData>
      <MultiGeometry>
        <Polygon>
          <outerBoundaryIs><LinearRing><coordinates>120.1668058,23.0005567 120.1672202,23.0009808 120.1676096,23.0013769 120.1676441,23.0014117 120.167644,23.0014119 120.1676371,23.0014118 120.1676753,23.0014506 120.1676753,23.0014507 120.1672083,23.0016218 120.1666604,23.0018223 120.1666604,23.0018245 120.166611,23.0018424 120.166476,23.001892 120.166256,23.001972 120.1660191,23.0020589 120.1656409,23.0021973 120.1654772,23.0022666 120.1654445,23.0022562 120.1654078,23.0021989 120.1652083,23.0018904 120.1657796,23.0014201 120.1657978,23.0014053 120.1657974,23.0014053 120.1657973,23.0014051 120.1658498,23.0013608 120.1660098,23.0012277 120.166467,23.0008496 120.1666649,23.0006852 120.166665,23.0006761 120.1667354,23.0006187 120.1668058,23.0005567</coordinates></LinearRing></outerBoundaryIs>
        </Polygon>
      </MultiGeometry>
  </Placemark>
  <Placemark>
	<Style><LineStyle><color>ff0000ff</color></LineStyle><PolyStyle><fill>0</fill></PolyStyle></Style>
	<ExtendedData><SchemaData schemaUrl="#114SEC_DATBLPD">
		<SimpleData name="段碼">0123</SimpleData>
		<SimpleData name="段名">上鯤鯓段</SimpleData>
		<SimpleData name="行政區">安平區</SimpleData>
	</SchemaData></ExtendedData>
      <MultiGeometry>
        <Polygon>
          <outerBoundaryIs><LinearRing><coordinates>120.1739053,22.9980976 120.1740378,22.998103 120.1740993,22.9981052 120.1741689,22.9981084 120.1747845,22.9981331 120.1747872,22.9981537 120.1747871,22.9981538 120.174785,22.9981537 120.1747897,22.9981893 120.1747896,22.9981894 120.1747296,22.998185 120.1747739,22.9983912 120.1748115,22.9985672 120.1748453,22.9987266 120.1748857,22.9989151 120.1749046,22.9990048 120.1748207,22.9990265 120.1745488,22.9990975 120.1740515,22.9992276 120.1736067,22.9993778 120.1733225,22.9994904 120.1731943,22.999542 120.1730869,22.9995859 120.1728372,22.9996865 120.1725879,22.9997876 120.172584,22.9997876 120.1725171,22.9998144 120.1724642,22.999836 120.1724122,22.9998567 120.1723492,22.9998825 120.1722423,22.9999252 120.1721087,22.999979 120.1720309,23.000011 120.1720074,23.0000204 120.1719087,23.0000605 120.1717171,23.0001191 120.1715954,23.0001567 120.1711022,23.0003084 120.1711021,23.0003087 120.1708897,23.0003737 120.1708032,23.0003997 120.1707117,23.0004277 120.1705733,23.0004697 120.1704864,23.0004964 120.1704251,23.000515 120.1702625,23.0005649 120.1692176,23.0008844 120.1688823,23.0010072 120.1688823,23.0010077 120.1685456,23.0011315 120.1678656,23.0013801 120.1677777,23.0014116 120.1677813,23.0014117 120.1677813,23.0014119 120.1676768,23.0014502 120.1676384,23.0014113 120.1676385,23.0014111 120.1676453,23.0014122 120.1676111,23.0013764 120.1672219,23.0009799 120.1668339,23.0005839 120.1668075,23.0005568 120.1670409,23.0003505 120.1672808,23.0000895 120.1673119,23.0000551 120.1673851,22.9999762 120.1674183,22.9999397 120.1675755,22.9997691 120.1675842,22.9997691 120.1676672,22.9996778 120.1679044,22.999415 120.1682237,22.9990607 120.1688915,22.9988294 120.1688915,22.9988289 120.1689963,22.9987986 120.1692693,22.9987186 120.1707266,22.9984661 120.17078,22.9984566 120.1709773,22.9984227 120.1711102,22.9983993 120.1711103,22.9983994 120.1711103,22.9984006 120.171771,22.998286 120.1719964,22.9982465 120.172274,22.998199 120.1725421,22.9981522 120.1726959,22.9981461 120.1726796,22.998146 120.1726796,22.9981458 120.1733282,22.9981182 120.1733283,22.9981183 120.1733283,22.9981205 120.1737114,22.9981054 120.1739053,22.9980976</coordinates></LinearRing></outerBoundaryIs>
        </Polygon>
      </MultiGeometry>
  </Placemark>
  <Placemark>
	<Style><LineStyle><color>ff0000ff</color></LineStyle><PolyStyle><fill>0</fill></PolyStyle></Style>
	<ExtendedData><SchemaData schemaUrl="#114SEC_DATBLPD">
		<SimpleData name="段碼">0131</SimpleData>
		<SimpleData name="段名">金華段</SimpleData>
		<SimpleData name="行政區">安平區</SimpleData>
	</SchemaData></ExtendedData>
      <MultiGeometry>
        <Polygon>
          <outerBoundaryIs><LinearRing><coordinates>120.177309,22.9831126 120.1773091,22.9831127 120.1792168,22.997673 120.1792167,22.9976731 120.1736458,22.997289 120.1722026,22.9974177 120.1688247,22.9980629 120.1673793,22.9979588 120.1674821,22.9934835 120.167359,22.9922508 120.1672724,22.9917643 120.1671825,22.9914124 120.1659462,22.9850847 120.1659463,22.9850846 120.166046,22.9850878 120.1740049,22.9836786 120.177309,22.9831126</coordinates></LinearRing></outerBoundaryIs>
        </Polygon>
      </MultiGeometry>
  </Placemark>
  <Placemark>
	<Style><LineStyle><color>ff0000ff</color></LineStyle><PolyStyle><fill>0</fill></PolyStyle></Style>
	<ExtendedData><SchemaData schemaUrl="#114SEC_DATBLPD">
		<SimpleData name="段碼">0132</SimpleData>
		<SimpleData name="段名">新南段</SimpleData>
		<SimpleData name="行政區">安平區</SimpleData>
	</SchemaData></ExtendedData>
      <MultiGeometry>
        <Polygon>
          <outerBoundaryIs><LinearRing><coordinates>120.1819676,22.9825864 120.1835667,22.9836521 120.1836463,22.983708 120.1836797,22.9837328 120.1837127,22.9837583 120.1837451,22.9837842 120.1837771,22.9838107 120.1838085,22.9838377 120.1838806,22.9839033 120.1854377,22.9853917 120.1864062,22.9860404 120.1867278,22.9862577 120.1870424,22.9887822 120.1871216,22.9888349 120.1871539,22.9891978 120.1871011,22.9892738 120.1871349,22.9896743 120.1871405,22.9897656 120.1871527,22.9900413 120.1871572,22.9902393 120.1871548,22.9906551 120.1871478,22.9908597 120.187137,22.991064 120.1871099,22.9914085 120.1869138,22.9934234 120.1869034,22.9935081 120.186897,22.9935452 120.186884,22.9936135 120.1868663,22.9936894 120.186847,22.9937589 120.1868283,22.9938154 120.1868076,22.9938726 120.1867823,22.9939359 120.1867543,22.9939989 120.1866754,22.9941561 120.1866342,22.9942503 120.186607,22.9943206 120.1865789,22.9944048 120.1865616,22.9944664 120.1865353,22.9945763 120.1865198,22.9946632 120.1865086,22.9947508 120.1864894,22.9949373 120.186484,22.9949965 120.1864753,22.9951161 120.1864713,22.9952173 120.1864699,22.9952953 120.1864704,22.9953718 120.1864732,22.9954746 120.1864795,22.9955827 120.1864851,22.9956535 120.1864943,22.9957428 120.1866418,22.9970191 120.1863576,22.9971064 120.1864238,22.9976815 120.1861511,22.9977557 120.186151,22.9977557 120.1861439,22.9976788 120.1861658,22.9971653 120.1858764,22.997254 120.1829037,22.9976004 120.1800275,22.9977291 120.1796471,22.9977028 120.1800275,22.9977293 120.1829037,22.9976006 120.1858764,22.9972543 120.1861209,22.9977228 120.1861326,22.9978217 120.1861497,22.9979731 120.1858737,22.9980065 120.1858796,22.9980539 120.1860105,22.9980381 120.1864195,22.9979849 120.1864658,22.9980182 120.1865568,22.9987847 120.1865599,22.9987804 120.1865601,22.9987805 120.1865642,22.9988125 120.1865641,22.9988126 120.1865601,22.9988124 120.1865841,22.9990027 120.186584,22.9990028 120.1859726,22.9989972 120.185969,22.9990933 120.1847809,22.9992265 120.184775,22.9991851 120.1846614,22.9991822 120.1846261,22.9991908 120.183467,22.9992107 120.183137,22.9991987 120.1823847,22.9991803 120.1816441,22.9991618 120.1812903,22.9991427 120.1809391,22.9991487 120.180097,22.9991815 120.1798979,22.9991871 120.1797376,22.9991848 120.1794154,22.9991771 120.1793138,22.9991733 120.1792315,22.9991735 120.1780117,22.9991314 120.1758347,22.9992689 120.1756771,22.9993249 120.175677,22.9993248 120.1756398,22.9991708 120.1749349,22.9991992 120.1748176,22.9992073 120.1746357,22.9992668 120.1744111,22.999348 120.174271,22.9993966 120.1736225,22.9996203 120.1734704,22.9996732 120.1732783,22.9997392 120.1729079,22.9998692 120.1726726,22.9999499 120.171908,23.0002153 120.1714182,23.000385 120.170913,23.0005603 120.1699694,23.000887 120.1698316,23.0009345 120.1681499,23.0015095 120.1678358,23.0016437 120.1678347,23.0016423 120.167629,23.0017233 120.1672346,23.0017936 120.1670961,23.0018182 120.1657375,23.0022783 120.1656773,23.002203 120.1656159,23.002127 120.1656159,23.0021268 120.1666656,23.0017464 120.1668663,23.0016937 120.1673769,23.0014529 120.1674878,23.0014797 120.1691103,23.0008958 120.1695388,23.0007524 120.1697485,23.0007109 120.1701186,23.000581 120.1704097,23.0005064 120.170843,23.0003535 120.1711945,23.000281 120.1718148,23.0000916 120.1724366,22.999849 120.1729079,22.9996658 120.1736083,22.9993775 120.1736639,22.9993599 120.1740284,22.9992322 120.1743702,22.9991407 120.1747021,22.9990686 120.1748277,22.9990209 120.1748313,22.9990139 120.17489,22.998999 120.1748625,22.9988647 120.1748627,22.9988645 120.1747949,22.9985343 120.1747554,22.9981807 120.1747555,22.9981806 120.1747817,22.9981827 120.1747772,22.9981471 120.1747773,22.998147 120.1747794,22.998147 120.1747769,22.9981266 120.1747484,22.9981253 120.1747481,22.9981239 120.1746899,22.9981194 120.1746898,22.9981193 120.1747033,22.9980344 120.1746858,22.9976404 120.1746075,22.9973524 120.1746076,22.9973523 120.1747894,22.9973648 120.1792167,22.9976729 120.177309,22.9831128 120.1780144,22.9829919 120.1819676,22.9825864</coordinates></LinearRing></outerBoundaryIs>
        </Polygon>
      </MultiGeometry>
  </Placemark>
  <Placemark>
	<Style><LineStyle><color>ff0000ff</color></LineStyle><PolyStyle><fill>0</fill></PolyStyle></Style>
	<ExtendedData><SchemaData schemaUrl="#114SEC_DATBLPD">
		<SimpleData name="段碼">0133</SimpleData>
		<SimpleData name="段名">金城段</SimpleData>
		<SimpleData name="行政區">安平區</SimpleData>
	</SchemaData></ExtendedData>
      <MultiGeometry>
        <Polygon>
          <outerBoundaryIs><LinearRing><coordinates>120.1618845,22.9849544 120.1619004,22.9849547 120.1659462,22.9850847 120.1671746,22.9913719 120.167279,22.9918012 120.167359,22.9922508 120.167482,22.9934835 120.1673858,22.9976694 120.1673792,22.9979587 120.1673791,22.9979588 120.1614661,22.9975328 120.1613618,22.9975072 120.1612702,22.9974603 120.1606093,22.9967399 120.1600332,22.9961917 120.1598075,22.9960195 120.1595634,22.995869 120.1593068,22.9957359 120.1590444,22.9956142 120.1587709,22.995518 120.1584889,22.9954408 120.1582078,22.9953767 120.1560001,22.9949246 120.1559234,22.9932123 120.1559407,22.9885588 120.1582227,22.985724 120.1588742,22.9857335 120.1599714,22.9860236 120.1603559,22.9853745 120.161292,22.9855295 120.1613562,22.9853212 120.1613629,22.9853011 120.161366,22.9852928 120.1613726,22.9852762 120.1613799,22.9852599 120.1613837,22.9852518 120.1613919,22.9852358 120.1614006,22.9852202 120.1614099,22.9852048 120.1614148,22.9851972 120.161425,22.9851823 120.1614358,22.9851677 120.1614471,22.9851535 120.1614529,22.9851465 120.161465,22.9851328 120.1614776,22.9851196 120.1614841,22.9851131 120.1614907,22.9851067 120.1615042,22.9850943 120.1615183,22.9850824 120.1615254,22.9850766 120.1615401,22.9850653 120.1615476,22.9850598 120.1615552,22.9850545 120.1615707,22.9850442 120.1615866,22.9850344 120.1615946,22.9850297 120.1616028,22.9850252 120.1616193,22.9850164 120.1616362,22.9850082 120.1616534,22.9850006 120.1616621,22.984997 120.1616797,22.9849902 120.1616886,22.984987 120.1617065,22.984981 120.1617156,22.9849783 120.1617247,22.9849757 120.1617431,22.9849709 120.1617523,22.9849687 120.1617709,22.9849649 120.1617803,22.9849632 120.1617991,22.9849602 120.161818,22.9849578 120.1618274,22.9849569 120.1618464,22.9849554 120.1618559,22.984955 120.161875,22.9849544 120.1618845,22.9849544</coordinates></LinearRing></outerBoundaryIs>
        </Polygon>
      </MultiGeometry>
  </Placemark>
  <Placemark>
	<Style><LineStyle><color>ff0000ff</color></LineStyle><PolyStyle><fill>0</fill></PolyStyle></Style>
	<ExtendedData><SchemaData schemaUrl="#114SEC_DATBLPD">
		<SimpleData name="段碼">0134</SimpleData>
		<SimpleData name="段名">海興段</SimpleData>
		<SimpleData name="行政區">安平區</SimpleData>
	</SchemaData></ExtendedData>
      <MultiGeometry>
        <Polygon>
          <outerBoundaryIs><LinearRing><coordinates>120.1559406,22.9885587 120.1559391,22.9889886 120.1559261,22.9932123 120.1560002,22.9949242 120.156,22.9949243 120.1546174,22.994615 120.1545813,22.9945878 120.1545158,22.9945113 120.1544952,22.994451 120.1538734,22.995022 120.1538733,22.995022 120.1525426,22.9930211 120.1506039,22.995178 120.1517434,22.9956276 120.1513018,22.99707 120.1504468,22.9987662 120.1515675,22.9992376 120.1510267,23.0005237 120.1509128,23.0005734 120.1437388,22.9983835 120.143707,22.9983732 120.1436919,22.9983679 120.1436769,22.9983623 120.1436619,22.9983565 120.1436472,22.9983504 120.1436325,22.9983441 120.1436179,22.9983376 120.1436035,22.9983309 120.1435892,22.9983239 120.143575,22.9983166 120.143561,22.9983092 120.1435471,22.9983015 120.1435334,22.9982936 120.1435198,22.9982855 120.1435063,22.9982772 120.1434931,22.9982686 120.1434799,22.9982598 120.143467,22.9982509 120.1434542,22.9982417 120.1434416,22.9982323 120.1434292,22.9982227 120.143417,22.9982129 120.1434049,22.9982029 120.1433931,22.9981927 120.1433814,22.9981824 120.1433699,22.9981718 120.1433586,22.9981611 120.1433476,22.9981502 120.1433367,22.9981391 120.1433261,22.9981278 120.1433156,22.9981163 120.1433054,22.9981047 120.1432954,22.998093 120.1432857,22.998081 120.1432761,22.9980689 120.1432668,22.9980567 120.1432577,22.9980443 120.1432489,22.9980318 120.1432403,22.9980191 120.1432319,22.9980063 120.1432238,22.9979933 120.1432159,22.9979803 120.1432082,22.9979671 120.1432009,22.9979537 120.1431937,22.9979403 120.1431869,22.9979268 120.1431802,22.9979131 120.1431739,22.9978993 120.1431678,22.9978855 120.1431619,22.9978715 120.1431564,22.9978574 120.143151,22.9978433 120.143146,22.9978291 120.1431412,22.9978148 120.1431367,22.9978004 120.1431325,22.9977859 120.1431285,22.9977714 120.1431248,22.9977568 120.1431214,22.9977422 120.1431183,22.9977275 120.1431155,22.9977128 120.1431129,22.997698 120.1431106,22.9976832 120.1431086,22.9976683 120.1431068,22.9976534 120.1431054,22.9976385 120.1431042,22.9976236 120.1431033,22.9976086 120.1431027,22.9975937 120.1431024,22.9975787 120.1431023,22.9975637 120.1431026,22.9975487 120.1431031,22.9975338 120.1431039,22.9975188 120.1431067,22.9974849 120.1431099,22.9974592 120.1431121,22.9974444 120.1431146,22.9974296 120.1431173,22.9974148 120.1431204,22.9974001 120.1431237,22.9973855 120.1431273,22.9973709 120.1431312,22.9973563 120.1431353,22.9973418 120.1431397,22.9973274 120.1431444,22.9973131 120.1431493,22.9972989 120.1431546,22.9972847 120.1431601,22.9972706 120.1431658,22.9972566 120.1431718,22.9972427 120.1431781,22.9972289 120.1431846,22.9972152 120.1431914,22.9972016 120.1431985,22.9971881 120.1432058,22.9971748 120.1432133,22.9971615 120.1432211,22.9971484 120.1432292,22.9971354 120.1432375,22.9971226 120.143246,22.9971099 120.1432548,22.9970973 120.1432638,22.9970848 120.143273,22.9970725 120.1432825,22.9970604 120.1432922,22.9970484 120.1433021,22.9970366 120.1433122,22.9970249 120.1433226,22.9970134 120.1433332,22.9970021 120.143344,22.9969909 120.143355,22.99698 120.1433662,22.9969692 120.1433776,22.9969585 120.1433965,22.9969417 120.1445144,22.9959753 120.1445145,22.9959753 120.1447694,22.9962313 120.1448278,22.9962331 120.1503546,22.9913866 120.1503613,22.9913809 120.150369,22.9913748 120.150377,22.9913689 120.1503894,22.9913605 120.1504022,22.9913527 120.150411,22.9913479 120.1504199,22.9913434 120.1504291,22.9913391 120.1504384,22.9913352 120.1504526,22.9913298 120.1504622,22.9913266 120.1504768,22.9913225 120.1504872,22.99132 120.1505017,22.9913171 120.1505118,22.9913155 120.150527,22.9913137 120.1505422,22.9913127 120.1505525,22.9913124 120.1505627,22.9913125 120.150578,22.9913132 120.1505932,22.9913146 120.1506033,22.991316 120.1506184,22.9913186 120.1506283,22.9913208 120.1506382,22.9913233 120.1506528,22.9913277 120.1506624,22.9913309 120.1506765,22.9913364 120.1506857,22.9913405 120.1506993,22.9913471 120.1507081,22.9913519 120.150721,22.9913596 120.1507293,22.9913651 120.1507414,22.9913738 120.1507492,22.9913799 120.1507604,22.9913895 120.1507676,22.9913963 120.1507745,22.9914032 120.1507812,22.9914104 120.1507876,22.9914178 120.1507937,22.9914254 120.1507995,22.9914331 120.1508051,22.9914413 120.1511605,22.9919757 120.1535755,22.9897578 120.1559406,22.9885587</coordinates></LinearRing></outerBoundaryIs>
        </Polygon>
      </MultiGeometry>
  </Placemark>
  <Placemark>
	<Style><LineStyle><color>ff0000ff</color></LineStyle><PolyStyle><fill>0</fill></PolyStyle></Style>
	<ExtendedData><SchemaData schemaUrl="#114SEC_DATBLPD">
		<SimpleData name="段碼">0135</SimpleData>
		<SimpleData name="段名">北安段</SimpleData>
		<SimpleData name="行政區">北區</SimpleData>
	</SchemaData></ExtendedData>
      <MultiGeometry>
        <Polygon>
          <outerBoundaryIs><LinearRing><coordinates>120.2087781,23.0116201 120.2089132,23.0118479 120.2090493,23.0120752 120.2092189,23.0125539 120.2093002,23.0127824 120.2094249,23.013134 120.2095266,23.0134179 120.2097015,23.0139108 120.2097026,23.0139109 120.2098225,23.0142538 120.2099362,23.0145777 120.2099413,23.014694 120.2099471,23.0148107 120.209958,23.0151322 120.2099889,23.0152265 120.2100129,23.0152669 120.2100135,23.0152669 120.2100427,23.0153167 120.2100427,23.0153194 120.2100874,23.0153941 120.2101868,23.0155651 120.2102564,23.0156829 120.2103099,23.0157532 120.2103964,23.0158653 120.2106947,23.0162602 120.2106946,23.0162604 120.2106746,23.0162526 120.2106557,23.0162642 120.2106962,23.0163038 120.2107079,23.0162955 120.2108291,23.0163658 120.2109334,23.0163969 120.211005,23.0164773 120.2110826,23.0165658 120.2111375,23.016627 120.2111384,23.016627 120.2113873,23.0169034 120.211695,23.017247 120.2117333,23.0172891 120.2119804,23.0175793 120.2119804,23.0175784 120.2119806,23.0175784 120.2120487,23.0176582 120.2121166,23.017738 120.2123273,23.0179874 120.212328,23.0179875 120.2127762,23.0185134 120.2132233,23.01904 120.2134856,23.0193477 120.2134855,23.0193479 120.2134846,23.0193479 120.2135951,23.0194786 120.2136014,23.0196192 120.2136013,23.0196193 120.2134355,23.0195814 120.2134443,23.0198067 120.2134253,23.0199114 120.2133883,23.019945 120.2134089,23.0199585 120.2134402,23.0200168 120.2133334,23.0201131 120.2131502,23.0201582 120.21309,23.0201527 120.2128397,23.0203113 120.2128086,23.0204134 120.212828,23.0205077 120.2127552,23.0205897 120.2127447,23.0206241 120.2127016,23.0206985 120.2126687,23.0207548 120.2126962,23.0208049 120.2126738,23.0208972 120.2125925,23.0210243 120.2124919,23.0211087 120.2121161,23.0212407 120.2119589,23.0212962 120.2119588,23.0212961 120.2119588,23.0212956 120.2118623,23.0213298 120.2114317,23.0215383 120.2110008,23.0217462 120.2108296,23.0218024 120.2105579,23.0219893 120.2104414,23.0220416 120.2104433,23.0220416 120.2104433,23.0220418 120.2102964,23.0221079 120.2101421,23.0221831 120.2100023,23.0222436 120.2100021,23.0222435 120.2100021,23.0222431 120.2097784,23.0223415 120.2097307,23.0223629 120.2094778,23.0224521 120.2094257,23.022477 120.2093147,23.0225463 120.2090546,23.0227096 120.2089703,23.0227412 120.2086644,23.0227982 120.2084551,23.0228107 120.2084536,23.022817 120.2080477,23.0228421 120.2080476,23.0228429 120.2076936,23.0228652 120.2074026,23.0228789 120.2070163,23.022881 120.2069564,23.0228865 120.2068226,23.0228994 120.2063072,23.022885 120.206307,23.0228855 120.2060962,23.0228876 120.2060961,23.022889 120.2057265,23.0228931 120.2050046,23.0228338 120.2041455,23.0227931 120.2041454,23.0227921 120.2035326,23.0227626 120.2026497,23.0225102 120.2021968,23.0223644 120.2021967,23.0223641 120.2011026,23.0220116 120.2010354,23.0219946 120.2010354,23.0219944 120.201044,23.0219944 120.2007581,23.0219225 120.2004743,23.0218506 120.2002491,23.0217968 120.200249,23.0217972 120.1997483,23.0216769 120.1995626,23.0216317 120.1995256,23.021623 120.1994193,23.0215985 120.1993975,23.0211367 120.1994425,23.0208179 120.1995292,23.0206852 120.199632,23.0206486 120.1996438,23.020633 120.1996434,23.020633 120.1996433,23.0206329 120.1996721,23.020594 120.1996816,23.0205207 120.1997084,23.0203087 120.1997099,23.0202993 120.19971,23.0202992 120.1997792,23.0203243 120.2000074,23.0204083 120.2002567,23.0204993 120.2003509,23.0205347 120.200446,23.0205679 120.20055,23.0206035 120.2006542,23.0206382 120.2007371,23.0206649 120.20082,23.0206909 120.2009249,23.0207235 120.200994,23.020744 120.2011015,23.020775 120.2012093,23.0208054 120.2013297,23.020838 120.2014504,23.0208696 120.2016076,23.0209094 120.2016848,23.0209279 120.2017622,23.0209459 120.2022046,23.0210433 120.2022047,23.0210439 120.20287,23.0211897 120.2031137,23.0212434 120.2031271,23.0212454 120.2038698,23.0213803 120.2041534,23.0214316 120.2041534,23.021431 120.2041535,23.0214309 120.2042306,23.021445 120.2045024,23.0214942 120.2045849,23.0215103 120.2046678,23.0215243 120.204831,23.0215535 120.2048924,23.0215649 120.2051812,23.0216166 120.2052623,23.0216307 120.2053807,23.0216524 120.2053808,23.0216519 120.2055201,23.0216772 120.2055302,23.0216789 120.205548,23.0216818 120.2056258,23.0216274 120.2056611,23.0213749 120.20568,23.0212384 120.2056414,23.021267 120.2055866,23.021262 120.2054352,23.0212494 120.2051087,23.0212218 120.2049185,23.0212063 120.2047743,23.0211737 120.2047369,23.0211646 120.2042435,23.0210359 120.2041559,23.0210133 120.2041558,23.0210104 120.2039648,23.0209603 120.203324,23.0207935 120.203024,23.0207159 120.2029991,23.0206763 120.2030062,23.02065 120.2030032,23.02065 120.2030031,23.0206499 120.2030555,23.0204826 120.2030772,23.0204113 120.2031441,23.0201947 120.2031874,23.0201705 120.2032986,23.0201991 120.2035617,23.0202682 120.2037906,23.020328 120.204086,23.0204057 120.2041014,23.0204102 120.2041594,23.0204307 120.2041594,23.0204321 120.2042957,23.0204811 120.2045177,23.0205619 120.2047858,23.0206588 120.2047858,23.0206589 120.2047835,23.0206589 120.2047868,23.0206591 120.2048431,23.0206792 120.2048754,23.0206913 120.2048695,23.0207198 120.2048757,23.0207294 120.2048947,23.0206978 120.2049077,23.020703 120.2050166,23.0207422 120.2051523,23.0207885 120.2052331,23.0207933 120.2057269,23.0208237 120.2057571,23.0208605 120.2057631,23.0208358 120.2057697,23.0208115 120.2057941,23.0207264 120.2058129,23.020664 120.2058135,23.0206639 120.2058335,23.0206005 120.2058543,23.0205375 120.2059466,23.0202996 120.2060119,23.0201473 120.2060213,23.020127 120.2060877,23.0199946 120.2061003,23.0199697 120.2061132,23.0199462 120.2061132,23.0199458 120.2061357,23.0199038 120.20618,23.0198248 120.2062142,23.0197668 120.2062844,23.0196565 120.206316,23.019608 120.2063481,23.0195598 120.2063613,23.0195402 120.2064607,23.019397 120.2065212,23.0193131 120.2065207,23.0193131 120.2065206,23.019313 120.2066832,23.0191061 120.2068226,23.0189457 120.2069604,23.0187997 120.2070217,23.0187384 120.2070842,23.0186781 120.2071902,23.0185805 120.2072676,23.0185132 120.207367,23.0184299 120.2075326,23.0183009 120.207611,23.0182439 120.2078103,23.0181041 120.2080089,23.017966 120.2080084,23.017966 120.2080084,23.0179658 120.2080762,23.0179188 120.2083303,23.017742 120.208441,23.0176646 120.20875,23.0174436 120.2089683,23.0172881 120.209061,23.0172228 120.2089815,23.0170715 120.2089899,23.017066 120.2089364,23.0169674 120.2089231,23.016941 120.2089087,23.016916 120.2087461,23.0166152 120.2087462,23.0166151 120.2087474,23.0166151 120.2085857,23.0163138 120.2083468,23.0158681 120.2082693,23.0157208 120.2082278,23.0156411 120.2081086,23.0154154 120.2081087,23.0154153 120.2081467,23.015401 120.2080916,23.0152912 120.20801,23.015126 120.2078895,23.0148885 120.207781,23.014673 120.207781,23.0146728 120.2080086,23.0145847 120.2080959,23.014551 120.2080963,23.014483 120.2079947,23.0141997 120.2079282,23.0140147 120.2078886,23.0139019 120.2078888,23.0139017 120.2078267,23.0137266 120.2077847,23.0136073 120.2077739,23.0135772 120.2078374,23.0135561 120.2078779,23.0135424 120.2079229,23.0135354 120.2079662,23.0135288 120.208097,23.0135096 120.2081021,23.013507 120.2082273,23.0134887 120.2082715,23.0134828 120.2084876,23.0134515 120.2085315,23.0134447 120.2085743,23.0134389 120.2086173,23.0134326 120.2086385,23.0134289 120.2086452,23.0134272 120.2086879,23.0134139 120.2087719,23.0133907 120.2088128,23.0133787 120.2088547,23.0133667 120.2088978,23.0133552 120.2089395,23.0133433 120.2089821,23.0133307 120.2091691,23.0132769 120.2090857,23.0130423 120.2089113,23.0125525 120.2089116,23.0125523 120.2087566,23.0121161 120.2086234,23.0117407 120.2086012,23.0116787 120.2086968,23.0116469 120.2087781,23.0116201</coordinates></LinearRing></outerBoundaryIs>
          <innerBoundaryIs><LinearRing><coordinates>120.2089618,23.0176355 120.208746,23.0177888 120.2087338,23.0177981 120.2086127,23.0178836 120.208491,23.0179685 120.2084907,23.0179685 120.2082824,23.0181138 120.2082244,23.0181547 120.2080744,23.0182595 120.2080742,23.0182594 120.2080742,23.0182586 120.207997,23.0183124 120.2079187,23.0183678 120.2078573,23.0184108 120.2077953,23.0184552 120.2077096,23.0185178 120.2076661,23.0185507 120.207623,23.0185839 120.2075605,23.0186335 120.2074986,23.0186838 120.2074231,23.0187496 120.2073487,23.0188165 120.2072717,23.0188887 120.2072314,23.0189277 120.2071581,23.0190017 120.2070861,23.0190769 120.206904,23.0192841 120.2068785,23.0193147 120.2068802,23.0193148 120.2068803,23.0193149 120.2068357,23.019371 120.2067919,23.0194276 120.2067304,23.0195101 120.2066825,23.0195788 120.2065548,23.0197658 120.2065392,23.0197893 120.2064447,23.0199428 120.206415,23.0199945 120.2063628,23.0200895 120.2063404,23.0201328 120.2063233,23.0201671 120.2063071,23.0202003 120.2062733,23.0202719 120.2063147,23.0201853 120.2063529,23.0201099 120.2064418,23.019949 120.2065385,23.0197922 120.2065765,23.0197352 120.2066655,23.0196047 120.2067601,23.0194718 120.2068736,23.0193249 120.2069935,23.0191824 120.2070247,23.0191471 120.2071267,23.0190374 120.2072512,23.0189113 120.2073888,23.0187832 120.2075318,23.0186603 120.2076453,23.0185695 120.20768,23.0185429 120.2078333,23.0184311 120.208616,23.0178835 120.2089618,23.0176355</coordinates></LinearRing></innerBoundaryIs>
          <innerBoundaryIs><LinearRing><coordinates>120.2100282,23.0177951 120.2105776,23.0184413 120.2106199,23.0185732 120.2105791,23.0184417 120.2103801,23.0182078 120.2103006,23.0181149 120.2101837,23.0179769 120.2101834,23.0179769 120.2100282,23.0177951</coordinates></LinearRing></innerBoundaryIs>
          <innerBoundaryIs><LinearRing><coordinates>120.2123805,23.0184856 120.2122392,23.0185904 120.2122328,23.0185954 120.2123812,23.0184873 120.212714,23.0188782 120.2128177,23.0189992 120.2131281,23.0193643 120.2130722,23.019298 120.2128838,23.0190769 120.2127986,23.0189764 120.2123805,23.0184856</coordinates></LinearRing></innerBoundaryIs>
          <innerBoundaryIs><LinearRing><coordinates>120.2092647,23.0181121 120.2092623,23.0181134 120.2092639,23.0181126 120.2095484,23.0186082 120.2092647,23.0181121</coordinates></LinearRing></innerBoundaryIs>
          <innerBoundaryIs><LinearRing><coordinates>120.20827,23.0186328 120.2082691,23.0186333 120.2084015,23.0188454 120.2083191,23.018712 120.20827,23.0186328</coordinates></LinearRing></innerBoundaryIs>
          <innerBoundaryIs><LinearRing><coordinates>120.2107782,23.0186757 120.210777,23.0186759 120.2116447,23.0196978 120.2116457,23.0196974 120.2115966,23.0196401 120.2115543,23.0195898 120.2113399,23.0193372 120.2113399,23.019337 120.2113405,23.019337 120.2111131,23.0190704 120.2108705,23.0187848 120.2108421,23.0187508 120.210797,23.0186981 120.2107782,23.0186757</coordinates></LinearRing></innerBoundaryIs>
          <innerBoundaryIs><LinearRing><coordinates>120.2119944,23.0195352 120.2118333,23.0196097 120.2117286,23.0196588 120.2119944,23.0195352</coordinates></LinearRing></innerBoundaryIs>
          <innerBoundaryIs><LinearRing><coordinates>120.2097541,23.0189669 120.2098343,23.0191069 120.2098114,23.0190655 120.2097541,23.0189669</coordinates></LinearRing></innerBoundaryIs>
          <innerBoundaryIs><LinearRing><coordinates>120.2097242,23.019173 120.209415,23.0193274 120.2094184,23.0193275 120.2097242,23.019173</coordinates></LinearRing></innerBoundaryIs>
          <innerBoundaryIs><LinearRing><coordinates>120.2086309,23.019213 120.2086313,23.0192137 120.2086377,23.0192167 120.2086967,23.0193073 120.2086964,23.0193088 120.2086974,23.0193054 120.208638,23.019215 120.2086309,23.019213</coordinates></LinearRing></innerBoundaryIs>
          <innerBoundaryIs><LinearRing><coordinates>120.2090641,23.0195063 120.2088859,23.019596 120.2088861,23.0195963 120.2090641,23.0195063</coordinates></LinearRing></innerBoundaryIs>
          <innerBoundaryIs><LinearRing><coordinates>120.2062696,23.0202802 120.2062442,23.0203372 120.206213,23.0204102 120.2062095,23.020419 120.2062696,23.0202802</coordinates></LinearRing></innerBoundaryIs>
          <innerBoundaryIs><LinearRing><coordinates>120.2123198,23.020402 120.2118063,23.0208685 120.2117259,23.0209333 120.2118003,23.0208738 120.2119621,23.0207292 120.2119621,23.0207273 120.2122395,23.0204766 120.2123198,23.020402</coordinates></LinearRing></innerBoundaryIs>
          <innerBoundaryIs><LinearRing><coordinates>120.2061873,23.0204744 120.2061836,23.0204838 120.2061501,23.0205715 120.2061331,23.0206184 120.2061171,23.0206654 120.2061173,23.0206656 120.2061091,23.020691 120.2061089,23.020691 120.2061089,23.0206888 120.2060912,23.0207432 120.2060741,23.0207986 120.2061082,23.0208041 120.2061083,23.0208036 120.2061266,23.0208067 120.2060781,23.0207972 120.2060797,23.0207856 120.2061354,23.0206125 120.2061873,23.0204744</coordinates></LinearRing></innerBoundaryIs>
          <innerBoundaryIs><LinearRing><coordinates>120.2061545,23.0207592 120.2061545,23.0207593 120.2061696,23.0207821 120.2061545,23.0207592</coordinates></LinearRing></innerBoundaryIs>
          <innerBoundaryIs><LinearRing><coordinates>120.2061794,23.0207966 120.2061801,23.0207977 120.2065143,23.0208579 120.2061794,23.0207966</coordinates></LinearRing></innerBoundaryIs>
          <innerBoundaryIs><LinearRing><coordinates>120.211674,23.0209753 120.2116009,23.0210343 120.2116222,23.0210173 120.211674,23.0209753</coordinates></LinearRing></innerBoundaryIs>
          <innerBoundaryIs><LinearRing><coordinates>120.2070364,23.0209791 120.2070372,23.0209795 120.2070309,23.0210061 120.2072843,23.0210645 120.2074658,23.0211188 120.2072873,23.0210648 120.2070319,23.0210059 120.2070379,23.0209796 120.2070364,23.0209791</coordinates></LinearRing></innerBoundaryIs>
          <innerBoundaryIs><LinearRing><coordinates>120.2075561,23.021158 120.2075526,23.0211685 120.2074772,23.0214913 120.2074049,23.0217971 120.2073532,23.0219723 120.2073538,23.0219724 120.2074058,23.0217994 120.2075571,23.0211594 120.2075561,23.021158</coordinates></LinearRing></innerBoundaryIs>
          <innerBoundaryIs><LinearRing><coordinates>120.211331,23.0212222 120.21121,23.0212989 120.2110543,23.0213808 120.2112106,23.0212987 120.211331,23.0212222</coordinates></LinearRing></innerBoundaryIs>
          <innerBoundaryIs><LinearRing><coordinates>120.2077078,23.0220281 120.2080519,23.0220799 120.2080519,23.0220796 120.2077124,23.0220281 120.2077078,23.0220281</coordinates></LinearRing></innerBoundaryIs>
          <innerBoundaryIs><LinearRing><coordinates>120.2092792,23.0222138 120.209279,23.0222138 120.2092858,23.0222671 120.2092865,23.0222672 120.2092792,23.0222138</coordinates></LinearRing></innerBoundaryIs>
        </Polygon>
      </MultiGeometry>
  </Placemark>
  <Placemark>
	<Style><LineStyle><color>ff0000ff</color></LineStyle><PolyStyle><fill>0</fill></PolyStyle></Style>
	<ExtendedData><SchemaData schemaUrl="#114SEC_DATBLPD">
		<SimpleData name="段碼">0136</SimpleData>
		<SimpleData name="段名">小北段</SimpleData>
		<SimpleData name="行政區">北區</SimpleData>
	</SchemaData></ExtendedData>
      <MultiGeometry>
        <Polygon>
          <outerBoundaryIs><LinearRing><coordinates>120.1937225,23.0052703 120.1937968,23.0053751 120.1944913,23.0056273 120.1944913,23.0056259 120.1944914,23.0056258 120.1945326,23.0056412 120.1945931,23.0056646 120.1946163,23.0056732 120.1946476,23.0056866 120.1946986,23.0057079 120.1946985,23.0057081 120.1946984,23.0057081 120.1947989,23.00575 120.1960024,23.0063384 120.1961627,23.0064163 120.1964374,23.0064563 120.1966485,23.0064887 120.1970423,23.0064776 120.1972884,23.0065118 120.1975344,23.0065466 120.1976572,23.0065578 120.1979076,23.0065821 120.1979346,23.0065853 120.1979564,23.0065833 120.1981669,23.0065703 120.1983291,23.0065124 120.1983881,23.0064838 120.1983881,23.0064831 120.1984265,23.0064644 120.1988231,23.0066155 120.1990478,23.0066703 120.1990788,23.0066679 120.1993088,23.0066474 120.1995201,23.0065697 120.1995806,23.0065128 120.1998037,23.0063008 120.1998097,23.0062944 120.1999554,23.0063132 120.1999649,23.0063151 120.2001583,23.00641 120.2003389,23.0064981 120.200339,23.006497 120.2003391,23.0064969 120.2003574,23.0065062 120.2004168,23.0065461 120.2004792,23.0065959 120.2005578,23.0066629 120.2005662,23.0066715 120.2005751,23.0066796 120.2006601,23.0066811 120.2007072,23.0067471 120.2007071,23.0067472 120.2005401,23.0067445 120.200183,23.0067404 120.2007078,23.0067499 120.2007548,23.0068152 120.2007548,23.0068139 120.200755,23.0068139 120.200772,23.0068377 120.2007562,23.0068659 120.2007554,23.0069972 120.2013306,23.0074526 120.2017002,23.007727 120.202018,23.0079486 120.2021786,23.0080255 120.202309,23.0080347 120.202368,23.0080167 120.2028564,23.0077449 120.2027742,23.0077894 120.2025385,23.0079183 120.2024916,23.0078558 120.2024917,23.0078556 120.2025447,23.0078263 120.2028985,23.0076333 120.2029948,23.0076077 120.2032158,23.0075485 120.2033768,23.007436 120.2034341,23.0073961 120.2033986,23.0073474 120.2033986,23.0073473 120.2036175,23.0072418 120.2038358,23.0071088 120.2038312,23.0071088 120.2038311,23.0071086 120.2041456,23.0069153 120.2042388,23.006859 120.2042389,23.0068591 120.2042389,23.0068595 120.2042609,23.0068459 120.2045273,23.0066852 120.2048206,23.0065071 120.205282,23.0062888 120.2055816,23.006148 120.2055827,23.0061477 120.2055275,23.0060135 120.2055276,23.0060133 120.2055758,23.0060302 120.2056015,23.0059718 120.205664,23.0058285 120.2056642,23.0058285 120.2056825,23.0058439 120.2056845,23.0058449 120.2057104,23.0058618 120.2057327,23.0058751 120.2057943,23.0058999 120.205802,23.0059025 120.2058857,23.0059069 120.2058959,23.0059058 120.2059629,23.0059024 120.2060057,23.0059934 120.2060745,23.0060973 120.2060874,23.0060949 120.2061428,23.0061944 120.2061595,23.0062343 120.2061934,23.0062535 120.2061934,23.0062547 120.2062081,23.006263 120.2062115,23.0062909 120.2062656,23.0067054 120.2063012,23.0068772 120.2066155,23.0075079 120.206869,23.0079214 120.2070417,23.0082009 120.2072152,23.0084802 120.2072151,23.0084803 120.2072146,23.0084803 120.207371,23.0087297 120.2075269,23.0089796 120.2075314,23.0089864 120.2075512,23.009018 120.2076931,23.0092459 120.2077297,23.0093036 120.2078591,23.0095113 120.2079749,23.0097103 120.2080533,23.0098389 120.2080532,23.009839 120.2080526,23.009839 120.2081228,23.0099543 120.2081228,23.0099553 120.2081841,23.0100551 120.208212,23.0101347 120.2082912,23.0103685 120.2083247,23.0104657 120.2083924,23.0106556 120.2084548,23.0108339 120.2084585,23.0108461 120.2085598,23.0110201 120.2085605,23.0110223 120.2085617,23.0111667 120.2085743,23.011196 120.2087055,23.0114981 120.2087791,23.0116219 120.2087791,23.0116221 120.2086026,23.0116792 120.2086025,23.0116792 120.208557,23.01155 120.2084886,23.0115719 120.2081125,23.0116956 120.2081124,23.0116956 120.2081124,23.011695 120.2081008,23.0116987 120.2079857,23.0117378 120.2078701,23.0117758 120.2076696,23.0118397 120.2075526,23.0118755 120.2074354,23.0119105 120.2073849,23.0119254 120.2073342,23.0119395 120.2071961,23.0119773 120.2069347,23.0120412 120.2069008,23.0120491 120.2068419,23.0120604 120.2068401,23.0120604 120.206822,23.0120646 120.2066366,23.0121008 120.206335,23.012159 120.2063258,23.0121614 120.2061166,23.0122023 120.20574,23.012269 120.205574,23.0122939 120.2054076,23.0123161 120.2052408,23.0123355 120.2049609,23.0123621 120.2044446,23.0124041 120.2041845,23.0124203 120.2040077,23.0124257 120.2038486,23.0124267 120.2036884,23.0124241 120.2036883,23.012424 120.2036895,23.0123873 120.2036879,23.0123877 120.2036872,23.012422 120.2036871,23.0124221 120.2035482,23.0124167 120.2034964,23.0124137 120.2033166,23.0124009 120.203229,23.0123936 120.2031415,23.0123851 120.2030339,23.0123724 120.2029264,23.0123587 120.2027552,23.0123331 120.2026771,23.0123197 120.202672,23.0123191 120.2025545,23.0122966 120.202434,23.0122713 120.2022564,23.0122307 120.2022564,23.0122315 120.2022563,23.0122316 120.2021536,23.012206 120.2020517,23.0121792 120.2019248,23.0121414 120.2018627,23.0121217 120.2017984,23.0121023 120.2016523,23.0120545 120.2015889,23.0120322 120.2012008,23.0118917 120.2007781,23.011738 120.2005438,23.0116536 120.2003091,23.0115698 120.2003091,23.0115683 120.2001366,23.0115052 120.1996854,23.0113433 120.1994159,23.0112454 120.1991466,23.0111487 120.1991466,23.0111485 120.1991513,23.0111486 120.199115,23.011135 120.1989582,23.0110795 120.198801,23.0110242 120.1985376,23.0109281 120.1983624,23.0108649 120.1983624,23.0108669 120.1983623,23.010867 120.1982238,23.0108166 120.1981331,23.0107838 120.1979496,23.0107179 120.1977663,23.0106513 120.1976104,23.010595 120.1975096,23.010559 120.1974584,23.0105403 120.1974451,23.010535 120.1968245,23.0103107 120.1964155,23.0101633 120.1964155,23.010164 120.1964154,23.010164 120.196192,23.0100824 120.1959457,23.0099933 120.1958307,23.0099514 120.1956585,23.0098891 120.1953408,23.0097749 120.1953082,23.0097629 120.195308,23.0097621 120.1951873,23.0097191 120.1948274,23.0097221 120.1944671,23.0097255 120.194467,23.0097281 120.1939596,23.0097332 120.1939605,23.0097678 120.1939595,23.0097679 120.1939613,23.0098673 120.1939612,23.0098674 120.1938738,23.0098679 120.1938703,23.0097673 120.1938502,23.0092085 120.1938413,23.0091286 120.1938176,23.0089205 120.1937605,23.0084124 120.1937599,23.0084123 120.1936929,23.0078179 120.1936859,23.0077599 120.1936623,23.0075498 120.1936563,23.0074914 120.1936075,23.0070571 120.1936071,23.007057 120.1936015,23.0070103 120.1936042,23.0068705 120.1935896,23.0067948 120.1935803,23.006582 120.193569,23.0063598 120.1935867,23.0062613 120.1935764,23.0060779 120.1935529,23.006035 120.1935662,23.005968 120.193585,23.0059084 120.1935853,23.005864 120.1935878,23.0057024 120.193589,23.0057023 120.1935932,23.005349 120.1935934,23.005349 120.1936055,23.0053651 120.193711,23.0054372 120.1937225,23.0052703</coordinates></LinearRing></outerBoundaryIs>
          <innerBoundaryIs><LinearRing><coordinates>120.1999553,23.006751 120.1997617,23.0067547 120.1993015,23.006765 120.1993023,23.006845 120.1993037,23.0070703 120.1993151,23.0070858 120.199317,23.0070859 120.1995533,23.0074241 120.1997462,23.0074269 120.1999419,23.0074301 120.1999419,23.0074287 120.1995547,23.0074235 120.1993046,23.0070658 120.199302,23.0067656 120.1999553,23.0067514 120.1999553,23.006751</coordinates></LinearRing></innerBoundaryIs>
          <innerBoundaryIs><LinearRing><coordinates>120.1999314,23.0079622 120.1999313,23.0079655 120.2001205,23.0082363 120.2001164,23.0084444 120.2001169,23.0084444 120.2001211,23.0082342 120.1999314,23.0079622</coordinates></LinearRing></innerBoundaryIs>
          <innerBoundaryIs><LinearRing><coordinates>120.2030617,23.0088083 120.2035406,23.009453 120.2035414,23.0095182 120.2036037,23.0095188 120.2035438,23.0095181 120.2035439,23.0094517 120.2030617,23.0088083</coordinates></LinearRing></innerBoundaryIs>
          <innerBoundaryIs><LinearRing><coordinates>120.2045021,23.0091957 120.2046207,23.0093534 120.2046853,23.0094369 120.2046663,23.0094116 120.2046223,23.0093542 120.2046052,23.0093313 120.2045021,23.0091957</coordinates></LinearRing></innerBoundaryIs>
          <innerBoundaryIs><LinearRing><coordinates>120.20014,23.0090036 120.2001057,23.0090353 120.2001404,23.0090043 120.2006641,23.0090127 120.2006632,23.0090115 120.2003244,23.0090062 120.2003243,23.0090066 120.20014,23.0090036</coordinates></LinearRing></innerBoundaryIs>
          <innerBoundaryIs><LinearRing><coordinates>120.2001039,23.0091002 120.2001027,23.009145 120.2001004,23.0092548 120.2001009,23.0092548 120.2001039,23.0091002</coordinates></LinearRing></innerBoundaryIs>
          <innerBoundaryIs><LinearRing><coordinates>120.2008741,23.0093138 120.2008687,23.0095564 120.2008711,23.0095566 120.2008757,23.009316 120.2008741,23.0093138</coordinates></LinearRing></innerBoundaryIs>
          <innerBoundaryIs><LinearRing><coordinates>120.2036717,23.0095195 120.2038642,23.0095221 120.2038706,23.0095308 120.2038739,23.00953 120.2038677,23.0095217 120.2036717,23.0095195</coordinates></LinearRing></innerBoundaryIs>
          <innerBoundaryIs><LinearRing><coordinates>120.2039086,23.0095221 120.2039052,23.0095229 120.2039035,23.0095941 120.2039076,23.0095942 120.2039086,23.0095221</coordinates></LinearRing></innerBoundaryIs>
          <innerBoundaryIs><LinearRing><coordinates>120.204752,23.0096034 120.2048928,23.0096049 120.2048927,23.0096048 120.204752,23.0096034</coordinates></LinearRing></innerBoundaryIs>
          <innerBoundaryIs><LinearRing><coordinates>120.2049188,23.0097216 120.2049318,23.009928 120.2049233,23.0097719 120.2049196,23.0097252 120.2049188,23.0097216</coordinates></LinearRing></innerBoundaryIs>
          <innerBoundaryIs><LinearRing><coordinates>120.2029629,23.0097184 120.2029618,23.0097194 120.2030558,23.0097204 120.2030559,23.0097238 120.203056,23.0097198 120.2029629,23.0097184</coordinates></LinearRing></innerBoundaryIs>
          <innerBoundaryIs><LinearRing><coordinates>120.2029264,23.0097184 120.2029262,23.0097508 120.2029263,23.0097507 120.2029264,23.0097184</coordinates></LinearRing></innerBoundaryIs>
          <innerBoundaryIs><LinearRing><coordinates>120.2011727,23.0097397 120.2012177,23.0098045 120.2012185,23.0098045 120.2011727,23.0097397</coordinates></LinearRing></innerBoundaryIs>
          <innerBoundaryIs><LinearRing><coordinates>120.2013568,23.0100004 120.2013594,23.0100042 120.2013592,23.0100044 120.2014303,23.0101075 120.2014321,23.010107 120.2013568,23.0100004</coordinates></LinearRing></innerBoundaryIs>
          <innerBoundaryIs><LinearRing><coordinates>120.2015916,23.0100724 120.2015909,23.0100726 120.2015881,23.0103352 120.2015887,23.0103352 120.2015916,23.0100724</coordinates></LinearRing></innerBoundaryIs>
          <innerBoundaryIs><LinearRing><coordinates>120.206018,23.0101396 120.2061236,23.0103822 120.2061247,23.010382 120.206018,23.0101396</coordinates></LinearRing></innerBoundaryIs>
          <innerBoundaryIs><LinearRing><coordinates>120.2024822,23.0101992 120.2023508,23.0101992 120.2019355,23.0103 120.202268,23.0102221 120.2022681,23.0102211 120.2023522,23.0102013 120.2024824,23.0102023 120.2024822,23.0101992</coordinates></LinearRing></innerBoundaryIs>
          <innerBoundaryIs><LinearRing><coordinates>120.2028392,23.0109943 120.2028392,23.0109957 120.2029171,23.0109953 120.2029951,23.0109956 120.2029951,23.0109952 120.2028392,23.0109943</coordinates></LinearRing></innerBoundaryIs>
          <innerBoundaryIs><LinearRing><coordinates>120.2028376,23.0110143 120.2025373,23.0110834 120.2025373,23.0110838 120.2028376,23.0110147 120.2028376,23.0110143</coordinates></LinearRing></innerBoundaryIs>
          <innerBoundaryIs><LinearRing><coordinates>120.2035746,23.0112443 120.203504,23.0112597 120.203504,23.0113148 120.2035033,23.0113711 120.2035021,23.0116264 120.2035014,23.0116301 120.2034688,23.0116602 120.2031285,23.0116157 120.2029476,23.0115928 120.2029606,23.0116068 120.2034785,23.011674 120.2035153,23.0116445 120.2035167,23.0112729 120.2035745,23.0112599 120.2035746,23.0112443</coordinates></LinearRing></innerBoundaryIs>
          <innerBoundaryIs><LinearRing><coordinates>120.2029157,23.0113892 120.2025592,23.0114685 120.2025622,23.0115196 120.202562,23.0115197 120.2022435,23.0114271 120.2021699,23.0114632 120.2020892,23.0116928 120.2020864,23.0116935 120.2015711,23.0115427 120.2014476,23.0118362 120.201465,23.0118424 120.2015848,23.0115579 120.2021017,23.0117078 120.2021039,23.0117073 120.2021845,23.0114776 120.2022579,23.0114408 120.202576,23.0115334 120.2025731,23.0114823 120.2029156,23.0114058 120.2029157,23.0113892</coordinates></LinearRing></innerBoundaryIs>
          <innerBoundaryIs><LinearRing><coordinates>120.2034879,23.0122747 120.2034851,23.0122771 120.2034876,23.0122772 120.2034879,23.0122747</coordinates></LinearRing></innerBoundaryIs>
          <innerBoundaryIs><LinearRing><coordinates>120.2065472,23.0076829 120.2063473,23.0077717 120.2061842,23.0078228 120.206184,23.0078227 120.206184,23.0078224 120.2058167,23.0079395 120.2057158,23.0079715 120.2056947,23.0079848 120.2055262,23.0080898 120.2054652,23.0081276 120.2053251,23.0082151 120.2052448,23.0082651 120.2051856,23.0083017 120.2051663,23.0083139 120.2052817,23.0084704 120.205282,23.0084705 120.2052892,23.0084808 120.2050907,23.0086018 120.2051798,23.0087199 120.205228,23.0087846 120.2052765,23.0088504 120.2053301,23.0089227 120.205388,23.0090011 120.2056901,23.0094081 120.2056967,23.0094102 120.2051058,23.0086153 120.2051058,23.0086151 120.2053046,23.0084938 120.2051814,23.0083261 120.2051814,23.0083259 120.2057287,23.0079856 120.2063803,23.0077761 120.2065654,23.0076947 120.2066075,23.0077086 120.2066026,23.0076993 120.2065472,23.0076829</coordinates></LinearRing></innerBoundaryIs>
        </Polygon>
      </MultiGeometry>
  </Placemark>
  <Placemark>
	<Style><LineStyle><color>ff0000ff</color></LineStyle><PolyStyle><fill>0</fill></PolyStyle></Style>
	<ExtendedData><SchemaData schemaUrl="#114SEC_DATBLPD">
		<SimpleData name="段碼">0137</SimpleData>
		<SimpleData name="段名">裕民段</SimpleData>
		<SimpleData name="行政區">北區</SimpleData>
	</SchemaData></ExtendedData>
      <MultiGeometry>
        <Polygon>
          <outerBoundaryIs><LinearRing><coordinates>120.197582,23.0031357 120.1979189,23.003257 120.1981167,23.0033286 120.1982358,23.0033722 120.1983147,23.0034004 120.198406,23.0034335 120.1984061,23.0034319 120.1984062,23.0034319 120.198457,23.0034505 120.1994813,23.0038235 120.200251,23.004103 120.2003421,23.004136 120.200381,23.0041498 120.2006233,23.0042384 120.2008756,23.0043302 120.2010106,23.0043791 120.2010222,23.0043832 120.201252,23.004466 120.2014429,23.0045353 120.2014808,23.0045489 120.2016707,23.0046181 120.2017089,23.0046318 120.2018243,23.0046739 120.2018631,23.0046883 120.2019392,23.0047161 120.2019781,23.0047299 120.2022069,23.004813 120.2022458,23.0048269 120.2022834,23.0048406 120.2023219,23.0048553 120.2024744,23.0049105 120.2025502,23.0049381 120.2025889,23.0049524 120.202627,23.0049661 120.2027795,23.0050217 120.2028176,23.0050354 120.2032485,23.0051921 120.2035797,23.0048298 120.2038684,23.0045173 120.2039271,23.0044543 120.2039367,23.0044445 120.2039429,23.0044371 120.2039768,23.0044002 120.2039805,23.0044003 120.2040928,23.0042784 120.2042085,23.0041535 120.2042548,23.0041034 120.2042548,23.0041021 120.2043377,23.004014 120.2043455,23.0040062 120.2044502,23.0038938 120.2044718,23.0038716 120.2045053,23.003836 120.2045055,23.003836 120.204572,23.003925 120.204616,23.0039844 120.2046421,23.0040201 120.2046498,23.00403 120.2046545,23.0040368 120.2047599,23.0041771 120.2048755,23.0043303 120.2049322,23.004405 120.2049321,23.0044051 120.2049296,23.0044052 120.2051965,23.0047588 120.2054632,23.0051128 120.2056995,23.0054272 120.2057101,23.0054313 120.2057101,23.0054314 120.2056668,23.0054612 120.2056238,23.0055116 120.2055891,23.0055751 120.2055748,23.0056529 120.2055948,23.0057157 120.2056071,23.005755 120.2056122,23.005763 120.2056121,23.0057631 120.2056102,23.0057632 120.2056264,23.0057856 120.2056367,23.0057969 120.2056576,23.0058224 120.2056651,23.0058285 120.205659,23.0058419 120.2056017,23.0059715 120.2055754,23.0060322 120.2055752,23.0060322 120.2055285,23.0060144 120.2055821,23.0061466 120.2048149,23.0065105 120.2046073,23.0066356 120.2043299,23.0068035 120.2040297,23.0069889 120.2038352,23.0071087 120.2038342,23.0071087 120.2036085,23.0072469 120.2034012,23.0073461 120.2034373,23.0073943 120.2032165,23.0075474 120.2030215,23.0075998 120.2028979,23.0076338 120.2028263,23.0076724 120.2026194,23.0077857 120.2024943,23.0078544 120.2025406,23.0079175 120.2025406,23.0079176 120.2023726,23.0080112 120.2023053,23.0080319 120.2022809,23.0080304 120.2022809,23.0080291 120.2022791,23.008029 120.2021844,23.0080241 120.2020222,23.007948 120.2019504,23.0078981 120.2019129,23.0078724 120.2018079,23.0077995 120.2017397,23.0077528 120.2017021,23.007725 120.2015287,23.0075955 120.2013157,23.0074372 120.2010292,23.0072116 120.2009357,23.0071383 120.2008782,23.007094 120.2008782,23.0070938 120.2008785,23.0070938 120.2007555,23.0069973 120.200756,23.0068684 120.2007722,23.0068367 120.2006621,23.0066831 120.2005759,23.006681 120.2005593,23.0066653 120.2004729,23.0065915 120.2004155,23.0065458 120.2003601,23.0065083 120.2003389,23.0064975 120.2001563,23.0064095 120.199963,23.0063156 120.19981,23.0062945 120.1995217,23.0065696 120.19931,23.006647 120.199048,23.0066701 120.198825,23.0066162 120.1984274,23.0064651 120.1983882,23.0064845 120.198388,23.0064844 120.198388,23.0064835 120.1983353,23.0065083 120.198325,23.0065139 120.1981648,23.0065707 120.1979355,23.0065849 120.1975342,23.0065469 120.1972366,23.0065053 120.1971383,23.006491 120.1970398,23.0064772 120.196907,23.0064806 120.1967743,23.0064848 120.1966492,23.0064881 120.1965256,23.0064697 120.1964374,23.0064561 120.1964373,23.0064567 120.1961631,23.0064165 120.1954551,23.00607 120.1948023,23.0057508 120.194784,23.0057428 120.1947011,23.005708 120.1946979,23.005709 120.1946909,23.0057061 120.1946162,23.0056744 120.194541,23.0056473 120.194491,23.0056284 120.1944908,23.0056271 120.1944292,23.0056043 120.1941646,23.0055076 120.1937966,23.0053736 120.1937592,23.0053212 120.1937226,23.0052695 120.1937325,23.0044467 120.1937471,23.0043485 120.1937472,23.0043485 120.193819,23.0038823 120.1938205,23.0038687 120.1938331,23.0037875 120.1938345,23.0037755 120.1938368,23.0037636 120.1938688,23.0035586 120.1938957,23.0035547 120.1939746,23.0035655 120.19425,23.0036029 120.1943277,23.0036119 120.1945895,23.0036274 120.1946632,23.0036293 120.194773,23.0036234 120.19481,23.0036219 120.1950602,23.0036697 120.1953108,23.003719 120.1954454,23.0037268 120.1955198,23.0037237 120.1955199,23.0037234 120.1955989,23.0037206 120.195842,23.003713 120.1959509,23.003693 120.1961339,23.0036604 120.1963393,23.0036233 120.1964209,23.0036089 120.1964541,23.0036032 120.1964542,23.0036021 120.19646,23.0036006 120.1964638,23.0036004 120.1964989,23.0035903 120.1965375,23.0035784 120.1965766,23.0035659 120.196615,23.0035544 120.196653,23.0035433 120.1967722,23.0035099 120.19698,23.0034524 120.1973445,23.0033168 120.1972806,23.0032265 120.1972806,23.0032263 120.197582,23.0031357</coordinates></LinearRing></outerBoundaryIs>
        </Polygon>
      </MultiGeometry>
  </Placemark>
  <Placemark>
	<Style><LineStyle><color>ff0000ff</color></LineStyle><PolyStyle><fill>0</fill></PolyStyle></Style>
	<ExtendedData><SchemaData schemaUrl="#114SEC_DATBLPD">
		<SimpleData name="段碼">0138</SimpleData>
		<SimpleData name="段名">文元段</SimpleData>
		<SimpleData name="行政區">北區</SimpleData>
	</SchemaData></ExtendedData>
      <MultiGeometry>
        <Polygon>
          <outerBoundaryIs><LinearRing><coordinates>120.1940025,23.0098681 120.1940026,23.0098682 120.1939621,23.0099075 120.1939638,23.0100036 120.193975,23.0108907 120.1939767,23.0110066 120.1939791,23.0111224 120.1939796,23.0111225 120.1939809,23.0111652 120.1939819,23.0112327 120.1939816,23.0112491 120.1939758,23.0113706 120.1939754,23.0113915 120.1939737,23.0114202 120.1939525,23.0118889 120.1939415,23.0121241 120.1939378,23.0122105 120.1939822,23.0121752 120.1943845,23.0122213 120.1944521,23.0122282 120.1944536,23.0122286 120.194469,23.0122299 120.1947132,23.0122558 120.1949293,23.0122789 120.1950983,23.0122974 120.195112,23.0122986 120.1951668,23.0123046 120.1951766,23.0123054 120.1955918,23.0123507 120.1955952,23.0123512 120.1957162,23.0123646 120.1957443,23.0123673 120.1957839,23.0123709 120.1957859,23.0123846 120.195797,23.0124673 120.1957997,23.0124862 120.1958002,23.0124863 120.1958363,23.01276 120.1958368,23.012766 120.1958367,23.0127661 120.1958093,23.0127669 120.1958469,23.0135712 120.195849,23.0136235 120.1958489,23.0136236 120.1954857,23.0135977 120.1958505,23.0136248 120.1958534,23.0137016 120.1958547,23.0137456 120.1958583,23.013841 120.1958584,23.0138411 120.1958664,23.0140641 120.1958701,23.0141573 120.195871,23.0141671 120.1958718,23.0141934 120.1958788,23.0143866 120.1958833,23.0144678 120.1958993,23.0147803 120.1959018,23.0148193 120.1959038,23.0148587 120.1959061,23.0148995 120.195909,23.0149374 120.1959169,23.0150535 120.1959194,23.0150939 120.1959348,23.0151959 120.1959354,23.015196 120.1959829,23.0155186 120.1959994,23.0156292 120.1960343,23.0158695 120.1960422,23.0159215 120.1960697,23.0161098 120.1960712,23.0161239 120.1960705,23.016124 120.1960669,23.0161516 120.1960629,23.0161797 120.1960398,23.0163522 120.1960127,23.0165501 120.1960028,23.016631 120.1959562,23.0169714 120.196055,23.0169072 120.1960684,23.0168991 120.1963712,23.0167819 120.1963761,23.01678 120.1963763,23.0167801 120.1963763,23.0167827 120.1964946,23.0167379 120.1967931,23.0167021 120.1972113,23.0167728 120.1974916,23.0169484 120.1976043,23.0170193 120.1978265,23.017158 120.1979569,23.0172397 120.1980929,23.0173254 120.198323,23.0175042 120.1983231,23.0175048 120.1984486,23.0176028 120.1985552,23.0176863 120.1986568,23.0176925 120.1990139,23.0177153 120.1992446,23.0177309 120.1992776,23.0177652 120.1992465,23.0179218 120.1992452,23.0179219 120.1992313,23.0179887 120.1992133,23.0180771 120.1991892,23.0181932 120.1991891,23.0181932 120.199002,23.0181348 120.1987306,23.018015 120.1985846,23.0179473 120.1985226,23.0179182 120.1985226,23.0179181 120.198523,23.0179181 120.1984943,23.0179045 120.1984869,23.017918 120.1984855,23.0179181 120.198479,23.0179313 120.198425,23.0179178 120.1984237,23.0179178 120.1983664,23.0179036 120.1983206,23.0178994 120.1983206,23.0178992 120.1981074,23.0178791 120.1980236,23.0178341 120.1975441,23.0176387 120.1972812,23.0172407 120.1972779,23.0172373 120.1972484,23.0174968 120.1972244,23.0177028 120.1972037,23.0178838 120.1972007,23.0179128 120.1971896,23.0180087 120.1971496,23.0180363 120.1971008,23.0180253 120.196917,23.0179849 120.1967726,23.0179094 120.1967696,23.0179094 120.1965659,23.0178033 120.1964884,23.0177482 120.1963709,23.0176651 120.1963708,23.0176642 120.1963603,23.0176562 120.1962727,23.0175942 120.1960756,23.0175698 120.1960563,23.0175676 120.1960164,23.0175627 120.1958395,23.017454 120.1958284,23.0174172 120.1958306,23.0174017 120.1958792,23.0170905 120.1958313,23.0171226 120.195761,23.0171701 120.1957449,23.0171611 120.1957581,23.0171886 120.1956959,23.0174536 120.1956916,23.017476 120.1956898,23.0174866 120.195634,23.0179034 120.1956351,23.0179034 120.1956352,23.0179035 120.195588,23.0182539 120.1955524,23.0185209 120.1955195,23.01877 120.1961129,23.018987 120.1963625,23.0190778 120.1963626,23.0190777 120.1963799,23.0190843 120.1965433,23.0191438 120.1966817,23.019194 120.1968764,23.0192642 120.1968768,23.0192643 120.1972522,23.0194011 120.1972655,23.0193023 120.1972702,23.0192663 120.1972706,23.0192662 120.1973148,23.01894 120.1973347,23.0187982 120.1973914,23.0183887 120.1973916,23.0183886 120.1975409,23.018521 120.1976376,23.0186071 120.1975487,23.0192678 120.1975469,23.0192678 120.1975187,23.0194758 120.1975159,23.0194974 120.1976306,23.0195394 120.1979433,23.0196534 120.1980652,23.0196981 120.1981787,23.0197395 120.1983095,23.0197874 120.1983096,23.0197882 120.1988711,23.0199936 120.1991125,23.0200822 120.1993967,23.0201857 120.1996002,23.0202603 120.1997088,23.0203004 120.1996715,23.020596 120.1996435,23.0206328 120.1996441,23.0206328 120.1996441,23.0206329 120.1996321,23.0206489 120.1995288,23.0206849 120.1994442,23.0208154 120.1994425,23.0208174 120.1994042,23.021087 120.1993974,23.0211363 120.1993992,23.0211731 120.1994186,23.0215982 120.1994185,23.0215983 120.1991923,23.0215473 120.1990886,23.0215244 120.1990592,23.0215173 120.1989699,23.0214969 120.1989188,23.0214861 120.1988355,23.0214673 120.1983002,23.0213478 120.1983002,23.0213477 120.1982283,23.0213319 120.1980079,23.0212696 120.1979992,23.0212675 120.1974718,23.0211121 120.1974322,23.0211008 120.1964425,23.0208077 120.1963526,23.0207781 120.1963524,23.0207782 120.1961002,23.020696 120.1959332,23.0206421 120.1958863,23.0206273 120.1958497,23.0206137 120.1958167,23.0206012 120.1958144,23.0206135 120.195814,23.0206135 120.1958023,23.0206753 120.1958022,23.0206754 120.1956914,23.0206396 120.1956056,23.0206125 120.1956046,23.0206125 120.1955692,23.0206007 120.1951662,23.0204608 120.1951628,23.0204593 120.1949842,23.0204062 120.194884,23.0203766 120.1947891,23.0203495 120.1947687,23.0203432 120.1944876,23.0202588 120.1944046,23.0202369 120.1944046,23.0202376 120.1944045,23.0202377 120.1943626,23.0202271 120.1941816,23.0201549 120.1940009,23.0200822 120.1937614,23.0199871 120.1936058,23.0198945 120.1934496,23.0198027 120.1932734,23.0197255 120.1930968,23.0196491 120.1928417,23.0195236 120.1927512,23.0194788 120.1928429,23.0192439 120.1928411,23.0192439 120.192841,23.0192438 120.1928637,23.0191865 120.1929012,23.0190907 120.1929175,23.0190481 120.192943,23.0189824 120.1929716,23.0189081 120.1929717,23.018908 120.1929863,23.0189175 120.1930563,23.0187448 120.1930847,23.0186738 120.1931449,23.0185253 120.193152,23.0184995 120.1931917,23.0183661 120.1932039,23.0183244 120.1932119,23.0182891 120.1932271,23.0182242 120.1932273,23.0182233 120.1931787,23.0182056 120.193141,23.0181916 120.1931486,23.0181432 120.19316,23.0180737 120.1931894,23.0178912 120.1931884,23.0178912 120.1931883,23.0178911 120.1932521,23.0174999 120.193273,23.0173674 120.1933452,23.01692 120.1933613,23.0168177 120.1934072,23.0165378 120.1934053,23.0165378 120.1934052,23.0165376 120.1934091,23.0165148 120.1934461,23.0161054 120.1934466,23.0160967 120.193468,23.0159183 120.1934887,23.0157397 120.1936872,23.0151847 120.1936869,23.0151846 120.1936937,23.015165 120.1936375,23.0149827 120.1936156,23.0149146 120.1936718,23.0145604 120.1936719,23.0145603 120.1937402,23.014573 120.1937417,23.0145614 120.1937253,23.0145345 120.1936734,23.0145253 120.1937375,23.0138647 120.1937384,23.0138303 120.1937395,23.0138302 120.1937981,23.0127616 120.1938134,23.0124763 120.1938129,23.0124762 120.1938312,23.0121051 120.1938617,23.0113699 120.1938636,23.0113213 120.1938833,23.0112297 120.1938826,23.0111221 120.1938814,23.011122 120.1938801,23.0110119 120.1938781,23.0105906 120.1938766,23.0104351 120.1938741,23.0098697 120.1939077,23.0098691 120.1940025,23.0098681</coordinates></LinearRing></outerBoundaryIs>
          <innerBoundaryIs><LinearRing><coordinates>120.1950361,23.0135005 120.1950302,23.0135631 120.1950305,23.0135632 120.1950361,23.0135005</coordinates></LinearRing></innerBoundaryIs>
        </Polygon>
      </MultiGeometry>
  </Placemark>
  <Placemark>
	<Style><LineStyle><color>ff0000ff</color></LineStyle><PolyStyle><fill>0</fill></PolyStyle></Style>
	<ExtendedData><SchemaData schemaUrl="#114SEC_DATBLPD">
		<SimpleData name="段碼">0139</SimpleData>
		<SimpleData name="段名">大興段</SimpleData>
		<SimpleData name="行政區">北區</SimpleData>
	</SchemaData></ExtendedData>
      <MultiGeometry>
        <Polygon>
          <outerBoundaryIs><LinearRing><coordinates>120.1902258,23.0108558 120.1905574,23.0109631 120.1905574,23.0109622 120.1905575,23.0109621 120.1910108,23.0111072 120.1910108,23.0111074 120.1910052,23.0111074 120.1912781,23.0111947 120.1915506,23.0112823 120.1917565,23.0113489 120.1918899,23.011391 120.1921681,23.0114804 120.1925046,23.011589 120.1925046,23.011588 120.1925048,23.0115879 120.1926882,23.0116463 120.1937716,23.011995 120.1937774,23.0119966 120.1938352,23.0120159 120.1938345,23.0120476 120.1938324,23.0120805 120.1938129,23.0124761 120.1938121,23.0124762 120.193788,23.0129366 120.1937396,23.0138303 120.1937389,23.0138304 120.1937368,23.013868 120.1936728,23.0145249 120.1937241,23.0145345 120.1937417,23.0145612 120.19374,23.014573 120.1937398,23.0145731 120.1936727,23.0145602 120.1936155,23.0149135 120.193641,23.0149938 120.1936532,23.0150339 120.1936946,23.0151643 120.1936876,23.0151844 120.193688,23.0151845 120.193496,23.0157247 120.1934936,23.0157326 120.1934899,23.0157413 120.1934391,23.0161707 120.1934398,23.0161709 120.1934097,23.0165192 120.1934067,23.0165376 120.1934063,23.0165377 120.1932275,23.0176473 120.1932272,23.0176525 120.1931878,23.0178909 120.1931896,23.0178909 120.1931897,23.017891 120.1931488,23.0181455 120.1931415,23.0181923 120.1932272,23.0182243 120.1931447,23.0185249 120.1929858,23.018917 120.1929856,23.0189171 120.192972,23.0189078 120.1928422,23.0192438 120.1927511,23.0194801 120.192751,23.0194801 120.1926358,23.0194043 120.1924736,23.0198458 120.1924735,23.0198458 120.1924246,23.0198135 120.1923266,23.0197466 120.1922033,23.0196947 120.1916458,23.0194791 120.1913832,23.0193567 120.1911201,23.019235 120.191118,23.0192351 120.1911159,23.0192347 120.1910231,23.0190948 120.1908941,23.0190066 120.1907108,23.0188804 120.1905108,23.0187739 120.1905107,23.0187737 120.1905039,23.0187698 120.1903605,23.018664 120.1898709,23.0184402 120.1895862,23.0183359 120.189232,23.018018 120.1892526,23.017871 120.1892518,23.0178709 120.1892558,23.017842 120.1891426,23.0177122 120.188921,23.0175464 120.1885684,23.0173332 120.1885684,23.0173342 120.1885683,23.0173343 120.1885192,23.017305 120.1885192,23.0173049 120.1885288,23.0172913 120.1885379,23.0172777 120.1885595,23.0172467 120.1885689,23.0172326 120.188569,23.0172327 120.188569,23.017236 120.188844,23.0168416 120.1890187,23.0165916 120.1890809,23.0165346 120.1890924,23.0165156 120.1890917,23.0165156 120.1890917,23.0165155 120.1892514,23.0162607 120.1895197,23.0158896 120.189588,23.0157959 120.1896735,23.015677 120.1898456,23.0154282 120.189953,23.0152673 120.190005,23.0152838 120.1900659,23.0151973 120.1900631,23.0151889 120.1901566,23.015053 120.1902196,23.0150787 120.1902492,23.0150909 120.1903353,23.015125 120.1904402,23.0151678 120.1905322,23.0152047 120.1905322,23.0152083 120.1904769,23.0153633 120.1904774,23.0153634 120.1905346,23.0152052 120.1901572,23.0150522 120.1901571,23.0150521 120.1907312,23.014198 120.1908879,23.0138292 120.1909326,23.0138109 120.1909562,23.0138193 120.1909486,23.0138161 120.1909483,23.0138161 120.1905414,23.0136721 120.1905413,23.0136722 120.1899678,23.013467 120.1899762,23.0133881 120.189979,23.0133551 120.1899934,23.0132067 120.190053,23.0126056 120.1900622,23.0125072 120.1900673,23.012457 120.190069,23.0124569 120.1900859,23.0122771 120.1900978,23.012145 120.1901383,23.0117355 120.190142,23.0116949 120.1901501,23.0116134 120.1901543,23.0115727 120.190158,23.0115327 120.1901623,23.0114919 120.1901704,23.0114099 120.190174,23.0113687 120.1901905,23.0112065 120.1901945,23.0111657 120.1902004,23.0111032 120.1902006,23.0111031 120.1902258,23.0108558</coordinates></LinearRing></outerBoundaryIs>
          <innerBoundaryIs><LinearRing><coordinates>120.1919465,23.0130346 120.1925123,23.0130878 120.1925124,23.0130873 120.1920169,23.0130409 120.1919465,23.0130346</coordinates></LinearRing></innerBoundaryIs>
          <innerBoundaryIs><LinearRing><coordinates>120.1918896,23.0131734 120.1918223,23.0138031 120.191807,23.0139437 120.191766,23.0139687 120.191803,23.01398 120.19199,23.014039 120.1922018,23.0141053 120.1924131,23.0141721 120.1924132,23.0141717 120.1917673,23.0139682 120.1917673,23.0139681 120.1918082,23.0139436 120.1918896,23.0131734</coordinates></LinearRing></innerBoundaryIs>
          <innerBoundaryIs><LinearRing><coordinates>120.1924528,23.0137438 120.1924454,23.0138236 120.1924464,23.0138236 120.1924499,23.013781 120.1924528,23.0137438</coordinates></LinearRing></innerBoundaryIs>
          <innerBoundaryIs><LinearRing><coordinates>120.1909595,23.0138205 120.1911398,23.0138847 120.1910254,23.0138435 120.1909733,23.0138248 120.1909595,23.0138205</coordinates></LinearRing></innerBoundaryIs>
          <innerBoundaryIs><LinearRing><coordinates>120.1912466,23.0139196 120.1913443,23.0139503 120.1913443,23.0139505 120.1912895,23.0140295 120.1912896,23.0140298 120.1913451,23.0139502 120.1912466,23.0139196</coordinates></LinearRing></innerBoundaryIs>
          <innerBoundaryIs><LinearRing><coordinates>120.191872,23.0144495 120.1918248,23.0145644 120.1918722,23.0144496 120.191872,23.0144495</coordinates></LinearRing></innerBoundaryIs>
          <innerBoundaryIs><LinearRing><coordinates>120.1910629,23.0146911 120.1910625,23.014692 120.1913743,23.0148223 120.1916281,23.0149278 120.1910629,23.0146911</coordinates></LinearRing></innerBoundaryIs>
          <innerBoundaryIs><LinearRing><coordinates>120.1917259,23.014695 120.1917526,23.0147338 120.191752,23.014739 120.1917541,23.0147342 120.1917542,23.0147335 120.1917278,23.0146956 120.1917259,23.014695</coordinates></LinearRing></innerBoundaryIs>
        </Polygon>
      </MultiGeometry>
  </Placemark>
  <Placemark>
	<Style><LineStyle><color>ff0000ff</color></LineStyle><PolyStyle><fill>0</fill></PolyStyle></Style>
	<ExtendedData><SchemaData schemaUrl="#114SEC_DATBLPD">
		<SimpleData name="段碼">0140</SimpleData>
		<SimpleData name="段名">大豐段</SimpleData>
		<SimpleData name="行政區">北區</SimpleData>
	</SchemaData></ExtendedData>
      <MultiGeometry>
        <Polygon>
          <outerBoundaryIs><LinearRing><coordinates>120.1935463,23.0052828 120.193594,23.0053489 120.1935857,23.0059113 120.193568,23.005963 120.1935094,23.0059835 120.1933156,23.0059664 120.1935077,23.0059842 120.1935671,23.0059633 120.1935672,23.0059634 120.1935638,23.005974 120.193552,23.0060366 120.1935751,23.0060755 120.193586,23.0062642 120.1935708,23.0063542 120.1935804,23.0065765 120.1935906,23.0067988 120.1936054,23.0068723 120.193602,23.0070072 120.1936076,23.0070568 120.193608,23.0070569 120.1936475,23.0074081 120.1936865,23.0077593 120.1936864,23.0077594 120.1933646,23.0077845 120.1928501,23.0078241 120.193687,23.00776 120.1938477,23.0091955 120.1937724,23.0092031 120.1937731,23.0092038 120.193849,23.0091959 120.1938491,23.009196 120.1938508,23.0092113 120.1938536,23.0093004 120.1938707,23.0097673 120.1938699,23.0097674 120.1938727,23.0098474 120.1938825,23.0111224 120.1938835,23.0112269 120.1938635,23.0113187 120.193851,23.0116321 120.1938417,23.0118574 120.1938347,23.0120161 120.1938345,23.0120161 120.193769,23.0119951 120.1937688,23.012 120.1937687,23.0120001 120.1916117,23.0113062 120.1916116,23.0113061 120.1916139,23.0113019 120.1910068,23.0111073 120.1910068,23.0111071 120.1910077,23.0111071 120.1905576,23.0109621 120.1905575,23.010963 120.1905574,23.0109631 120.1900916,23.0108131 120.1889902,23.0104589 120.1889524,23.0104864 120.1888551,23.0105581 120.1886086,23.0106166 120.1886085,23.0106167 120.1885187,23.0106386 120.1884792,23.0106515 120.1883949,23.0106775 120.1883611,23.0106825 120.1880721,23.0107222 120.1879456,23.0107421 120.1876943,23.0107834 120.1876942,23.0107833 120.1877111,23.0099622 120.1876938,23.0107816 120.187645,23.0107894 120.1875982,23.0107763 120.1872251,23.0104499 120.1867137,23.0103509 120.1862873,23.0103684 120.186171,23.0103438 120.1863384,23.0087739 120.186338,23.0087738 120.1862989,23.0091423 120.1862368,23.0097231 120.1862363,23.0097282 120.1862359,23.0097283 120.186222,23.0098579 120.1862132,23.0099374 120.1861806,23.0102452 120.1861744,23.0103 120.18617,23.0103445 120.1861699,23.0103446 120.1859713,23.010303 120.1856134,23.0102006 120.1854549,23.0101556 120.1854316,23.0101172 120.1854629,23.0100116 120.1854425,23.0099981 120.185333,23.009939 120.1853935,23.0097239 120.1854687,23.0094539 120.1853295,23.0099502 120.1853294,23.0099503 120.185189,23.0099099 120.1852148,23.0098194 120.1855596,23.0085899 120.1861167,23.0067564 120.1861168,23.0067564 120.186251,23.0068148 120.186903,23.007097 120.1869076,23.007149 120.187924,23.0075934 120.1879524,23.0075872 120.1879683,23.0076055 120.1881802,23.0076688 120.1879678,23.0076048 120.1879519,23.0075862 120.1879247,23.0075931 120.1877893,23.0075335 120.1869076,23.0071486 120.1869033,23.0070972 120.1868976,23.0070226 120.1868983,23.0070223 120.1868922,23.0069422 120.1868924,23.0069421 120.1870815,23.0070235 120.1878934,23.0073752 120.1880718,23.0074528 120.1883783,23.0075859 120.1884236,23.0076057 120.1884772,23.0076289 120.1886259,23.0076936 120.1886259,23.0076926 120.1881861,23.0075023 120.1880845,23.0074582 120.1880845,23.0074581 120.1882985,23.0073986 120.1887416,23.0072752 120.1892989,23.0070025 120.1893411,23.006982 120.1896441,23.0068336 120.1905901,23.0063709 120.1907477,23.0062936 120.1907941,23.0063068 120.1907781,23.0062786 120.192438,23.0054665 120.1931255,23.005367 120.1935374,23.0054014 120.1935463,23.0052828</coordinates></LinearRing></outerBoundaryIs>
          <innerBoundaryIs><LinearRing><coordinates>120.1914431,23.0066681 120.191415,23.0066843 120.1914149,23.0066846 120.1914431,23.0066681</coordinates></LinearRing></innerBoundaryIs>
          <innerBoundaryIs><LinearRing><coordinates>120.1913228,23.0067804 120.1911067,23.0068512 120.1911007,23.0068552 120.1913228,23.0067804</coordinates></LinearRing></innerBoundaryIs>
          <innerBoundaryIs><LinearRing><coordinates>120.1891299,23.0073768 120.1890251,23.0074178 120.189025,23.0074199 120.1891299,23.0073768</coordinates></LinearRing></innerBoundaryIs>
          <innerBoundaryIs><LinearRing><coordinates>120.1882364,23.0076664 120.1882143,23.0076789 120.188215,23.0076791 120.1882364,23.0076664</coordinates></LinearRing></innerBoundaryIs>
          <innerBoundaryIs><LinearRing><coordinates>120.1883245,23.007701 120.1888929,23.007957 120.1886252,23.0078357 120.1886252,23.0078363 120.1886251,23.0078363 120.1884979,23.0077788 120.1883245,23.007701</coordinates></LinearRing></innerBoundaryIs>
          <innerBoundaryIs><LinearRing><coordinates>120.1887181,23.0077325 120.1888193,23.0077767 120.1890093,23.0078589 120.1890093,23.0078585 120.1887181,23.0077325</coordinates></LinearRing></innerBoundaryIs>
          <innerBoundaryIs><LinearRing><coordinates>120.1925135,23.0078511 120.1925132,23.0078511 120.192519,23.0079495 120.1925205,23.007967 120.1925462,23.0084059 120.1925467,23.0084059 120.1925135,23.0078511</coordinates></LinearRing></innerBoundaryIs>
          <innerBoundaryIs><LinearRing><coordinates>120.1890037,23.0080261 120.1890024,23.0080511 120.188978,23.0083877 120.1889839,23.0083142 120.1889959,23.0081522 120.1890028,23.0080527 120.1890037,23.0080261</coordinates></LinearRing></innerBoundaryIs>
          <innerBoundaryIs><LinearRing><coordinates>120.1918877,23.0082772 120.1918115,23.0082919 120.191833,23.0083891 120.1918462,23.0084511 120.19187,23.0085586 120.1918597,23.0085786 120.191871,23.0085835 120.1918807,23.0085646 120.1918205,23.0082935 120.1918885,23.0082805 120.1918877,23.0082772</coordinates></LinearRing></innerBoundaryIs>
          <innerBoundaryIs><LinearRing><coordinates>120.1919769,23.0085503 120.1919808,23.0085548 120.1925381,23.0087946 120.1925688,23.0087753 120.192568,23.0087629 120.1925278,23.0087875 120.1925042,23.0087764 120.1919769,23.0085503</coordinates></LinearRing></innerBoundaryIs>
          <innerBoundaryIs><LinearRing><coordinates>120.1919581,23.0086249 120.1919138,23.0086398 120.1918571,23.0087507 120.1917875,23.0088853 120.1917271,23.0090029 120.191743,23.0090444 120.1917537,23.009049 120.191738,23.0090085 120.1919254,23.0086457 120.1919711,23.0086305 120.1919581,23.0086249</coordinates></LinearRing></innerBoundaryIs>
          <innerBoundaryIs><LinearRing><coordinates>120.1925859,23.0088934 120.192586,23.0088949 120.1929392,23.0090467 120.1937385,23.0091723 120.1937337,23.0091674 120.1929389,23.0090425 120.1928088,23.0089893 120.1925859,23.0088934</coordinates></LinearRing></innerBoundaryIs>
          <innerBoundaryIs><LinearRing><coordinates>120.1889197,23.0092873 120.1889187,23.0093133 120.1889188,23.0093133 120.1889197,23.0092873</coordinates></LinearRing></innerBoundaryIs>
          <innerBoundaryIs><LinearRing><coordinates>120.1877193,23.0095923 120.187716,23.0097357 120.1877164,23.0097357 120.1877193,23.0095923</coordinates></LinearRing></innerBoundaryIs>
          <innerBoundaryIs><LinearRing><coordinates>120.1925225,23.0096803 120.1925198,23.0096851 120.1926453,23.0097363 120.1927017,23.0097564 120.1927367,23.0097681 120.1927719,23.0097792 120.1928073,23.0097898 120.192843,23.0097997 120.1928788,23.0098091 120.1929147,23.0098179 120.1929509,23.0098261 120.1929872,23.0098338 120.1930236,23.0098408 120.1930601,23.0098473 120.1930968,23.0098532 120.1931336,23.0098585 120.1931705,23.0098631 120.1932074,23.0098672 120.1932444,23.0098707 120.1932815,23.0098736 120.1933186,23.0098759 120.1933558,23.0098776 120.193393,23.0098787 120.1934701,23.009879 120.1937388,23.0098758 120.1937809,23.0099136 120.1938026,23.0112871 120.1937707,23.0119594 120.1937733,23.0119577 120.1938046,23.0112843 120.1938023,23.0111214 120.1938025,23.0111213 120.1937988,23.0107752 120.1937967,23.0106513 120.193788,23.0099864 120.1937866,23.0099108 120.1937439,23.0098727 120.1935038,23.0098748 120.1934449,23.0098759 120.1933848,23.0098759 120.1933262,23.0098742 120.1932677,23.0098703 120.1932252,23.0098666 120.1931828,23.0098623 120.1931283,23.0098556 120.1930741,23.0098473 120.193023,23.0098384 120.1930019,23.0098341 120.1929269,23.0098178 120.192873,23.0098041 120.1928195,23.0097892 120.1927755,23.009776 120.192732,23.0097624 120.1927253,23.0097615 120.1926861,23.0097474 120.1926207,23.0097223 120.1925225,23.0096803</coordinates></LinearRing></innerBoundaryIs>
          <innerBoundaryIs><LinearRing><coordinates>120.1925159,23.00969 120.1925043,23.0097097 120.1924765,23.0097601 120.1924767,23.0097602 120.1922231,23.0102131 120.1921365,23.0103672 120.192014,23.0105869 120.1918908,23.0108064 120.1918222,23.0109298 120.1925159,23.0096906 120.1925159,23.00969</coordinates></LinearRing></innerBoundaryIs>
        </Polygon>
      </MultiGeometry>
  </Placemark>
  <Placemark>
	<Style><LineStyle><color>ff0000ff</color></LineStyle><PolyStyle><fill>0</fill></PolyStyle></Style>
	<ExtendedData><SchemaData schemaUrl="#114SEC_DATBLPD">
		<SimpleData name="段碼">0141</SimpleData>
		<SimpleData name="段名">大港段</SimpleData>
		<SimpleData name="行政區">北區</SimpleData>
	</SchemaData></ExtendedData>
      <MultiGeometry>
        <Polygon>
          <outerBoundaryIs><LinearRing><coordinates>120.185202,23.009868 120.1854425,23.0099976 120.1854635,23.0100116 120.1854326,23.0101169 120.1854562,23.0101565 120.1859789,23.0103038 120.1862876,23.0103677 120.186659,23.0103522 120.1866591,23.0103523 120.1867068,23.0103497 120.1869143,23.0103895 120.1872253,23.0104495 120.1874419,23.0106406 120.1875956,23.0107757 120.1876443,23.0107898 120.1876937,23.0107815 120.1880445,23.0107248 120.1880926,23.0107175 120.1881537,23.01071 120.1883895,23.0106791 120.1885561,23.0106281 120.1888537,23.0105577 120.1888765,23.0105414 120.1889886,23.0104584 120.1895396,23.0106363 120.190223,23.0108562 120.1902117,23.0109677 120.1901987,23.011103 120.1901992,23.0111031 120.1901459,23.0116452 120.1900935,23.0121875 120.1900857,23.0122782 120.1900776,23.0123824 120.1900695,23.012457 120.1900687,23.012457 120.1899685,23.0134672 120.1899852,23.0134734 120.1909326,23.0138109 120.1909326,23.0138111 120.190888,23.0138293 120.1907313,23.0141981 120.1900652,23.0151892 120.1900677,23.0151961 120.1900047,23.0152832 120.1899532,23.0152661 120.1898898,23.0153665 120.1896849,23.015662 120.1895202,23.0158914 120.189519,23.0158907 120.1894009,23.0160532 120.1893554,23.0161161 120.1893549,23.0161159 120.189276,23.0162244 120.1892763,23.0162248 120.1892507,23.0162603 120.1891215,23.0164672 120.1890918,23.0165155 120.1890913,23.0165156 120.1890783,23.0165368 120.1890188,23.0165915 120.188844,23.0168416 120.1885689,23.0172365 120.1885688,23.0172365 120.1885688,23.0172358 120.1885204,23.0173057 120.1884913,23.0174881 120.1884912,23.0174882 120.1882412,23.0173581 120.1882412,23.017358 120.1883244,23.0172296 120.1880116,23.0170138 120.1877658,23.016861 120.1875583,23.0171757 120.1875581,23.0171758 120.1874996,23.0171149 120.1876825,23.0168265 120.1871384,23.0164958 120.1870956,23.0165581 120.1869306,23.0164977 120.1869306,23.0164976 120.1869776,23.0164087 120.1869515,23.0163666 120.1869432,23.0163206 120.1867344,23.0161878 120.1860491,23.0156955 120.1859348,23.0158808 120.1859527,23.0159284 120.1859526,23.0159285 120.1858358,23.0158899 120.1858357,23.0158898 120.18601,23.0156342 120.1858704,23.0155401 120.1857366,23.0154508 120.1856964,23.0154197 120.1851473,23.0150018 120.1850422,23.0151401 120.1850427,23.0151401 120.1850427,23.0151402 120.184977,23.0152263 120.1848468,23.0153794 120.1848466,23.0153794 120.1847693,23.0153058 120.1849195,23.0151238 120.1849512,23.0151408 120.1850487,23.0149981 120.1848648,23.0148691 120.1845878,23.0146728 120.1845993,23.0146336 120.1838278,23.0141271 120.1838318,23.0141058 120.1836747,23.0140195 120.1836414,23.0140839 120.1835932,23.0141751 120.183593,23.0141751 120.183533,23.0141188 120.1835949,23.0139868 120.1835176,23.013941 120.1830106,23.0136389 120.1827641,23.0134903 120.1827641,23.0134901 120.1829706,23.0132667 120.1831769,23.013044 120.1834726,23.0127245 120.1837502,23.0124249 120.1837855,23.0123883 120.1845063,23.0116089 120.1845296,23.0115823 120.1845523,23.0115553 120.1845947,23.0115025 120.1846336,23.0114499 120.1846545,23.01142 120.1846868,23.011371 120.184702,23.0113464 120.184702,23.0113456 120.1847333,23.0112928 120.1847584,23.011247 120.1847946,23.011174 120.1848167,23.011125 120.1848375,23.0110756 120.1848382,23.0110755 120.1848541,23.0110338 120.184869,23.0109918 120.1848779,23.0109652 120.1851257,23.0101291 120.1851686,23.0099834 120.1851857,23.0099258 120.185202,23.009868</coordinates></LinearRing></outerBoundaryIs>
          <innerBoundaryIs><LinearRing><coordinates>120.1875278,23.012546 120.1875277,23.0125462 120.1878328,23.0126615 120.1878329,23.0126617 120.1873796,23.0136828 120.1873797,23.0136828 120.1878332,23.0126614 120.1875278,23.012546</coordinates></LinearRing></innerBoundaryIs>
          <innerBoundaryIs><LinearRing><coordinates>120.1871977,23.0132778 120.1870898,23.0135146 120.1870443,23.0135271 120.1870105,23.0135 120.1868156,23.0133463 120.1867737,23.0133362 120.1868101,23.0133456 120.1870424,23.0135289 120.1870898,23.0135184 120.1871977,23.0132778</coordinates></LinearRing></innerBoundaryIs>
          <innerBoundaryIs><LinearRing><coordinates>120.1864876,23.0137932 120.1866377,23.0138974 120.1866378,23.0138972 120.1867602,23.0139819 120.1872409,23.0143138 120.1875053,23.0144966 120.1864892,23.0137932 120.1864876,23.0137932</coordinates></LinearRing></innerBoundaryIs>
          <innerBoundaryIs><LinearRing><coordinates>120.1876936,23.0137994 120.1887884,23.0142062 120.1885874,23.0141313 120.1885873,23.0141303 120.188063,23.0139364 120.188036,23.0139262 120.1876936,23.0137994</coordinates></LinearRing></innerBoundaryIs>
          <innerBoundaryIs><LinearRing><coordinates>120.1892518,23.0141112 120.1891491,23.0143401 120.189118,23.0143287 120.1891494,23.0143404 120.1892518,23.0141112</coordinates></LinearRing></innerBoundaryIs>
          <innerBoundaryIs><LinearRing><coordinates>120.1885261,23.0144133 120.1884623,23.014524 120.1885264,23.0144148 120.1885266,23.0144147 120.1885855,23.0144644 120.1886083,23.0144841 120.1886084,23.0144839 120.1885261,23.0144133</coordinates></LinearRing></innerBoundaryIs>
          <innerBoundaryIs><LinearRing><coordinates>120.1881598,23.0144608 120.1880237,23.0146694 120.1880236,23.0146694 120.1879801,23.0146396 120.1880252,23.0146711 120.1881614,23.0144617 120.1881598,23.0144608</coordinates></LinearRing></innerBoundaryIs>
          <innerBoundaryIs><LinearRing><coordinates>120.1889132,23.0145642 120.1890072,23.0145993 120.1890072,23.0145995 120.1889797,23.0146419 120.1890078,23.0145993 120.1889132,23.0145642</coordinates></LinearRing></innerBoundaryIs>
          <innerBoundaryIs><LinearRing><coordinates>120.1884403,23.0145622 120.1884169,23.0146028 120.1884171,23.014603 120.1884403,23.0145622</coordinates></LinearRing></innerBoundaryIs>
          <innerBoundaryIs><LinearRing><coordinates>120.1877947,23.0145473 120.1877317,23.0146533 120.1877328,23.014654 120.1877947,23.0145473</coordinates></LinearRing></innerBoundaryIs>
          <innerBoundaryIs><LinearRing><coordinates>120.1869978,23.014606 120.1869783,23.0146318 120.1869798,23.0146331 120.1869993,23.0146071 120.1869978,23.014606</coordinates></LinearRing></innerBoundaryIs>
          <innerBoundaryIs><LinearRing><coordinates>120.1874414,23.0147905 120.1879681,23.0151551 120.1879692,23.0151551 120.1874414,23.0147905</coordinates></LinearRing></innerBoundaryIs>
          <innerBoundaryIs><LinearRing><coordinates>120.1890564,23.0149377 120.1890292,23.0149783 120.1889086,23.01516 120.1889088,23.0151601 120.1887924,23.0153361 120.1887366,23.0153491 120.1888102,23.0154 120.1887368,23.0153492 120.1887369,23.0153491 120.1887943,23.0153389 120.1890579,23.0149396 120.1890564,23.0149377</coordinates></LinearRing></innerBoundaryIs>
          <innerBoundaryIs><LinearRing><coordinates>120.1892434,23.0149526 120.1892435,23.0149528 120.1894091,23.0150079 120.1894092,23.0150077 120.1892434,23.0149526</coordinates></LinearRing></innerBoundaryIs>
          <innerBoundaryIs><LinearRing><coordinates>120.1893707,23.0150716 120.189369,23.0150743 120.189384,23.0150795 120.1893859,23.0150767 120.1893707,23.0150716</coordinates></LinearRing></innerBoundaryIs>
          <innerBoundaryIs><LinearRing><coordinates>120.1880591,23.0152181 120.1880042,23.0153117 120.1880054,23.0153126 120.1880601,23.0152188 120.1880591,23.0152181</coordinates></LinearRing></innerBoundaryIs>
        </Polygon>
      </MultiGeometry>
  </Placemark>
  <Placemark>
	<Style><LineStyle><color>ff0000ff</color></LineStyle><PolyStyle><fill>0</fill></PolyStyle></Style>
	<ExtendedData><SchemaData schemaUrl="#114SEC_DATBLPD">
		<SimpleData name="段碼">0142</SimpleData>
		<SimpleData name="段名">武聖段</SimpleData>
		<SimpleData name="行政區">中西區</SimpleData>
	</SchemaData></ExtendedData>
      <MultiGeometry>
        <Polygon>
          <outerBoundaryIs><LinearRing><coordinates>120.1868567,22.9988255 120.1871242,22.9988368 120.1871889,22.99886 120.1875247,22.9989664 120.1876438,22.9989253 120.1878441,22.9990862 120.187844,22.9990863 120.187741,22.999098 120.1879049,22.9993246 120.1882595,22.9997767 120.188436,22.9999613 120.1886261,23.0001608 120.1887607,23.000269 120.1888908,23.0004017 120.1890858,23.0005304 120.1891997,23.0006283 120.1892511,23.0006599 120.1892806,23.0006768 120.189291,23.0006659 120.1893588,23.000708 120.1893588,23.0007081 120.1893479,23.0007194 120.190013,23.0011298 120.1900409,23.0011005 120.1900706,23.0011155 120.1900706,23.0011156 120.1900408,23.0011471 120.1905028,23.0014321 120.1905407,23.0013925 120.19061,23.0014426 120.19061,23.0014428 120.1905767,23.0014777 120.191151,23.0018321 120.1911591,23.0018238 120.1911874,23.0018418 120.1911875,23.0018419 120.1911798,23.0018499 120.1917565,23.0022057 120.1917806,23.0021807 120.1918216,23.0022139 120.1918026,23.0022342 120.1919804,23.0023444 120.1927378,23.0029363 120.1929131,23.0030255 120.1929268,23.0030115 120.1929761,23.003033 120.1929761,23.0030332 120.1929596,23.0030502 120.193004,23.0030679 120.1931052,23.0031044 120.1932889,23.003169 120.1932929,23.0031649 120.1933257,23.0031783 120.1933257,23.0031785 120.193323,23.0031813 120.1933625,23.0031992 120.1934032,23.0032101 120.1934574,23.0032281 120.1935207,23.0032475 120.1936487,23.003285 120.1936923,23.0032988 120.1936923,23.0032989 120.1936746,23.003329 120.1936659,23.0034163 120.1938418,23.0033915 120.1938875,23.0034606 120.1938696,23.0035575 120.1937334,23.0044473 120.1937237,23.0052691 120.1937181,23.0053575 120.1937122,23.0054384 120.1937121,23.0054385 120.1936066,23.0053654 120.1935938,23.0053489 120.1935464,23.0052832 120.1935375,23.0054015 120.1935374,23.0054016 120.1931255,23.0053672 120.192438,23.0054667 120.1907783,23.0062787 120.1907944,23.0063069 120.1907943,23.006307 120.1907478,23.0062938 120.1887416,23.0072754 120.1882985,23.0073988 120.1880845,23.0074582 120.1872033,23.0070769 120.1868878,23.0069406 120.186898,23.0070944 120.1868978,23.0070945 120.1863874,23.0068738 120.1865363,23.0061805 120.1868331,23.004805 120.1868417,23.0047642 120.1868554,23.004698 120.1868668,23.0046418 120.1868793,23.0045782 120.1868893,23.0045262 120.1869017,23.0044609 120.1869147,23.00439 120.1869228,23.0043446 120.186927,23.0043205 120.1869578,23.0041378 120.1869725,23.0040451 120.1869879,23.0039432 120.186999,23.0038668 120.1870131,23.0037647 120.1870238,23.0036826 120.1870329,23.00361 120.1870391,23.0035586 120.1870481,23.0034814 120.1870538,23.0034299 120.1870613,23.0033602 120.1870706,23.0032677 120.1870779,23.0031908 120.187087,23.003087 120.1870958,23.0029774 120.1871021,23.0028921 120.1871057,23.0028394 120.1871088,23.0027911 120.1871166,23.0026553 120.1871198,23.0025933 120.1871222,23.0025417 120.1871244,23.0024901 120.1871273,23.0024128 120.1871299,23.0023353 120.1871313,23.0022837 120.1871331,23.0022063 120.187135,23.0020705 120.187135,23.0017504 120.187134,23.0016877 120.1871331,23.0016387 120.1871319,23.0015871 120.1871291,23.0014884 120.1871267,23.0014865 120.1871251,23.0014341 120.1871233,23.0013815 120.1871202,23.0013042 120.1871179,23.0012526 120.1871155,23.0012011 120.1871114,23.0011239 120.1871084,23.0010724 120.1871043,23.0010048 120.1870999,23.0009372 120.1870943,23.0008577 120.1870883,23.0007805 120.1870819,23.0007019 120.1870607,23.0004725 120.1870462,23.0003376 120.1868717,22.9989482 120.1868623,22.9988648 120.1868566,22.9988256 120.1868567,22.9988255</coordinates></LinearRing></outerBoundaryIs>
          <innerBoundaryIs><LinearRing><coordinates>120.1913521,23.0032823 120.191386,23.0033398 120.1913862,23.0033397 120.1913521,23.0032823</coordinates></LinearRing></innerBoundaryIs>
          <innerBoundaryIs><LinearRing><coordinates>120.1877574,23.0068495 120.1877258,23.0068548 120.1877507,23.0068513 120.1877574,23.0068495</coordinates></LinearRing></innerBoundaryIs>
          <innerBoundaryIs><LinearRing><coordinates>120.1877695,23.0069215 120.1877469,23.0069249 120.1877677,23.006922 120.1877695,23.0069215</coordinates></LinearRing></innerBoundaryIs>
        </Polygon>
      </MultiGeometry>
  </Placemark>
  <Placemark>
	<Style><LineStyle><color>ff0000ff</color></LineStyle><PolyStyle><fill>0</fill></PolyStyle></Style>
	<ExtendedData><SchemaData schemaUrl="#114SEC_DATBLPD">
		<SimpleData name="段碼">0143</SimpleData>
		<SimpleData name="段名">頂美段</SimpleData>
		<SimpleData name="行政區">中西區</SimpleData>
	</SchemaData></ExtendedData>
      <MultiGeometry>
        <Polygon>
          <outerBoundaryIs><LinearRing><coordinates>120.1865603,22.9988124 120.1868568,22.9988262 120.1870466,23.0003375 120.1870611,23.0004725 120.1870822,23.0007018 120.1870845,23.0007291 120.1871271,23.0014864 120.1871294,23.0014883 120.1871352,23.001743 120.1871353,23.0020704 120.1871334,23.0022063 120.187132,23.0022683 120.1871306,23.00232 120.1871273,23.0024232 120.1871254,23.0024748 120.1871232,23.0025264 120.1871209,23.0025779 120.187117,23.0026553 120.1871091,23.0027911 120.187106,23.0028394 120.187101,23.0029114 120.1870934,23.0030126 120.1870849,23.0031159 120.1870756,23.0032186 120.187067,23.003307 120.1870616,23.0033602 120.1870542,23.0034299 120.1870383,23.0035681 120.1870134,23.0037647 120.1870042,23.0038322 120.186997,23.0038832 120.1869858,23.0039597 120.1869782,23.0040106 120.1869663,23.004087 120.1869582,23.0041379 120.1869274,23.0043205 120.186911,23.004412 120.1868943,23.004502 120.1868796,23.0045782 120.1868614,23.0046699 120.1868458,23.0047461 120.1868244,23.0048476 120.1865367,23.0061805 120.1863936,23.0068464 120.1863877,23.0068738 120.1863876,23.0068738 120.1861146,23.0067555 120.1835869,23.0056547 120.1834576,23.0054807 120.183352,23.0054026 120.1830103,23.0052538 120.1828135,23.0051672 120.1827064,23.0051204 120.1827126,23.005105 120.1826834,23.0051064 120.1819184,23.0048895 120.1818939,23.0048653 120.1811325,23.0049064 120.1811324,23.0049062 120.1811649,23.0048725 120.1811131,23.0039871 120.1811152,23.003987 120.1811067,23.0038619 120.1811068,23.0038618 120.1811176,23.0038616 120.1811297,23.0035125 120.1811596,23.0027981 120.1811635,23.002662 120.1811799,23.0021647 120.18122,23.0010859 120.1812906,22.9992058 120.1812905,22.9991428 120.1812906,22.9991427 120.1817549,22.9991678 120.1818749,22.9991697 120.1821152,22.9991748 120.1824265,22.9991809 120.1831335,22.9991987 120.1834673,22.9992107 120.1846264,22.9991908 120.1846617,22.9991822 120.1847754,22.9991851 120.1847813,22.9992265 120.1859692,22.9990933 120.1859728,22.9989972 120.1865842,22.9990028 120.1865602,22.9988125 120.1865603,22.9988124</coordinates></LinearRing></outerBoundaryIs>
          <innerBoundaryIs><LinearRing><coordinates>120.1823268,22.9995782 120.1823245,22.9996394 120.1823267,22.9996105 120.1823268,22.9995782</coordinates></LinearRing></innerBoundaryIs>
          <innerBoundaryIs><LinearRing><coordinates>120.183699,23.0049145 120.1836977,23.004915 120.1838177,23.0049679 120.183699,23.0049145</coordinates></LinearRing></innerBoundaryIs>
        </Polygon>
      </MultiGeometry>
  </Placemark>
  <Placemark>
	<Style><LineStyle><color>ff0000ff</color></LineStyle><PolyStyle><fill>0</fill></PolyStyle></Style>
	<ExtendedData><SchemaData schemaUrl="#114SEC_DATBLPD">
		<SimpleData name="段碼">0144</SimpleData>
		<SimpleData name="段名">成光段</SimpleData>
		<SimpleData name="行政區">中西區</SimpleData>
	</SchemaData></ExtendedData>
      <MultiGeometry>
        <Polygon>
          <outerBoundaryIs><LinearRing><coordinates>120.1812902,22.9991426 120.1812903,22.9991427 120.1812904,22.9992058 120.1812198,23.0010858 120.1811295,23.0035125 120.1811175,23.0038616 120.1811065,23.0038619 120.181115,23.003987 120.1811129,23.0039871 120.1811647,23.0048725 120.1811321,23.0049063 120.1796308,23.0049877 120.1794087,23.0049992 120.1789247,23.005026 120.1776117,23.0050972 120.1774114,23.0051082 120.1757401,23.0051989 120.1756968,23.0051623 120.1756534,23.0040159 120.1756866,23.0039828 120.1757283,23.0039814 120.1757252,23.0039268 120.1757191,23.0038735 120.1756908,23.0038744 120.1756568,23.0038419 120.1758233,23.0015009 120.1758593,23.0014706 120.1758658,23.0013985 120.1758329,23.0013651 120.1759063,23.0003335 120.175913,23.0003278 120.1759015,23.000193 120.1759018,23.0001929 120.1758905,23.000061 120.1758906,23.0000609 120.1759253,23.0000635 120.1761006,23.0000766 120.1764275,23.0001012 120.1765539,23.0001109 120.1765488,23.0001963 120.1765445,23.0002578 120.176594,23.0002596 120.1769649,23.0002719 120.176965,23.0002732 120.1773435,23.000287 120.1776285,23.0002972 120.1779564,23.0003091 120.1779565,23.0003092 120.1779381,23.0007083 120.1779304,23.0008815 120.1779,23.0015579 120.1778997,23.0015579 120.1778955,23.0016416 120.1778913,23.0017339 120.1778886,23.0017963 120.177878,23.0020243 120.1778705,23.0021902 120.1778652,23.0023044 120.1778596,23.0024332 120.1778577,23.0024713 120.1778377,23.002912 120.1778384,23.0029121 120.1778214,23.003279 120.1778254,23.0032791 120.1779587,23.0003081 120.1777807,23.0003011 120.1765471,23.0002561 120.176547,23.000256 120.1765552,23.000103 120.1758647,23.0000485 120.1758223,22.9996821 120.1757861,22.9993465 120.1757901,22.9993255 120.1758345,22.9992689 120.1780116,22.9991313 120.1792314,22.9991734 120.1798904,22.9991844 120.1801102,22.9991803 120.1801103,22.9991813 120.1803897,22.9991692 120.1805265,22.9991635 120.1808734,22.9991499 120.1808735,22.9991503 120.1809391,22.9991472 120.1809392,22.9991473 120.1809392,22.9991486 120.1812902,22.9991426</coordinates></LinearRing></outerBoundaryIs>
          <innerBoundaryIs><LinearRing><coordinates>120.180939,22.999154 120.1809187,22.9996893 120.1809227,22.999598 120.1809274,22.9995259 120.1809394,22.9991993 120.180939,22.999154</coordinates></LinearRing></innerBoundaryIs>
          <innerBoundaryIs><LinearRing><coordinates>120.1808984,23.000219 120.1808973,23.0002402 120.1808907,23.000417 120.1808984,23.000219</coordinates></LinearRing></innerBoundaryIs>
          <innerBoundaryIs><LinearRing><coordinates>120.180849,23.0015401 120.1808476,23.0015731 120.1808478,23.0015732 120.1808271,23.0021146 120.1808245,23.0021873 120.18081,23.0025777 120.1807982,23.0029042 120.1808061,23.0027719 120.1808131,23.0025741 120.1808283,23.002115 120.180849,23.0015401</coordinates></LinearRing></innerBoundaryIs>
          <innerBoundaryIs><LinearRing><coordinates>120.1807967,23.0029275 120.1807963,23.0029369 120.1807968,23.0029275 120.1807967,23.0029275</coordinates></LinearRing></innerBoundaryIs>
          <innerBoundaryIs><LinearRing><coordinates>120.1807934,23.0030093 120.180785,23.0032162 120.1807826,23.0032882 120.1807678,23.0036723 120.1807632,23.0037809 120.180354,23.0038004 120.1807642,23.0037811 120.1807683,23.0036722 120.1807713,23.003672 120.1807779,23.0035067 120.1807832,23.003334 120.1807853,23.003334 120.1807948,23.0030177 120.180793,23.0030175 120.1807934,23.0030093</coordinates></LinearRing></innerBoundaryIs>
          <innerBoundaryIs><LinearRing><coordinates>120.1767169,23.0020431 120.17674,23.0020711 120.1767423,23.0020712 120.1767169,23.0020431</coordinates></LinearRing></innerBoundaryIs>
          <innerBoundaryIs><LinearRing><coordinates>120.180017,23.0038165 120.1800124,23.0038167 120.1799792,23.0038503 120.1799806,23.0038651 120.1799805,23.0038652 120.1799333,23.0038653 120.1799856,23.0038686 120.1799846,23.0038499 120.180017,23.0038165</coordinates></LinearRing></innerBoundaryIs>
          <innerBoundaryIs><LinearRing><coordinates>120.1769313,23.0038856 120.1759952,23.0039177 120.1762777,23.0039082 120.1769313,23.0038856</coordinates></LinearRing></innerBoundaryIs>
        </Polygon>
      </MultiGeometry>
  </Placemark>
  <Placemark>
	<Style><LineStyle><color>ff0000ff</color></LineStyle><PolyStyle><fill>0</fill></PolyStyle></Style>
	<ExtendedData><SchemaData schemaUrl="#114SEC_DATBLPD">
		<SimpleData name="段碼">0145</SimpleData>
		<SimpleData name="段名">玉宇段</SimpleData>
		<SimpleData name="行政區">中西區</SimpleData>
	</SchemaData></ExtendedData>
      <MultiGeometry>
        <Polygon>
          <outerBoundaryIs><LinearRing><coordinates>120.1756397,22.9991708 120.175677,22.9993248 120.1758345,22.9992688 120.1758346,22.999269 120.1757902,22.9993255 120.1757863,22.9993465 120.1758225,22.9996821 120.1759031,23.0003806 120.1758395,23.001269 120.1758315,23.0013651 120.1758643,23.0013986 120.1758578,23.0014707 120.1758218,23.0015011 120.1757478,23.0025638 120.1757372,23.0026985 120.1756967,23.0032593 120.1756758,23.0035707 120.1756551,23.003842 120.175689,23.0038743 120.1757187,23.0038701 120.1757188,23.0038702 120.1757284,23.00398 120.1757283,23.0039801 120.1756847,23.0039831 120.1756516,23.0040161 120.1756941,23.0051625 120.1757373,23.005199 120.1757373,23.0051992 120.1739443,23.0052963 120.1738478,23.0052824 120.1735846,23.0051882 120.1696442,23.0037796 120.1658546,23.0024246 120.1658048,23.0023626 120.1657375,23.0022784 120.1657375,23.0022782 120.1670961,23.0018181 120.1672346,23.0017935 120.167629,23.0017232 120.1678347,23.0016422 120.1678358,23.0016436 120.1681499,23.0015094 120.1698315,23.0009344 120.1699694,23.0008869 120.1709129,23.0005602 120.1714181,23.0003849 120.1719079,23.0002152 120.1726725,22.9999498 120.1729078,22.9998692 120.1732783,22.9997392 120.1734703,22.9996732 120.1736224,22.9996202 120.1738277,22.9995497 120.1744111,22.9993479 120.1746356,22.9992668 120.1748176,22.9992072 120.1749349,22.9991991 120.1756397,22.9991708</coordinates></LinearRing></outerBoundaryIs>
          <innerBoundaryIs><LinearRing><coordinates>120.1718899,23.0006694 120.1718624,23.0006753 120.1718268,23.0006834 120.171647,23.0007259 120.1718899,23.0006694</coordinates></LinearRing></innerBoundaryIs>
          <innerBoundaryIs><LinearRing><coordinates>120.1708431,23.0009128 120.1708423,23.000913 120.1709227,23.0011371 120.1709232,23.001137 120.1708798,23.0010159 120.1708431,23.0009128</coordinates></LinearRing></innerBoundaryIs>
          <innerBoundaryIs><LinearRing><coordinates>120.1707976,23.0011618 120.1707969,23.0011619 120.1708122,23.0012285 120.1707976,23.0011618</coordinates></LinearRing></innerBoundaryIs>
          <innerBoundaryIs><LinearRing><coordinates>120.1730434,23.0016925 120.1730199,23.0017104 120.1730438,23.0016926 120.1730434,23.0016925</coordinates></LinearRing></innerBoundaryIs>
          <innerBoundaryIs><LinearRing><coordinates>120.1730061,23.001721 120.1730049,23.0017219 120.1729891,23.0018227 120.1728319,23.001863 120.1724302,23.0019653 120.1719911,23.0020346 120.1724309,23.0019655 120.1729905,23.0018235 120.1730061,23.001721</coordinates></LinearRing></innerBoundaryIs>
          <innerBoundaryIs><LinearRing><coordinates>120.1713469,23.0019702 120.1711017,23.0020164 120.1711016,23.0020163 120.1711016,23.0020154 120.1709898,23.0020365 120.1709901,23.0020376 120.1713469,23.0019702</coordinates></LinearRing></innerBoundaryIs>
        </Polygon>
      </MultiGeometry>
  </Placemark>
  <Placemark>
	<Style><LineStyle><color>ff0000ff</color></LineStyle><PolyStyle><fill>0</fill></PolyStyle></Style>
	<ExtendedData><SchemaData schemaUrl="#114SEC_DATBLPD">
		<SimpleData name="段碼">0146</SimpleData>
		<SimpleData name="段名">光賢段</SimpleData>
		<SimpleData name="行政區">北區</SimpleData>
	</SchemaData></ExtendedData>
      <MultiGeometry>
        <Polygon>
          <outerBoundaryIs><LinearRing><coordinates>120.1657375,23.0022785 120.1658549,23.0024246 120.1738481,23.0052825 120.1739445,23.0052963 120.1763463,23.0051661 120.1780814,23.0050717 120.1796071,23.0049892 120.1798912,23.0049736 120.1811322,23.0049063 120.1818936,23.0048652 120.1819036,23.0048773 120.1819021,23.0048878 120.1819008,23.0048903 120.182377,23.0050183 120.1826296,23.0050875 120.1827063,23.0051203 120.1828133,23.0051672 120.1833443,23.0053952 120.1833519,23.0054026 120.1834575,23.0054807 120.1835868,23.0056545 120.1861167,23.0067564 120.1855597,23.0085899 120.1852149,23.0098194 120.1851635,23.0099986 120.1848976,23.0108971 120.1847955,23.011174 120.1847695,23.011227 120.1847546,23.0112555 120.1847392,23.0112838 120.1847232,23.0113118 120.1847067,23.0113395 120.1846897,23.011367 120.1846722,23.0113942 120.1846542,23.0114211 120.1846356,23.0114477 120.1846166,23.011474 120.1845971,23.0115 120.1845771,23.0115256 120.1845566,23.011551 120.1845068,23.0116089 120.1840021,23.0121545 120.1827644,23.013491 120.1817953,23.0129069 120.1817658,23.0129366 120.1783456,23.0107311 120.1776548,23.0102865 120.1772964,23.010308 120.1764033,23.0098209 120.1764518,23.00968 120.1756906,23.0092566 120.1750211,23.0089072 120.1749499,23.009001 120.1748905,23.0089658 120.1748522,23.0089114 120.1744375,23.0086787 120.174403,23.0085204 120.1735273,23.008103 120.1734712,23.0081229 120.1734661,23.0082287 120.1734659,23.0082288 120.1734191,23.0081966 120.1693589,23.0061222 120.1684419,23.0056515 120.1685217,23.005493 120.1678601,23.0050758 120.167532,23.0049365 120.1673768,23.0050086 120.1672085,23.0050261 120.1670888,23.0049659 120.1670888,23.0049658 120.1672833,23.0048817 120.1673248,23.0047495 120.1663695,23.0041863 120.1660259,23.0039425 120.1658379,23.0038516 120.1657292,23.0037946 120.1655548,23.0036433 120.165315,23.0035038 120.1650857,23.0033494 120.1650287,23.0033456 120.1648652,23.0033719 120.1645913,23.0033229 120.1645912,23.0033228 120.1654236,23.0025152 120.1653783,23.0024001 120.1657375,23.0022785</coordinates></LinearRing></outerBoundaryIs>
        </Polygon>
      </MultiGeometry>
  </Placemark>
  <Placemark>
	<Style><LineStyle><color>ff0000ff</color></LineStyle><PolyStyle><fill>0</fill></PolyStyle></Style>
	<ExtendedData><SchemaData schemaUrl="#114SEC_DATBLPD">
		<SimpleData name="段碼">0147</SimpleData>
		<SimpleData name="段名">石門段</SimpleData>
		<SimpleData name="行政區">安平區</SimpleData>
	</SchemaData></ExtendedData>
      <MultiGeometry>
        <Polygon>
          <outerBoundaryIs><LinearRing><coordinates>120.1682684,22.9989105 120.1683,22.999008 120.1682255,22.9990344 120.1670436,23.0003619 120.1651989,23.0018849 120.1654082,23.0022091 120.1655091,23.0021646 120.1656158,23.0021268 120.1657373,23.0022782 120.1657373,23.0022784 120.1653781,23.0024 120.1654235,23.002515 120.1651199,23.0028096 120.1650063,23.0028285 120.164667,23.0028681 120.1644471,23.0028762 120.1642748,23.002874 120.1640305,23.003027 120.163136,23.00325 120.1631226,23.0032685 120.1626701,23.0033522 120.1626395,23.0032244 120.1625528,23.0032349 120.1625584,23.0032855 120.1625583,23.0032856 120.162067,23.0033299 120.1620296,23.003357 120.1620076,23.0033735 120.1620349,23.0035421 120.1620149,23.0035769 120.1617264,23.0035889 120.1615995,23.0036666 120.1615809,23.0036804 120.1615779,23.0037186 120.1615022,23.0037389 120.1612687,23.003903 120.1612019,23.0039442 120.1609734,23.0040988 120.1608089,23.0042012 120.1607042,23.0042559 120.1603674,23.004417 120.1601529,23.0045195 120.1601527,23.0045195 120.1601577,23.0044048 120.1606763,23.0041395 120.1606859,23.0039576 120.1607823,23.0035496 120.1608151,23.0034014 120.1609996,23.0029383 120.1609245,23.0029384 120.1609244,23.0029383 120.1609497,23.0028708 120.1609642,23.0028728 120.1609943,23.0028545 120.1610148,23.002799 120.1610547,23.002801 120.1611531,23.0025268 120.1612087,23.0025299 120.1612729,23.0023495 120.1613382,23.0021642 120.1613144,23.0021671 120.1613143,23.002167 120.1613663,23.0019599 120.1613659,23.0019078 120.1613938,23.0018082 120.1613806,23.0017759 120.1614472,23.0016297 120.1614437,23.001603 120.1614438,23.0016029 120.1615101,23.0016187 120.1615355,23.0015711 120.1615961,23.0013495 120.1615925,23.0013341 120.1615926,23.001334 120.1616002,23.0013345 120.1616168,23.0012736 120.1616171,23.0012543 120.1616173,23.0012542 120.1616219,23.0012549 120.1616535,23.0011394 120.1616639,23.0011016 120.161647,23.0006635 120.1616472,23.0006634 120.161657,23.0006693 120.1618129,23.0007105 120.1618159,23.0007352 120.161825,23.0007381 120.1619692,23.0007319 120.1619704,23.0007457 120.161997,23.0007407 120.1620013,23.0007481 120.1620254,23.0007477 120.1620235,23.0007423 120.1620235,23.0007422 120.1621953,23.0007223 120.1624858,23.0006944 120.162535,23.0007031 120.1625411,23.0006973 120.1625818,23.0007056 120.1625759,23.0007385 120.1625997,23.0007331 120.1626016,23.0007298 120.163143,23.0005943 120.1632256,23.0005664 120.1632416,23.0005645 120.1633387,23.0005323 120.1633724,23.0005131 120.1635577,23.0004552 120.1639005,23.000361 120.1639207,23.0003539 120.1639375,23.0003256 120.1639297,23.0003077 120.1639297,23.0003076 120.1639482,23.0003032 120.1640378,23.0002755 120.1640706,23.0002657 120.1642101,23.000225 120.1643296,23.0001862 120.1647503,23.0000501 120.1647433,23.0000324 120.1647646,23.0000248 120.1647727,23.0000432 120.164922,22.9999971 120.1648008,22.9996176 120.1648004,22.9996163 120.1648005,22.9996162 120.1663726,22.9994499 120.1665037,22.9994111 120.1665418,22.9994142 120.1665573,22.9994232 120.1665933,22.9994154 120.1666081,22.9994055 120.1667949,22.9993626 120.1672717,22.9992428 120.1675667,22.9991861 120.1675861,22.9991892 120.1676185,22.9991854 120.167662,22.9991608 120.1677016,22.9991277 120.1682684,22.9989105</coordinates></LinearRing></outerBoundaryIs>
        </Polygon>
      </MultiGeometry>
  </Placemark>
  <Placemark>
	<Style><LineStyle><color>ff0000ff</color></LineStyle><PolyStyle><fill>0</fill></PolyStyle></Style>
	<ExtendedData><SchemaData schemaUrl="#114SEC_DATBLPD">
		<SimpleData name="段碼">0148</SimpleData>
		<SimpleData name="段名">妙壽段</SimpleData>
		<SimpleData name="行政區">安平區</SimpleData>
	</SchemaData></ExtendedData>
      <MultiGeometry>
        <Polygon>
          <outerBoundaryIs><LinearRing><coordinates>120.1594912,22.9958313 120.1595636,22.9958688 120.1598078,22.9960194 120.1600334,22.9961915 120.1606096,22.9967397 120.1612705,22.9974602 120.1613619,22.997507 120.1614662,22.9975327 120.1688245,22.9980628 120.1721678,22.9973679 120.1736458,22.9972891 120.1746075,22.9973523 120.1746858,22.9976404 120.1747033,22.9980344 120.1746898,22.9981193 120.1738392,22.9980112 120.1725302,22.9980921 120.1708385,22.9983877 120.1697721,22.9986041 120.1693545,22.9986911 120.1689385,22.9987921 120.1683,22.999008 120.1682999,22.9990079 120.1682685,22.9989107 120.1677018,22.9991278 120.1676622,22.9991609 120.1676187,22.9991856 120.1675862,22.9991894 120.1675668,22.9991863 120.1672719,22.999243 120.166795,22.9993627 120.1666083,22.9994056 120.1665935,22.9994155 120.1665574,22.9994233 120.1665418,22.9994144 120.1665039,22.9994112 120.1663727,22.9994501 120.1648007,22.9996163 120.1649222,22.9999972 120.1647727,23.0000433 120.1647647,23.000025 120.1647435,23.0000325 120.1647506,23.00005 120.1647505,23.0000502 120.1643298,23.0001863 120.1642102,23.0002251 120.1640707,23.0002658 120.164038,23.0002756 120.1639484,23.0003034 120.16393,23.0003077 120.1639378,23.0003256 120.163921,23.0003539 120.1639007,23.0003611 120.1635578,23.0004554 120.1633725,23.0005133 120.1633389,23.0005324 120.1632417,23.0005646 120.1632258,23.0005665 120.1631431,23.0005944 120.1626018,23.00073 120.1625999,23.0007332 120.1625759,23.0007387 120.1625758,23.0007386 120.1625818,23.0007057 120.1625412,23.0006974 120.1625351,23.0007033 120.1624859,23.0006945 120.1621954,23.0007224 120.1620238,23.0007423 120.1620257,23.0007477 120.1620257,23.0007478 120.1620014,23.0007482 120.1619971,23.0007409 120.1619704,23.0007459 120.1619703,23.0007458 120.1619692,23.0007321 120.161825,23.0007382 120.1618158,23.0007352 120.1618129,23.0007106 120.161657,23.0006694 120.161598,23.0006339 120.16156,23.0005955 120.1615351,23.0005473 120.161527,23.0003377 120.1614912,23.0003071 120.1614619,23.0003084 120.1614618,23.0003083 120.1614807,23.0002609 120.1614517,23.0001731 120.1614517,23.000173 120.1614598,23.0001727 120.1614993,23.0001328 120.1614653,22.9992871 120.1613418,22.9991296 120.161308,22.9990853 120.1612871,22.9990598 120.1610509,22.9987585 120.1610334,22.9987145 120.1610138,22.9986681 120.1609994,22.9986332 120.1609995,22.9986331 120.1610688,22.9986117 120.1610252,22.9985278 120.1609841,22.9985428 120.1608999,22.9984259 120.160864,22.9983493 120.160817,22.99825 120.1608139,22.9982506 120.1607719,22.9981616 120.1607655,22.9981636 120.1604108,22.9977111 120.1602854,22.9975419 120.1602855,22.9975418 120.1603348,22.9975129 120.1603006,22.9974689 120.1603193,22.9973381 120.1599009,22.9968741 120.1598517,22.9968023 120.1598347,22.9968075 120.1595385,22.9965228 120.1592461,22.9963362 120.1592461,22.9963361 120.1594004,22.9962075 120.1594163,22.9959257 120.1594637,22.9959074 120.1594912,22.9958313</coordinates></LinearRing></outerBoundaryIs>
        </Polygon>
      </MultiGeometry>
  </Placemark>
  <Placemark>
	<Style><LineStyle><color>ff0000ff</color></LineStyle><PolyStyle><fill>0</fill></PolyStyle></Style>
	<ExtendedData><SchemaData schemaUrl="#114SEC_DATBLPD">
		<SimpleData name="段碼">0149</SimpleData>
		<SimpleData name="段名">古堡段</SimpleData>
		<SimpleData name="行政區">安平區</SimpleData>
	</SchemaData></ExtendedData>
      <MultiGeometry>
        <Polygon>
          <outerBoundaryIs><LinearRing><coordinates>120.1536714,22.9972555 120.1583936,22.9982899 120.1583351,22.9985205 120.1584296,22.9985428 120.1581791,22.9995315 120.15821,22.9995774 120.1586282,22.9996666 120.1586761,22.9996584 120.1588265,22.999564 120.1588405,22.999555 120.1588579,22.999543 120.1588746,22.9995306 120.1588908,22.9995178 120.1588987,22.9995111 120.1589126,22.9994989 120.1589127,22.999499 120.1589167,22.9995181 120.158919,22.9995282 120.1589215,22.9995382 120.1589278,22.99956 120.1589335,22.9995776 120.1589406,22.999597 120.1589444,22.9996066 120.1589484,22.9996161 120.1589569,22.999635 120.1589614,22.9996444 120.1589661,22.9996536 120.158976,22.9996719 120.1589813,22.999681 120.1589922,22.9996988 120.1590038,22.9997162 120.1590161,22.9997332 120.159029,22.9997499 120.1590425,22.9997661 120.1590566,22.9997818 120.1590713,22.9997971 120.1590789,22.9998046 120.1590866,22.9998119 120.1590944,22.9998192 120.1591105,22.9998332 120.1591271,22.9998467 120.1591443,22.9998597 120.159153,22.999866 120.1591618,22.9998721 120.1591708,22.9998781 120.1591799,22.999884 120.1591891,22.9998897 120.1592078,22.9999006 120.1592268,22.9999109 120.1592365,22.9999159 120.1592463,22.9999207 120.1592661,22.9999297 120.1592762,22.999934 120.1592863,22.9999382 120.1592965,22.9999421 120.1593068,22.9999459 120.1593275,22.9999531 120.159338,22.9999564 120.1593591,22.9999625 120.1593821,22.9999683 120.1598095,23.0000605 120.1598188,23.0000576 120.1598234,23.0000635 120.1599127,23.000113 120.159948,23.0000904 120.1610559,23.0003292 120.1611145,23.0003304 120.1611414,23.0003289 120.1611549,23.0003278 120.1614291,23.0003096 120.161491,23.000307 120.161527,23.0003376 120.1615351,23.0005473 120.1615545,23.0005964 120.1615959,23.0006383 120.1616441,23.0006588 120.1616602,23.0010543 120.161664,23.0011016 120.161622,23.001255 120.1616219,23.0012551 120.1615901,23.0012468 120.1616172,23.0012542 120.1616171,23.0012661 120.1616003,23.0013346 120.1615926,23.0013342 120.1615962,23.0013495 120.1615481,23.0015255 120.1615101,23.0016189 120.1614439,23.0016031 120.1614537,23.0016298 120.1613807,23.0017759 120.1613939,23.0018083 120.161366,23.0019078 120.1613664,23.0019599 120.1613144,23.0021669 120.1613378,23.0021653 120.1613379,23.0021655 120.161273,23.0023496 120.1612088,23.00253 120.1611531,23.0025269 120.1610548,23.0028011 120.1610149,23.0027991 120.1609944,23.0028547 120.1609642,23.0028729 120.1609498,23.0028709 120.1609246,23.0029382 120.1609996,23.0029381 120.1609997,23.0029383 120.1608152,23.0034014 120.1607824,23.0035496 120.160686,23.0039576 120.1606763,23.0041396 120.1601577,23.0044049 120.1601528,23.0045195 120.1600691,23.0045607 120.1597284,23.004686 120.1593841,23.0047739 120.1592008,23.0047926 120.1588109,23.0048363 120.1584665,23.0048233 120.1583348,23.0047906 120.158091,23.0048049 120.1578886,23.0047803 120.1572163,23.0043461 120.1572919,23.0042428 120.1570878,23.0041446 120.156969,23.0040927 120.1569145,23.0041096 120.1568322,23.0040852 120.1566974,23.0039757 120.1566045,23.0039366 120.1564156,23.0038517 120.1561614,23.0037412 120.1559209,23.0036359 120.1557047,23.0035389 120.1554887,23.0034469 120.1552279,23.003336 120.1549668,23.0032234 120.1547421,23.0031242 120.1543077,23.0029375 120.1540514,23.0028271 120.1537475,23.0026954 120.1534007,23.0025485 120.1531747,23.0024524 120.1529712,23.0023671 120.1527812,23.0022838 120.1525301,23.0021725 120.1522435,23.0020542 120.1517744,23.0018475 120.1514524,23.0017107 120.1510097,23.0015234 120.1506772,23.0013842 120.1506772,23.001384 120.1509074,23.0009254 120.150909,23.0009234 120.1509592,23.0008227 120.1510802,23.0005791 120.1509821,23.0005412 120.1509821,23.000541 120.1510261,23.0005227 120.1510414,23.0004896 120.1514985,22.999403 120.1515206,22.9993499 120.1515312,22.9993251 120.1515643,22.9992451 120.1504386,22.998783 120.1504385,22.9987829 120.1507604,22.9981442 120.1508079,22.9981568 120.1515679,22.9983996 120.1517588,22.9984504 120.1521894,22.998499 120.1535991,22.9986418 120.1532593,22.9985688 120.1526887,22.9984467 120.1526886,22.9984466 120.1528466,22.9978446 120.1528968,22.9978166 120.1534205,22.9979394 120.153492,22.9979544 120.1536082,22.9975012 120.1536714,22.9972555</coordinates></LinearRing></outerBoundaryIs>
          <innerBoundaryIs><LinearRing><coordinates>120.1535075,22.9979579 120.1537093,22.998653 120.1537883,22.998661 120.1538636,22.9986825 120.1539337,22.9986784 120.1537523,22.9980094 120.1535075,22.9979579</coordinates></LinearRing></innerBoundaryIs>
          <innerBoundaryIs><LinearRing><coordinates>120.158753,23.0015 120.1588128,23.0015181 120.1587675,23.0015043 120.158753,23.0015</coordinates></LinearRing></innerBoundaryIs>
          <innerBoundaryIs><LinearRing><coordinates>120.1590957,23.0015175 120.1590723,23.0015559 120.1590734,23.0015542 120.1590957,23.0015175</coordinates></LinearRing></innerBoundaryIs>
          <innerBoundaryIs><LinearRing><coordinates>120.1599984,23.0021507 120.1600086,23.0021556 120.1600011,23.0021518 120.1599984,23.0021507</coordinates></LinearRing></innerBoundaryIs>
          <innerBoundaryIs><LinearRing><coordinates>120.1594381,23.0024223 120.1594965,23.0024369 120.1594579,23.002427 120.1594381,23.0024223</coordinates></LinearRing></innerBoundaryIs>
          <innerBoundaryIs><LinearRing><coordinates>120.1587724,23.0024901 120.1587648,23.0025035 120.1587546,23.0025223 120.1587724,23.0024901</coordinates></LinearRing></innerBoundaryIs>
        </Polygon>
      </MultiGeometry>
  </Placemark>
  <Placemark>
	<Style><LineStyle><color>ff0000ff</color></LineStyle><PolyStyle><fill>0</fill></PolyStyle></Style>
	<ExtendedData><SchemaData schemaUrl="#114SEC_DATBLPD">
		<SimpleData name="段碼">0150</SimpleData>
		<SimpleData name="段名">漁港段</SimpleData>
		<SimpleData name="行政區">安平區</SimpleData>
	</SchemaData></ExtendedData>
      <MultiGeometry>
        <Polygon>
          <outerBoundaryIs><LinearRing><coordinates>120.1535074,22.9979576 120.1537524,22.9980092 120.153934,22.9986784 120.1539339,22.9986785 120.1538636,22.9986826 120.1537882,22.9986611 120.1537091,22.998653 120.1535072,22.9979577 120.1535074,22.9979576</coordinates></LinearRing></outerBoundaryIs>
        </Polygon>
        <Polygon>
          <outerBoundaryIs><LinearRing><coordinates>120.1525427,22.9930209 120.1526425,22.9931706 120.1538735,22.9950219 120.1539668,22.9949362 120.1539669,22.9949363 120.153965,22.9949462 120.1541044,22.9948177 120.1540994,22.9948146 120.1540994,22.9948145 120.1544953,22.9944509 120.1544955,22.9944509 120.1545161,22.9945112 120.1545816,22.9945878 120.1546176,22.9946149 120.1559919,22.9949214 120.1572006,22.9951701 120.1582078,22.9953765 120.1584889,22.9954407 120.1587709,22.9955178 120.1590444,22.995614 120.1593068,22.9957357 120.1594911,22.9958313 120.1594637,22.9959075 120.1594163,22.9959258 120.1594004,22.9962076 120.1592462,22.9963361 120.1595384,22.9965226 120.1598346,22.9968074 120.1598516,22.9968021 120.1599008,22.9968739 120.1603192,22.9973381 120.1603006,22.9974689 120.1603349,22.9975129 120.1603348,22.997513 120.1602855,22.9975419 120.1604108,22.9977109 120.1607656,22.9981636 120.1607718,22.9981614 120.1608139,22.9982504 120.1608169,22.9982499 120.160864,22.9983493 120.1608999,22.9984258 120.160984,22.9985426 120.1610251,22.9985276 120.1610688,22.9986117 120.1610687,22.9986118 120.1609994,22.9986332 120.1610138,22.998668 120.1610334,22.9987144 120.1610509,22.9987584 120.161287,22.9990597 120.161308,22.9990852 120.1613417,22.9991294 120.1614653,22.999287 120.1614993,23.0001328 120.1614597,23.0001728 120.1614517,23.0001731 120.1614807,23.0002609 120.1614618,23.0003083 120.1611487,23.0003219 120.1611414,23.0003291 120.1611145,23.0003305 120.1610558,23.0003293 120.1604889,23.0002071 120.1604784,23.000205 120.16043,23.0001945 120.1599624,23.0000936 120.1598736,23.0000261 120.1598189,23.0000577 120.1598094,23.0000607 120.159382,22.9999684 120.159359,22.9999626 120.1593484,22.9999596 120.1593274,22.9999532 120.1593067,22.9999461 120.1592964,22.9999423 120.1592862,22.9999383 120.1592661,22.9999298 120.1592462,22.9999208 120.1592268,22.999911 120.1592172,22.9999059 120.1591983,22.9998953 120.1591798,22.999884 120.1591707,22.9998782 120.1591554,22.9998679 120.1591355,22.9998534 120.1591186,22.9998401 120.1591104,22.9998333 120.1590912,22.9998164 120.1590787,22.9998046 120.1590712,22.9997972 120.1590637,22.9997896 120.1590565,22.9997819 120.1590493,22.999774 120.1590374,22.9997603 120.1590332,22.9997553 120.1590159,22.9997333 120.1590097,22.9997248 120.1589978,22.9997075 120.1589865,22.9996899 120.1589759,22.999672 120.1589659,22.9996536 120.1589567,22.999635 120.1589482,22.9996161 120.1589442,22.9996066 120.1589404,22.999597 120.1589333,22.9995776 120.1589276,22.99956 120.1589213,22.9995381 120.1589188,22.9995282 120.1589165,22.9995181 120.1589126,22.9994991 120.1588989,22.9995111 120.1588909,22.9995178 120.1588747,22.9995307 120.158858,22.9995431 120.1588406,22.9995551 120.1588266,22.9995641 120.1586762,22.9996585 120.1586282,22.9996667 120.1582099,22.9995775 120.1581789,22.9995314 120.1584294,22.9985428 120.1583349,22.9985205 120.1583935,22.99829 120.1536714,22.9972557 120.1534921,22.9979545 120.1534204,22.9979395 120.1528968,22.9978167 120.1528467,22.9978446 120.1526888,22.9984465 120.1532593,22.9985686 120.1536007,22.9986419 120.1536007,22.9986421 120.1521894,22.9984991 120.1517587,22.9984505 120.1515678,22.9983997 120.1507246,22.9981273 120.1507245,22.9981271 120.1508147,22.9980364 120.1511452,22.9973809 120.1512413,22.9971902 120.1512823,22.9971085 120.1513002,22.9970747 120.151302,22.9970696 120.1513152,22.9970275 120.1513322,22.996971 120.1517434,22.9956267 120.1513035,22.9954536 120.1506038,22.9951777 120.1506038,22.9951776 120.1508139,22.994944 120.150849,22.9949033 120.1510457,22.9946861 120.1518839,22.9937538 120.151884,22.9937538 120.1519397,22.9938187 120.1519863,22.9937607 120.1519329,22.9936985 120.1521485,22.9934596 120.1525427,22.9930209</coordinates></LinearRing></outerBoundaryIs>
          <innerBoundaryIs><LinearRing><coordinates>120.1600817,22.9984579 120.1600654,22.9984601 120.1600471,22.9984657 120.1600817,22.9984579</coordinates></LinearRing></innerBoundaryIs>
          <innerBoundaryIs><LinearRing><coordinates>120.1612487,22.999892 120.1612511,22.9999171 120.1612554,22.9999422 120.1612516,22.9999173 120.1612487,22.999892</coordinates></LinearRing></innerBoundaryIs>
        </Polygon>
      </MultiGeometry>
  </Placemark>
  <Placemark>
	<Style><LineStyle><color>ff0000ff</color></LineStyle><PolyStyle><fill>0</fill></PolyStyle></Style>
	<ExtendedData><SchemaData schemaUrl="#114SEC_DATBLPD">
		<SimpleData name="段碼">0165</SimpleData>
		<SimpleData name="段名">海口段</SimpleData>
		<SimpleData name="行政區">安平區</SimpleData>
	</SchemaData></ExtendedData>
      <MultiGeometry>
        <Polygon>
          <outerBoundaryIs><LinearRing><coordinates>120.14799,22.9868619 120.1480478,22.9869172 120.1482725,22.9868717 120.1484956,22.9868807 120.1487381,22.9869614 120.1490413,22.987226 120.1491296,22.9873608 120.1491461,22.9875217 120.1499528,22.988214 120.1500878,22.9883444 120.1501669,22.9884098 120.1502603,22.9884849 120.150311,22.9885276 120.1505936,22.9887637 120.150822,22.9889531 120.1509704,22.9891148 120.151067,22.9892216 120.1511471,22.9893401 120.1512689,22.9910897 120.1515755,22.9915511 120.1511482,22.9919435 120.151148,22.9919434 120.1508103,22.9914356 120.1508046,22.9914274 120.1507988,22.9914196 120.1507896,22.9914083 120.1507831,22.991401 120.1507763,22.991394 120.1507693,22.9913872 120.150762,22.9913806 120.1507544,22.9913742 120.1507466,22.9913681 120.1507386,22.9913622 120.1507262,22.9913539 120.1507134,22.9913462 120.1507046,22.9913415 120.150691,22.9913349 120.1506818,22.9913308 120.1506725,22.9913271 120.1506629,22.9913236 120.1506485,22.9913191 120.1506387,22.9913164 120.1506288,22.9913141 120.1506138,22.9913112 120.1505992,22.9913091 120.1505881,22.9913079 120.1505729,22.991307 120.1505627,22.9913067 120.1505525,22.9913068 120.1505373,22.9913076 120.1505222,22.9913091 120.1505121,22.9913106 120.1505021,22.9913123 120.1504933,22.9913141 120.1504824,22.9913167 120.1504726,22.9913195 120.150463,22.9913225 120.1504535,22.9913258 120.1504395,22.9913313 120.1504258,22.9913376 120.1504151,22.991343 120.1504034,22.9913496 120.1503949,22.9913549 120.1503866,22.9913604 120.1503785,22.9913661 120.1503707,22.9913722 120.1503601,22.991381 120.1448334,22.996228 120.1447747,22.9962262 120.1445195,22.9959708 120.1434028,22.9969371 120.1433837,22.9969541 120.1433723,22.9969647 120.1433611,22.9969755 120.1433501,22.9969864 120.1433393,22.9969976 120.1433287,22.9970089 120.1433184,22.9970204 120.1433082,22.9970321 120.1432983,22.9970439 120.1432886,22.9970559 120.1432792,22.997068 120.1432699,22.9970803 120.1432609,22.9970927 120.1432522,22.9971053 120.1432436,22.997118 120.1432353,22.9971309 120.1432273,22.9971439 120.1432195,22.997157 120.143212,22.9971702 120.1432047,22.9971836 120.1431976,22.997197 120.1431908,22.9972106 120.1431843,22.9972243 120.143178,22.9972381 120.143172,22.997252 120.1431663,22.997266 120.1431608,22.9972801 120.1431556,22.9972942 120.1431506,22.9973085 120.1431459,22.9973228 120.1431415,22.9973372 120.1431374,22.9973517 120.1431335,22.9973662 120.1431299,22.9973808 120.1431266,22.9973954 120.1431236,22.9974102 120.1431208,22.9974249 120.1431183,22.9974397 120.1431161,22.9974545 120.143113,22.9974798 120.1431101,22.9975141 120.1431093,22.9975291 120.1431088,22.997544 120.1431085,22.997559 120.1431086,22.997574 120.1431089,22.9975889 120.1431095,22.9976039 120.1431104,22.9976188 120.1431116,22.9976338 120.143113,22.9976487 120.1431148,22.9976635 120.1431168,22.9976784 120.1431191,22.9976932 120.1431217,22.997708 120.1431245,22.9977227 120.1431277,22.9977374 120.1431311,22.997752 120.1431347,22.9977666 120.1431387,22.9977811 120.1431429,22.9977956 120.1431474,22.9978099 120.1431522,22.9978242 120.1431572,22.9978385 120.1431626,22.9978526 120.1431681,22.9978666 120.143174,22.9978806 120.1431801,22.9978945 120.1431864,22.9979082 120.143193,22.9979219 120.1431999,22.9979354 120.143207,22.9979489 120.1432144,22.9979622 120.143222,22.9979754 120.1432299,22.9979884 120.1432381,22.9980014 120.1432464,22.9980142 120.143255,22.9980269 120.1432639,22.9980394 120.1432729,22.9980518 120.1432823,22.998064 120.1432918,22.9980761 120.1433016,22.998088 120.1433116,22.9980998 120.1433218,22.9981114 120.1433322,22.9981228 120.1433428,22.9981341 120.1433685,22.9981597 120.1433875,22.9981774 120.1433992,22.9981878 120.143411,22.9981979 120.1434231,22.9982079 120.1434353,22.9982177 120.1434477,22.9982273 120.1434603,22.9982367 120.1434731,22.9982459 120.143486,22.9982548 120.1434991,22.9982636 120.1435124,22.9982722 120.1435258,22.9982805 120.1435394,22.9982886 120.1435531,22.9982965 120.143567,22.9983042 120.143581,22.9983116 120.1435952,22.9983188 120.1436095,22.9983258 120.1436239,22.9983326 120.1436385,22.9983391 120.1436531,22.9983454 120.1436679,22.9983514 120.1436828,22.9983572 120.1436978,22.9983628 120.143713,22.9983681 120.1437451,22.9983785 120.1485749,22.999854 120.1498996,23.0002569 120.1509186,23.0005678 120.1509847,23.0005388 120.1510729,23.0005666 120.1510729,23.0005667 120.1509593,23.0008212 120.1509073,23.0009254 120.150677,23.001384 120.1504914,23.0013063 120.1502889,23.0012297 120.1501252,23.0011686 120.1497743,23.0010342 120.1486796,23.0006714 120.148167,23.0005391 120.1476439,23.0004037 120.1472903,23.0003136 120.1468837,23.0002221 120.1467338,23.0001876 120.1458822,22.9999873 120.1456403,22.9999178 120.145557,22.9998908 120.1454107,22.9998412 120.1452534,22.9997804 120.145094,22.9997136 120.1449178,22.9996304 120.1447847,22.9995631 120.1446222,22.9994736 120.1443709,22.9993156 120.144007,22.9990728 120.1439419,22.9990238 120.1434659,22.9989643 120.1433708,22.9988746 120.1433314,22.9986944 120.1433088,22.9985945 120.1431535,22.9985671 120.1431072,22.9983604 120.1430383,22.9982681 120.1428691,22.9982491 120.1426776,22.9981328 120.1425443,22.998073 120.1423576,22.9980795 120.1422045,22.9980291 120.1421459,22.9977762 120.1421022,22.9976973 120.142214,22.9976063 120.1422717,22.9975331 120.1422428,22.9974554 120.1420494,22.9972815 120.142108,22.997479 120.1421171,22.9975594 120.1419886,22.9976883 120.1419488,22.9977513 120.1419307,22.9979118 120.1419306,22.9979119 120.1418231,22.9978668 120.1416263,22.9979988 120.1414097,22.9980621 120.1412251,22.9980328 120.1409662,22.9978768 120.140799,22.9978745 120.1405658,22.997873 120.1405064,22.9978528 120.1403308,22.9978359 120.1400768,22.997908 120.1399987,22.9978955 120.1399367,22.9978069 120.1398145,22.9973621 120.1397656,22.9971932 120.1397473,22.9970495 120.1396898,22.9969111 120.1396218,22.9968015 120.139455,22.9967186 120.1392598,22.9964279 120.139172,22.9962919 120.1391809,22.9962177 120.1392426,22.9960543 120.1392249,22.9959629 120.1390908,22.9955099 120.1390823,22.995329 120.139099,22.9952378 120.1391723,22.9951484 120.1398932,22.9947605 120.1401958,22.9945562 120.1409956,22.9939648 120.1411661,22.9938149 120.1413701,22.9936639 120.1418899,22.993332 120.1422796,22.9930184 120.1428681,22.9924359 120.1430846,22.9922083 120.143355,22.9919929 120.143689,22.9917651 120.1441479,22.9913208 120.1445893,22.9908598 120.145118,22.9903999 120.1452716,22.9902034 120.1457155,22.9898805 120.1459401,22.9896183 120.1464279,22.9890702 120.1467136,22.9887074 120.1469404,22.9883592 120.1470834,22.9881152 120.1475863,22.9875209 120.1477639,22.987303 120.14799,22.9868619</coordinates></LinearRing></outerBoundaryIs>
          <innerBoundaryIs><LinearRing><coordinates>120.1447596,22.9987298 120.1447651,22.9987325 120.1447761,22.9987373 120.1447596,22.9987298</coordinates></LinearRing></innerBoundaryIs>
          <innerBoundaryIs><LinearRing><coordinates>120.1447891,22.9987426 120.1448012,22.9987472 120.1448065,22.9987491 120.1447891,22.9987426</coordinates></LinearRing></innerBoundaryIs>
        </Polygon>
      </MultiGeometry>
  </Placemark>
  <Placemark>
	<Style><LineStyle><color>ff0000ff</color></LineStyle><PolyStyle><fill>0</fill></PolyStyle></Style>
	<ExtendedData><SchemaData schemaUrl="#114SEC_DATBLPD">
		<SimpleData name="段碼">0166</SimpleData>
		<SimpleData name="段名">漁光段</SimpleData>
		<SimpleData name="行政區">安平區</SimpleData>
	</SchemaData></ExtendedData>
      <MultiGeometry>
        <Polygon>
          <outerBoundaryIs><LinearRing><coordinates>120.1474365,22.9624773 120.1476098,22.9624885 120.147411,22.9652947 120.1490883,22.9667623 120.1490759,22.9667749 120.1508392,22.9683186 120.1508392,22.9683187 120.1508262,22.9683313 120.1542984,22.9713688 120.1545567,22.9713397 120.1546587,22.9713298 120.1547456,22.9713257 120.1548339,22.971326 120.1550062,22.9713007 120.155105,22.9712824 120.1551987,22.9712604 120.1552958,22.9712335 120.1554052,22.9711953 120.155516,22.9711459 120.1556216,22.9710923 120.1557138,22.971031 120.1558179,22.9709353 120.1559194,22.9708346 120.1560379,22.9707299 120.1561535,22.9706177 120.1562556,22.970504 120.1563444,22.9703802 120.1564061,22.9702551 120.1564592,22.9701169 120.1565162,22.9699652 120.1565689,22.9698268 120.1566074,22.9696936 120.1566394,22.9695417 120.1566631,22.9693922 120.1566689,22.9692499 120.1566599,22.9691063 120.1566304,22.9689696 120.1565769,22.9688314 120.1565204,22.9687038 120.1564471,22.9685967 120.1563403,22.9684745 120.1562138,22.9683378 120.1560856,22.9682114 120.1559179,22.9680631 120.1558378,22.9680005 120.1558378,22.9680003 120.1559283,22.9679072 120.1553871,22.9674442 120.1554281,22.9665964 120.1553418,22.9649231 120.155342,22.964923 120.1632919,22.9701333 120.1658004,22.9716033 120.1755438,22.9786769 120.1816258,22.9826162 120.1816257,22.9826164 120.1802818,22.9827541 120.1795695,22.9828268 120.1780195,22.982986 120.1777904,22.9830247 120.1774101,22.9830903 120.1741584,22.9836471 120.1740099,22.9836722 120.172515,22.9839387 120.1724046,22.9839563 120.1718348,22.9840574 120.1678165,22.9847687 120.1666162,22.9849828 120.166051,22.9850802 120.1650212,22.9850475 120.1647149,22.9850375 120.1645851,22.9850346 120.1632466,22.9849915 120.1629637,22.9849819 120.1619062,22.9849481 120.1618898,22.9849478 120.1618803,22.9849478 120.1618708,22.984948 120.1618518,22.9849488 120.1618329,22.9849503 120.1618234,22.9849512 120.161814,22.9849523 120.1617952,22.984955 120.1617766,22.9849582 120.161758,22.9849621 120.1617488,22.9849642 120.1617305,22.984969 120.1617124,22.9849743 120.1617034,22.9849772 120.1616857,22.9849834 120.1616681,22.9849902 120.1616595,22.9849938 120.1616424,22.9850014 120.1616339,22.9850054 120.1616255,22.9850096 120.161609,22.9850183 120.1616009,22.9850228 120.1615849,22.9850323 120.1615693,22.9850423 120.1615616,22.9850475 120.1615466,22.9850583 120.161532,22.9850695 120.1615168,22.985082 120.1615033,22.985094 120.1614966,22.9851002 120.1614835,22.9851131 120.1614772,22.9851196 120.1614648,22.9851331 120.1614589,22.98514 120.1614473,22.985154 120.1614363,22.9851684 120.1614258,22.9851831 120.1614159,22.9851982 120.1614066,22.9852136 120.1613961,22.9852324 120.1613897,22.9852451 120.1613859,22.9852531 120.1613787,22.9852693 120.1613753,22.9852775 120.1613691,22.985294 120.1613623,22.9853145 120.1612972,22.9855233 120.1612027,22.9855058 120.1604173,22.9853749 120.1603693,22.985367 120.1599782,22.9860094 120.1588686,22.9857083 120.158701,22.9857068 120.158194,22.9857082 120.1569334,22.9872472 120.1562275,22.9881247 120.1559807,22.9881583 120.1559196,22.9881833 120.1561779,22.9881862 120.156178,22.9881863 120.1561163,22.9882631 120.1559237,22.9885011 120.1556089,22.9886673 120.1554664,22.9887394 120.1552721,22.9888385 120.1543525,22.9893157 120.1541847,22.9893995 120.1535611,22.9897119 120.1532691,22.9899815 120.1527522,22.9904646 120.1520811,22.9910897 120.1519515,22.9912089 120.1515759,22.991551 120.1515758,22.991551 120.1512692,22.9910896 120.1511473,22.98934 120.1510672,22.9892216 120.1509707,22.9891148 120.1508223,22.9889531 120.1505939,22.9887637 120.1503112,22.9885275 120.1502606,22.9884849 120.1501671,22.9884097 120.150088,22.9883444 120.1499531,22.988214 120.1491463,22.9875217 120.1491298,22.9873607 120.1490416,22.987226 120.1487384,22.9869614 120.148496,22.9868808 120.1482729,22.9868717 120.1480482,22.9869173 120.1480481,22.9869171 120.1498103,22.9857047 120.1501182,22.9855388 120.1503118,22.9854085 120.1509685,22.9848229 120.1510614,22.9847097 120.1492212,22.9839701 120.1502927,22.9816618 120.1503376,22.9816463 120.1505391,22.9821151 120.1507611,22.982256 120.1508855,22.9823079 120.1510013,22.9823398 120.1511624,22.9823658 120.1513667,22.9823874 120.151571,22.9823848 120.1517413,22.9823657 120.151936,22.9823153 120.1521366,22.9822466 120.1523216,22.9821586 120.1524963,22.9820709 120.1526655,22.9819812 120.152811,22.9818918 120.1529342,22.9818088 120.1530995,22.9816827 120.1532374,22.9815722 120.1534317,22.9814115 120.1536752,22.9811129 120.1538028,22.9809554 120.1542123,22.9804062 120.1545175,22.9799377 120.1546184,22.9797775 120.1547203,22.9796222 120.1548145,22.9794678 120.1549043,22.9793133 120.1549912,22.979156 120.1550761,22.9789997 120.155238,22.9786973 120.1553342,22.9785237 120.1553978,22.9783625 120.1555089,22.9780783 120.1555631,22.9779095 120.1556106,22.9777393 120.1556469,22.9775792 120.1556797,22.977402 120.1557044,22.9772244 120.1557194,22.9770684 120.1557245,22.9769144 120.1557234,22.9767389 120.1557162,22.9765683 120.1556993,22.9763972 120.1556814,22.9762796 120.1556604,22.9761709 120.1556122,22.9759795 120.1555628,22.9758168 120.1554932,22.9756357 120.1554302,22.9755046 120.1553484,22.975356 120.1552647,22.9752269 120.1551761,22.9751151 120.1550835,22.9750106 120.154989,22.9749194 120.1548969,22.9748466 120.154798,22.9747736 120.1546916,22.9747094 120.1545844,22.9746507 120.1544715,22.9745955 120.1543615,22.9745498 120.1542336,22.97451 120.1541256,22.9744855 120.1540135,22.9744616 120.1538165,22.9745051 120.1538029,22.9744626 120.1556221,22.9726991 120.1554965,22.9725882 120.147234,22.9653603 120.1474364,22.9624774 120.1474365,22.9624773</coordinates></LinearRing></outerBoundaryIs>
        </Polygon>
      </MultiGeometry>
  </Placemark>
  <Placemark>
	<Style><LineStyle><color>ff0000ff</color></LineStyle><PolyStyle><fill>0</fill></PolyStyle></Style>
	<ExtendedData><SchemaData schemaUrl="#114SEC_DATBLPD">
		<SimpleData name="段碼">0167</SimpleData>
		<SimpleData name="段名">北元段</SimpleData>
		<SimpleData name="行政區">北區</SimpleData>
	</SchemaData></ExtendedData>
      <MultiGeometry>
        <Polygon>
          <outerBoundaryIs><LinearRing><coordinates>120.1951883,23.0097202 120.2015877,23.0120339 120.2016511,23.0120563 120.2017972,23.012104 120.2018615,23.0121234 120.2019236,23.0121431 120.2020504,23.0121809 120.202255,23.0122333 120.2024327,23.012273 120.2025532,23.0122983 120.2026708,23.0123208 120.2026758,23.0123214 120.202754,23.0123348 120.2029251,23.0123604 120.2030326,23.0123742 120.2031403,23.0123868 120.2032277,23.0123953 120.2033154,23.0124026 120.2034951,23.0124154 120.203547,23.0124184 120.2036858,23.0124238 120.203848,23.0124269 120.2040071,23.0124269 120.2042261,23.0124191 120.2044446,23.012404 120.2049609,23.0123621 120.2052409,23.0123355 120.2054076,23.012316 120.205574,23.0122939 120.20574,23.012269 120.2061167,23.0122023 120.2068787,23.0120528 120.2070704,23.0120062 120.2073772,23.0119262 120.2075348,23.0118811 120.2078067,23.0117966 120.2085574,23.0115515 120.2085575,23.0115515 120.2087933,23.0122162 120.2091694,23.013278 120.2091694,23.0132782 120.2086404,23.0134305 120.2078804,23.0135405 120.2077752,23.0135753 120.208118,23.0145431 120.2077821,23.0146722 120.2081483,23.0154002 120.2081483,23.0154003 120.2081074,23.0154157 120.2083461,23.0158668 120.2089919,23.0170668 120.2089834,23.0170726 120.2090639,23.0172244 120.2084235,23.0176787 120.2076363,23.0182299 120.207588,23.0182645 120.2075465,23.0182948 120.2075124,23.0183203 120.2074853,23.0183408 120.2074647,23.0183567 120.207418,23.0183931 120.207378,23.018425 120.2073517,23.0184464 120.2073317,23.0184629 120.2072863,23.0185009 120.2072475,23.0185341 120.2072025,23.0185735 120.2071613,23.0186104 120.207127,23.0186418 120.2070857,23.0186804 120.2070442,23.0187201 120.2070071,23.0187563 120.2069705,23.0187929 120.2069302,23.018834 120.2068929,23.018873 120.2068632,23.0189047 120.2068202,23.0189515 120.2067921,23.0189828 120.2067644,23.0190143 120.2067369,23.019046 120.2067097,23.0190779 120.2066818,23.0191112 120.2066535,23.0191457 120.2066254,23.0191806 120.2066115,23.0191981 120.2065828,23.0192348 120.2065686,23.0192532 120.2065434,23.0192864 120.2064327,23.0194396 120.2063337,23.0195844 120.206301,23.0196334 120.2062713,23.0196793 120.2061825,23.019825 120.2061227,23.0199313 120.2060748,23.0200222 120.2060403,23.0200914 120.206025,23.020123 120.2059488,23.0202928 120.2059205,23.0203617 120.2058935,23.020431 120.2058679,23.0205007 120.2058435,23.0205709 120.2058205,23.0206414 120.2057988,23.0207123 120.2057576,23.0208625 120.2057574,23.0208626 120.2057286,23.0208262 120.2051487,23.0207897 120.2050499,23.0207555 120.2048464,23.0206834 120.2041024,23.0204122 120.2031881,23.020173 120.2031456,23.020195 120.2029973,23.0206783 120.2030211,23.0207176 120.2047743,23.0211748 120.2049164,23.0212081 120.2056429,23.0212682 120.2056811,23.02124 120.2056813,23.0212401 120.2056261,23.02163 120.2055469,23.0216829 120.2046666,23.0215257 120.2035081,23.0213162 120.202876,23.0211927 120.2019016,23.0209791 120.2017983,23.0209559 120.2016952,23.020932 120.201623,23.0209147 120.2015893,23.0209065 120.2015415,23.0208947 120.2014799,23.0208791 120.2013908,23.0208561 120.20131,23.0208346 120.2012495,23.0208182 120.2012093,23.020807 120.20099,23.020744 120.2008979,23.0207162 120.2008147,23.0206905 120.2007729,23.0206773 120.2006896,23.0206506 120.200648,23.020637 120.2006065,23.0206233 120.2005235,23.0205955 120.2004821,23.0205814 120.2003995,23.0205527 120.2003171,23.0205234 120.2002504,23.0204992 120.1975162,23.0195005 120.1976374,23.0186063 120.1973903,23.0183879 120.1973861,23.0184229 120.1973781,23.0184825 120.1972525,23.019404 120.1972524,23.0194041 120.195519,23.0187708 120.1956923,23.017477 120.1956947,23.0174558 120.1957576,23.0171895 120.1957446,23.0171612 120.1957447,23.0171611 120.195761,23.0171704 120.1958778,23.0170922 120.195878,23.0170923 120.1958272,23.017419 120.195839,23.0174557 120.1960125,23.0175617 120.1962722,23.0175949 120.1965743,23.0178092 120.196912,23.017984 120.1971486,23.0180421 120.1971887,23.0180165 120.1972748,23.0172619 120.1972777,23.0172367 120.1972779,23.0172366 120.1975453,23.0176393 120.1978533,23.0177627 120.1980342,23.0178367 120.1981088,23.0178788 120.1983734,23.0179045 120.1984798,23.0179322 120.198495,23.0179047 120.1987689,23.0180335 120.1990092,23.0181398 120.1991913,23.0181965 120.199277,23.0177667 120.1992471,23.0177311 120.1985568,23.0176872 120.1980887,23.0173229 120.1972066,23.0167723 120.1967901,23.0166938 120.1964889,23.016741 120.1960637,23.0169011 120.1959561,23.0169732 120.195956,23.0169731 120.1960733,23.0161183 120.1959207,23.0150955 120.1959077,23.0149012 120.1958804,23.0143867 120.1958469,23.0135714 120.1958093,23.0127665 120.1958365,23.0127653 120.1957849,23.0123728 120.1939825,23.0121778 120.1939379,23.0122129 120.1939378,23.0122128 120.1939818,23.0112878 120.1939577,23.0097359 120.1939578,23.0097358 120.1951883,23.0097202</coordinates></LinearRing></outerBoundaryIs>
          <innerBoundaryIs><LinearRing><coordinates>120.2061406,23.0123361 120.2055432,23.0124351 120.2056152,23.0124251 120.205692,23.0124138 120.2057594,23.0124034 120.2058031,23.0123964 120.2058535,23.0123881 120.2059261,23.0123757 120.2059988,23.0123628 120.2060658,23.0123504 120.2061406,23.0123361</coordinates></LinearRing></innerBoundaryIs>
        </Polygon>
      </MultiGeometry>
  </Placemark>
  <Placemark>
	<Style><LineStyle><color>ff0000ff</color></LineStyle><PolyStyle><fill>0</fill></PolyStyle></Style>
	<ExtendedData><SchemaData schemaUrl="#114SEC_DATBLPD">
		<SimpleData name="段碼">0168</SimpleData>
		<SimpleData name="段名">環河段</SimpleData>
		<SimpleData name="行政區">中西區</SimpleData>
	</SchemaData></ExtendedData>
      <MultiGeometry>
        <Polygon>
          <outerBoundaryIs><LinearRing><coordinates>120.19113,22.9943652 120.1911302,22.9943652 120.1911583,22.9944901 120.1909844,22.994553 120.1909843,22.9945529 120.1909512,22.9944059 120.19113,22.9943652</coordinates></LinearRing></outerBoundaryIs>
        </Polygon>
        <Polygon>
          <outerBoundaryIs><LinearRing><coordinates>120.1867278,22.9862576 120.1878677,22.9871018 120.1880019,22.9872104 120.1880585,22.987259 120.188168,22.9873579 120.1903074,22.9894566 120.1903484,22.9894992 120.1903685,22.9895212 120.1903882,22.9895436 120.1904074,22.9895662 120.1904262,22.9895892 120.1904446,22.9896125 120.1904626,22.989636 120.1904801,22.9896599 120.1904971,22.989684 120.1905137,22.9897084 120.1905298,22.9897331 120.1905455,22.989758 120.1905606,22.9897832 120.1905753,22.9898086 120.1905896,22.9898342 120.1906137,22.9898805 120.1908978,22.9904651 120.1910783,22.9909732 120.1912736,22.9918176 120.1912788,22.9918166 120.1911724,22.9913558 120.1911024,22.9910536 120.1910831,22.9909691 120.1909025,22.9904616 120.1906184,22.989877 120.1905878,22.9898175 120.1905746,22.9897937 120.190561,22.9897701 120.1905285,22.9897176 120.1905175,22.9897008 120.1905076,22.9896862 120.1904921,22.989664 120.1904793,22.9896461 120.1904532,22.9896116 120.190417,22.9895667 120.1903826,22.989527 120.1903395,22.9894808 120.1903161,22.9894571 120.1895633,22.9887192 120.1895633,22.9887191 120.1909662,22.9884423 120.1917026,22.9916154 120.1916762,22.9916534 120.191624,22.991664 120.1916861,22.9919383 120.191723,22.9921919 120.1916998,22.9923017 120.1917576,22.9925098 120.1917576,22.9925099 120.1916252,22.9925375 120.1918473,22.9934899 120.1910626,22.9936534 120.1910609,22.9936466 120.1902532,22.9938212 120.1901671,22.9936806 120.1901304,22.9936248 120.1900606,22.9935854 120.189976,22.9935416 120.189931,22.9931885 120.1903996,22.9930962 120.190351,22.9930494 120.1903012,22.9930213 120.1902615,22.9929794 120.1902262,22.992849 120.1901945,22.9928092 120.1901634,22.992683 120.1901483,22.9926875 120.1901033,22.9927023 120.1900841,22.9927092 120.1900649,22.9927164 120.1900459,22.9927239 120.1899887,22.9927482 120.1899756,22.9927534 120.1899624,22.9927583 120.1899491,22.9927631 120.1899357,22.9927677 120.1899222,22.992772 120.1899086,22.9927762 120.189895,22.9927801 120.1898813,22.9927837 120.1898675,22.9927872 120.1898536,22.9927904 120.1898398,22.9927935 120.1898258,22.9927962 120.1897994,22.9928009 120.1897832,22.9928033 120.1897645,22.9928058 120.1897411,22.9928082 120.189718,22.9928101 120.1888225,22.9928691 120.1887835,22.9928961 120.1887833,22.992896 120.1888069,22.9928373 120.1888037,22.9928375 120.1871882,22.9968516 120.1866418,22.9970193 120.1866417,22.9970192 120.1864942,22.9957429 120.186485,22.9956536 120.1864794,22.9955828 120.186473,22.9954746 120.1864702,22.9953718 120.1864698,22.9952953 120.1864712,22.9952173 120.1864752,22.9951161 120.1864839,22.9949965 120.1864893,22.9949373 120.1865085,22.9947508 120.1865197,22.9946632 120.1865351,22.9945763 120.1865615,22.9944664 120.1865788,22.9944048 120.1866069,22.9943206 120.1866341,22.9942502 120.1866752,22.9941561 120.1867542,22.9939989 120.1867821,22.9939359 120.1868075,22.9938726 120.1868282,22.9938154 120.1868469,22.9937589 120.1868662,22.9936894 120.1868839,22.9936135 120.1868968,22.9935452 120.1869033,22.9935081 120.1869137,22.9934234 120.1871098,22.9914085 120.1871368,22.9910641 120.1871477,22.9908597 120.1871547,22.9906552 120.1871571,22.9902393 120.1871526,22.9900414 120.1871404,22.9897657 120.1871347,22.9896743 120.187101,22.9892738 120.1871538,22.9891978 120.1871215,22.988835 120.1870423,22.9887822 120.1867277,22.9862577 120.1867278,22.9862576</coordinates></LinearRing></outerBoundaryIs>
          <innerBoundaryIs><LinearRing><coordinates>120.1905495,22.9919633 120.1905443,22.9919644 120.1906833,22.9925332 120.1906885,22.9925321 120.1905495,22.9919633</coordinates></LinearRing></innerBoundaryIs>
        </Polygon>
      </MultiGeometry>
  </Placemark>
  <Placemark>
	<Style><LineStyle><color>ff0000ff</color></LineStyle><PolyStyle><fill>0</fill></PolyStyle></Style>
	<ExtendedData><SchemaData schemaUrl="#114SEC_DATBLPD">
		<SimpleData name="段碼">0170</SimpleData>
		<SimpleData name="段名">廣慈段</SimpleData>
		<SimpleData name="行政區">中西區</SimpleData>
	</SchemaData></ExtendedData>
      <MultiGeometry>
        <Polygon>
          <outerBoundaryIs><LinearRing><coordinates>120.2096379,22.9945286 120.2108678,22.9945609 120.2118739,22.9945859 120.2119312,22.9954586 120.2119873,22.9959032 120.2121748,22.9967317 120.2123486,22.9976856 120.2117254,22.9977927 120.2115661,22.9977812 120.2115512,22.9977796 120.2115417,22.9977784 120.2115322,22.9977771 120.2115133,22.9977739 120.2115038,22.9977721 120.2114851,22.997768 120.2114666,22.9977633 120.2114482,22.997758 120.21143,22.9977521 120.211421,22.9977489 120.2114033,22.9977421 120.2113857,22.9977348 120.2113771,22.9977309 120.21136,22.9977228 120.2113432,22.997714 120.2113268,22.9977048 120.2113187,22.9977 120.2113028,22.9976899 120.2112873,22.9976794 120.2112722,22.9976683 120.2112575,22.9976568 120.2112433,22.9976448 120.2112295,22.9976324 120.2112162,22.9976195 120.2112098,22.9976129 120.2111972,22.9975994 120.2111852,22.9975855 120.2111737,22.9975712 120.2111627,22.9975566 120.2111575,22.9975491 120.2111474,22.997534 120.2111378,22.9975185 120.2111289,22.9975027 120.2111247,22.9974947 120.2111166,22.9974786 120.2111094,22.9974625 120.2070398,22.9981605 120.2069446,22.9979748 120.2069446,22.9979747 120.2070254,22.9979621 120.2070181,22.9979286 120.2059201,22.9957868 120.2059201,22.9957866 120.2059527,22.9957745 120.2059206,22.995712 120.2059207,22.9957118 120.2059934,22.9956873 120.2060452,22.9956741 120.2063692,22.9955632 120.2074834,22.9951704 120.2084552,22.9948604 120.2087446,22.9947732 120.2095298,22.9945408 120.2096379,22.9945286</coordinates></LinearRing></outerBoundaryIs>
        </Polygon>
      </MultiGeometry>
  </Placemark>
  <Placemark>
	<Style><LineStyle><color>ff0000ff</color></LineStyle><PolyStyle><fill>0</fill></PolyStyle></Style>
	<ExtendedData><SchemaData schemaUrl="#114SEC_DATBLPD">
		<SimpleData name="段碼">0171</SimpleData>
		<SimpleData name="段名">康祥段</SimpleData>
		<SimpleData name="行政區">北區</SimpleData>
	</SchemaData></ExtendedData>
      <MultiGeometry>
        <Polygon>
          <outerBoundaryIs><LinearRing><coordinates>120.2197434,23.0128239 120.2203536,23.0136733 120.2204042,23.0136437 120.2204044,23.0136437 120.2204692,23.013747 120.2209181,23.0144061 120.2210438,23.0145949 120.2211242,23.0147077 120.2232241,23.0176268 120.2230414,23.0178413 120.2230217,23.0178774 120.2228758,23.0181416 120.2230516,23.0180709 120.2230517,23.018071 120.2229961,23.0181816 120.222891,23.0183111 120.2228383,23.0184167 120.2228381,23.0184167 120.2228314,23.0184073 120.2228225,23.0184617 120.2227972,23.0185281 120.2227627,23.0186196 120.2227753,23.0187291 120.2227839,23.0189321 120.2226904,23.0189912 120.2225318,23.0191668 120.2223446,23.0192888 120.2222064,23.019297 120.2221942,23.0193047 120.2220526,23.0193667 120.2220122,23.0193947 120.2220112,23.0193947 120.2218231,23.0195134 120.2215789,23.0191822 120.2215701,23.0191464 120.2215421,23.0191323 120.2215179,23.0190994 120.221229,23.0189589 120.221229,23.0189588 120.2212826,23.018921 120.2211607,23.0188627 120.2208706,23.0188363 120.2208546,23.018838 120.2208407,23.0188387 120.2208267,23.0188387 120.2208174,23.0188384 120.2208082,23.0188377 120.2207989,23.0188368 120.2207897,23.0188355 120.220776,23.0188331 120.2207625,23.01883 120.2207535,23.0188276 120.2207444,23.0188248 120.2206167,23.0188389 120.2205776,23.0188536 120.2201816,23.018753 120.2200461,23.0186441 120.2200393,23.0186218 120.2199496,23.018596 120.2198328,23.0185122 120.2198199,23.0184816 120.2197389,23.018338 120.2196679,23.0182366 120.2196324,23.0181939 120.219552,23.0181099 120.2195101,23.018075 120.2194475,23.0180299 120.2192855,23.0179561 120.2192214,23.0179437 120.2191825,23.0179432 120.2191095,23.0179483 120.2189161,23.0179711 120.2188125,23.0179902 120.2187946,23.0179959 120.2187945,23.0179958 120.2187933,23.0171998 120.2188229,23.0170394 120.2188233,23.016906 120.218814,23.0167034 120.2187829,23.0164233 120.2188617,23.0160499 120.2185996,23.0148257 120.2185996,23.0142341 120.2184323,23.0139291 120.2182938,23.0139231 120.2180426,23.0140581 120.218054,23.0140979 120.2178164,23.014202 120.2178163,23.0142019 120.2178168,23.0141794 120.2174624,23.0143698 120.2174178,23.0143512 120.2171188,23.0129739 120.2171549,23.0129311 120.2197434,23.0128239</coordinates></LinearRing></outerBoundaryIs>
          <innerBoundaryIs><LinearRing><coordinates>120.2196108,23.0142951 120.2196109,23.014298 120.2196115,23.0142982 120.2196121,23.0142986 120.2196125,23.0142991 120.2196127,23.0142998 120.2196125,23.0143005 120.2196121,23.0143011 120.2196116,23.0143014 120.2196109,23.0143016 120.2196111,23.0143049 120.2196122,23.0143047 120.2196134,23.0143042 120.2196145,23.0143035 120.2196152,23.0143027 120.2196108,23.0142951</coordinates></LinearRing></innerBoundaryIs>
        </Polygon>
      </MultiGeometry>
  </Placemark>
  <Placemark>
	<Style><LineStyle><color>ff0000ff</color></LineStyle><PolyStyle><fill>0</fill></PolyStyle></Style>
	<ExtendedData><SchemaData schemaUrl="#114SEC_DATBLPD">
		<SimpleData name="段碼">0172</SimpleData>
		<SimpleData name="段名">實踐段</SimpleData>
		<SimpleData name="行政區">北區</SimpleData>
	</SchemaData></ExtendedData>
      <MultiGeometry>
        <Polygon>
          <outerBoundaryIs><LinearRing><coordinates>120.2171549,23.0129311 120.217155,23.0129312 120.217119,23.0129738 120.2174179,23.0143511 120.2174622,23.0143696 120.2178168,23.0141791 120.2178169,23.0141792 120.2178164,23.0142017 120.2180537,23.0140977 120.2180423,23.0140579 120.2182937,23.0139229 120.2184324,23.0139289 120.2185997,23.014234 120.2185997,23.0148257 120.2188618,23.0160498 120.2187831,23.0164233 120.2188141,23.0167033 120.2188234,23.0169059 120.218823,23.0170394 120.2187934,23.0171997 120.2187946,23.0179963 120.2187711,23.0180027 120.2187445,23.0180047 120.2187298,23.0180062 120.2187151,23.0180079 120.2186847,23.0180122 120.2186784,23.0180132 120.2186419,23.0180201 120.2186275,23.0180232 120.2186131,23.0180266 120.2185988,23.0180302 120.2185846,23.018034 120.2185501,23.0180443 120.2183611,23.018105 120.2182479,23.0181725 120.2182276,23.0181479 120.2180042,23.0182196 120.2180041,23.0182196 120.2178205,23.0175067 120.2178529,23.0168341 120.2177554,23.0168333 120.2177553,23.0168332 120.2177594,23.0167476 120.2175098,23.0156873 120.2174694,23.0156621 120.2170017,23.0157366 120.2169746,23.0157741 120.2170807,23.0162175 120.2170806,23.0162176 120.2169122,23.0162364 120.2168558,23.0162429 120.2165106,23.0162816 120.2159752,23.0163958 120.2157076,23.0164935 120.2154397,23.0165587 120.2152976,23.0165991 120.2148912,23.0167066 120.2148758,23.0167494 120.2148756,23.0167494 120.2131919,23.0146933 120.2122837,23.0135691 120.2123019,23.0135175 120.2131405,23.0132773 120.2146166,23.0132822 120.214956,23.0132037 120.2150989,23.0131716 120.215834,23.0130017 120.2159832,23.0129795 120.2171549,23.0129311</coordinates></LinearRing></outerBoundaryIs>
        </Polygon>
      </MultiGeometry>
  </Placemark>
  <Placemark>
	<Style><LineStyle><color>ff0000ff</color></LineStyle><PolyStyle><fill>0</fill></PolyStyle></Style>
	<ExtendedData><SchemaData schemaUrl="#114SEC_DATBLPD">
		<SimpleData name="段碼">0173</SimpleData>
		<SimpleData name="段名">正覺段</SimpleData>
		<SimpleData name="行政區">北區</SimpleData>
	</SchemaData></ExtendedData>
      <MultiGeometry>
        <Polygon>
          <outerBoundaryIs><LinearRing><coordinates>120.2125842,23.0139408 120.2131921,23.0146932 120.2148757,23.0167492 120.2148911,23.0167065 120.2152975,23.016599 120.2154396,23.0165585 120.2157075,23.0164934 120.2159752,23.0163957 120.2165105,23.0162815 120.2168558,23.0162427 120.2169141,23.016236 120.2170805,23.0162175 120.2169744,23.0157741 120.2170016,23.0157365 120.2174694,23.0156619 120.21751,23.0156872 120.2177596,23.0167476 120.2177555,23.0168332 120.217853,23.016834 120.2178531,23.0168341 120.2178207,23.0175067 120.2180043,23.0182196 120.2173717,23.0184228 120.2173695,23.0184373 120.217343,23.0184957 120.2172965,23.0185613 120.2173113,23.0185844 120.2174322,23.0185657 120.2175233,23.0186606 120.217607,23.0186337 120.2176204,23.0186676 120.2177342,23.0186312 120.2178108,23.0186954 120.2177905,23.0191468 120.217794,23.0191471 120.217787,23.0192643 120.2177817,23.0193411 120.2177669,23.0196703 120.2177661,23.0197802 120.2177777,23.0197809 120.2178017,23.0198015 120.2178026,23.0198079 120.2177804,23.01992 120.2177286,23.0200803 120.2177069,23.0201196 120.2176853,23.020119 120.2176412,23.0201321 120.2175592,23.0201299 120.2174661,23.0201038 120.2173751,23.0200651 120.2173093,23.0200272 120.2172222,23.0199837 120.2171848,23.0199591 120.217155,23.0199302 120.217137,23.0199045 120.2170832,23.0198053 120.2170563,23.0198069 120.2170424,23.0197635 120.2170443,23.0197618 120.217082,23.0197655 120.2171387,23.0197715 120.2171685,23.0197731 120.2171653,23.0196883 120.2171659,23.0196375 120.2171514,23.0196367 120.2170764,23.019629 120.2170332,23.0193502 120.21675,23.0190371 120.21675,23.019037 120.216848,23.0189772 120.2167271,23.0188835 120.2165321,23.0188708 120.2163389,23.0189659 120.2163306,23.0189689 120.216317,23.0189937 120.2161497,23.019099 120.2158658,23.0192335 120.2159169,23.0194595 120.2158238,23.019537 120.2157458,23.0195407 120.2157585,23.0195914 120.2156417,23.0196748 120.2152462,23.0196951 120.2151922,23.0196202 120.2151639,23.0195434 120.215295,23.0194913 120.2152405,23.0193148 120.21523,23.019222 120.2151507,23.0192544 120.2151243,23.0192645 120.2151241,23.0192644 120.2151095,23.0191961 120.2151004,23.0191599 120.215068,23.0190803 120.2149543,23.0188747 120.2148603,23.0186351 120.2148603,23.018635 120.2148841,23.0186329 120.2148426,23.0185579 120.214664,23.0185786 120.2145901,23.0186399 120.2146186,23.0186384 120.2146187,23.0186386 120.2145659,23.0186857 120.2144682,23.0187814 120.2143796,23.0188872 120.214257,23.0189927 120.2141436,23.0190958 120.2139688,23.0193643 120.2136618,23.0194989 120.2136473,23.0195192 120.2136407,23.0195257 120.2136405,23.0195257 120.2133103,23.0191377 120.2132124,23.0190487 120.2129681,23.0187857 120.2129129,23.018654 120.212913,23.0186538 120.212948,23.0186517 120.2130339,23.0185169 120.2130301,23.0183327 120.2127463,23.0173909 120.2127674,23.0166945 120.2128829,23.014989 120.212967,23.0149317 120.2129796,23.0147321 120.2124296,23.0140512 120.2125842,23.0139408</coordinates></LinearRing></outerBoundaryIs>
        </Polygon>
      </MultiGeometry>
  </Placemark>
  <Placemark>
	<Style><LineStyle><color>ff0000ff</color></LineStyle><PolyStyle><fill>0</fill></PolyStyle></Style>
	<ExtendedData><SchemaData schemaUrl="#114SEC_DATBLPD">
		<SimpleData name="段碼">0174</SimpleData>
		<SimpleData name="段名">中山段</SimpleData>
		<SimpleData name="行政區">中西區</SimpleData>
	</SchemaData></ExtendedData>
      <MultiGeometry>
        <Polygon>
          <outerBoundaryIs><LinearRing><coordinates>120.2075848,22.9924504 120.2078303,22.9925916 120.2079474,22.9926483 120.2079474,22.9926484 120.2079265,22.9926741 120.2079317,22.9926771 120.2079463,22.9927036 120.2079513,22.9927225 120.2079316,22.9927512 120.2080941,22.9928915 120.2081622,22.992955 120.2081964,22.9930339 120.2082155,22.993073 120.2082366,22.9931373 120.2082419,22.9931499 120.2082429,22.9931603 120.2082396,22.993173 120.2082423,22.9932355 120.2082911,22.9932245 120.2083013,22.9932557 120.2083244,22.9933004 120.2092913,22.9930794 120.2093712,22.9930708 120.2093713,22.993071 120.2093425,22.9931073 120.2096008,22.9943494 120.2096379,22.9943786 120.2096378,22.9943788 120.2095786,22.9943772 120.2096088,22.9944703 120.2096509,22.9945334 120.2096528,22.9945416 120.2096527,22.9945417 120.2095512,22.9945531 120.2095446,22.9945539 120.2087275,22.9947957 120.2086125,22.9948305 120.2084701,22.9948734 120.2084389,22.9948833 120.2074984,22.9951833 120.2063842,22.9955761 120.20606,22.995687 120.2060082,22.9957002 120.2059354,22.9957247 120.2058441,22.9955875 120.205793,22.9955611 120.2056898,22.995091 120.2055245,22.9943424 120.2057639,22.9942649 120.2063147,22.9940172 120.2063447,22.9940033 120.2063594,22.9939962 120.2063784,22.9939866 120.2063935,22.9939788 120.2064122,22.9939687 120.2064336,22.9939568 120.2064468,22.9939491 120.2064702,22.9939351 120.2064921,22.9939213 120.2065134,22.9939074 120.2065301,22.9938961 120.2065489,22.9938828 120.2065692,22.993868 120.2065855,22.9938557 120.2066018,22.9938429 120.2066209,22.9938275 120.2066408,22.9938108 120.2066928,22.9937637 120.2066979,22.9937632 120.20688,22.9935361 120.2075848,22.9924504</coordinates></LinearRing></outerBoundaryIs>
        </Polygon>
      </MultiGeometry>
  </Placemark>
  <Placemark>
	<Style><LineStyle><color>ff0000ff</color></LineStyle><PolyStyle><fill>0</fill></PolyStyle></Style>
	<ExtendedData><SchemaData schemaUrl="#114SEC_DATBLPD">
		<SimpleData name="段碼">0175</SimpleData>
		<SimpleData name="段名">萬昌段</SimpleData>
		<SimpleData name="行政區">中西區</SimpleData>
	</SchemaData></ExtendedData>
      <MultiGeometry>
        <Polygon>
          <outerBoundaryIs><LinearRing><coordinates>120.211881,22.9887139 120.212021,22.9889307 120.2120209,22.9889473 120.2120206,22.9889564 120.2120195,22.9889742 120.2120186,22.9889838 120.2120172,22.9889961 120.2120151,22.989011 120.2120119,22.989029 120.2120081,22.9890469 120.2120035,22.9890647 120.2119972,22.9890858 120.2119924,22.9890998 120.2119856,22.9891179 120.2119787,22.9891341 120.2119709,22.9891509 120.2119624,22.9891675 120.211958,22.9891756 120.2119486,22.9891917 120.2119437,22.9891997 120.2119335,22.9892153 120.2119226,22.9892306 120.2119112,22.9892455 120.2119053,22.9892528 120.211893,22.9892671 120.2118803,22.9892811 120.2118737,22.9892879 120.2118601,22.9893012 120.2118461,22.9893141 120.2118316,22.9893265 120.2118166,22.9893384 120.211809,22.9893442 120.2117933,22.9893553 120.2117773,22.989366 120.2117691,22.9893711 120.2117525,22.989381 120.2117355,22.9893903 120.2117182,22.9893991 120.2117006,22.9894073 120.2116916,22.9894112 120.2116735,22.9894186 120.2116552,22.9894253 120.2116366,22.9894315 120.2116178,22.989437 120.2115988,22.989442 120.2115815,22.9894459 120.211561,22.9894724 120.2116055,22.9901615 120.2116079,22.9902448 120.2116486,22.9908294 120.2116999,22.9916258 120.2115596,22.9916464 120.2115595,22.9916463 120.2115591,22.9916408 120.2115247,22.9916161 120.2105131,22.9917618 120.2103039,22.9917931 120.210294,22.9918087 120.2102939,22.9918087 120.210218,22.9917507 120.2101886,22.9917396 120.2101852,22.9917255 120.2101531,22.9917225 120.2100702,22.9917181 120.2095596,22.9917932 120.2091464,22.9918544 120.2091462,22.9918571 120.2088027,22.9919088 120.2088018,22.9919053 120.2079167,22.9920357 120.2078871,22.9919939 120.2083576,22.9913055 120.2088644,22.9908512 120.2088927,22.9908292 120.2101972,22.9899078 120.2110229,22.9893254 120.211058,22.9893271 120.2110261,22.9892819 120.2110351,22.9892759 120.2110123,22.9892499 120.2110757,22.9892014 120.2110718,22.9891973 120.2110718,22.9891972 120.2113855,22.9889802 120.211391,22.9889861 120.211591,22.9888693 120.211881,22.9887139</coordinates></LinearRing></outerBoundaryIs>
        </Polygon>
      </MultiGeometry>
  </Placemark>
  <Placemark>
	<Style><LineStyle><color>ff0000ff</color></LineStyle><PolyStyle><fill>0</fill></PolyStyle></Style>
	<ExtendedData><SchemaData schemaUrl="#114SEC_DATBLPD">
		<SimpleData name="段碼">0176</SimpleData>
		<SimpleData name="段名">青年段</SimpleData>
		<SimpleData name="行政區">中西區</SimpleData>
	</SchemaData></ExtendedData>
      <MultiGeometry>
        <Polygon>
          <outerBoundaryIs><LinearRing><coordinates>120.2115248,22.991616 120.2115594,22.9916408 120.2115597,22.9916463 120.2117,22.9916257 120.2117001,22.9916258 120.2117789,22.9928476 120.2118042,22.9933472 120.2118058,22.9933473 120.2118661,22.9945982 120.211866,22.9945983 120.2108816,22.9945738 120.2096528,22.9945417 120.2096507,22.9945335 120.2096087,22.9944704 120.2095784,22.9943772 120.2095785,22.994377 120.2096376,22.9943786 120.2096006,22.9943495 120.2093423,22.9931074 120.209371,22.993071 120.2092914,22.9930796 120.2083244,22.9933007 120.2083012,22.9932558 120.208291,22.9932246 120.2082423,22.9932357 120.2082421,22.9932357 120.2082395,22.993173 120.2082427,22.9931603 120.2082417,22.99315 120.2082364,22.9931374 120.2082154,22.993073 120.2081962,22.993034 120.2081621,22.9929552 120.208094,22.9928917 120.2079314,22.9927513 120.2079511,22.9927225 120.2079461,22.9927037 120.2079315,22.9926772 120.2079263,22.9926742 120.2079263,22.992674 120.2079472,22.9926484 120.2078303,22.9925917 120.2075847,22.9924504 120.2077323,22.9922232 120.2077648,22.9921931 120.2078292,22.9921841 120.2078143,22.9920507 120.208802,22.9919052 120.2088028,22.9919087 120.2091462,22.991857 120.2091464,22.9918543 120.2095596,22.9917931 120.2098758,22.9917466 120.2100115,22.9917266 120.210071,22.9917183 120.2101532,22.9917224 120.2101854,22.9917254 120.2101888,22.9917395 120.2102182,22.9917506 120.210294,22.9918086 120.2103039,22.991793 120.2105131,22.9917617 120.2115248,22.991616</coordinates></LinearRing></outerBoundaryIs>
        </Polygon>
      </MultiGeometry>
  </Placemark>
  <Placemark>
	<Style><LineStyle><color>ff0000ff</color></LineStyle><PolyStyle><fill>0</fill></PolyStyle></Style>
	<ExtendedData><SchemaData schemaUrl="#114SEC_DATBLPD">
		<SimpleData name="段碼">0177</SimpleData>
		<SimpleData name="段名">三民段</SimpleData>
		<SimpleData name="行政區">中西區</SimpleData>
	</SchemaData></ExtendedData>
      <MultiGeometry>
        <Polygon>
          <outerBoundaryIs><LinearRing><coordinates>120.2067787,22.9903205 120.2076372,22.990872 120.2076731,22.9908954 120.2081842,22.9912331 120.2081866,22.9912445 120.2082324,22.991271 120.2082609,22.9912873 120.2083015,22.991301 120.2083354,22.9913233 120.2078813,22.9919876 120.2079109,22.9920292 120.2079108,22.9920294 120.2078083,22.9920445 120.2078233,22.9921778 120.2077588,22.9921869 120.2077263,22.9922169 120.2068741,22.9935299 120.206692,22.9937569 120.2066868,22.9937575 120.2066349,22.9938046 120.206615,22.9938213 120.2065959,22.9938367 120.2065796,22.9938494 120.2065633,22.9938618 120.206543,22.9938766 120.2065319,22.9938844 120.2065075,22.9939011 120.2064861,22.9939151 120.2064707,22.9939248 120.2064549,22.9939345 120.2064409,22.9939429 120.2064276,22.9939505 120.2064062,22.9939625 120.2063876,22.9939725 120.2063724,22.9939804 120.2063578,22.9939878 120.2063387,22.9939971 120.2063088,22.994011 120.2057579,22.9942587 120.2056194,22.9943035 120.2056193,22.9943034 120.2055858,22.994171 120.2055214,22.9941916 120.2054711,22.9941637 120.2052923,22.9931074 120.2053193,22.9930592 120.2053331,22.9930521 120.2053417,22.9930475 120.2053572,22.9930386 120.2053749,22.9930277 120.205383,22.9930225 120.205401,22.99301 120.2054142,22.9930002 120.2054272,22.9929899 120.2054491,22.992971 120.2054577,22.992963 120.2054647,22.9929563 120.2054921,22.9929411 120.2055975,22.992739 120.205606,22.9927071 120.2056095,22.992691 120.2056112,22.9926819 120.2056127,22.9926729 120.2056151,22.9926556 120.205617,22.9926365 120.2056177,22.9926274 120.2056182,22.9926183 120.2056186,22.9926 120.2056186,22.9925909 120.2056181,22.9925736 120.2056167,22.9925543 120.2056158,22.9925452 120.2056136,22.9925277 120.2056088,22.9925001 120.2056055,22.9924852 120.2056001,22.9924644 120.2055948,22.9924468 120.2055888,22.9924294 120.2055856,22.9924208 120.2055822,22.9924122 120.2055749,22.9923952 120.2055669,22.9923785 120.2055627,22.9923702 120.2055553,22.9923565 120.205538,22.9923277 120.2055291,22.9923144 120.2055166,22.9922972 120.2055134,22.992243 120.205852,22.9917108 120.2062624,22.9910663 120.2067309,22.9903302 120.2067787,22.9903205</coordinates></LinearRing></outerBoundaryIs>
        </Polygon>
      </MultiGeometry>
  </Placemark>
  <Placemark>
	<Style><LineStyle><color>ff0000ff</color></LineStyle><PolyStyle><fill>0</fill></PolyStyle></Style>
	<ExtendedData><SchemaData schemaUrl="#114SEC_DATBLPD">
		<SimpleData name="段碼">0178</SimpleData>
		<SimpleData name="段名">銀同段</SimpleData>
		<SimpleData name="行政區">中西區</SimpleData>
	</SchemaData></ExtendedData>
      <MultiGeometry>
        <Polygon>
          <outerBoundaryIs><LinearRing><coordinates>120.2115126,22.9883562 120.2115132,22.9883615 120.2115138,22.9883649 120.2115146,22.9883682 120.2115156,22.9883715 120.2115167,22.9883748 120.2115186,22.9883791 120.2115207,22.9883832 120.2115232,22.9883872 120.2115274,22.9883929 120.2115305,22.9883964 120.2115331,22.9883989 120.2115367,22.988402 120.2115396,22.9884042 120.2115425,22.9884063 120.2115467,22.9884088 120.211551,22.9884111 120.2115543,22.9884126 120.2115578,22.9884139 120.2115624,22.9884154 120.211566,22.9884163 120.2115891,22.9884214 120.2115987,22.9884237 120.2116176,22.9884288 120.2116363,22.9884346 120.2116548,22.9884409 120.2116639,22.9884443 120.211673,22.9884478 120.2116902,22.988455 120.2117089,22.9884635 120.2117176,22.9884678 120.2117262,22.9884722 120.2117433,22.9884814 120.2117517,22.9884862 120.2117682,22.9884963 120.2117843,22.9885068 120.2117978,22.9885163 120.2118232,22.9885663 120.2118912,22.9886523 120.211924,22.9886536 120.2119292,22.9886516 120.2119319,22.9886556 120.2119342,22.9886592 120.2119342,22.9886593 120.2118642,22.9886908 120.2118751,22.9887076 120.2118751,22.9887078 120.2115851,22.9888631 120.211385,22.9889799 120.2113795,22.988974 120.211066,22.9891909 120.2110699,22.989195 120.2110699,22.9891952 120.2110065,22.9892435 120.2110293,22.9892695 120.2110293,22.9892696 120.2110203,22.9892756 120.2110522,22.9893208 120.2110522,22.989321 120.211017,22.9893192 120.2102271,22.9898763 120.2088868,22.990823 120.2088585,22.990845 120.2083518,22.9912993 120.2083354,22.9913233 120.2083352,22.9913233 120.2083014,22.9913011 120.2082608,22.9912874 120.2082323,22.9912711 120.2081865,22.9912446 120.208184,22.9912332 120.207673,22.9908955 120.2076371,22.9908721 120.2067786,22.9903207 120.206731,22.9903303 120.2067309,22.9903302 120.2067926,22.9902393 120.2076085,22.9892016 120.2077087,22.9890693 120.2080652,22.9890637 120.2080667,22.9890089 120.2080718,22.988901 120.2087145,22.988891 120.2101201,22.9888686 120.2108888,22.9888571 120.2108926,22.9888352 120.2108965,22.9888173 120.2108987,22.9888084 120.2109035,22.9887906 120.2109091,22.9887731 120.2109121,22.9887644 120.2109186,22.9887471 120.2109258,22.9887301 120.2109296,22.9887217 120.2109378,22.988705 120.2109465,22.9886886 120.2109511,22.9886806 120.2109583,22.9886685 120.2109711,22.988649 120.2109822,22.9886333 120.2109933,22.9886188 120.2109992,22.9886115 120.2110115,22.9885971 120.2110178,22.9885901 120.2110308,22.9885764 120.2110444,22.988563 120.2110584,22.9885502 120.2110729,22.9885378 120.2110804,22.9885318 120.2110956,22.9885201 120.2111033,22.9885144 120.2111191,22.9885035 120.2111272,22.9884982 120.2111437,22.9884881 120.2111639,22.9884766 120.2111777,22.9884694 120.2111864,22.9884651 120.211204,22.9884569 120.2112129,22.988453 120.2112309,22.9884457 120.2112533,22.9884375 120.211268,22.9884327 120.2112905,22.9884262 120.2113183,22.9883907 120.2113185,22.9883907 120.2113555,22.9884575 120.2114951,22.9884261 120.2114931,22.9883973 120.2115146,22.988392 120.2115126,22.9883562</coordinates></LinearRing></outerBoundaryIs>
        </Polygon>
      </MultiGeometry>
  </Placemark>
  <Placemark>
	<Style><LineStyle><color>ff0000ff</color></LineStyle><PolyStyle><fill>0</fill></PolyStyle></Style>
	<ExtendedData><SchemaData schemaUrl="#114SEC_DATBLPD">
		<SimpleData name="段碼">0179</SimpleData>
		<SimpleData name="段名">永華段</SimpleData>
		<SimpleData name="行政區">中西區</SimpleData>
	</SchemaData></ExtendedData>
      <MultiGeometry>
        <Polygon>
          <outerBoundaryIs><LinearRing><coordinates>120.2080718,22.988901 120.2080719,22.9889011 120.2080669,22.9890089 120.2080653,22.9890639 120.2077088,22.9890695 120.2076086,22.9892017 120.2067927,22.9902394 120.2067311,22.9903303 120.2062626,22.9910664 120.2058521,22.9917109 120.2055136,22.9922431 120.2055168,22.9922972 120.2055166,22.9922972 120.2055066,22.9922843 120.2054945,22.9922699 120.2054819,22.9922558 120.2054713,22.9922447 120.2054583,22.9922322 120.2054508,22.9922253 120.2054354,22.9922118 120.2054275,22.9922053 120.2054195,22.9921989 120.2054031,22.9921864 120.2053862,22.9921745 120.2053689,22.9921632 120.2053512,22.9921524 120.205335,22.9921433 120.2053275,22.9921393 120.2053159,22.9921335 120.2052947,22.9921238 120.2052786,22.992117 120.2052483,22.9921057 120.2051207,22.9921064 120.2050973,22.9920917 120.2050952,22.992075 120.2050726,22.9920622 120.2050583,22.9920486 120.2050524,22.9920379 120.2049158,22.9908709 120.204916,22.9908708 120.2049551,22.9908794 120.2049394,22.9907415 120.2048996,22.9907325 120.2048229,22.990086 120.204823,22.9900859 120.2048542,22.9900878 120.2048605,22.9900819 120.2048595,22.9900765 120.2048492,22.9900098 120.2048137,22.9900086 120.2046893,22.9889573 120.2046894,22.9889572 120.2062265,22.9889304 120.2065999,22.9889245 120.2069123,22.9889184 120.2072671,22.9889122 120.2078407,22.9889047 120.2080718,22.988901</coordinates></LinearRing></outerBoundaryIs>
        </Polygon>
      </MultiGeometry>
  </Placemark>
  <Placemark>
	<Style><LineStyle><color>ff0000ff</color></LineStyle><PolyStyle><fill>0</fill></PolyStyle></Style>
	<ExtendedData><SchemaData schemaUrl="#114SEC_DATBLPD">
		<SimpleData name="段碼">0180</SimpleData>
		<SimpleData name="段名">觀音段</SimpleData>
		<SimpleData name="行政區">中西區</SimpleData>
	</SchemaData></ExtendedData>
      <MultiGeometry>
        <Polygon>
          <outerBoundaryIs><LinearRing><coordinates>120.205898,22.9957325 120.2070272,22.9979348 120.2070343,22.9979672 120.2070342,22.9979673 120.2069537,22.9979811 120.2070489,22.9981667 120.2070488,22.9981668 120.2069218,22.9981886 120.2069143,22.9981741 120.2067514,22.9982021 120.2067553,22.9982171 120.2067552,22.9982172 120.2061812,22.9983157 120.2049493,22.9985394 120.2042607,22.9987711 120.2041873,22.9985845 120.2038441,22.9987 120.203844,22.9986999 120.2038649,22.9986591 120.2031492,22.9967456 120.203105,22.9967266 120.203105,22.9967264 120.2039956,22.9964099 120.2040368,22.9963949 120.2041663,22.9963492 120.2053877,22.9959141 120.205898,22.9957325</coordinates></LinearRing></outerBoundaryIs>
          <innerBoundaryIs><LinearRing><coordinates>120.2037365,22.9968221 120.2037279,22.996825 120.2037645,22.9969227 120.2037571,22.9969433 120.2037623,22.9969676 120.2037878,22.9969447 120.2037766,22.9968927 120.2037625,22.996897 120.2037624,22.9968969 120.2037365,22.9968221</coordinates></LinearRing></innerBoundaryIs>
          <innerBoundaryIs><LinearRing><coordinates>120.2046612,22.997008 120.2045953,22.9970273 120.2045962,22.9970304 120.2045438,22.9970456 120.2045144,22.9970503 120.2044553,22.9970672 120.2044604,22.9970803 120.2046541,22.9970247 120.204665,22.9970218 120.2046612,22.997008</coordinates></LinearRing></innerBoundaryIs>
        </Polygon>
      </MultiGeometry>
  </Placemark>
  <Placemark>
	<Style><LineStyle><color>ff0000ff</color></LineStyle><PolyStyle><fill>0</fill></PolyStyle></Style>
	<ExtendedData><SchemaData schemaUrl="#114SEC_DATBLPD">
		<SimpleData name="段碼">0181</SimpleData>
		<SimpleData name="段名">赤崁段</SimpleData>
		<SimpleData name="行政區">中西區</SimpleData>
	</SchemaData></ExtendedData>
      <MultiGeometry>
        <Polygon>
          <outerBoundaryIs><LinearRing><coordinates>120.203105,22.9967264 120.2031493,22.9967455 120.2038651,22.9986591 120.2038442,22.9986998 120.2041873,22.9985843 120.2042608,22.998771 120.2042607,22.9987711 120.2033632,22.9990734 120.2028858,22.9992339 120.2012404,22.9997875 120.2012221,22.9997444 120.2011902,22.999758 120.201185,22.9997511 120.2011425,22.9996846 120.2007906,22.9990894 120.200169,22.9980416 120.2002402,22.997979 120.2003287,22.9979001 120.2003289,22.9979001 120.2003391,22.9979267 120.2004009,22.9980197 120.2003972,22.9979974 120.2004018,22.9979758 120.2004142,22.9979673 120.2004264,22.9979586 120.2004381,22.9979496 120.2004633,22.9979286 120.200477,22.9979161 120.200488,22.9979053 120.2005102,22.9978817 120.2005307,22.997857 120.2005504,22.9978299 120.2005552,22.9978228 120.2005678,22.9978025 120.2005837,22.9977735 120.2005908,22.9977588 120.2005973,22.9977443 120.2006077,22.9977179 120.2006165,22.9976911 120.2006215,22.9976729 120.2006237,22.9976641 120.2006257,22.9976552 120.2006292,22.9976374 120.200632,22.9976195 120.2006332,22.9976105 120.2006352,22.9975898 120.2006443,22.9975606 120.2006531,22.9975528 120.2006657,22.9975475 120.2011002,22.9974046 120.20195,22.9971261 120.2020881,22.9970805 120.2024847,22.9969465 120.2025231,22.9969332 120.203105,22.9967264</coordinates></LinearRing></outerBoundaryIs>
        </Polygon>
      </MultiGeometry>
  </Placemark>
  <Placemark>
	<Style><LineStyle><color>ff0000ff</color></LineStyle><PolyStyle><fill>0</fill></PolyStyle></Style>
	<ExtendedData><SchemaData schemaUrl="#114SEC_DATBLPD">
		<SimpleData name="段碼">0182</SimpleData>
		<SimpleData name="段名">普濟段</SimpleData>
		<SimpleData name="行政區">中西區</SimpleData>
	</SchemaData></ExtendedData>
      <MultiGeometry>
        <Polygon>
          <outerBoundaryIs><LinearRing><coordinates>120.1994948,22.9977034 120.1995474,22.9977272 120.1995547,22.9977452 120.1995623,22.9977619 120.1995663,22.9977702 120.1995735,22.9977842 120.1995786,22.9977934 120.1995955,22.9978212 120.1996089,22.9978409 120.1996204,22.9978562 120.199632,22.9978708 120.1996443,22.9978849 120.1996506,22.9978918 120.1996571,22.9978987 120.1996703,22.997912 120.1996841,22.9979249 120.1996983,22.9979373 120.199713,22.9979493 120.1997206,22.9979551 120.1997359,22.9979663 120.1997547,22.997979 120.1997678,22.9979872 120.199776,22.9979921 120.1997944,22.9980024 120.1998099,22.9980104 120.1998273,22.9980188 120.1998451,22.9980266 120.1998629,22.9980336 120.199872,22.998037 120.1998904,22.9980433 120.199909,22.998049 120.1999273,22.998054 120.1999467,22.9980586 120.1999561,22.9980606 120.1999767,22.9980644 120.1999921,22.9980667 120.2000075,22.9980687 120.2000239,22.9980703 120.2000336,22.9980711 120.2000532,22.9980721 120.2000728,22.9980725 120.2000826,22.9980725 120.2000923,22.9980723 120.2001119,22.9980715 120.2001369,22.9980695 120.200169,22.9980416 120.2001691,22.9980417 120.2007907,22.9990893 120.2011426,22.9996845 120.2011852,22.999751 120.2011903,22.9997579 120.2011903,22.999758 120.2011234,22.9997974 120.2011086,22.9998325 120.1988785,23.0005866 120.1988154,23.0005899 120.1987049,23.0005839 120.1977608,22.9983466 120.1977263,22.9983331 120.197722,22.9983246 120.197722,22.9983244 120.1979832,22.9982329 120.1994948,22.9977034</coordinates></LinearRing></outerBoundaryIs>
          <innerBoundaryIs><LinearRing><coordinates>120.1998083,22.9982011 120.1997712,22.998233 120.1997887,22.9982496 120.1998095,22.9982424 120.1998167,22.9982092 120.1998083,22.9982011</coordinates></LinearRing></innerBoundaryIs>
          <innerBoundaryIs><LinearRing><coordinates>120.1997145,22.9988818 120.1997138,22.9988841 120.1997176,22.9988828 120.1997145,22.9988818</coordinates></LinearRing></innerBoundaryIs>
          <innerBoundaryIs><LinearRing><coordinates>120.2004818,22.9998521 120.1998627,23.0000614 120.1998757,23.0000713 120.1998717,23.0000773 120.1998875,23.0000718 120.2000208,23.0000593 120.2000618,23.000045 120.2001322,22.9999792 120.2001406,22.9999749 120.200489,22.9998812 120.2004818,22.9998521</coordinates></LinearRing></innerBoundaryIs>
        </Polygon>
      </MultiGeometry>
  </Placemark>
  <Placemark>
	<Style><LineStyle><color>ff0000ff</color></LineStyle><PolyStyle><fill>0</fill></PolyStyle></Style>
	<ExtendedData><SchemaData schemaUrl="#114SEC_DATBLPD">
		<SimpleData name="段碼">0183</SimpleData>
		<SimpleData name="段名">白金段</SimpleData>
		<SimpleData name="行政區">中西區</SimpleData>
	</SchemaData></ExtendedData>
      <MultiGeometry>
        <Polygon>
          <outerBoundaryIs><LinearRing><coordinates>120.204528,22.9928833 120.2045857,22.9928925 120.2045992,22.99291 120.2046142,22.9929279 120.2046238,22.9929384 120.2046369,22.9929521 120.2046474,22.9929623 120.2046647,22.9929781 120.2046794,22.9929905 120.2046937,22.9930018 120.2047099,22.9930136 120.2047252,22.9930241 120.2047421,22.9930347 120.2047569,22.9930434 120.2047758,22.9930537 120.2047845,22.9930581 120.204802,22.9930665 120.2048109,22.9930705 120.2048245,22.9930762 120.2048471,22.9930849 120.2048637,22.9930906 120.2048974,22.9931006 120.2049129,22.9931045 120.2049223,22.9931067 120.2049371,22.9931097 120.2049516,22.9931123 120.2049612,22.9931139 120.2049778,22.9931161 120.2050003,22.9931185 120.2050201,22.9931199 120.20503,22.9931203 120.2050506,22.9931207 120.2050767,22.9931203 120.2050989,22.993119 120.2051185,22.9931172 120.2051283,22.993116 120.2051479,22.9931133 120.2051576,22.9931117 120.2051769,22.993108 120.2051961,22.9931036 120.2052151,22.9930987 120.2052246,22.993096 120.2052339,22.9930931 120.2052522,22.9930871 120.2052712,22.9930801 120.2052911,22.993072 120.205301,22.9930677 120.2053193,22.9930592 120.2053195,22.9930593 120.2052925,22.9931074 120.2054713,22.9941636 120.2055214,22.9941915 120.2055858,22.9941708 120.205586,22.9941708 120.2056195,22.9943034 120.2055187,22.994336 120.2056839,22.9950845 120.2057871,22.9955547 120.2058382,22.995581 120.2059295,22.9957182 120.2059294,22.9957183 120.205898,22.9957327 120.2053878,22.9959143 120.2041664,22.9963493 120.2041663,22.9963493 120.204111,22.9961948 120.2041498,22.9961809 120.2040967,22.9961584 120.20362,22.9949413 120.2036453,22.9948924 120.203601,22.9947634 120.2035491,22.9947382 120.2034019,22.9942604 120.2031639,22.9934578 120.2031923,22.9934103 120.2041835,22.9931358 120.204528,22.9928833</coordinates></LinearRing></outerBoundaryIs>
        </Polygon>
      </MultiGeometry>
  </Placemark>
  <Placemark>
	<Style><LineStyle><color>ff0000ff</color></LineStyle><PolyStyle><fill>0</fill></PolyStyle></Style>
	<ExtendedData><SchemaData schemaUrl="#114SEC_DATBLPD">
		<SimpleData name="段碼">0184</SimpleData>
		<SimpleData name="段名">永福段</SimpleData>
		<SimpleData name="行政區">中西區</SimpleData>
	</SchemaData></ExtendedData>
      <MultiGeometry>
        <Polygon>
          <outerBoundaryIs><LinearRing><coordinates>120.2031923,22.9934103 120.2031924,22.9934104 120.2031641,22.9934577 120.2034021,22.9942604 120.2035493,22.9947381 120.2036012,22.9947633 120.2036455,22.9948924 120.2036202,22.9949413 120.2040969,22.9961583 120.2041501,22.9961808 120.2041501,22.996181 120.2041112,22.9961948 120.2041664,22.9963492 120.2040368,22.9963951 120.2039956,22.9964101 120.2025232,22.9969334 120.2024847,22.9969466 120.2021535,22.9970586 120.2021534,22.9970584 120.2021572,22.997053 120.2021576,22.996884 120.2023021,22.9968351 120.2023766,22.9968096 120.2021568,22.9962586 120.202057,22.9962889 120.202032,22.9962967 120.2017335,22.9955447 120.2016864,22.9955251 120.2016864,22.9955249 120.2017053,22.9955187 120.201667,22.9953819 120.2016594,22.9953847 120.2016593,22.9953845 120.2016845,22.9953357 120.2012256,22.9940043 120.2011769,22.9939812 120.2011761,22.9939788 120.2012206,22.9939652 120.2012136,22.9939471 120.2012096,22.9939435 120.2012096,22.9939433 120.2024356,22.9935731 120.2026845,22.993522 120.2029718,22.9934625 120.2031923,22.9934103</coordinates></LinearRing></outerBoundaryIs>
        </Polygon>
      </MultiGeometry>
  </Placemark>
  <Placemark>
	<Style><LineStyle><color>ff0000ff</color></LineStyle><PolyStyle><fill>0</fill></PolyStyle></Style>
	<ExtendedData><SchemaData schemaUrl="#114SEC_DATBLPD">
		<SimpleData name="段碼">0185</SimpleData>
		<SimpleData name="段名">新美段</SimpleData>
		<SimpleData name="行政區">中西區</SimpleData>
	</SchemaData></ExtendedData>
      <MultiGeometry>
        <Polygon>
          <outerBoundaryIs><LinearRing><coordinates>120.2011736,22.9939795 120.2012258,22.9940042 120.2016847,22.9953357 120.2016596,22.9953844 120.201667,22.9953817 120.2016672,22.9953818 120.2017043,22.9955138 120.2017055,22.9955187 120.2016867,22.995525 120.2017337,22.9955446 120.2020322,22.9962966 120.2020569,22.9962888 120.202157,22.9962584 120.2023768,22.9968096 120.2023022,22.9968353 120.2021577,22.9968841 120.2021574,22.9970531 120.2021535,22.9970586 120.2020478,22.9970943 120.2020099,22.9971066 120.2011003,22.9974047 120.2006658,22.9975477 120.2006532,22.9975529 120.2006445,22.9975607 120.2006354,22.9975898 120.2006334,22.9976105 120.2006322,22.9976195 120.2006294,22.9976374 120.2006259,22.9976553 120.2006239,22.9976641 120.2006217,22.997673 120.2006167,22.9976911 120.2006078,22.997718 120.2006019,22.9977337 120.2005984,22.9977422 120.2005948,22.9977506 120.200587,22.9977672 120.2005786,22.9977836 120.2005697,22.9977997 120.2005649,22.9978076 120.2005553,22.9978229 120.2005446,22.9978386 120.2005336,22.9978536 120.2005278,22.9978609 120.200516,22.9978753 120.2005036,22.9978894 120.2004972,22.9978962 120.200484,22.9979096 120.2004703,22.9979226 120.2004561,22.9979351 120.2004415,22.9979472 120.2004264,22.9979588 120.2004187,22.9979644 120.2004019,22.997976 120.2003974,22.9979974 120.2004012,22.9980201 120.200401,22.9980202 120.2003389,22.9979268 120.2003287,22.9979002 120.2002163,22.9976031 120.2002347,22.9975941 120.2000421,22.997148 120.200045,22.9971455 120.1999228,22.9968369 120.1999058,22.9967934 120.199927,22.9967844 120.199963,22.9967705 120.1999399,22.9967265 120.1997359,22.9962 120.199762,22.9961516 120.1996951,22.9961706 120.1996853,22.9962098 120.1996851,22.9962098 120.1996413,22.9960681 120.1996081,22.9959709 120.1996082,22.9959708 120.1996548,22.9959616 120.1994841,22.9952178 120.1993993,22.994855 120.1993879,22.9948071 120.1993403,22.994603 120.1993686,22.9945554 120.199957,22.994355 120.1999559,22.9943528 120.199956,22.9943527 120.2000697,22.994314 120.2001205,22.9943019 120.2008253,22.994085 120.2011736,22.9939795</coordinates></LinearRing></outerBoundaryIs>
        </Polygon>
      </MultiGeometry>
  </Placemark>
  <Placemark>
	<Style><LineStyle><color>ff0000ff</color></LineStyle><PolyStyle><fill>0</fill></PolyStyle></Style>
	<ExtendedData><SchemaData schemaUrl="#114SEC_DATBLPD">
		<SimpleData name="段碼">0186</SimpleData>
		<SimpleData name="段名">檨仔林段</SimpleData>
		<SimpleData name="行政區">中西區</SimpleData>
	</SchemaData></ExtendedData>
      <MultiGeometry>
        <Polygon>
          <outerBoundaryIs><LinearRing><coordinates>120.2024804,22.9894097 120.2024806,22.9894098 120.2024788,22.9894245 120.2023992,22.9895522 120.2022322,22.9895878 120.2021494,22.9896057 120.2021897,22.9897294 120.2021896,22.9897295 120.2021811,22.9897312 120.2026144,22.9916016 120.2027,22.9915839 120.2027001,22.9915839 120.2027446,22.991776 120.2027952,22.9918218 120.2028049,22.9918246 120.2028049,22.9918248 120.2027774,22.9918317 120.2028255,22.9920393 120.2028254,22.9920395 120.2026909,22.9920656 120.202935,22.9931233 120.2029388,22.9931228 120.2029757,22.9932904 120.2028648,22.9933145 120.2029602,22.9934338 120.2030118,22.993453 120.2030118,22.9934532 120.2029718,22.9934627 120.2026846,22.9935222 120.2024356,22.9935733 120.2012096,22.9939435 120.2012016,22.9939362 120.2011923,22.9939391 120.2011922,22.993939 120.2011574,22.9938013 120.2011627,22.993794 120.2011492,22.9937372 120.2011398,22.9937398 120.2011396,22.9937397 120.2009319,22.9929163 120.2008021,22.9924029 120.2007721,22.9922538 120.2007688,22.9922401 120.2007605,22.9922078 120.2007528,22.9921739 120.200743,22.992176 120.2007429,22.9921758 120.2007457,22.9921717 120.2006959,22.9919625 120.2005471,22.9913488 120.2005059,22.9913247 120.2005059,22.9913245 120.2005499,22.9913153 120.200534,22.9912355 120.2004894,22.9912448 120.2004892,22.9912447 120.2005162,22.9912071 120.2003021,22.9900916 120.2003022,22.9900915 120.2003166,22.9900893 120.2002785,22.9898913 120.2003334,22.9898819 120.2021454,22.9894811 120.2022428,22.9894602 120.2024804,22.9894097</coordinates></LinearRing></outerBoundaryIs>
        </Polygon>
      </MultiGeometry>
  </Placemark>
  <Placemark>
	<Style><LineStyle><color>ff0000ff</color></LineStyle><PolyStyle><fill>0</fill></PolyStyle></Style>
	<ExtendedData><SchemaData schemaUrl="#114SEC_DATBLPD">
		<SimpleData name="段碼">0187</SimpleData>
		<SimpleData name="段名">保西段</SimpleData>
		<SimpleData name="行政區">中西區</SimpleData>
	</SchemaData></ExtendedData>
      <MultiGeometry>
        <Polygon>
          <outerBoundaryIs><LinearRing><coordinates>120.2007529,22.9921737 120.2007607,22.9922078 120.200769,22.99224 120.2007723,22.9922538 120.2008023,22.9924028 120.2009321,22.9929163 120.2011398,22.9937396 120.2011492,22.993737 120.2011493,22.9937371 120.2011629,22.993794 120.2011576,22.9938013 120.2011923,22.9939389 120.2012017,22.993936 120.2012137,22.9939469 120.2012208,22.9939652 120.2012207,22.9939653 120.2011763,22.9939788 120.2011771,22.9939811 120.2011769,22.9939812 120.2011735,22.9939796 120.2008254,22.9940852 120.2001205,22.9943021 120.2000698,22.9943141 120.1999562,22.9943528 120.1999572,22.9943551 120.1999571,22.9943552 120.1993687,22.9945556 120.1993405,22.994603 120.1993403,22.994603 120.199324,22.9945354 120.199289,22.9944079 120.1992672,22.9944156 120.1992634,22.9944132 120.1992635,22.994413 120.1992855,22.9944042 120.1992523,22.9943107 120.1992305,22.9942501 120.1992198,22.9942183 120.199172,22.9940818 120.1991609,22.9940472 120.1991489,22.9940145 120.1991282,22.9939624 120.1991052,22.9938958 120.1990836,22.9938315 120.1990704,22.9937916 120.1990622,22.9937704 120.1990501,22.9937239 120.1990415,22.9936945 120.1989546,22.9934256 120.1987607,22.9928534 120.1987515,22.9928244 120.1987478,22.9928117 120.1986736,22.9926007 120.1986738,22.9926006 120.1987245,22.9926275 120.2007143,22.9922173 120.2007429,22.9921758 120.2007529,22.9921737</coordinates></LinearRing></outerBoundaryIs>
        </Polygon>
      </MultiGeometry>
  </Placemark>
  <Placemark>
	<Style><LineStyle><color>ff0000ff</color></LineStyle><PolyStyle><fill>0</fill></PolyStyle></Style>
	<ExtendedData><SchemaData schemaUrl="#114SEC_DATBLPD">
		<SimpleData name="段碼">0188</SimpleData>
		<SimpleData name="段名">福安段</SimpleData>
		<SimpleData name="行政區">中西區</SimpleData>
	</SchemaData></ExtendedData>
      <MultiGeometry>
        <Polygon>
          <outerBoundaryIs><LinearRing><coordinates>120.2002786,22.9898912 120.2002787,22.9898913 120.2003168,22.9900894 120.2003167,22.9900895 120.2003023,22.9900917 120.2005164,22.9912071 120.2004895,22.9912446 120.200534,22.9912353 120.2005341,22.9912354 120.2005502,22.9913153 120.2005062,22.9913246 120.2005472,22.9913487 120.200696,22.9919624 120.2007459,22.9921718 120.2007144,22.9922175 120.1987245,22.9926276 120.1986736,22.9926007 120.1980449,22.9908071 120.1980617,22.9907924 120.1980767,22.9907782 120.1980899,22.9907648 120.1980963,22.9907579 120.1981091,22.9907435 120.1981148,22.9907366 120.1981232,22.9907261 120.1981321,22.9907144 120.1981438,22.9906979 120.1981531,22.9906836 120.1981628,22.9906678 120.1981718,22.9906516 120.1981802,22.9906351 120.1981879,22.9906184 120.1981951,22.9906015 120.1982016,22.9905843 120.1982074,22.9905669 120.1982128,22.9905488 120.1982172,22.9905315 120.1982192,22.9905227 120.1982235,22.9905005 120.1981561,22.9905013 120.198156,22.9905012 120.1981684,22.990376 120.1983236,22.9903779 120.1983219,22.9903455 120.1983098,22.9903457 120.198305,22.9902251 120.1993284,22.9900522 120.2002786,22.9898912</coordinates></LinearRing></outerBoundaryIs>
        </Polygon>
      </MultiGeometry>
  </Placemark>
  <Placemark>
	<Style><LineStyle><color>ff0000ff</color></LineStyle><PolyStyle><fill>0</fill></PolyStyle></Style>
	<ExtendedData><SchemaData schemaUrl="#114SEC_DATBLPD">
		<SimpleData name="段碼">0189</SimpleData>
		<SimpleData name="段名">孔廟段</SimpleData>
		<SimpleData name="行政區">中西區</SimpleData>
	</SchemaData></ExtendedData>
      <MultiGeometry>
        <Polygon>
          <outerBoundaryIs><LinearRing><coordinates>120.2045106,22.9889409 120.204513,22.9889603 120.2046894,22.9889572 120.2048138,22.9900085 120.2048494,22.9900097 120.2048597,22.9900765 120.2048607,22.9900819 120.2048543,22.990088 120.204823,22.9900861 120.2048998,22.9907325 120.2049396,22.9907414 120.2049553,22.9908795 120.2049552,22.9908796 120.204916,22.990871 120.2050526,22.9920379 120.2050584,22.9920485 120.2050727,22.9920621 120.2050953,22.9920749 120.2050975,22.9920915 120.2051207,22.9921062 120.2052483,22.9921056 120.2052787,22.9921168 120.2052948,22.9921236 120.205316,22.9921334 120.2053276,22.9921392 120.2053351,22.9921431 120.2053513,22.9921523 120.2053602,22.9921576 120.2053777,22.9921687 120.2053863,22.9921744 120.2054032,22.9921863 120.2054114,22.9921924 120.2054276,22.9922051 120.2054355,22.9922117 120.2054433,22.9922184 120.2054585,22.9922321 120.2054714,22.9922446 120.205482,22.9922556 120.2054884,22.9922626 120.2055007,22.9922769 120.2055067,22.9922842 120.2055168,22.9922971 120.2055292,22.9923143 120.2055382,22.9923276 120.2055555,22.9923564 120.2055629,22.9923701 120.2055671,22.9923784 120.205575,22.9923951 120.2055788,22.9924036 120.2055823,22.9924121 120.205589,22.9924293 120.205595,22.9924467 120.2056003,22.9924643 120.2056057,22.9924851 120.205609,22.9925 120.2056124,22.9925183 120.2056138,22.9925277 120.205616,22.9925452 120.2056169,22.9925543 120.2056182,22.9925735 120.2056188,22.9925909 120.2056188,22.9926 120.2056187,22.9926092 120.2056179,22.9926274 120.2056172,22.9926365 120.2056153,22.9926557 120.2056129,22.9926729 120.2056113,22.992682 120.2056096,22.992691 120.2056062,22.9927072 120.2055977,22.992739 120.2054922,22.9929412 120.2054648,22.9929564 120.2054579,22.9929631 120.2054492,22.9929712 120.2054273,22.99299 120.2054143,22.9930003 120.2054011,22.9930102 120.2053831,22.9930227 120.205375,22.9930279 120.2053573,22.9930388 120.2053417,22.9930477 120.2053331,22.9930523 120.2053194,22.9930593 120.2053011,22.9930678 120.2052813,22.9930763 120.2052712,22.9930802 120.2052523,22.9930873 120.205234,22.9930933 120.2052152,22.9930988 120.2051962,22.9931038 120.205177,22.9931081 120.2051673,22.9931101 120.2051576,22.9931118 120.2051381,22.9931149 120.2051185,22.9931174 120.2050989,22.9931192 120.2050767,22.9931205 120.2050506,22.9931209 120.2050299,22.9931205 120.20502,22.9931201 120.2050002,22.9931187 120.2049777,22.9931163 120.2049612,22.993114 120.2049515,22.9931125 120.2049371,22.9931099 120.2049223,22.9931068 120.2049129,22.9931047 120.2048973,22.9931008 120.2048636,22.9930908 120.204847,22.9930851 120.2048244,22.9930764 120.2048108,22.9930706 120.2048019,22.9930667 120.2047844,22.9930583 120.2047757,22.9930539 120.2047567,22.9930436 120.2047419,22.9930349 120.2047251,22.9930242 120.2047098,22.9930138 120.2046936,22.9930019 120.2046866,22.9929965 120.2046762,22.9929882 120.2046698,22.9929828 120.2046472,22.9929624 120.2046367,22.9929522 120.2046301,22.9929454 120.2046236,22.9929386 120.204614,22.992928 120.2045994,22.9929106 120.2045928,22.9929024 120.2045855,22.9928927 120.204528,22.9928835 120.2041836,22.9931359 120.2031923,22.9934104 120.2030117,22.9934532 120.2029601,22.9934339 120.2028645,22.9933144 120.2028646,22.9933143 120.2029754,22.9932903 120.2029386,22.9931229 120.2029349,22.9931234 120.2026907,22.9920656 120.2026908,22.9920655 120.2028253,22.9920393 120.2027772,22.9918316 120.2028045,22.9918247 120.2027951,22.991822 120.2027444,22.9917761 120.2026999,22.9915841 120.2026143,22.9916018 120.2026142,22.9916017 120.2021809,22.9897312 120.2021895,22.9897294 120.2021492,22.9896057 120.2021493,22.9896056 120.2022321,22.9895876 120.2023991,22.9895521 120.2024786,22.9894245 120.2024804,22.9894097 120.2044766,22.988985 120.2045106,22.9889409</coordinates></LinearRing></outerBoundaryIs>
        </Polygon>
      </MultiGeometry>
  </Placemark>
  <Placemark>
	<Style><LineStyle><color>ff0000ff</color></LineStyle><PolyStyle><fill>0</fill></PolyStyle></Style>
	<ExtendedData><SchemaData schemaUrl="#114SEC_DATBLPD">
		<SimpleData name="段碼">0190</SimpleData>
		<SimpleData name="段名">中正段</SimpleData>
		<SimpleData name="行政區">中西區</SimpleData>
	</SchemaData></ExtendedData>
      <MultiGeometry>
        <Polygon>
          <outerBoundaryIs><LinearRing><coordinates>120.1987516,22.9928243 120.1987609,22.9928534 120.1989548,22.9934256 120.1990416,22.9936945 120.1990503,22.9937239 120.1990624,22.9937704 120.1990706,22.9937915 120.1990838,22.9938315 120.1991053,22.9938958 120.1991284,22.9939624 120.1991491,22.9940144 120.1991611,22.9940471 120.1991722,22.9940817 120.19922,22.9942182 120.1992307,22.9942501 120.1992525,22.9943107 120.1992722,22.9943663 120.1991066,22.9944246 120.1990935,22.9944661 120.1990925,22.9944667 120.1990923,22.9944667 120.1990724,22.9944017 120.1990615,22.9944047 120.1990643,22.9944123 120.1990642,22.9944124 120.1990565,22.9944145 120.199035,22.9944535 120.1967295,22.995171 120.1965147,22.9952384 120.196358,22.9952869 120.1952786,22.9956248 120.1952014,22.9956488 120.1949141,22.9948832 120.1947054,22.9939798 120.1946909,22.9939178 120.1946338,22.9936698 120.1953143,22.9935302 120.1953607,22.993521 120.1953978,22.9935131 120.1958927,22.9934116 120.1962737,22.9933338 120.1963142,22.9933252 120.197339,22.9931151 120.1973739,22.9931075 120.1974564,22.9930913 120.1974921,22.9930837 120.1985023,22.9928766 120.1985531,22.9929038 120.1985746,22.9929673 120.1985943,22.9929332 120.1985668,22.9928635 120.1985668,22.9928634 120.1987516,22.9928243</coordinates></LinearRing></outerBoundaryIs>
        </Polygon>
      </MultiGeometry>
  </Placemark>
  <Placemark>
	<Style><LineStyle><color>ff0000ff</color></LineStyle><PolyStyle><fill>0</fill></PolyStyle></Style>
	<ExtendedData><SchemaData schemaUrl="#114SEC_DATBLPD">
		<SimpleData name="段碼">0191</SimpleData>
		<SimpleData name="段名">府前段</SimpleData>
		<SimpleData name="行政區">中西區</SimpleData>
	</SchemaData></ExtendedData>
      <MultiGeometry>
        <Polygon>
          <outerBoundaryIs><LinearRing><coordinates>120.1978255,22.9898619 120.1978675,22.9899229 120.1980143,22.990022 120.1980143,22.9900222 120.1980085,22.9900234 120.1979658,22.9900005 120.197914,22.9899845 120.1980956,22.9901111 120.1981187,22.9901281 120.1981925,22.990159 120.1982037,22.9902042 120.1982525,22.990234 120.198305,22.9902251 120.1983051,22.9902252 120.19831,22.9903456 120.1983221,22.9903454 120.1983238,22.990378 120.1983237,22.9903781 120.1981686,22.9903761 120.1981562,22.9905011 120.1982236,22.9905003 120.1982237,22.9905004 120.1982194,22.9905227 120.1982174,22.9905315 120.198213,22.9905489 120.1982076,22.990567 120.1982018,22.9905844 120.1981953,22.9906015 120.1981881,22.9906185 120.1981803,22.9906352 120.1981719,22.9906517 120.1981612,22.9906708 120.1981535,22.9906834 120.1981431,22.9906993 120.1981322,22.9907146 120.1981234,22.9907262 120.1981149,22.9907368 120.1981092,22.9907436 120.1980964,22.990758 120.19809,22.9907649 120.1980768,22.9907783 120.1980631,22.9907914 120.1980561,22.9907977 120.1980451,22.9908071 120.198686,22.9926355 120.198748,22.9928116 120.1987516,22.9928243 120.1987516,22.9928245 120.198567,22.9928636 120.1985945,22.9929332 120.1985747,22.9929675 120.1985745,22.9929675 120.1985529,22.9929039 120.1985023,22.9928768 120.1974921,22.9930839 120.1974565,22.9930915 120.197374,22.9931077 120.1973391,22.9931153 120.1963142,22.9933254 120.1962737,22.9933339 120.1958927,22.9934118 120.1953978,22.9935133 120.1953607,22.9935212 120.1953143,22.9935304 120.1946338,22.99367 120.1946337,22.99367 120.1942298,22.9919232 120.1942763,22.991913 120.1940069,22.9907414 120.1955734,22.9904272 120.1970105,22.9901341 120.1975561,22.9901447 120.1976627,22.9901409 120.1977824,22.989949 120.1977666,22.989875 120.1978255,22.9898619</coordinates></LinearRing></outerBoundaryIs>
        </Polygon>
      </MultiGeometry>
  </Placemark>
  <Placemark>
	<Style><LineStyle><color>ff0000ff</color></LineStyle><PolyStyle><fill>0</fill></PolyStyle></Style>
	<ExtendedData><SchemaData schemaUrl="#114SEC_DATBLPD">
		<SimpleData name="段碼">0192</SimpleData>
		<SimpleData name="段名">五條港段</SimpleData>
		<SimpleData name="行政區">中西區</SimpleData>
	</SchemaData></ExtendedData>
      <MultiGeometry>
        <Polygon>
          <outerBoundaryIs><LinearRing><coordinates>120.1992721,22.9943661 120.1992857,22.9944043 120.1992637,22.9944131 120.1992672,22.9944154 120.199289,22.9944077 120.1992891,22.9944078 120.1993241,22.9945354 120.1993405,22.994603 120.1993881,22.994807 120.1993994,22.994855 120.1994843,22.9952178 120.199655,22.9959616 120.1996083,22.995971 120.1996414,22.9960681 120.1996852,22.9962094 120.199695,22.9961705 120.1997622,22.9961514 120.1997623,22.9961515 120.1997361,22.9961999 120.19994,22.9967265 120.1999632,22.9967705 120.1999632,22.9967706 120.1999271,22.9967846 120.199906,22.9967934 120.199923,22.9968368 120.2000452,22.9971455 120.2000423,22.997148 120.2002349,22.9975941 120.2002165,22.9976031 120.2003289,22.9979001 120.2002403,22.9979791 120.2001549,22.9980541 120.200137,22.9980696 120.200117,22.9980713 120.2001022,22.9980721 120.2000924,22.9980725 120.2000728,22.9980727 120.2000532,22.9980723 120.2000434,22.9980718 120.2000239,22.9980705 120.2000044,22.9980685 120.1999947,22.9980673 120.1999767,22.9980645 120.1999561,22.9980608 120.1999466,22.9980588 120.1999273,22.9980542 120.199909,22.9980492 120.1998996,22.9980464 120.1998856,22.9980419 120.199876,22.9980386 120.199845,22.9980267 120.1998198,22.9980156 120.1997943,22.9980026 120.1997759,22.9979923 120.1997676,22.9979873 120.1997546,22.9979792 120.1997358,22.9979664 120.1997204,22.9979552 120.1997129,22.9979494 120.1996982,22.9979374 120.199684,22.997925 120.1996702,22.9979121 120.1996635,22.9979055 120.1996505,22.997892 120.1996379,22.997878 120.1996319,22.9978709 120.1996202,22.9978564 120.1996087,22.997841 120.1995953,22.9978213 120.1995784,22.9977935 120.1995733,22.9977843 120.1995661,22.9977703 120.1995621,22.997762 120.1995546,22.9977453 120.1995472,22.9977273 120.1994948,22.9977036 120.1977221,22.9983246 120.1976592,22.9981782 120.1976772,22.9981343 120.1976465,22.9980656 120.1976364,22.9980417 120.1975856,22.9979125 120.1971915,22.9969586 120.1971467,22.9969384 120.195937,22.9973525 120.1945039,22.9978413 120.1944689,22.9977712 120.1944559,22.9977611 120.1941927,22.9970972 120.1938714,22.9962773 120.1938191,22.9962506 120.1938191,22.9962504 120.1939232,22.9962198 120.1939156,22.9960496 120.1939974,22.996024 120.1939879,22.9959846 120.1939881,22.9959845 120.194039,22.9960111 120.1951621,22.995661 120.1951878,22.9956123 120.195188,22.9956123 120.1952016,22.9956486 120.1963579,22.9952868 120.1965146,22.9952382 120.1967294,22.9951709 120.1990349,22.9944534 120.1990564,22.9944144 120.1990641,22.9944123 120.1990615,22.9944052 120.1990614,22.9944046 120.1990725,22.9944015 120.1990726,22.9944015 120.1990925,22.9944665 120.1990933,22.994466 120.1991065,22.9944244 120.1992721,22.9943661</coordinates></LinearRing></outerBoundaryIs>
        </Polygon>
      </MultiGeometry>
  </Placemark>
  <Placemark>
	<Style><LineStyle><color>ff0000ff</color></LineStyle><PolyStyle><fill>0</fill></PolyStyle></Style>
	<ExtendedData><SchemaData schemaUrl="#114SEC_DATBLPD">
		<SimpleData name="段碼">0193</SimpleData>
		<SimpleData name="段名">南門段</SimpleData>
		<SimpleData name="行政區">中西區</SimpleData>
	</SchemaData></ExtendedData>
      <MultiGeometry>
        <Polygon>
          <outerBoundaryIs><LinearRing><coordinates>120.2036364,22.9812735 120.2036365,22.9812735 120.2036284,22.9814901 120.2036958,22.9820617 120.2040081,22.984701 120.2040224,22.9848143 120.2039858,22.9848197 120.2040253,22.984846 120.2041555,22.9859452 120.2041206,22.9859511 120.2041595,22.9859781 120.2043216,22.9873449 120.2045107,22.988941 120.2044767,22.9889852 120.2022428,22.9894604 120.2021454,22.9894813 120.2003334,22.9898821 120.1993284,22.9900523 120.1982524,22.9902341 120.1982035,22.9902043 120.1981924,22.9901591 120.1981186,22.9901283 120.1980955,22.9901113 120.1979134,22.9899843 120.1979135,22.9899841 120.1979658,22.9900003 120.1980086,22.9900232 120.1980141,22.990022 120.1978673,22.989923 120.1978255,22.989862 120.1977668,22.9897387 120.1977379,22.9897458 120.1977218,22.9897623 120.1977287,22.9898057 120.19762,22.9898227 120.1976156,22.9897998 120.1976076,22.9897957 120.197591,22.9897966 120.1975909,22.9897965 120.197586,22.9896971 120.197556,22.9897008 120.1975559,22.9897008 120.1975372,22.9895672 120.1975449,22.9894954 120.1975255,22.9891055 120.1975096,22.9890084 120.1974816,22.9889077 120.1974744,22.9887543 120.1974786,22.9886818 120.1974123,22.9886994 120.1974122,22.9886993 120.1974823,22.9839393 120.1974838,22.9838956 120.1974845,22.9837942 120.1975118,22.9819385 120.1975178,22.9815896 120.1975196,22.9814603 120.2010174,22.9814046 120.2009825,22.9813172 120.2009826,22.9813171 120.2010291,22.9813163 120.2016775,22.9813065 120.2036364,22.9812735</coordinates></LinearRing></outerBoundaryIs>
        </Polygon>
      </MultiGeometry>
  </Placemark>
  <Placemark>
	<Style><LineStyle><color>ff0000ff</color></LineStyle><PolyStyle><fill>0</fill></PolyStyle></Style>
	<ExtendedData><SchemaData schemaUrl="#114SEC_DATBLPD">
		<SimpleData name="段碼">0194</SimpleData>
		<SimpleData name="段名">郡王祠段</SimpleData>
		<SimpleData name="行政區">中西區</SimpleData>
	</SchemaData></ExtendedData>
      <MultiGeometry>
        <Polygon>
          <outerBoundaryIs><LinearRing><coordinates>120.2122263,22.9811336 120.2122264,22.9811337 120.2122066,22.981173 120.2121054,22.9813698 120.2114435,22.9826325 120.2114232,22.9826717 120.2114043,22.9827093 120.211389,22.9827417 120.2112751,22.982957 120.2110774,22.9830983 120.211075,22.9831164 120.2111694,22.9830846 120.2111696,22.9830847 120.211149,22.9833056 120.2111402,22.9834597 120.2111602,22.9840149 120.2112007,22.9847231 120.211212,22.9848977 120.2112953,22.9863615 120.211313,22.9866601 120.2114117,22.9866775 120.2115148,22.988392 120.2114933,22.9883973 120.2114953,22.9884262 120.2113555,22.9884577 120.2113184,22.9883909 120.2112906,22.9884263 120.2112679,22.9884329 120.2112586,22.9884359 120.2112402,22.9884424 120.211222,22.9884494 120.211213,22.9884532 120.2111953,22.9884611 120.2111727,22.9884722 120.2111624,22.9884776 120.2111507,22.9884842 120.2111355,22.9884932 120.211119,22.9885039 120.2111035,22.9885146 120.2110898,22.9885246 120.2110731,22.9885379 120.2110658,22.9885441 120.2110515,22.9885567 120.2110445,22.9885632 120.211031,22.9885765 120.2110244,22.9885833 120.2110116,22.9885972 120.2110054,22.9886043 120.2109935,22.9886189 120.2109821,22.9886338 120.2109766,22.9886414 120.210966,22.9886568 120.210961,22.9886647 120.2109513,22.9886806 120.2109422,22.9886969 120.2109379,22.9887051 120.2109298,22.9887218 120.210926,22.9887302 120.2109223,22.9887387 120.2109155,22.9887558 120.2109093,22.9887732 120.2109064,22.9887819 120.2109037,22.9887907 120.2108988,22.9888084 120.2108955,22.9888225 120.2108889,22.9888572 120.2101201,22.9888688 120.2079018,22.988904 120.2075466,22.9889076 120.2045128,22.9889604 120.2043214,22.9873449 120.2041593,22.9859782 120.2041203,22.9859511 120.2041203,22.985951 120.2041553,22.9859452 120.2040251,22.9848461 120.2039855,22.9848197 120.2039856,22.9848195 120.2040222,22.9848143 120.2040079,22.9847011 120.2036956,22.9820618 120.2036282,22.9814901 120.2036363,22.9812735 120.2036998,22.9812717 120.2069974,22.9812183 120.2090084,22.9811861 120.210666,22.9811591 120.2110726,22.9811523 120.2122263,22.9811336</coordinates></LinearRing></outerBoundaryIs>
        </Polygon>
      </MultiGeometry>
  </Placemark>
  <Placemark>
	<Style><LineStyle><color>ff0000ff</color></LineStyle><PolyStyle><fill>0</fill></PolyStyle></Style>
	<ExtendedData><SchemaData schemaUrl="#114SEC_DATBLPD">
		<SimpleData name="段碼">0195</SimpleData>
		<SimpleData name="段名">星鑽段</SimpleData>
		<SimpleData name="行政區">中西區</SimpleData>
	</SchemaData></ExtendedData>
      <MultiGeometry>
        <Polygon>
          <outerBoundaryIs><LinearRing><coordinates>120.1940152,22.9907778 120.1942766,22.991913 120.19423,22.9919233 120.1949143,22.9948832 120.195188,22.9956123 120.1951622,22.9956611 120.194039,22.9960112 120.1939882,22.9959847 120.1939976,22.9960242 120.1939158,22.9960497 120.1939234,22.9962199 120.1938193,22.9962505 120.1938716,22.9962772 120.1941929,22.9970971 120.1944561,22.997761 120.1944691,22.9977711 120.194469,22.9977712 120.1944504,22.9977776 120.1944409,22.997772 120.1932798,22.9981545 120.1929779,22.9982544 120.192615,22.9982817 120.1925681,22.9982848 120.1924048,22.9983473 120.1911067,22.9988005 120.1908077,22.9991146 120.1907996,22.9991151 120.1907804,22.9991354 120.1907985,22.9991504 120.1906719,22.999283 120.1906718,22.999283 120.190647,22.9992627 120.1903451,22.9995785 120.1896281,23.0003279 120.1892916,23.0006827 120.189262,23.0006658 120.1892105,23.0006342 120.1890967,23.0005363 120.1889017,23.0004076 120.1887716,23.0002749 120.188637,23.0001667 120.1884331,22.9999529 120.1882704,22.9997826 120.1879158,22.9993306 120.1877517,22.9991038 120.1877518,22.9991037 120.1878548,22.999092 120.1876547,22.9989313 120.1875357,22.9989725 120.1871999,22.9988661 120.1871352,22.9988428 120.186576,22.9988192 120.1865718,22.9987874 120.1865682,22.9987924 120.186568,22.9987924 120.1864768,22.9980244 120.1864307,22.9979912 120.1858916,22.9980612 120.1858915,22.9980611 120.1858855,22.998013 120.1861834,22.9979764 120.186187,22.997806 120.1861794,22.9977609 120.1864391,22.9976893 120.1863733,22.9971115 120.18667,22.9970203 120.1872018,22.9968557 120.1887917,22.9929039 120.1888308,22.9928768 120.1897263,22.9928177 120.1897492,22.9928159 120.1897634,22.9928144 120.1897776,22.9928128 120.1897917,22.9928109 120.1898058,22.9928088 120.1898199,22.9928065 120.1898339,22.9928039 120.1898479,22.9928011 120.1898768,22.9927946 120.1899032,22.9927877 120.1899168,22.9927838 120.1899304,22.9927796 120.1899439,22.9927753 120.1899572,22.9927708 120.1899705,22.992766 120.1899837,22.992761 120.1899968,22.9927558 120.1900542,22.9927315 120.1900732,22.992724 120.1900924,22.9927167 120.1901117,22.9927098 120.1901311,22.9927032 120.1901717,22.9926905 120.1901718,22.9926906 120.190203,22.9928169 120.1902346,22.9928567 120.19027,22.9929871 120.1903096,22.993029 120.1903594,22.993057 120.1904081,22.9931038 120.1904081,22.993104 120.1899396,22.9931962 120.1899846,22.9935492 120.1900691,22.993593 120.190139,22.9936323 120.1902617,22.9938287 120.1909743,22.9936746 120.1910219,22.9936647 120.1910693,22.9936541 120.1910711,22.9936609 120.1918555,22.9934974 120.1916334,22.9925451 120.1917658,22.9925173 120.191708,22.9923092 120.1917311,22.9921994 120.1916942,22.9919459 120.1916322,22.9916717 120.191718,22.9916543 120.1916356,22.9912994 120.191624,22.9912479 120.1940152,22.9907778</coordinates></LinearRing></outerBoundaryIs>
          <innerBoundaryIs><LinearRing><coordinates>120.1911385,22.994373 120.1909598,22.9944137 120.1909929,22.9945604 120.1911666,22.9944976 120.1911385,22.994373</coordinates></LinearRing></innerBoundaryIs>
        </Polygon>
      </MultiGeometry>
  </Placemark>
  <Placemark>
	<Style><LineStyle><color>ff0000ff</color></LineStyle><PolyStyle><fill>0</fill></PolyStyle></Style>
	<ExtendedData><SchemaData schemaUrl="#114SEC_DATBLPD">
		<SimpleData name="段碼">0196</SimpleData>
		<SimpleData name="段名">新臨安段</SimpleData>
		<SimpleData name="行政區">中西區</SimpleData>
	</SchemaData></ExtendedData>
      <MultiGeometry>
        <Polygon>
          <outerBoundaryIs><LinearRing><coordinates>120.194469,22.997771 120.1945062,22.9978454 120.1949781,22.9990386 120.1950277,22.9990408 120.1950186,22.99929 120.1943475,23.0000278 120.1943338,23.0000445 120.194322,23.0000598 120.1943163,23.0000677 120.1943055,23.0000836 120.1942952,23.0000998 120.1942856,23.0001163 120.1942783,23.00013 120.1942714,23.000144 120.1942651,23.0001583 120.1942622,23.0001655 120.1942567,23.00018 120.1942517,23.0001947 120.1942494,23.0002021 120.1942453,23.0002171 120.1942418,23.0002321 120.1942388,23.0002472 120.1942375,23.0002549 120.1942364,23.0002625 120.1942346,23.0002778 120.1942333,23.0002932 120.1942329,23.0003008 120.1942325,23.0003162 120.1942327,23.0003316 120.194233,23.0003393 120.1942341,23.0003547 120.1942358,23.00037 120.1942368,23.0003777 120.1942393,23.0003929 120.1942424,23.000408 120.1942442,23.0004156 120.1942484,23.0004315 120.1946669,23.0019307 120.1946239,23.0019754 120.1945908,23.0020093 120.1947321,23.0021056 120.1951469,23.0022558 120.195147,23.0022559 120.1948329,23.0026039 120.1945462,23.0029032 120.1939052,23.0035604 120.1938803,23.0035633 120.1938802,23.0035632 120.193898,23.0034663 120.1938525,23.0033973 120.1936766,23.0034221 120.1936765,23.0034221 120.1936852,23.0033346 120.1937029,23.0033046 120.1936594,23.0032908 120.1935314,23.0032533 120.1934682,23.0032339 120.1934139,23.0032159 120.1933732,23.0032051 120.1933336,23.0031871 120.1933336,23.0031869 120.1933362,23.0031841 120.1933037,23.0031708 120.1932997,23.0031748 120.1931159,23.0031103 120.1930148,23.0030738 120.1929702,23.003056 120.1929702,23.0030558 120.1929867,23.0030388 120.1929376,23.0030174 120.1929239,23.0030313 120.1927485,23.0029421 120.1919911,23.0023502 120.1918132,23.00224 120.1918132,23.0022399 120.1918322,23.0022197 120.1917914,23.0021866 120.1917673,23.0022116 120.1911904,23.0018557 120.1911904,23.0018555 120.1911981,23.0018476 120.1911699,23.0018297 120.1911618,23.001838 120.1905874,23.0014836 120.1905874,23.0014834 120.1906207,23.0014485 120.1905516,23.0013984 120.1905137,23.0014381 120.1900516,23.0011529 120.1900516,23.0011528 120.1900813,23.0011213 120.1900519,23.0011064 120.1900239,23.0011358 120.1893587,23.0007253 120.1893586,23.0007251 120.1893696,23.0007139 120.1893019,23.0006718 120.1893019,23.0006717 120.189628,23.0003278 120.1899996,22.9999394 120.1900226,22.9999156 120.1900926,22.9998421 120.1906469,22.9992625 120.1906718,22.9992828 120.1907983,22.9991504 120.1907802,22.9991353 120.1907995,22.9991149 120.1908076,22.9991145 120.1911066,22.9988004 120.1924047,22.9983471 120.1925681,22.9982846 120.192615,22.9982816 120.1929778,22.9982542 120.1932798,22.9981543 120.1944409,22.9977718 120.1944504,22.9977775 120.194469,22.997771</coordinates></LinearRing></outerBoundaryIs>
        </Polygon>
      </MultiGeometry>
  </Placemark>
  <Placemark>
	<Style><LineStyle><color>ff0000ff</color></LineStyle><PolyStyle><fill>0</fill></PolyStyle></Style>
	<ExtendedData><SchemaData schemaUrl="#114SEC_DATBLPD">
		<SimpleData name="段碼">0197</SimpleData>
		<SimpleData name="段名">老古石段</SimpleData>
		<SimpleData name="行政區">中西區</SimpleData>
	</SchemaData></ExtendedData>
      <MultiGeometry>
        <Polygon>
          <outerBoundaryIs><LinearRing><coordinates>120.1971467,22.9969382 120.1971917,22.9969585 120.1975858,22.9979124 120.1976365,22.9980417 120.1976467,22.9980655 120.1976774,22.9981343 120.1976594,22.9981781 120.1977222,22.9983245 120.1977264,22.9983329 120.197761,22.9983465 120.198705,23.0005837 120.1988154,23.0005897 120.1988784,23.0005865 120.1988785,23.0005866 120.1988158,23.000605 120.1988143,23.0006276 120.1975346,23.0010591 120.197505,23.0010693 120.1956847,23.0017331 120.1956122,23.0018039 120.1956237,23.0018224 120.1956237,23.0018225 120.1956004,23.0018338 120.1955756,23.0018675 120.1955754,23.0018675 120.1955627,23.0018522 120.1953295,23.0020799 120.1953423,23.0021327 120.1953421,23.0021328 120.1953057,23.0021196 120.1951468,23.002256 120.194732,23.0021058 120.1945906,23.0020093 120.1945905,23.0020092 120.1946238,23.0019753 120.1946667,23.0019307 120.1942482,23.0004316 120.194244,23.0004156 120.1942422,23.0004081 120.1942391,23.0003929 120.1942366,23.0003777 120.1942356,23.00037 120.1942339,23.0003547 120.1942328,23.0003393 120.1942325,23.0003316 120.1942323,23.0003162 120.1942327,23.0003008 120.1942331,23.0002931 120.1942344,23.0002778 120.1942362,23.0002625 120.1942373,23.0002548 120.1942386,23.0002472 120.1942416,23.0002321 120.1942451,23.000217 120.1942493,23.0002021 120.1942515,23.0001947 120.1942565,23.00018 120.194262,23.0001654 120.1942649,23.0001582 120.1942713,23.000144 120.1942781,23.0001299 120.1942854,23.0001163 120.194295,23.0000997 120.1943053,23.0000835 120.1943162,23.0000676 120.1943218,23.0000597 120.1943336,23.0000444 120.1943474,23.0000277 120.1950184,22.99929 120.1950275,22.9990409 120.194978,22.9990387 120.194506,22.9978454 120.1946691,22.9977848 120.1959306,22.9973545 120.1971467,22.9969382</coordinates></LinearRing></outerBoundaryIs>
          <innerBoundaryIs><LinearRing><coordinates>120.19594,22.9978493 120.1956744,22.9979645 120.1957408,22.9980858 120.1957543,22.9981087 120.1960193,22.997983 120.1960018,22.9979509 120.1959228,22.9979921 120.1959226,22.997992 120.1959042,22.9979601 120.1959807,22.997922 120.19594,22.9978493</coordinates></LinearRing></innerBoundaryIs>
          <innerBoundaryIs><LinearRing><coordinates>120.1971626,23.0003369 120.1971307,23.0003481 120.1970183,23.0003868 120.1970239,23.0003922 120.1970239,23.0003923 120.1969922,23.000405 120.1970454,23.0005214 120.1971072,23.0004995 120.1970969,23.0004691 120.1970812,23.0004392 120.1971786,23.0003752 120.1971626,23.0003369</coordinates></LinearRing></innerBoundaryIs>
        </Polygon>
      </MultiGeometry>
  </Placemark>
  <Placemark>
	<Style><LineStyle><color>ff0000ff</color></LineStyle><PolyStyle><fill>0</fill></PolyStyle></Style>
	<ExtendedData><SchemaData schemaUrl="#114SEC_DATBLPD">
		<SimpleData name="段碼">0198</SimpleData>
		<SimpleData name="段名">南廠段</SimpleData>
		<SimpleData name="行政區">中西區</SimpleData>
	</SchemaData></ExtendedData>
      <MultiGeometry>
        <Polygon>
          <outerBoundaryIs><LinearRing><coordinates>120.1973877,22.9874745 120.1974299,22.9875122 120.1974124,22.9886991 120.1974787,22.9886816 120.1974788,22.9886817 120.1974746,22.9887543 120.1974818,22.9889077 120.1975098,22.9890083 120.1975257,22.9891055 120.1975451,22.9894954 120.1975374,22.9895672 120.1975561,22.9897007 120.197586,22.9896969 120.1975862,22.989697 120.1975911,22.9897964 120.1976076,22.9897955 120.1976158,22.9897996 120.1976201,22.9898225 120.1977285,22.9898056 120.1977216,22.9897622 120.1977378,22.9897457 120.1977669,22.9897385 120.1978256,22.9898619 120.1978256,22.9898621 120.1977669,22.9898751 120.1977826,22.989949 120.1976628,22.990141 120.1975561,22.9901449 120.1970106,22.9901342 120.1955735,22.9904274 120.194007,22.9907416 120.1940153,22.990778 120.1916239,22.991248 120.1915814,22.9910659 120.1914053,22.9903064 120.1909745,22.9884509 120.1909746,22.9884508 120.191046,22.9884368 120.1911131,22.9884226 120.192582,22.9881328 120.1934995,22.9879515 120.1946268,22.987729 120.1946733,22.9877619 120.1950554,22.9876173 120.1950947,22.9875771 120.1957464,22.9875479 120.1957465,22.987548 120.1957463,22.9875513 120.1957584,22.987551 120.1957623,22.9875208 120.195804,22.9875231 120.1958052,22.9875452 120.1973877,22.9874745</coordinates></LinearRing></outerBoundaryIs>
          <innerBoundaryIs><LinearRing><coordinates>120.1948336,22.9904039 120.1948236,22.9904516 120.1949621,22.9904809 120.1949738,22.9905384 120.1948543,22.9905624 120.1948546,22.9905687 120.1950075,22.990538 120.194996,22.9904892 120.1949961,22.9904891 120.1950283,22.9904956 120.1950436,22.9904487 120.1948336,22.9904039</coordinates></LinearRing></innerBoundaryIs>
        </Polygon>
      </MultiGeometry>
  </Placemark>
  <Placemark>
	<Style><LineStyle><color>ff0000ff</color></LineStyle><PolyStyle><fill>0</fill></PolyStyle></Style>
	<ExtendedData><SchemaData schemaUrl="#114SEC_DATBLPD">
		<SimpleData name="段碼">0199</SimpleData>
		<SimpleData name="段名">大北門段</SimpleData>
		<SimpleData name="行政區">北區</SimpleData>
	</SchemaData></ExtendedData>
      <MultiGeometry>
        <Polygon>
          <outerBoundaryIs><LinearRing><coordinates>120.2111184,22.9974685 120.2111257,22.9974845 120.2111335,22.9975001 120.2111424,22.9975166 120.211147,22.9975245 120.2111517,22.9975322 120.2111615,22.9975476 120.2111719,22.9975626 120.2111828,22.9975772 120.2111885,22.9975844 120.2111978,22.9975956 120.2112125,22.9976121 120.2112253,22.9976254 120.2112319,22.9976319 120.2112454,22.9976446 120.2112524,22.9976508 120.2112666,22.9976627 120.2112831,22.9976756 120.2112964,22.9976853 120.2113119,22.9976958 120.2113197,22.9977009 120.2113358,22.9977107 120.2113522,22.9977199 120.211369,22.9977287 120.2113853,22.9977365 120.2114035,22.9977445 120.2114123,22.9977481 120.2114301,22.9977548 120.2114482,22.997761 120.2114664,22.9977666 120.2114849,22.9977716 120.2114994,22.9977751 120.2115317,22.9977814 120.211536,22.9977822 120.2115602,22.9977855 120.2115752,22.9977871 120.2117343,22.9977986 120.2122885,22.9977035 120.2130624,23.0015145 120.2130292,23.0015244 120.2129631,23.0015145 120.2134511,23.0039176 120.2108817,23.0044319 120.2106193,23.0044842 120.2106192,23.0044841 120.2106436,23.0044349 120.2087012,23.0011318 120.2079982,22.9999379 120.2069643,22.9981813 120.2069644,22.9981811 120.2070488,22.9981666 120.2111184,22.9974685</coordinates></LinearRing></outerBoundaryIs>
        </Polygon>
      </MultiGeometry>
  </Placemark>
  <Placemark>
	<Style><LineStyle><color>ff0000ff</color></LineStyle><PolyStyle><fill>0</fill></PolyStyle></Style>
	<ExtendedData><SchemaData schemaUrl="#114SEC_DATBLPD">
		<SimpleData name="段碼">0200</SimpleData>
		<SimpleData name="段名">忠義段</SimpleData>
		<SimpleData name="行政區">北區</SimpleData>
	</SchemaData></ExtendedData>
      <MultiGeometry>
        <Polygon>
          <outerBoundaryIs><LinearRing><coordinates>120.2069143,22.9981739 120.2069218,22.9981884 120.2069645,22.9981812 120.2079984,22.9999379 120.2087013,23.0011317 120.2106438,23.0044348 120.2106193,23.0044842 120.2076833,23.0050681 120.207632,23.0050419 120.2063468,23.001793 120.2063468,23.0017929 120.2064281,23.0017701 120.2063733,23.0016754 120.2063137,23.0015713 120.2063032,23.0015742 120.2062508,23.00155 120.20507,22.9985593 120.2050988,22.998512 120.2061811,22.9983155 120.2067551,22.998217 120.2067512,22.998202 120.2067513,22.9982019 120.2069143,22.9981739</coordinates></LinearRing></outerBoundaryIs>
        </Polygon>
      </MultiGeometry>
  </Placemark>
  <Placemark>
	<Style><LineStyle><color>ff0000ff</color></LineStyle><PolyStyle><fill>0</fill></PolyStyle></Style>
	<ExtendedData><SchemaData schemaUrl="#114SEC_DATBLPD">
		<SimpleData name="段碼">0201</SimpleData>
		<SimpleData name="段名">大銃段</SimpleData>
		<SimpleData name="行政區">北區</SimpleData>
	</SchemaData></ExtendedData>
      <MultiGeometry>
        <Polygon>
          <outerBoundaryIs><LinearRing><coordinates>120.2050988,22.998512 120.2050989,22.9985122 120.2050702,22.9985593 120.2061708,23.0013468 120.2062185,23.0014672 120.2062293,23.001495 120.206251,23.0015499 120.2063033,23.001574 120.2063138,23.0015711 120.2063734,23.0016753 120.2064283,23.0017701 120.2064282,23.0017703 120.206347,23.0017931 120.2076322,23.0050418 120.2076834,23.0050679 120.2076833,23.0050681 120.2065847,23.0052866 120.2065324,23.0052972 120.2064591,23.0053116 120.2057567,23.0054513 120.2057022,23.0054314 120.2054944,23.0051555 120.2054016,23.0050313 120.2042532,23.0035031 120.2036561,23.0027081 120.2036498,23.0027116 120.2036497,23.0027116 120.2036327,23.002678 120.2036295,23.0026722 120.2035571,23.0025788 120.203517,23.0025255 120.2033955,23.0023611 120.2014446,22.9997645 120.2014623,22.9997128 120.2017729,22.9996083 120.201773,22.9996083 120.2017872,22.999654 120.2017945,22.999679 120.2017988,22.9996971 120.2017988,22.9996972 120.2017499,22.9997013 120.2017513,22.9997068 120.2017532,22.9997067 120.2017601,22.9997549 120.2017657,22.9997863 120.2017644,22.9997867 120.2017704,22.9998131 120.201831,22.9997973 120.2018529,22.9998642 120.2019393,22.9998256 120.2018944,22.9997104 120.2018563,22.9997216 120.2018116,22.9995952 120.2028858,22.9992337 120.2034375,22.9990482 120.2039618,22.9988716 120.2049492,22.9985392 120.2050988,22.998512</coordinates></LinearRing></outerBoundaryIs>
          <innerBoundaryIs><LinearRing><coordinates>120.2034297,22.9997529 120.2033896,22.9997668 120.2033494,22.9997806 120.203391,22.9998853 120.2033909,22.9998854 120.2032616,22.999929 120.2032848,22.9999715 120.2033035,22.9999633 120.2033064,22.9999688 120.2033758,22.9999387 120.2034065,22.9999052 120.2034081,22.9999037 120.2035006,22.999858 120.2034954,22.9998502 120.2034715,22.9998582 120.2034297,22.9997529</coordinates></LinearRing></innerBoundaryIs>
        </Polygon>
      </MultiGeometry>
  </Placemark>
  <Placemark>
	<Style><LineStyle><color>ff0000ff</color></LineStyle><PolyStyle><fill>0</fill></PolyStyle></Style>
	<ExtendedData><SchemaData schemaUrl="#114SEC_DATBLPD">
		<SimpleData name="段碼">0202</SimpleData>
		<SimpleData name="段名">雙良段</SimpleData>
		<SimpleData name="行政區">北區</SimpleData>
	</SchemaData></ExtendedData>
      <MultiGeometry>
        <Polygon>
          <outerBoundaryIs><LinearRing><coordinates>120.2130622,23.0015145 120.2130624,23.0015145 120.213098,23.0016899 120.2139069,23.0015552 120.2141696,23.002874 120.2144537,23.0042615 120.2145066,23.0045305 120.2145791,23.0048787 120.2146404,23.0051482 120.2147016,23.0053682 120.2147076,23.0053865 120.2147952,23.0056197 120.2150659,23.0062091 120.2151536,23.0063667 120.2152652,23.0065396 120.2169786,23.0089482 120.2169786,23.0089483 120.2168835,23.0089637 120.2158382,23.0074995 120.2157262,23.0073412 120.2156215,23.0071907 120.2155183,23.0070387 120.2154175,23.0068853 120.2153185,23.0067281 120.2152008,23.0065311 120.2151125,23.00637 120.2150264,23.0062079 120.2149467,23.006043 120.2148691,23.0058773 120.214798,23.0057091 120.2147292,23.0055401 120.2146659,23.005366 120.2144694,23.0052684 120.2145682,23.0055719 120.214775,23.0060777 120.214829,23.0061923 120.2150087,23.0065251 120.2152727,23.0069301 120.2153432,23.0070291 120.2153432,23.0070292 120.2151678,23.0071132 120.2151496,23.0071221 120.2151755,23.0071619 120.2153682,23.0070642 120.2155399,23.0073049 120.2155683,23.0073403 120.215665,23.0074773 120.2158878,23.0077725 120.2161745,23.0081627 120.2164349,23.0085335 120.2166377,23.0088398 120.2167452,23.0089861 120.2167452,23.0089862 120.2158955,23.0091241 120.2158444,23.0090977 120.2156426,23.0091167 120.2156536,23.009142 120.2156318,23.0091519 120.2156258,23.0091632 120.2134932,23.0097905 120.2134501,23.0097692 120.213445,23.0097531 120.2134277,23.0097745 120.2133644,23.0098121 120.213353,23.0098317 120.2109278,23.010545 120.2108759,23.0105199 120.2102693,23.0087108 120.2102694,23.0087107 120.2104677,23.0086633 120.2104535,23.0085782 120.2105288,23.0085603 120.2105155,23.0084495 120.21051,23.0083852 120.2104241,23.0084075 120.2104245,23.0084093 120.2103576,23.0084291 120.2103814,23.0085019 120.2102217,23.0085684 120.2102216,23.0085683 120.2099669,23.0078089 120.2099606,23.0077889 120.2099568,23.007776 120.2099532,23.0077631 120.2099499,23.00775 120.2099469,23.007737 120.2099441,23.0077239 120.2099415,23.0077107 120.2099392,23.0076975 120.2099372,23.0076843 120.2099354,23.007671 120.2099338,23.0076577 120.2099325,23.0076444 120.2099314,23.007631 120.2099306,23.0076177 120.2099301,23.0076043 120.2099298,23.007591 120.2099297,23.0075776 120.2099299,23.0075642 120.2099304,23.0075509 120.2099311,23.0075375 120.2099321,23.0075242 120.2099342,23.007502 120.209947,23.0074615 120.2099432,23.0074442 120.2099453,23.0074336 120.2099547,23.007395 120.2099592,23.007379 120.2099648,23.007361 120.2108638,23.0046481 120.210907,23.0046114 120.2109921,23.0045944 120.2109931,23.0045289 120.2110212,23.0044038 120.2134509,23.0039176 120.2129629,23.0015144 120.212963,23.0015143 120.2130292,23.0015242 120.2130622,23.0015145</coordinates></LinearRing></outerBoundaryIs>
          <innerBoundaryIs><LinearRing><coordinates>120.2140867,23.006415 120.2140649,23.0064423 120.2140727,23.0064485 120.2140792,23.0064684 120.214035,23.0065298 120.2141827,23.0066299 120.2143217,23.0066671 120.214286,23.0066008 120.2142404,23.0065427 120.2142405,23.0065426 120.2143568,23.0064958 120.2143702,23.0065182 120.2144974,23.0064692 120.2144839,23.006438 120.214344,23.0064909 120.2143439,23.0064908 120.2143314,23.0064621 120.2143159,23.0064699 120.2142169,23.0065195 120.2141595,23.0064647 120.2141053,23.0064297 120.2140867,23.006415</coordinates></LinearRing></innerBoundaryIs>
          <innerBoundaryIs><LinearRing><coordinates>120.2138998,23.0074611 120.2137409,23.007477 120.2137112,23.0077317 120.2136945,23.0078922 120.2138525,23.0078879 120.2138739,23.0076955 120.2138998,23.0074611</coordinates></LinearRing></innerBoundaryIs>
        </Polygon>
      </MultiGeometry>
  </Placemark>
  <Placemark>
	<Style><LineStyle><color>ff0000ff</color></LineStyle><PolyStyle><fill>0</fill></PolyStyle></Style>
	<ExtendedData><SchemaData schemaUrl="#114SEC_DATBLPD">
		<SimpleData name="段碼">0203</SimpleData>
		<SimpleData name="段名">長勝段</SimpleData>
		<SimpleData name="行政區">北區</SimpleData>
	</SchemaData></ExtendedData>
      <MultiGeometry>
        <Polygon>
          <outerBoundaryIs><LinearRing><coordinates>120.2147075,23.0053865 120.2152875,23.0056745 120.2157966,23.0058529 120.2159029,23.0058897 120.2167944,23.0061968 120.2175046,23.0064566 120.2184336,23.0067945 120.2198048,23.0072734 120.2202221,23.007449 120.2218678,23.0084043 120.2218678,23.0084045 120.2209583,23.0090492 120.2210805,23.0091928 120.2210753,23.0091967 120.2211728,23.0093127 120.221339,23.0095089 120.2213449,23.0095095 120.221345,23.0095096 120.2212125,23.0101825 120.2208481,23.0101255 120.2206906,23.0108133 120.2206757,23.0108229 120.2206727,23.010899 120.2206707,23.0109411 120.2206746,23.0109454 120.2206696,23.0114933 120.2208727,23.011702 120.2208612,23.0117218 120.2209267,23.0118222 120.2209421,23.0118354 120.2210711,23.0123368 120.221074,23.0123693 120.2210885,23.0124335 120.2211011,23.0124908 120.2211486,23.012699 120.2211447,23.0128791 120.2211398,23.0128917 120.2211389,23.0129394 120.2211674,23.0130445 120.2211794,23.013092 120.2211798,23.0131901 120.2211563,23.0133388 120.2211518,23.0135615 120.2211607,23.0138822 120.2211476,23.0142143 120.221163,23.0143229 120.2211503,23.0145373 120.2211178,23.0147009 120.2211177,23.014701 120.2210372,23.0145882 120.2209115,23.0143993 120.2204626,23.0137402 120.2203978,23.013637 120.220347,23.0136666 120.2197369,23.0128172 120.2190876,23.0118868 120.2190687,23.0118611 120.2184035,23.01093 120.2178525,23.0101571 120.2175586,23.0097487 120.2175203,23.0097035 120.2175028,23.0096773 120.2174698,23.0096267 120.2174272,23.0095623 120.217214,23.0092652 120.2170913,23.0091047 120.2170067,23.008988 120.2152651,23.0065397 120.2151535,23.0063668 120.2150658,23.0062092 120.214795,23.0056198 120.2147075,23.0053866 120.2147075,23.0053865</coordinates></LinearRing></outerBoundaryIs>
          <innerBoundaryIs><LinearRing><coordinates>120.2156996,23.0061085 120.2156851,23.006115 120.2156658,23.0061591 120.215632,23.0061471 120.2155585,23.0063018 120.2155975,23.0063164 120.2155752,23.0063681 120.2155974,23.0063762 120.2156996,23.0061085</coordinates></LinearRing></innerBoundaryIs>
          <innerBoundaryIs><LinearRing><coordinates>120.2194144,23.0102804 120.2194071,23.0103946 120.2195253,23.0104016 120.2195331,23.0102864 120.2194144,23.0102804</coordinates></LinearRing></innerBoundaryIs>
          <innerBoundaryIs><LinearRing><coordinates>120.2189131,23.0105413 120.2187743,23.0106481 120.2186419,23.0107552 120.2187439,23.0108955 120.218741,23.010918 120.2189267,23.0109293 120.21893,23.01089 120.2188916,23.0108877 120.2188979,23.0107854 120.2189089,23.0106136 120.2189131,23.0105413</coordinates></LinearRing></innerBoundaryIs>
        </Polygon>
      </MultiGeometry>
  </Placemark>
</Folder>
</Document></kml>
