<?xml version="1.0" encoding="utf-8" ?>
<kml xmlns="http://www.opengis.net/kml/2.2">
<Document id="root_pd">
<Schema name="114SEC_DB" id="114SEC_DBTBLPD">
	<SimpleField name="段碼" type="string"></SimpleField>
	<SimpleField name="段名" type="string"></SimpleField>
	<SimpleField name="行政區" type="string"></SimpleField>
</Schema>
<Folder><name>DBTBLPD</name>
  <Placemark>
	<Style><LineStyle><color>ff0000ff</color></LineStyle><PolyStyle><fill>0</fill></PolyStyle></Style>
	<ExtendedData><SchemaData schemaUrl="#114SEC_DBTBLPD">
		<SimpleData name="段碼">1205</SimpleData>
		<SimpleData name="段名">青草崙段</SimpleData>
		<SimpleData name="行政區">安南區</SimpleData>
	</SchemaData></ExtendedData>
      <MultiGeometry>
        <Polygon>
          <outerBoundaryIs><LinearRing><coordinates>120.1258687,23.0784513 120.1277344,23.0786308 120.1277345,23.0786309 120.1274454,23.0801072 120.1273806,23.0804073 120.1273805,23.0804073 120.1255538,23.0800446 120.125569,23.0799339 120.1256759,23.0794026 120.125693,23.0793229 120.125735,23.0791153 120.1257816,23.0788664 120.1258687,23.0784513</coordinates></LinearRing></outerBoundaryIs>
        </Polygon>
      </MultiGeometry>
  </Placemark>
  <Placemark>
	<Style><LineStyle><color>ff0000ff</color></LineStyle><PolyStyle><fill>0</fill></PolyStyle></Style>
	<ExtendedData><SchemaData schemaUrl="#114SEC_DBTBLPD">
		<SimpleData name="段碼">1209</SimpleData>
		<SimpleData name="段名">外塭段</SimpleData>
		<SimpleData name="行政區">安南區</SimpleData>
	</SchemaData></ExtendedData>
      <MultiGeometry>
        <Polygon>
          <outerBoundaryIs><LinearRing><coordinates>120.2173066,23.0671629 120.2174777,23.0674428 120.2175147,23.0674832 120.2176881,23.0677765 120.2179508,23.0681809 120.218243,23.0686409 120.2183089,23.0687515 120.2185057,23.0691074 120.2186581,23.069345 120.2189354,23.0697765 120.2192489,23.0702624 120.2196235,23.0708382 120.2196609,23.0708843 120.2197046,23.0709717 120.2197191,23.0710016 120.2198392,23.0712472 120.2199574,23.0714861 120.2201283,23.0717249 120.2202359,23.0718759 120.2203123,23.0719197 120.2204087,23.0718895 120.2204089,23.0718895 120.2204157,23.071929 120.2204083,23.0719335 120.2203966,23.0719374 120.2203928,23.0719444 120.2203623,23.0719646 120.2204411,23.0720848 120.2204554,23.0721712 120.2204617,23.0722075 120.2204893,23.0722094 120.2204894,23.0722095 120.2204632,23.0724646 120.2204505,23.0724936 120.220448,23.0724972 120.2204386,23.0725139 120.2203811,23.072612 120.220381,23.072612 120.2203523,23.0725833 120.2203517,23.0725913 120.220364,23.0726824 120.2203928,23.0727107 120.2204285,23.0727448 120.2204446,23.0729609 120.2204465,23.0729925 120.220461,23.0731869 120.2204633,23.073202 120.2204898,23.0733662 120.2205032,23.0734369 120.2205071,23.0734546 120.2205144,23.0735291 120.2205143,23.0735292 120.2205065,23.0735296 120.2204907,23.0735581 120.220478,23.0735806 120.2204637,23.0736067 120.2204724,23.073632 120.2204741,23.0736384 120.2204864,23.0736761 120.2204969,23.0737096 120.2205,23.0737175 120.2205248,23.073792 120.2205482,23.0738647 120.2205481,23.0738648 120.2205105,23.0738628 120.2203673,23.0738556 120.2203414,23.0738555 120.2203008,23.0738549 120.2201391,23.0738507 120.2198966,23.0738457 120.2198256,23.0738505 120.2197286,23.0738583 120.2195789,23.0738698 120.2195769,23.0738698 120.2195385,23.0738726 120.2195156,23.0738744 120.2194611,23.0738784 120.2193707,23.0738845 120.2192509,23.0739052 120.2189708,23.0739279 120.2187496,23.0739626 120.2186888,23.0739683 120.218705,23.0739859 120.2187049,23.073986 120.2173999,23.0741319 120.2170379,23.0743125 120.2169477,23.0743325 120.2168847,23.074335 120.2167566,23.0743263 120.2164641,23.0742511 120.215764,23.0739913 120.2154053,23.0739629 120.2144133,23.0736535 120.2142931,23.0736143 120.2141095,23.0734615 120.214395,23.0729217 120.2149729,23.071834 120.2149573,23.0718232 120.2150297,23.0717235 120.2151437,23.0715006 120.2152559,23.0712841 120.2153754,23.0710541 120.2154066,23.0709926 120.2155533,23.0706711 120.2156065,23.0705518 120.2157949,23.0701178 120.2159882,23.0696709 120.2160225,23.0695937 120.2161815,23.069263 120.2161867,23.0692299 120.2163685,23.0688658 120.2164577,23.0686883 120.21667,23.0682624 120.2167209,23.0681636 120.2170171,23.0676208 120.2171079,23.0674606 120.217159,23.0674027 120.2171732,23.0673579 120.2173066,23.0671629</coordinates></LinearRing></outerBoundaryIs>
        </Polygon>
      </MultiGeometry>
  </Placemark>
  <Placemark>
	<Style><LineStyle><color>ff0000ff</color></LineStyle><PolyStyle><fill>0</fill></PolyStyle></Style>
	<ExtendedData><SchemaData schemaUrl="#114SEC_DBTBLPD">
		<SimpleData name="段碼">1210</SimpleData>
		<SimpleData name="段名">州北段</SimpleData>
		<SimpleData name="行政區">安南區</SimpleData>
	</SchemaData></ExtendedData>
      <MultiGeometry>
        <Polygon>
          <outerBoundaryIs><LinearRing><coordinates>120.2124624,23.0628598 120.2126976,23.0629363 120.2134606,23.0630506 120.213668,23.063082 120.2142539,23.0631609 120.2143318,23.0631717 120.2143659,23.0635785 120.2143685,23.0636185 120.2143687,23.0637949 120.2144002,23.0640309 120.2144171,23.0641435 120.2144274,23.0642192 120.21445,23.0643922 120.2145262,23.064961 120.2145503,23.0651432 120.2145802,23.065372 120.2145995,23.0655178 120.2146186,23.0656661 120.2146775,23.0661074 120.2147463,23.0666388 120.2148265,23.0672189 120.2148264,23.067219 120.2148259,23.067219 120.2148455,23.0673719 120.2148752,23.0675989 120.2148848,23.0676662 120.2148993,23.0677774 120.214944,23.0681144 120.2149724,23.0683181 120.2149999,23.0685214 120.2151258,23.0694742 120.2151279,23.069474 120.2151816,23.0698795 120.2151817,23.0698824 120.2151852,23.0699068 120.2151877,23.0699269 120.2151941,23.0699742 120.2152061,23.0700666 120.2152125,23.0701148 120.2152268,23.0702258 120.2152324,23.0702647 120.2152375,23.070304 120.2152431,23.0703435 120.2152585,23.0704624 120.2152631,23.0705011 120.2152641,23.0705066 120.2152766,23.0706031 120.215285,23.0706669 120.2152912,23.070716 120.2152983,23.0707677 120.2153034,23.0708074 120.2152991,23.0708142 120.2152911,23.0708292 120.2152636,23.0708783 120.2153379,23.0709419 120.2154814,23.0706416 120.2155425,23.0705222 120.2155958,23.0704003 120.2156355,23.0703125 120.2157911,23.0699635 120.215904,23.0697127 120.2159954,23.0695083 120.2160195,23.0694341 120.2161086,23.0692508 120.2161259,23.0692183 120.21636,23.068742 120.2165022,23.0684533 120.2167242,23.068001 120.216904,23.0676688 120.2169567,23.067572 120.216982,23.067524 120.2170304,23.0674346 120.2170408,23.0673975 120.2172028,23.0671541 120.2172478,23.0670867 120.217248,23.0670867 120.2172556,23.0670959 120.2173066,23.0671621 120.2171731,23.0673583 120.2171589,23.0674025 120.2171074,23.0674616 120.2170567,23.06755 120.2170102,23.0676321 120.2167222,23.0681608 120.216188,23.0692293 120.2161826,23.0692619 120.2160627,23.0695097 120.2160429,23.0695514 120.2160246,23.0695881 120.216021,23.0695968 120.215981,23.069691 120.2156392,23.0704779 120.2155399,23.0707027 120.2154808,23.0708304 120.2154075,23.0709919 120.2150321,23.0717196 120.214957,23.0718218 120.2149731,23.0718334 120.214789,23.0721812 120.2145338,23.0726608 120.2141125,23.0734537 120.2141123,23.0734537 120.2140585,23.0733934 120.2140131,23.073359 120.2139147,23.0732832 120.2136696,23.0731325 120.2135908,23.0730846 120.2134351,23.0729935 120.2133566,23.0729477 120.2132807,23.072903 120.213263,23.0728569 120.2132496,23.0728507 120.2131806,23.0727629 120.2129594,23.0723952 120.212908,23.0723106 120.2128283,23.0721975 120.2125615,23.0717494 120.2124229,23.0714033 120.2122501,23.071068 120.2121958,23.0709447 120.2121616,23.0708689 120.2121468,23.0708543 120.2121256,23.0708309 120.2120191,23.0705676 120.2118905,23.0703415 120.2117625,23.0701713 120.2117439,23.0701072 120.2117177,23.0700009 120.2116459,23.0695403 120.211646,23.0695402 120.2116586,23.0695406 120.2117011,23.0688971 120.2117059,23.0688397 120.2117061,23.0688396 120.211753,23.0688747 120.2118776,23.0684299 120.2119227,23.0681674 120.2119617,23.068166 120.2119662,23.068143 120.2119305,23.0681133 120.2119853,23.0676632 120.2120187,23.0675495 120.2120572,23.0674932 120.2120786,23.067496 120.2120852,23.0674621 120.2121247,23.0672343 120.2121873,23.0668794 120.2122336,23.0666132 120.2122451,23.0661622 120.2122444,23.0661621 120.2122437,23.0659858 120.2121971,23.0654479 120.2121752,23.065173 120.2121539,23.0648848 120.2121092,23.064183 120.2121066,23.0641316 120.2121064,23.0641315 120.2121016,23.0640409 120.2120988,23.06397 120.2120909,23.0637895 120.212081,23.0635806 120.2120819,23.0635803 120.2120736,23.0635323 120.2120514,23.0634128 120.2119905,23.0630708 120.2119754,23.0628666 120.2119755,23.0628665 120.2120052,23.0628707 120.2124624,23.0628598</coordinates></LinearRing></outerBoundaryIs>
        </Polygon>
      </MultiGeometry>
  </Placemark>
  <Placemark>
	<Style><LineStyle><color>ff0000ff</color></LineStyle><PolyStyle><fill>0</fill></PolyStyle></Style>
	<ExtendedData><SchemaData schemaUrl="#114SEC_DBTBLPD">
		<SimpleData name="段碼">1211</SimpleData>
		<SimpleData name="段名">州南段</SimpleData>
		<SimpleData name="行政區">安南區</SimpleData>
	</SchemaData></ExtendedData>
      <MultiGeometry>
        <Polygon>
          <outerBoundaryIs><LinearRing><coordinates>120.2138579,23.0573704 120.2139175,23.0580997 120.2139878,23.0589483 120.2140342,23.0595361 120.2140665,23.0599376 120.2140688,23.0599639 120.2140726,23.0600008 120.2141821,23.061331 120.2141879,23.0613923 120.2141991,23.0615069 120.2142037,23.0615636 120.2142187,23.0617542 120.2142654,23.0623323 120.2142816,23.0625286 120.2142857,23.0625825 120.2142986,23.0627261 120.2143335,23.0631714 120.2143334,23.0631715 120.2142721,23.0631637 120.2139619,23.0631217 120.2137662,23.0630955 120.2136651,23.0630822 120.2133858,23.0630394 120.2132302,23.063017 120.2129035,23.0629669 120.2126964,23.062937 120.2124636,23.0628611 120.2120025,23.0628715 120.2119863,23.0628692 120.2119647,23.0625703 120.2119409,23.0622843 120.2119158,23.0619687 120.2118738,23.0617138 120.2118724,23.0617015 120.2116996,23.0606624 120.2115696,23.0598966 120.2115296,23.0597282 120.2114541,23.0596192 120.2114118,23.0595805 120.2113276,23.0595029 120.2113089,23.0592489 120.211309,23.0592488 120.2116242,23.059232 120.2116316,23.0591739 120.2117446,23.0590218 120.2117769,23.0590146 120.2118853,23.0588847 120.2118793,23.0588593 120.2119702,23.0587505 120.2122691,23.0584513 120.2122621,23.0583838 120.2123127,23.0583711 120.2123266,23.0583671 120.2127502,23.0580698 120.2127857,23.0580852 120.2131701,23.057747 120.2134946,23.0575292 120.2135753,23.0575005 120.2136772,23.0574648 120.2138579,23.0573704</coordinates></LinearRing></outerBoundaryIs>
          <innerBoundaryIs><LinearRing><coordinates>120.2135857,23.0576288 120.2135356,23.0576543 120.213395,23.0577905 120.2133006,23.0578811 120.2132002,23.0579772 120.2132035,23.0580013 120.21293,23.0582157 120.2128561,23.0582745 120.2128739,23.0582734 120.2129157,23.0582398 120.2132091,23.0580086 120.2132056,23.0579846 120.2133062,23.0578885 120.2135412,23.0576629 120.2135866,23.0576398 120.2135857,23.0576288</coordinates></LinearRing></innerBoundaryIs>
        </Polygon>
        <Polygon>
          <outerBoundaryIs><LinearRing><coordinates>120.2184323,23.0548575 120.2184324,23.0548576 120.2184398,23.0549424 120.218436,23.0550344 120.2184348,23.0550711 120.2184336,23.0551125 120.2184324,23.0551617 120.2184315,23.0552109 120.2184308,23.0552766 120.2184305,23.0553422 120.2184308,23.0553879 120.2184364,23.0553871 120.2184365,23.0553872 120.2184425,23.0555935 120.2184967,23.0555343 120.2185939,23.0555125 120.2186112,23.0555089 120.2186265,23.055507 120.2186757,23.0555064 120.2186759,23.0555146 120.2188606,23.0555109 120.2188542,23.0555043 120.2188543,23.0555042 120.2191298,23.0556034 120.2191298,23.0556036 120.2191226,23.055604 120.219232,23.0556435 120.2192316,23.0556403 120.2192317,23.0556402 120.2192566,23.055656 120.2193622,23.0557253 120.2193889,23.0557378 120.2195882,23.0558344 120.2199345,23.055997 120.219968,23.0560214 120.2199679,23.0560216 120.2199669,23.0560211 120.2199743,23.0560265 120.220166,23.0561661 120.2202109,23.0561989 120.2202094,23.0561975 120.2202095,23.0561974 120.2203554,23.056304 120.2203674,23.0563219 120.2204397,23.0564201 120.220457,23.0565669 120.2205895,23.057574 120.2205894,23.0575741 120.2203736,23.0575708 120.2203856,23.0576548 120.2203637,23.0578445 120.2203027,23.0578511 120.2200967,23.0580587 120.2200966,23.0580587 120.2200937,23.0580446 120.2199981,23.0581408 120.2200151,23.0581408 120.2200152,23.058141 120.2199846,23.058171 120.2198931,23.0584765 120.2198586,23.0585641 120.219653,23.0590851 120.2196365,23.0591813 120.2195515,23.0595969 120.2195513,23.0595969 120.2195507,23.059546 120.2195153,23.059717 120.2194634,23.0601126 120.2194481,23.060235 120.2194402,23.0604903 120.2194252,23.0608981 120.2193818,23.0610346 120.2192842,23.0610746 120.2192958,23.0611542 120.2193244,23.0612413 120.2194054,23.0614303 120.219423,23.0614688 120.2195055,23.0616543 120.2195228,23.0616925 120.21954,23.0617289 120.2195601,23.0617739 120.2195617,23.0625853 120.2195706,23.0625876 120.2195684,23.0617795 120.2195686,23.0617795 120.2196466,23.0619522 120.2200673,23.0623973 120.2202764,23.0626213 120.2205316,23.0627798 120.2209015,23.0630069 120.2209015,23.0630071 120.2211379,23.0631525 120.2211111,23.0632094 120.2210038,23.0634461 120.2209965,23.0634626 120.2209417,23.0634421 120.2209179,23.0634694 120.2201512,23.0633615 120.2199338,23.063353 120.2198676,23.0633511 120.2194626,23.0633381 120.2188874,23.06334 120.2186994,23.0633232 120.2186429,23.063335 120.2186428,23.0633349 120.2186491,23.0623097 120.2186526,23.0616645 120.2186504,23.0616025 120.2186349,23.0616151 120.218565,23.0615645 120.2185651,23.0615339 120.2185653,23.0615338 120.218575,23.0615362 120.2186494,23.0615713 120.2186475,23.061233 120.2186456,23.0610504 120.2186442,23.0608015 120.2186381,23.0603805 120.2186322,23.0600095 120.2186308,23.0599925 120.218624,23.0595912 120.2186468,23.0586681 120.2186283,23.0581939 120.2186275,23.0581939 120.2186142,23.0578008 120.2185946,23.0573063 120.2185172,23.0573094 120.218542,23.057809 120.2185419,23.0578091 120.2181326,23.0578059 120.2181351,23.0579681 120.2181404,23.0581627 120.218524,23.0581477 120.218557,23.0581144 120.2185571,23.0581145 120.218561,23.0581915 120.2185609,23.0581916 120.2154116,23.0583151 120.2153978,23.0606765 120.2152369,23.0606919 120.2149147,23.0607561 120.2141463,23.0608154 120.2141462,23.0608153 120.2137578,23.0560782 120.2184323,23.0548575</coordinates></LinearRing></outerBoundaryIs>
          <innerBoundaryIs><LinearRing><coordinates>120.2189968,23.0557594 120.2186827,23.0557723 120.2186836,23.0558041 120.2186706,23.0558053 120.2187009,23.0564329 120.2187055,23.0564365 120.2187193,23.0568158 120.2187234,23.0568994 120.2187605,23.0569286 120.218791,23.0569254 120.21879,23.0568977 120.2188703,23.0568872 120.2190648,23.0568592 120.2190649,23.0568593 120.219066,23.0568665 120.2190681,23.0568922 120.2190682,23.0568968 120.2193859,23.0568629 120.2193859,23.0568622 120.2194019,23.0568605 120.2193995,23.0568424 120.2193783,23.056721 120.2193719,23.0566771 120.2190596,23.0567108 120.2187237,23.0567481 120.2187236,23.0567481 120.2186796,23.0558653 120.2190029,23.0558515 120.2189968,23.0557594</coordinates></LinearRing></innerBoundaryIs>
          <innerBoundaryIs><LinearRing><coordinates>120.2202876,23.056267 120.2204097,23.0564007 120.2204401,23.0565398 120.2204052,23.0565741 120.219952,23.0565042 120.2198974,23.0564962 120.2195336,23.0564408 120.2195092,23.0564367 120.2194711,23.0564314 120.2194315,23.0564255 120.2193387,23.0564105 120.2193396,23.0564171 120.2200433,23.0565231 120.2204146,23.0565805 120.2204485,23.0565481 120.2204178,23.0564079 120.2202956,23.0562741 120.2202876,23.056267</coordinates></LinearRing></innerBoundaryIs>
          <innerBoundaryIs><LinearRing><coordinates>120.2204053,23.0566525 120.2204344,23.0566782 120.2205589,23.0575306 120.2205519,23.0575408 120.2205089,23.0575622 120.2203051,23.0575597 120.2202768,23.0575367 120.2202768,23.0575369 120.2203134,23.0575666 120.2205171,23.0575692 120.22056,23.0575478 120.220567,23.0575377 120.2204424,23.0566854 120.2204085,23.056653 120.2204053,23.0566525</coordinates></LinearRing></innerBoundaryIs>
          <innerBoundaryIs><LinearRing><coordinates>120.2197533,23.0568233 120.2197451,23.0568242 120.2198603,23.0574025 120.2198642,23.057402 120.2198643,23.0574021 120.2198648,23.057425 120.2199151,23.0576776 120.2199225,23.0576771 120.2197538,23.0568312 120.2197539,23.0568311 120.2197616,23.0568303 120.2201668,23.0568901 120.2201659,23.0568842 120.2197533,23.0568233</coordinates></LinearRing></innerBoundaryIs>
          <innerBoundaryIs><LinearRing><coordinates>120.2200179,23.0576644 120.2199266,23.0576768 120.2200192,23.0576709 120.2200179,23.0576644</coordinates></LinearRing></innerBoundaryIs>
          <innerBoundaryIs><LinearRing><coordinates>120.219728,23.0581339 120.2196015,23.0581334 120.2195271,23.0581333 120.2195374,23.0590669 120.2195457,23.0590678 120.2195352,23.0581412 120.2195353,23.0581411 120.2197289,23.058141 120.219728,23.0581339</coordinates></LinearRing></innerBoundaryIs>
          <innerBoundaryIs><LinearRing><coordinates>120.2192698,23.0612245 120.21927,23.0612249 120.2192703,23.0612247 120.2192698,23.0612245</coordinates></LinearRing></innerBoundaryIs>
          <innerBoundaryIs><LinearRing><coordinates>120.2195623,23.0628835 120.2195631,23.0632829 120.2195725,23.0632833 120.2195715,23.0628953 120.2195623,23.0628835</coordinates></LinearRing></innerBoundaryIs>
          <innerBoundaryIs><LinearRing><coordinates>120.2192907,23.0631499 120.2192906,23.0631576 120.2192916,23.06315 120.2192907,23.0631499</coordinates></LinearRing></innerBoundaryIs>
          <innerBoundaryIs><LinearRing><coordinates>120.2198869,23.0632939 120.219887,23.0632977 120.2198901,23.0632978 120.2198869,23.0632939</coordinates></LinearRing></innerBoundaryIs>
        </Polygon>
      </MultiGeometry>
  </Placemark>
  <Placemark>
	<Style><LineStyle><color>ff0000ff</color></LineStyle><PolyStyle><fill>0</fill></PolyStyle></Style>
	<ExtendedData><SchemaData schemaUrl="#114SEC_DBTBLPD">
		<SimpleData name="段碼">1212</SimpleData>
		<SimpleData name="段名">總安段</SimpleData>
		<SimpleData name="行政區">安南區</SimpleData>
	</SchemaData></ExtendedData>
      <MultiGeometry>
        <Polygon>
          <outerBoundaryIs><LinearRing><coordinates>120.213208,23.0521046 120.2132081,23.0521046 120.213214,23.0522148 120.2133999,23.0556091 120.2133912,23.0556115 120.2134414,23.0559806 120.2134124,23.0559878 120.2134449,23.0560078 120.2134609,23.0561257 120.2135887,23.0560941 120.2137134,23.0561004 120.2137039,23.0560654 120.2136967,23.0560442 120.2136968,23.0560441 120.2137482,23.0560318 120.2137483,23.0560318 120.2137529,23.0560697 120.2137914,23.0565519 120.2137941,23.0565975 120.213805,23.0567329 120.2138082,23.0567777 120.2138126,23.0568224 120.2138161,23.0568686 120.2138527,23.057316 120.2138574,23.0573694 120.2136779,23.0574646 120.2135808,23.057499 120.2135815,23.0575072 120.2135066,23.0575335 120.2134141,23.0575952 120.2131818,23.0577539 120.2127965,23.0580926 120.212763,23.0580773 120.2125293,23.0582369 120.2124305,23.058309 120.2124085,23.0583103 120.2123305,23.0583657 120.2122628,23.0583848 120.2122713,23.0584499 120.211956,23.0587671 120.2118795,23.0588591 120.2118853,23.0588838 120.2117765,23.0590164 120.2117437,23.059025 120.2116621,23.059134 120.2116333,23.0591729 120.2116246,23.0592305 120.2113091,23.0592483 120.2113311,23.0595363 120.211331,23.0595364 120.2106485,23.059027 120.2101696,23.0586669 120.2099288,23.0584939 120.2097602,23.0583864 120.2096074,23.0583187 120.2094626,23.0582719 120.2091098,23.0581783 120.2088262,23.0580634 120.2088332,23.0580239 120.208783,23.0579858 120.2086961,23.0578907 120.2085935,23.0577467 120.2085431,23.0576141 120.2084836,23.0574127 120.2084819,23.0573242 120.2084924,23.0571251 120.2085128,23.0570354 120.2086037,23.0567526 120.2086765,23.0565467 120.208718,23.0563852 120.2087253,23.0563613 120.2087217,23.0563603 120.2090954,23.0550038 120.2092832,23.0543368 120.2093014,23.0542692 120.2095582,23.0533594 120.2095584,23.0533594 120.2095679,23.0534006 120.2095845,23.0534624 120.209586,23.0534637 120.2094235,23.0539762 120.2086121,23.0568679 120.2086208,23.0568655 120.2086471,23.0567713 120.2094136,23.0540393 120.209657,23.0532719 120.2096572,23.0532718 120.2101277,23.0534629 120.210142,23.0534684 120.2101481,23.0534705 120.2101603,23.0534745 120.2101665,23.0534763 120.210179,23.0534797 120.2101915,23.0534827 120.2102042,23.0534852 120.210217,23.0534874 120.2102234,23.0534883 120.2102363,23.0534898 120.2102427,23.0534904 120.2102557,23.0534913 120.2102686,23.0534918 120.2102751,23.0534919 120.2102921,23.0534916 120.2106714,23.0534774 120.2106715,23.0534768 120.2106835,23.0534762 120.2108119,23.053462 120.2109205,23.0534463 120.2109206,23.0534464 120.2109138,23.0537939 120.2106761,23.0538006 120.2106761,23.0538068 120.2109199,23.0538 120.2109271,23.0534329 120.2110219,23.0534037 120.2110559,23.0533921 120.2111329,23.0533635 120.211133,23.0533636 120.211133,23.0533803 120.2113563,23.0532645 120.211547,23.0531547 120.2115776,23.0531297 120.2116483,23.0530576 120.2119082,23.0529048 120.2121141,23.0528058 120.2121387,23.0527917 120.2121389,23.0527918 120.2121446,23.0528204 120.2121442,23.0528207 120.2121591,23.0528986 120.2121601,23.0528986 120.2121762,23.0529878 120.2122151,23.0531907 120.2122199,23.0531903 120.2121393,23.0527691 120.212474,23.0525728 120.2124742,23.0525728 120.212475,23.0525796 120.212632,23.0525038 120.2129559,23.0522768 120.2129561,23.0522769 120.2129935,23.0531278 120.2129934,23.0531279 120.2128887,23.0531311 120.2125461,23.0531615 120.2125469,23.053168 120.212895,23.0531371 120.213001,23.0531339 120.2129631,23.0522666 120.213208,23.0521046</coordinates></LinearRing></outerBoundaryIs>
          <innerBoundaryIs><LinearRing><coordinates>120.2125467,23.0531682 120.2125414,23.0531687 120.2125838,23.0535157 120.212589,23.0535149 120.2125467,23.0531682</coordinates></LinearRing></innerBoundaryIs>
          <innerBoundaryIs><LinearRing><coordinates>120.2129063,23.0534861 120.2129008,23.0534867 120.21291,23.0535319 120.212972,23.0538424 120.2130215,23.0541793 120.2128821,23.0542209 120.2128865,23.0542199 120.2128865,23.0542201 120.2128462,23.0542316 120.2126904,23.0546738 120.2121457,23.0546662 120.2121355,23.0547737 120.2118444,23.0547746 120.2118443,23.0547807 120.2121418,23.0547798 120.212152,23.0546722 120.2126966,23.0546799 120.2128524,23.0542377 120.2130276,23.0541855 120.2129781,23.0538487 120.2129063,23.0534861</coordinates></LinearRing></innerBoundaryIs>
          <innerBoundaryIs><LinearRing><coordinates>120.2115767,23.0535731 120.2111338,23.0535825 120.2111338,23.0535887 120.2115767,23.0535793 120.2115767,23.0535731</coordinates></LinearRing></innerBoundaryIs>
          <innerBoundaryIs><LinearRing><coordinates>120.2118407,23.0546185 120.2115903,23.0546189 120.2115896,23.0546248 120.2118406,23.0546246 120.2118407,23.0546185</coordinates></LinearRing></innerBoundaryIs>
          <innerBoundaryIs><LinearRing><coordinates>120.2133965,23.0562582 120.211992,23.0566278 120.2120497,23.0574445 120.2121128,23.0583214 120.2121209,23.0583209 120.2120012,23.0566361 120.2134037,23.0562653 120.2134774,23.0563128 120.2134772,23.0563101 120.2134426,23.0562884 120.2133965,23.0562582</coordinates></LinearRing></innerBoundaryIs>
        </Polygon>
        <Polygon>
          <outerBoundaryIs><LinearRing><coordinates>120.2167031,23.0507294 120.216725,23.0507295 120.2168267,23.0507322 120.2168268,23.0507324 120.2168117,23.0507383 120.2167668,23.0507576 120.2167378,23.0507694 120.2167075,23.050782 120.2165827,23.0508357 120.2164475,23.0508919 120.2164053,23.0509092 120.2163957,23.0509144 120.2163956,23.0509142 120.2164043,23.0509077 120.2164567,23.050875 120.2165055,23.050845 120.2167031,23.0507294</coordinates></LinearRing></outerBoundaryIs>
        </Polygon>
      </MultiGeometry>
  </Placemark>
  <Placemark>
	<Style><LineStyle><color>ff0000ff</color></LineStyle><PolyStyle><fill>0</fill></PolyStyle></Style>
	<ExtendedData><SchemaData schemaUrl="#114SEC_DBTBLPD">
		<SimpleData name="段碼">1213</SimpleData>
		<SimpleData name="段名">新順段</SimpleData>
		<SimpleData name="行政區">安南區</SimpleData>
	</SchemaData></ExtendedData>
      <MultiGeometry>
        <Polygon>
          <outerBoundaryIs><LinearRing><coordinates>120.2167092,23.0445642 120.2168586,23.0445754 120.2169252,23.0445779 120.2170022,23.0445918 120.2171364,23.044614 120.2171607,23.0446573 120.2171627,23.0446606 120.2171909,23.0447256 120.2172071,23.0447641 120.2172229,23.0448024 120.2172397,23.04484 120.2172573,23.0448814 120.2172907,23.0449566 120.2173405,23.0450739 120.2174799,23.0453991 120.2175195,23.0454903 120.2176994,23.0459187 120.2179385,23.0466645 120.2179878,23.0468515 120.2181891,23.0476189 120.2186234,23.0491974 120.2187898,23.0498112 120.2189392,23.0504309 120.2189618,23.050541 120.2189618,23.0505411 120.2188532,23.0505518 120.2188012,23.0505445 120.2183873,23.0506327 120.2183186,23.0506618 120.2181202,23.0506357 120.2179799,23.0506455 120.2178181,23.0506655 120.217576,23.0506851 120.217096,23.0507115 120.2170362,23.0507371 120.2168269,23.0507319 120.2168082,23.0507312 120.216754,23.0507299 120.2167034,23.0507293 120.2166962,23.0507329 120.2166513,23.0507592 120.2166048,23.0507861 120.216555,23.050816 120.2165057,23.050845 120.2163633,23.0509337 120.216282,23.0510136 120.2160654,23.0511401 120.215643,23.0513618 120.2154256,23.0514503 120.2154254,23.0514502 120.21542,23.051412 120.2149089,23.0515984 120.2134857,23.0519511 120.2134873,23.0519834 120.2132944,23.0520565 120.2132096,23.0520984 120.2132009,23.0521044 120.2132008,23.0521044 120.2132005,23.0520993 120.2129554,23.0522613 120.2129561,23.0522775 120.2126316,23.0525032 120.2124698,23.0525827 120.2124696,23.0525826 120.2124677,23.0525667 120.2121332,23.0527629 120.2121388,23.0527919 120.2121191,23.0528029 120.2119423,23.052889 120.2119113,23.0529037 120.2118903,23.0529156 120.2116494,23.0530601 120.2115797,23.0531273 120.2115476,23.0531513 120.2113591,23.0532627 120.2111267,23.0533844 120.2111266,23.0533843 120.2111265,23.0533575 120.2111001,23.0533682 120.2110868,23.0533732 120.2110734,23.053378 120.21105,23.0533858 120.2109578,23.0534151 120.2109577,23.0534153 120.2109566,23.0534154 120.210921,23.0534267 120.2109205,23.0534462 120.2108488,23.0534562 120.2106833,23.0534759 120.2106716,23.0534766 120.2106715,23.0534765 120.2106715,23.053471 120.210655,23.0534717 120.2102858,23.0534855 120.2102753,23.0534858 120.2102623,23.0534857 120.2102493,23.0534852 120.2102364,23.0534843 120.2102235,23.053483 120.2102106,23.0534812 120.2101979,23.0534791 120.2101852,23.0534765 120.2101754,23.0534743 120.2101601,23.0534702 120.2101478,23.0534664 120.2101356,23.0534622 120.2101213,23.0534568 120.209649,23.053265 120.209586,23.0534638 120.2095858,23.0534638 120.2095836,23.0534621 120.2095591,23.0533594 120.2097184,23.0526916 120.209735,23.0526006 120.2098363,23.0520503 120.2098695,23.0517431 120.2098915,23.0514695 120.2099029,23.0502953 120.2099216,23.0502889 120.2099398,23.0500764 120.2100412,23.0496204 120.2100858,23.0494999 120.210232,23.0491 120.2102929,23.048976 120.2104534,23.048778 120.2107137,23.0484577 120.2107981,23.0483918 120.2108182,23.0483651 120.2108414,23.0483588 120.2108485,23.048357 120.2110257,23.0483071 120.2111696,23.0482439 120.2112144,23.0482759 120.2113787,23.0483926 120.2111248,23.0482113 120.2111249,23.0482111 120.2111834,23.0482119 120.2114108,23.0480586 120.2116661,23.0478046 120.2119036,23.0475064 120.212012,23.0472766 120.2120376,23.0471693 120.2120537,23.0466662 120.2120435,23.0464156 120.2119892,23.0461941 120.2119894,23.0461939 120.2123018,23.0462495 120.2123634,23.0462478 120.2123658,23.0462421 120.2124514,23.0462403 120.212432,23.0462265 120.2124142,23.0462127 120.2124031,23.0461445 120.2124703,23.0459768 120.2125055,23.0459005 120.2126638,23.0456067 120.2127038,23.0456046 120.2127935,23.0455941 120.213106,23.0455444 120.2132423,23.0455233 120.2132875,23.0454838 120.2132877,23.0454839 120.2132954,23.0455128 120.2136079,23.0454938 120.213608,23.0454939 120.2136093,23.0455229 120.2136553,23.0455225 120.213699,23.0455226 120.2137073,23.0455222 120.2138515,23.0454938 120.2138516,23.0454939 120.2138516,23.045512 120.2140631,23.0456161 120.2140791,23.04566 120.2142257,23.0456481 120.2143089,23.0456042 120.2143368,23.0455749 120.2143424,23.0455657 120.214361,23.0455622 120.2144171,23.0455373 120.2147769,23.0454031 120.2150941,23.0452865 120.2152171,23.0452432 120.215281,23.0452188 120.215418,23.0451627 120.215689,23.0450728 120.2157293,23.0450548 120.2158663,23.0450013 120.2159347,23.044961 120.2161187,23.0449031 120.2160819,23.0448644 120.2161121,23.0448286 120.2161581,23.0447726 120.2162818,23.0446626 120.2164403,23.0445735 120.2167092,23.0445642</coordinates></LinearRing></outerBoundaryIs>
          <innerBoundaryIs><LinearRing><coordinates>120.2161719,23.044962 120.2161651,23.0449641 120.2161231,23.0449777 120.2159911,23.0450215 120.216171,23.0449626 120.2161712,23.0449627 120.216154,23.0449955 120.2161576,23.0449891 120.216167,23.0449708 120.2161719,23.044962</coordinates></LinearRing></innerBoundaryIs>
          <innerBoundaryIs><LinearRing><coordinates>120.2172766,23.0451477 120.2172757,23.0451489 120.2172584,23.0451879 120.2172775,23.0451498 120.2172766,23.0451477</coordinates></LinearRing></innerBoundaryIs>
          <innerBoundaryIs><LinearRing><coordinates>120.215458,23.0451978 120.2154573,23.045198 120.2155543,23.0454736 120.2156637,23.0457838 120.2157641,23.0460599 120.2158032,23.0461725 120.2158361,23.0462649 120.2158542,23.0463132 120.215458,23.0451978</coordinates></LinearRing></innerBoundaryIs>
          <innerBoundaryIs><LinearRing><coordinates>120.2173333,23.0452799 120.2175836,23.0458727 120.2176049,23.0459239 120.2176273,23.0459788 120.2176076,23.0459255 120.2174284,23.0455013 120.2173333,23.0452799</coordinates></LinearRing></innerBoundaryIs>
          <innerBoundaryIs><LinearRing><coordinates>120.2133967,23.0462201 120.213324,23.046221 120.2130209,23.0462284 120.212962,23.0462287 120.212879,23.0462314 120.212807,23.0462331 120.2127722,23.0462332 120.2125888,23.0462376 120.2133969,23.0462215 120.2133967,23.0462201</coordinates></LinearRing></innerBoundaryIs>
          <innerBoundaryIs><LinearRing><coordinates>120.2134027,23.0462712 120.2134152,23.0463829 120.2134266,23.0463899 120.2134156,23.0463824 120.2134027,23.0462712</coordinates></LinearRing></innerBoundaryIs>
          <innerBoundaryIs><LinearRing><coordinates>120.2158511,23.0463186 120.2149678,23.0465316 120.2148932,23.0465487 120.2145515,23.0466314 120.2158335,23.0463242 120.2158511,23.0463186</coordinates></LinearRing></innerBoundaryIs>
          <innerBoundaryIs><LinearRing><coordinates>120.2178153,23.0465137 120.2178221,23.0465358 120.2178334,23.0465739 120.2178444,23.0466121 120.2178621,23.0466751 120.2180963,23.047544 120.2181322,23.0476749 120.2181329,23.0476753 120.2180605,23.0474073 120.2179452,23.0469823 120.2178395,23.046588 120.2178153,23.0465137</coordinates></LinearRing></innerBoundaryIs>
          <innerBoundaryIs><LinearRing><coordinates>120.2136547,23.0463962 120.2136632,23.0464205 120.2137928,23.0468132 120.2139539,23.0467747 120.2137926,23.0468121 120.2137766,23.046763 120.2136637,23.0464205 120.2136547,23.0463962</coordinates></LinearRing></innerBoundaryIs>
          <innerBoundaryIs><LinearRing><coordinates>120.218092,23.0476516 120.2179046,23.0476783 120.2179922,23.0476662 120.2180905,23.0476523 120.2181112,23.0476635 120.218092,23.0476516</coordinates></LinearRing></innerBoundaryIs>
          <innerBoundaryIs><LinearRing><coordinates>120.216532,23.0478271 120.2165307,23.0478283 120.2164697,23.0489229 120.2164702,23.0489228 120.2164876,23.0486168 120.216532,23.0478271</coordinates></LinearRing></innerBoundaryIs>
          <innerBoundaryIs><LinearRing><coordinates>120.2160985,23.0492566 120.2161386,23.0500818 120.2161619,23.05021 120.2161618,23.0502101 120.2156776,23.0502694 120.2157641,23.0502591 120.2158056,23.050254 120.215847,23.0502492 120.2158898,23.0502436 120.2159726,23.0502335 120.2160147,23.0502288 120.2160874,23.0502195 120.2161646,23.0502106 120.2161419,23.0500794 120.2161325,23.0498985 120.2161141,23.0495513 120.2161113,23.0495007 120.2160985,23.0492566</coordinates></LinearRing></innerBoundaryIs>
          <innerBoundaryIs><LinearRing><coordinates>120.2134063,23.0505191 120.2134119,23.0506299 120.213415,23.0506847 120.2134251,23.0508773 120.2134267,23.0508978 120.2134063,23.0505191</coordinates></LinearRing></innerBoundaryIs>
          <innerBoundaryIs><LinearRing><coordinates>120.2156703,23.0512974 120.2154965,23.051378 120.2156705,23.0512992 120.2156703,23.0512974</coordinates></LinearRing></innerBoundaryIs>
        </Polygon>
      </MultiGeometry>
  </Placemark>
  <Placemark>
	<Style><LineStyle><color>ff0000ff</color></LineStyle><PolyStyle><fill>0</fill></PolyStyle></Style>
	<ExtendedData><SchemaData schemaUrl="#114SEC_DBTBLPD">
		<SimpleData name="段碼">1214</SimpleData>
		<SimpleData name="段名">怡安段</SimpleData>
		<SimpleData name="行政區">安南區</SimpleData>
	</SchemaData></ExtendedData>
      <MultiGeometry>
        <Polygon>
          <outerBoundaryIs><LinearRing><coordinates>120.213637,23.0364728 120.2136657,23.0365402 120.2136914,23.0365014 120.2136916,23.0365014 120.2138059,23.036754 120.213898,23.0369589 120.2142421,23.0377263 120.2145529,23.0384313 120.2145593,23.038459 120.2145841,23.0385219 120.2147079,23.0388422 120.2148062,23.0390855 120.2151186,23.0398206 120.2152309,23.0400859 120.2153187,23.0402942 120.2153523,23.0403831 120.2158187,23.0415042 120.2158185,23.0415049 120.2158385,23.041561 120.2159654,23.0418506 120.2160968,23.0421638 120.2162546,23.0425304 120.2163543,23.0427691 120.2164298,23.0429527 120.2166228,23.0434124 120.2166507,23.0434509 120.2167656,23.043723 120.2167794,23.0437583 120.2168047,23.0438202 120.2169076,23.0440659 120.2169815,23.044241 120.2171366,23.0446143 120.2171365,23.0446144 120.2170402,23.0445983 120.2169782,23.0445874 120.2169263,23.0445791 120.2168601,23.044574 120.2167019,23.0445631 120.2165362,23.0445692 120.2164392,23.0445729 120.2162819,23.0446618 120.2161578,23.0447738 120.2160824,23.0448641 120.2161125,23.0448952 120.2161125,23.0448954 120.21603,23.0449214 120.2159838,23.0449372 120.2159288,23.0449544 120.2158606,23.0449952 120.2157241,23.0450495 120.2156839,23.0450678 120.2156414,23.0450825 120.2155996,23.0450971 120.2155577,23.0451112 120.2155159,23.0451248 120.2154585,23.045144 120.2154136,23.0451594 120.2152771,23.0452168 120.2152133,23.0452411 120.2151091,23.0452788 120.2147166,23.0454258 120.2144183,23.0455393 120.2143686,23.0455583 120.2143386,23.0455702 120.2143074,23.0456044 120.2142245,23.0456486 120.2140787,23.04566 120.2140633,23.0456182 120.2139862,23.0455796 120.213932,23.0455529 120.2138506,23.045512 120.2138514,23.0454939 120.2137909,23.0455052 120.2137716,23.0455091 120.2137084,23.0455223 120.213609,23.0455225 120.2136076,23.0454925 120.2132957,23.0455118 120.2132874,23.0454831 120.2132437,23.0455228 120.2127959,23.0455926 120.2127101,23.0456037 120.212664,23.0456066 120.2125086,23.0458954 120.2124727,23.0459731 120.2124665,23.0459894 120.2124655,23.0459892 120.2124053,23.0461387 120.2124168,23.0462115 120.2124541,23.0462405 120.2124541,23.0462407 120.2123675,23.0462424 120.212365,23.0462482 120.2123033,23.0462499 120.2119908,23.0461941 120.2119183,23.0458963 120.2118271,23.0455825 120.211761,23.0454265 120.2114064,23.0445755 120.2112778,23.0440821 120.2113613,23.0435998 120.2116838,23.0424677 120.2121118,23.0417286 120.2122009,23.0415117 120.2122432,23.0413576 120.2123774,23.0407751 120.2127574,23.0392073 120.2134223,23.0375621 120.213637,23.0364728</coordinates></LinearRing></outerBoundaryIs>
          <innerBoundaryIs><LinearRing><coordinates>120.2142356,23.0379702 120.2141131,23.0380183 120.2142361,23.0379705 120.2142402,23.037972 120.2142356,23.0379702</coordinates></LinearRing></innerBoundaryIs>
          <innerBoundaryIs><LinearRing><coordinates>120.2141634,23.0390144 120.2141646,23.0390173 120.214165,23.0390146 120.2141634,23.0390144</coordinates></LinearRing></innerBoundaryIs>
          <innerBoundaryIs><LinearRing><coordinates>120.2142651,23.0392481 120.2141576,23.0392739 120.2141596,23.0392748 120.2142656,23.0392491 120.2142651,23.0392481</coordinates></LinearRing></innerBoundaryIs>
          <innerBoundaryIs><LinearRing><coordinates>120.2142299,23.0393603 120.2142787,23.0394721 120.2142786,23.0394722 120.2134301,23.0396688 120.2136092,23.0401025 120.2134317,23.0396721 120.2134318,23.039672 120.21348,23.0396584 120.2138042,23.0395842 120.2142809,23.0394754 120.2142299,23.0393603</coordinates></LinearRing></innerBoundaryIs>
          <innerBoundaryIs><LinearRing><coordinates>120.2138179,23.0404389 120.2137543,23.0404536 120.2137543,23.0404537 120.2138179,23.0404389</coordinates></LinearRing></innerBoundaryIs>
          <innerBoundaryIs><LinearRing><coordinates>120.2141555,23.04046 120.2143448,23.0410108 120.2150108,23.0410234 120.2150122,23.0410225 120.2143459,23.0410101 120.2141555,23.04046</coordinates></LinearRing></innerBoundaryIs>
          <innerBoundaryIs><LinearRing><coordinates>120.2151388,23.0408726 120.2151384,23.0408731 120.2153114,23.0408863 120.2151388,23.0408726</coordinates></LinearRing></innerBoundaryIs>
          <innerBoundaryIs><LinearRing><coordinates>120.2150983,23.0409251 120.2150358,23.0410062 120.2150198,23.0410179 120.2150359,23.041008 120.2150983,23.0409251</coordinates></LinearRing></innerBoundaryIs>
          <innerBoundaryIs><LinearRing><coordinates>120.215524,23.0409886 120.2155474,23.0410452 120.2156306,23.0412441 120.2158817,23.0418394 120.2158816,23.0418396 120.2158322,23.0418428 120.2158836,23.0418397 120.2157838,23.0416045 120.2156791,23.0413552 120.2156551,23.0412977 120.2156196,23.0412137 120.2155416,23.0410307 120.215524,23.0409886</coordinates></LinearRing></innerBoundaryIs>
          <innerBoundaryIs><LinearRing><coordinates>120.2132877,23.0408663 120.2132675,23.040871 120.2132718,23.0408701 120.2132877,23.0408663</coordinates></LinearRing></innerBoundaryIs>
          <innerBoundaryIs><LinearRing><coordinates>120.2145595,23.0420045 120.2144689,23.0420212 120.2143921,23.0422646 120.2144693,23.0420213 120.2145595,23.0420045</coordinates></LinearRing></innerBoundaryIs>
          <innerBoundaryIs><LinearRing><coordinates>120.2157563,23.0422681 120.215733,23.0422716 120.2150104,23.0423502 120.214804,23.0423726 120.2148058,23.0424409 120.214807,23.0425243 120.2148078,23.0425244 120.2148046,23.0423725 120.2157563,23.0422697 120.2157563,23.0422681</coordinates></LinearRing></innerBoundaryIs>
          <innerBoundaryIs><LinearRing><coordinates>120.215758,23.04235 120.2157584,23.0424154 120.2160989,23.0423579 120.2160982,23.0423563 120.2157598,23.0424138 120.2157597,23.0424137 120.215758,23.04235</coordinates></LinearRing></innerBoundaryIs>
          <innerBoundaryIs><LinearRing><coordinates>120.2143866,23.0422821 120.2143237,23.0424816 120.2143243,23.0424817 120.2143483,23.0424043 120.2143866,23.0422821</coordinates></LinearRing></innerBoundaryIs>
          <innerBoundaryIs><LinearRing><coordinates>120.2161942,23.0425826 120.2157437,23.0426609 120.2157437,23.0426631 120.2161943,23.0425829 120.2161942,23.0425826</coordinates></LinearRing></innerBoundaryIs>
          <innerBoundaryIs><LinearRing><coordinates>120.2157428,23.0428347 120.2157421,23.0429452 120.2157431,23.0429474 120.2157428,23.0428347</coordinates></LinearRing></innerBoundaryIs>
          <innerBoundaryIs><LinearRing><coordinates>120.2143286,23.0430591 120.2143284,23.04306 120.214518,23.0432562 120.2145184,23.0432566 120.2145205,23.0432562 120.2143286,23.0430591</coordinates></LinearRing></innerBoundaryIs>
          <innerBoundaryIs><LinearRing><coordinates>120.2155722,23.0430962 120.2154435,23.0431165 120.2153273,23.0431356 120.2155722,23.0430962</coordinates></LinearRing></innerBoundaryIs>
          <innerBoundaryIs><LinearRing><coordinates>120.2147128,23.043228 120.2146784,23.0432303 120.2145251,23.0432556 120.2147128,23.043228</coordinates></LinearRing></innerBoundaryIs>
          <innerBoundaryIs><LinearRing><coordinates>120.2153916,23.0434341 120.2148698,23.0435505 120.2145182,23.0436153 120.2144105,23.0437029 120.2144121,23.0437033 120.2145206,23.0436155 120.2148787,23.0435496 120.2153917,23.0434346 120.2153916,23.0434341</coordinates></LinearRing></innerBoundaryIs>
          <innerBoundaryIs><LinearRing><coordinates>120.2154482,23.0436721 120.2149397,23.0437866 120.21432,23.0439011 120.2144267,23.0444234 120.2144272,23.0444233 120.2144207,23.0443886 120.2143208,23.043901 120.2144307,23.0438809 120.2149399,23.0437868 120.2154486,23.0436735 120.2154482,23.0436721</coordinates></LinearRing></innerBoundaryIs>
          <innerBoundaryIs><LinearRing><coordinates>120.2145758,23.044396 120.2145749,23.0443962 120.2147713,23.0449008 120.2147713,23.0449009 120.2138542,23.0450834 120.2139341,23.0450682 120.2139613,23.0450633 120.2142294,23.0450091 120.2147725,23.0449014 120.2145758,23.044396</coordinates></LinearRing></innerBoundaryIs>
          <innerBoundaryIs><LinearRing><coordinates>120.2142315,23.0436552 120.2142273,23.0436682 120.2141327,23.0436859 120.2141323,23.0436873 120.2142299,23.0436691 120.2142338,23.0436565 120.2143056,23.0436753 120.2142315,23.0436552</coordinates></LinearRing></innerBoundaryIs>
          <innerBoundaryIs><LinearRing><coordinates>120.2138557,23.0445682 120.2138547,23.0445684 120.2138899,23.0446002 120.2138481,23.0448082 120.2138174,23.0449594 120.2137898,23.0450971 120.2138535,23.0450836 120.2137902,23.0450962 120.2137901,23.0450961 120.2138903,23.0445999 120.2138557,23.0445682</coordinates></LinearRing></innerBoundaryIs>
          <innerBoundaryIs><LinearRing><coordinates>120.2137887,23.0445807 120.2135773,23.0446201 120.2135794,23.0446201 120.2137887,23.0445807</coordinates></LinearRing></innerBoundaryIs>
          <innerBoundaryIs><LinearRing><coordinates>120.2129697,23.0446193 120.2129686,23.0446193 120.2129842,23.0450174 120.2129697,23.0446193</coordinates></LinearRing></innerBoundaryIs>
          <innerBoundaryIs><LinearRing><coordinates>120.2129861,23.045065 120.2129878,23.045109 120.2129883,23.045109 120.2129861,23.045065</coordinates></LinearRing></innerBoundaryIs>
          <innerBoundaryIs><LinearRing><coordinates>120.2122755,23.0450821 120.2122754,23.0450822 120.2124307,23.0450881 120.2122755,23.0450821</coordinates></LinearRing></innerBoundaryIs>
        </Polygon>
      </MultiGeometry>
  </Placemark>
  <Placemark>
	<Style><LineStyle><color>ff0000ff</color></LineStyle><PolyStyle><fill>0</fill></PolyStyle></Style>
	<ExtendedData><SchemaData schemaUrl="#114SEC_DBTBLPD">
		<SimpleData name="段碼">1215</SimpleData>
		<SimpleData name="段名">長和段</SimpleData>
		<SimpleData name="行政區">安南區</SimpleData>
	</SchemaData></ExtendedData>
      <MultiGeometry>
        <Polygon>
          <outerBoundaryIs><LinearRing><coordinates>120.2218021,23.0685354 120.2218022,23.0685355 120.2217794,23.0689431 120.222477,23.0689546 120.222477,23.0689547 120.2224705,23.0691839 120.2227566,23.0691754 120.2227594,23.0690463 120.2229938,23.0690142 120.2229939,23.0690143 120.2229711,23.0699243 120.2227841,23.0699205 120.2227822,23.070036 120.2227821,23.0700361 120.2227303,23.0700349 120.2227235,23.0702995 120.2229616,23.0702997 120.2229617,23.0702998 120.22296,23.0703684 120.2227209,23.0703674 120.2227081,23.0708235 120.2229485,23.0708228 120.2229486,23.0708229 120.2229468,23.0708951 120.2210005,23.0709017 120.2210005,23.0708938 120.2209263,23.0708965 120.220926,23.0709089 120.2209258,23.070909 120.2209182,23.0709033 120.220786,23.0709039 120.2207859,23.0709018 120.2207774,23.0709019 120.2206452,23.0708891 120.2206176,23.0708834 120.2206212,23.0708312 120.2206228,23.070783 120.2206268,23.070643 120.2206283,23.0706032 120.2206292,23.0705637 120.220633,23.0704234 120.2206344,23.0703592 120.2206364,23.070287 120.2206436,23.0700507 120.2206504,23.0698138 120.2206546,23.0696783 120.2206617,23.069416 120.2204885,23.069411 120.2204943,23.069211 120.2203927,23.0692086 120.2203592,23.0692383 120.2203591,23.0692383 120.2203622,23.0691201 120.2203623,23.06912 120.2206704,23.0691297 120.2206703,23.0691288 120.2206704,23.0691286 120.2209886,23.0691375 120.2209816,23.0693621 120.2209815,23.0693622 120.220754,23.0693509 120.2207432,23.0696797 120.2209668,23.0696835 120.2209641,23.0698189 120.2209592,23.0699932 120.2212324,23.0700018 120.2212724,23.06857 120.2217509,23.0685802 120.2218021,23.0685354</coordinates></LinearRing></outerBoundaryIs>
          <innerBoundaryIs><LinearRing><coordinates>120.2209508,23.0702068 120.220944,23.0703606 120.2209396,23.0704848 120.2209376,23.0705503 120.2209313,23.0707118 120.2209297,23.0707712 120.2209376,23.070549 120.2209508,23.0702068</coordinates></LinearRing></innerBoundaryIs>
        </Polygon>
        <Polygon>
          <outerBoundaryIs><LinearRing><coordinates>120.221417,23.0657935 120.2215829,23.0658018 120.221607,23.0658407 120.222256,23.0669297 120.2222305,23.0669682 120.2222012,23.0669673 120.2221068,23.0671775 120.2222787,23.0672429 120.2223478,23.0670839 120.2223479,23.0670839 120.2224666,23.067283 120.222332,23.0673516 120.222319,23.0673812 120.2223996,23.0675171 120.2223995,23.0675173 120.2222613,23.0675131 120.2222306,23.0675844 120.2217268,23.0675691 120.2215668,23.0679361 120.2214074,23.0679213 120.2214058,23.0679988 120.2214393,23.0680315 120.2214471,23.0680318 120.2214472,23.0680319 120.2214469,23.0680347 120.2213659,23.0680294 120.2213682,23.0679195 120.2213683,23.0679194 120.2213695,23.0679195 120.2214136,23.0658297 120.2214137,23.0658296 120.2214162,23.0658297 120.2214169,23.0657936 120.221417,23.0657935</coordinates></LinearRing></outerBoundaryIs>
        </Polygon>
        <Polygon>
          <outerBoundaryIs><LinearRing><coordinates>120.2209418,23.0634401 120.2209972,23.0634593 120.221003,23.0634467 120.2210031,23.0634467 120.2211127,23.0634944 120.2211506,23.0635106 120.2211874,23.0635271 120.2212244,23.0635429 120.2212614,23.0635591 120.2212987,23.0635756 120.2213361,23.0635917 120.2213725,23.0636077 120.2214486,23.0636404 120.2214844,23.0636544 120.2215593,23.0636874 120.2215957,23.0637027 120.221634,23.0637192 120.2216708,23.0637358 120.2217082,23.0637517 120.2217449,23.0637679 120.2217722,23.0637794 120.2218243,23.063791 120.2218646,23.0637995 120.2219859,23.0638268 120.2220764,23.0638465 120.2223773,23.0639126 120.2224126,23.0639167 120.2225307,23.0639284 120.2225307,23.0639286 120.2223883,23.0639622 120.222301,23.0639596 120.2221673,23.0639262 120.221653,23.0637659 120.2210802,23.0635178 120.2209167,23.0634689 120.2209166,23.0634688 120.2209418,23.0634401</coordinates></LinearRing></outerBoundaryIs>
        </Polygon>
      </MultiGeometry>
  </Placemark>
  <Placemark>
	<Style><LineStyle><color>ff0000ff</color></LineStyle><PolyStyle><fill>0</fill></PolyStyle></Style>
	<ExtendedData><SchemaData schemaUrl="#114SEC_DBTBLPD">
		<SimpleData name="段碼">1216</SimpleData>
		<SimpleData name="段名">福國段</SimpleData>
		<SimpleData name="行政區">安南區</SimpleData>
	</SchemaData></ExtendedData>
      <MultiGeometry>
        <Polygon>
          <outerBoundaryIs><LinearRing><coordinates>120.2264616,23.0511154 120.2264959,23.0511843 120.2265171,23.0512746 120.2264835,23.0512871 120.2265406,23.0514037 120.2265457,23.0514946 120.2265253,23.0515925 120.2264865,23.0517738 120.2264826,23.0517933 120.2264624,23.051877 120.2264234,23.0520454 120.2262942,23.0525693 120.2262899,23.052589 120.2262867,23.0525977 120.2262724,23.0526572 120.2262382,23.0527965 120.2262272,23.0528377 120.2261948,23.0529628 120.2261705,23.0530597 120.2260319,23.0536582 120.22597,23.053928 120.2259358,23.0540752 120.2259291,23.0541051 120.2259274,23.0541085 120.2258995,23.0542196 120.2258703,23.0543388 120.2258606,23.0543795 120.2258025,23.0546156 120.2257331,23.0549147 120.2256808,23.0551395 120.2256148,23.0554199 120.225398,23.0563132 120.22534,23.0565515 120.2252918,23.0567488 120.2252198,23.057047 120.2251796,23.057212 120.2251493,23.0573326 120.2251026,23.0575231 120.2250299,23.0578177 120.2249357,23.0581976 120.2248588,23.0584989 120.2248301,23.0586168 120.2247282,23.0590483 120.2246689,23.0592862 120.2246117,23.0595237 120.2245409,23.0598193 120.2244633,23.0601481 120.2244311,23.0602879 120.2243794,23.0605136 120.2243391,23.0606924 120.2243079,23.0607997 120.2242548,23.0609872 120.2241881,23.0612282 120.2241203,23.0615264 120.2241032,23.0616349 120.2240632,23.0618909 120.2240593,23.0619542 120.2240536,23.0620592 120.2240522,23.0621797 120.2240622,23.0623963 120.2240734,23.0624444 120.2241031,23.062549 120.2241479,23.0627332 120.2241887,23.0628335 120.22421,23.0628867 120.2243082,23.0631131 120.2243199,23.0631333 120.2243829,23.0632507 120.2243976,23.0632777 120.2244333,23.0633468 120.2245214,23.0635202 120.2245769,23.0636324 120.2246007,23.0636817 120.2247098,23.0638822 120.2247922,23.0640326 120.2248086,23.0640629 120.2247462,23.0640933 120.2246702,23.0641294 120.2246541,23.0641384 120.2245611,23.0641288 120.2244804,23.0641212 120.2234346,23.0640186 120.2230773,23.0639838 120.2226161,23.0639382 120.2225334,23.0639297 120.2223837,23.0639151 120.2223779,23.0639136 120.2223587,23.0639098 120.2220748,23.0638472 120.221902,23.0638093 120.2218215,23.0637912 120.2217811,23.0637824 120.2217727,23.0637802 120.2217062,23.0637517 120.2216693,23.063735 120.2216321,23.0637191 120.221558,23.0636865 120.2215209,23.0636704 120.2214839,23.063654 120.221446,23.0636397 120.2212604,23.063559 120.2212232,23.0635433 120.2211121,23.0634943 120.2210748,23.0634785 120.2210026,23.0634469 120.2211367,23.0631518 120.2207498,23.0629145 120.2204441,23.0627276 120.2202695,23.0626197 120.2201965,23.0625422 120.220135,23.0624746 120.2200634,23.0623989 120.2200466,23.0623757 120.2197318,23.0620426 120.2197294,23.0620444 120.2196421,23.0619528 120.2196421,23.0619526 120.2197177,23.0619228 120.2197088,23.0619087 120.2197065,23.061904 120.2196359,23.0619462 120.2196354,23.0619458 120.2195394,23.0617291 120.2194885,23.0616183 120.2194043,23.0614308 120.2193184,23.0612349 120.2192906,23.0611463 120.2192825,23.0610748 120.2193802,23.0610356 120.2193869,23.0610132 120.219424,23.0608972 120.2194275,23.0607405 120.2194459,23.0602375 120.2194615,23.0601114 120.2195118,23.0597304 120.2195419,23.0595811 120.2195421,23.0595811 120.219556,23.0608633 120.2195567,23.0609472 120.2195656,23.0609434 120.2195637,23.0607529 120.2195552,23.0599789 120.2195555,23.0599768 120.2195513,23.0595969 120.2196363,23.0591812 120.2196528,23.0590851 120.2198374,23.0586174 120.2198237,23.0586354 120.2198033,23.0586731 120.2198032,23.058673 120.2198418,23.0585681 120.2198768,23.0585174 120.2198929,23.0584764 120.2199683,23.0582245 120.2199539,23.0582245 120.2199538,23.0582244 120.219972,23.0581634 120.2202886,23.0578446 120.2203506,23.0578365 120.2203734,23.0576464 120.2203609,23.0575629 120.220361,23.0575628 120.2205718,23.0575674 120.2205719,23.0575675 120.2205692,23.0575737 120.2205893,23.057574 120.2204568,23.0565669 120.2204395,23.0564201 120.2203672,23.056322 120.2203553,23.0563041 120.2202094,23.0561975 120.2200638,23.056068 120.2200621,23.0560672 120.2202107,23.0561994 120.2202106,23.0561996 120.2201183,23.0561323 120.2199287,23.0559948 120.2198408,23.0559532 120.2193766,23.0557352 120.2193721,23.0557323 120.2193624,23.0557278 120.2192834,23.0556758 120.2192835,23.0556756 120.2192893,23.0556783 120.2192414,23.0556471 120.218864,23.055511 120.2186663,23.0555149 120.2186662,23.0555148 120.2186661,23.0555067 120.2186217,23.0555069 120.2184939,23.0555344 120.218441,23.0555938 120.2184408,23.0555937 120.2184348,23.0554215 120.2184344,23.0553316 120.2184756,23.0553235 120.2184522,23.055119 120.2184633,23.0547997 120.2185226,23.0547779 120.2185365,23.0546488 120.2184692,23.0546693 120.2184691,23.0546692 120.2184846,23.0544706 120.2185422,23.0544726 120.2185766,23.0540488 120.2185872,23.0539211 120.2185874,23.0539211 120.2186369,23.0540556 120.2187253,23.0541139 120.2188054,23.0541674 120.2189168,23.0541302 120.2190112,23.0540984 120.2193596,23.0539823 120.2194191,23.0539547 120.2195331,23.0539023 120.2196363,23.0538556 120.2198223,23.0537703 120.2200336,23.0536731 120.2200337,23.0536732 120.2200218,23.0537788 120.2199884,23.0540689 120.2199819,23.0541213 120.2201237,23.0541255 120.2202112,23.0540835 120.2202517,23.0540863 120.2203699,23.0540294 120.2204438,23.0539932 120.2206047,23.0539164 120.2210275,23.053716 120.2210603,23.0537009 120.2210686,23.0536966 120.2212413,23.0536196 120.2217157,23.0533998 120.2221485,23.0531892 120.2221834,23.0531724 120.2224412,23.0530466 120.2229014,23.0528262 120.2229896,23.0527834 120.2232426,23.0526628 120.2237594,23.0524155 120.2238563,23.052369 120.2241608,23.0522236 120.2241605,23.0522057 120.2242729,23.0521535 120.2247448,23.0519367 120.2250175,23.051809 120.225261,23.0516957 120.2255075,23.0515806 120.225707,23.0514889 120.225802,23.0514387 120.2259595,23.0513567 120.226063,23.0513025 120.2261659,23.0512561 120.2264616,23.0511154</coordinates></LinearRing></outerBoundaryIs>
          <innerBoundaryIs><LinearRing><coordinates>120.2208867,23.0538879 120.2206011,23.0540182 120.2206,23.0540274 120.2205772,23.0540387 120.2208866,23.0538969 120.2208867,23.0538879</coordinates></LinearRing></innerBoundaryIs>
          <innerBoundaryIs><LinearRing><coordinates>120.2204339,23.054094 120.220378,23.0541204 120.2202902,23.0541601 120.220018,23.0542853 120.2199141,23.0543329 120.2199118,23.0543439 120.220064,23.0542738 120.2204522,23.054096 120.2204339,23.054094</coordinates></LinearRing></innerBoundaryIs>
          <innerBoundaryIs><LinearRing><coordinates>120.2195262,23.0545044 120.219452,23.054529 120.2194504,23.0545376 120.2194889,23.0545248 120.2195262,23.0545044</coordinates></LinearRing></innerBoundaryIs>
          <innerBoundaryIs><LinearRing><coordinates>120.2194398,23.0545333 120.2191243,23.0546365 120.2190509,23.054661 120.2188195,23.0547373 120.2187277,23.054768 120.2186735,23.0547856 120.2186703,23.0548408 120.218668,23.0548673 120.2186599,23.0550536 120.2186568,23.0552123 120.2186555,23.0553293 120.218656,23.0554523 120.2186658,23.0554521 120.2186647,23.0552971 120.2186666,23.0551716 120.2186667,23.0551715 120.2188742,23.0551766 120.2195287,23.0551922 120.2199945,23.0551903 120.2200052,23.0551805 120.2191155,23.0551735 120.2190946,23.0551738 120.2188461,23.0551715 120.2188424,23.055152 120.2188336,23.0551074 120.2186678,23.0551081 120.2186677,23.055108 120.2186719,23.0549888 120.2186754,23.0549164 120.2186791,23.0548457 120.2186829,23.0547919 120.2187376,23.0547733 120.2193504,23.0545706 120.2194398,23.0545333</coordinates></LinearRing></innerBoundaryIs>
          <innerBoundaryIs><LinearRing><coordinates>120.2200344,23.0547736 120.2198245,23.0547746 120.2198184,23.0548046 120.2200338,23.0548158 120.2200344,23.0547736</coordinates></LinearRing></innerBoundaryIs>
          <innerBoundaryIs><LinearRing><coordinates>120.2202458,23.0552617 120.2201596,23.055262 120.220125,23.0552938 120.220119,23.0557262 120.2201543,23.055726 120.2201728,23.0556625 120.2202172,23.0554199 120.2202343,23.0553238 120.2202458,23.0552617</coordinates></LinearRing></innerBoundaryIs>
          <innerBoundaryIs><LinearRing><coordinates>120.2207954,23.0552693 120.2207786,23.0553724 120.2207629,23.0554673 120.2207404,23.0556051 120.2207133,23.055763 120.2208194,23.0557626 120.2208192,23.0552912 120.2207954,23.0552693</coordinates></LinearRing></innerBoundaryIs>
          <innerBoundaryIs><LinearRing><coordinates>120.2208754,23.0565275 120.2206261,23.0565558 120.2206254,23.0565554 120.2206079,23.0565579 120.220594,23.0565596 120.2205936,23.056567 120.2208795,23.0565345 120.2208754,23.0565275</coordinates></LinearRing></innerBoundaryIs>
          <innerBoundaryIs><LinearRing><coordinates>120.2208914,23.0613909 120.2207006,23.0615792 120.2206695,23.0615708 120.2206144,23.0616285 120.2205724,23.0616714 120.2205158,23.0617307 120.2204302,23.0618196 120.2203736,23.061879 120.2203445,23.0619087 120.2203155,23.0619391 120.2202875,23.0619675 120.2201961,23.0620622 120.2201988,23.0620653 120.2202025,23.0620622 120.2202026,23.0620622 120.2202056,23.062069 120.2202037,23.062071 120.220283,23.0621643 120.2202131,23.0620609 120.2205418,23.0617195 120.220542,23.0617195 120.220732,23.0618809 120.2208902,23.0617215 120.2208907,23.0616294 120.2208914,23.0613909</coordinates></LinearRing></innerBoundaryIs>
          <innerBoundaryIs><LinearRing><coordinates>120.2195584,23.0615711 120.2195585,23.0615808 120.2195962,23.0616581 120.2195584,23.0615711</coordinates></LinearRing></innerBoundaryIs>
        </Polygon>
      </MultiGeometry>
  </Placemark>
  <Placemark>
	<Style><LineStyle><color>ff0000ff</color></LineStyle><PolyStyle><fill>0</fill></PolyStyle></Style>
	<ExtendedData><SchemaData schemaUrl="#114SEC_DBTBLPD">
		<SimpleData name="段碼">1217</SimpleData>
		<SimpleData name="段名">安和段</SimpleData>
		<SimpleData name="行政區">安南區</SimpleData>
	</SchemaData></ExtendedData>
      <MultiGeometry>
        <Polygon>
          <outerBoundaryIs><LinearRing><coordinates>120.2165779,23.0302806 120.2168217,23.0304771 120.2169756,23.0306021 120.2172058,23.030806 120.2174161,23.0309967 120.217545,23.0315594 120.2176023,23.031815 120.2176127,23.0318593 120.2176162,23.0319048 120.2176381,23.0322345 120.2176503,23.0322864 120.2177602,23.0327686 120.217779,23.0328477 120.2178967,23.0331307 120.2179453,23.0333148 120.2179448,23.0333951 120.2179432,23.0335304 120.2179419,23.0335387 120.2179004,23.0337504 120.2178622,23.0338915 120.2178252,23.0340859 120.2178247,23.0340981 120.2178349,23.034339 120.2178417,23.034551 120.217874,23.0349141 120.217869,23.0350396 120.217899,23.0353064 120.217909,23.0356244 120.2179129,23.0356657 120.2179431,23.0359335 120.2179674,23.0363787 120.218041,23.0367031 120.2180761,23.03698 120.2181224,23.0373224 120.2181466,23.0374921 120.218154,23.0376017 120.2181264,23.0383614 120.2180808,23.038564 120.2180479,23.0389289 120.2180625,23.038959 120.2180662,23.0389812 120.2180143,23.0390274 120.2180026,23.039127 120.218021,23.0392402 120.2180427,23.0393711 120.2180842,23.0396277 120.2181141,23.039689 120.2181373,23.0397394 120.2181661,23.0399124 120.2181938,23.0402119 120.2183882,23.0410449 120.2184614,23.0413665 120.2184643,23.0413805 120.2185041,23.0415571 120.2185177,23.041617 120.2186267,23.0419286 120.218648,23.0423857 120.2186806,23.0431042 120.2186533,23.0431223 120.2185731,23.0437549 120.218485,23.0444054 120.2184625,23.0451089 120.2184554,23.0452802 120.2184129,23.0456266 120.2184087,23.0456582 120.2183998,23.0457278 120.2184539,23.0457269 120.218454,23.045727 120.218445,23.0458427 120.218452,23.0458623 120.2186025,23.0459377 120.2187474,23.0460114 120.21902,23.0461492 120.2193186,23.0462999 120.2196209,23.0464521 120.2197723,23.0465299 120.2201311,23.0467146 120.2201358,23.046733 120.2201547,23.0468154 120.220223,23.0473755 120.2202807,23.0478873 120.2203486,23.0484084 120.2204366,23.0490869 120.2204395,23.049124 120.2204401,23.0491822 120.2204312,23.0496528 120.2204235,23.0499152 120.2204113,23.0502992 120.220407,23.0505365 120.2204074,23.0505405 120.2203933,23.0505631 120.2203329,23.0511049 120.2202849,23.0511072 120.2200783,23.0511149 120.2195921,23.0511237 120.2192133,23.0511074 120.2191408,23.0511038 120.2191023,23.0510946 120.2190575,23.0510833 120.218975,23.0509839 120.2190229,23.0508334 120.2188905,23.050233 120.2187929,23.0498306 120.2186157,23.0491735 120.2184992,23.0487444 120.2183353,23.0481507 120.2182444,23.0478168 120.2181439,23.0474529 120.2180556,23.0471193 120.2179384,23.0466663 120.2178721,23.0464604 120.2177079,23.0459341 120.2176712,23.0458494 120.2173543,23.0451035 120.2171622,23.0446585 120.2171355,23.0446094 120.2169064,23.0440597 120.2166528,23.0434561 120.2166234,23.0434108 120.2163085,23.0426558 120.2161962,23.0423893 120.216193,23.0423886 120.2160164,23.0419708 120.2159502,23.0418124 120.2158448,23.0415723 120.2155022,23.0407438 120.2154463,23.0406066 120.2153188,23.0402986 120.2151884,23.0399802 120.2148687,23.0392351 120.2147904,23.0390497 120.2147619,23.0389766 120.2145561,23.0384599 120.2145509,23.0384354 120.2145011,23.0383167 120.2142105,23.0376572 120.214166,23.037559 120.2141042,23.0374198 120.2136908,23.0364998 120.2136175,23.0363396 120.2136342,23.036213 120.2135976,23.0361355 120.2136312,23.0360412 120.213425,23.0356023 120.2134251,23.0356022 120.2137023,23.0356092 120.2137024,23.0356024 120.2137034,23.0355874 120.2138276,23.0355697 120.2138479,23.0355654 120.2141725,23.035573 120.2142655,23.0355744 120.2142795,23.035572 120.2143406,23.0355608 120.2145318,23.0355604 120.2145522,23.0355611 120.2146322,23.0355603 120.2146974,23.0355455 120.2148595,23.0355432 120.2149002,23.0355174 120.2149088,23.035447 120.2149438,23.0351405 120.2149465,23.0351152 120.2149841,23.0348586 120.2149906,23.0348088 120.2150177,23.0347835 120.2150651,23.034453 120.2151046,23.0344494 120.215132,23.0344477 120.2151907,23.0344052 120.2152625,23.0343522 120.2154146,23.0342428 120.2159719,23.0337886 120.2159943,23.0337687 120.2159944,23.0337687 120.2159944,23.0337685 120.2160142,23.0337508 120.2160716,23.0336567 120.2161383,23.0335328 120.2161618,23.0334863 120.2162039,23.0334075 120.2162793,23.0333364 120.2164422,23.0331798 120.2164879,23.0330475 120.216463,23.0329084 120.2164434,23.0328148 120.2164593,23.0325176 120.2165129,23.031554 120.2165152,23.0314898 120.2165779,23.0302806</coordinates></LinearRing></outerBoundaryIs>
        </Polygon>
      </MultiGeometry>
  </Placemark>
  <Placemark>
	<Style><LineStyle><color>ff0000ff</color></LineStyle><PolyStyle><fill>0</fill></PolyStyle></Style>
	<ExtendedData><SchemaData schemaUrl="#114SEC_DBTBLPD">
		<SimpleData name="段碼">1218</SimpleData>
		<SimpleData name="段名">安慶段</SimpleData>
		<SimpleData name="行政區">安南區</SimpleData>
	</SchemaData></ExtendedData>
      <MultiGeometry>
        <Polygon>
          <outerBoundaryIs><LinearRing><coordinates>120.2122878,23.0330897 120.2122897,23.0330915 120.2124484,23.0334355 120.2124879,23.0335232 120.2125972,23.0337692 120.2127402,23.0340934 120.213073,23.0348371 120.2131474,23.0349998 120.2132222,23.0351661 120.2133641,23.035473 120.2135475,23.0358595 120.2136336,23.0360425 120.2135991,23.0361367 120.2136332,23.0362128 120.2136304,23.0362326 120.213619,23.0363364 120.2136928,23.0365003 120.2136658,23.0365411 120.2136656,23.0365411 120.213637,23.0364741 120.2135822,23.0367504 120.2134232,23.037562 120.2133008,23.0378638 120.2132304,23.0380367 120.2131646,23.0381996 120.2131025,23.0383517 120.2130286,23.0385344 120.2129951,23.0386178 120.2129543,23.03872 120.2127632,23.0391933 120.2127583,23.0392049 120.2126134,23.0398028 120.212596,23.0398756 120.2125781,23.0399488 120.212455,23.0404556 120.2124009,23.0406774 120.2123014,23.0407004 120.2122247,23.0407183 120.2121815,23.0407281 120.2121147,23.0407441 120.2119328,23.0407861 120.211851,23.0408048 120.2118106,23.0408146 120.2117115,23.0408382 120.2116697,23.0408476 120.211629,23.0408572 120.211548,23.0408761 120.2114665,23.0408947 120.2113445,23.0409238 120.2112257,23.0409515 120.2112106,23.0409553 120.2111553,23.0409682 120.2111366,23.0409724 120.2109837,23.041008 120.2109426,23.0410162 120.2107827,23.0410535 120.2107034,23.0410718 120.2103849,23.041146 120.2102795,23.0411701 120.2101914,23.0411909 120.2100768,23.0412175 120.2100468,23.041225 120.2099611,23.0412449 120.2098847,23.0412615 120.2096942,23.0413066 120.209644,23.0413182 120.2095929,23.0413297 120.2094922,23.0413536 120.2091492,23.0414337 120.2090167,23.0414655 120.2088477,23.0415047 120.2088308,23.0415087 120.2088145,23.0415121 120.2086422,23.0415523 120.2084457,23.0415977 120.2082522,23.041643 120.2080641,23.0416864 120.2080575,23.0416881 120.208003,23.0417002 120.2079857,23.0417044 120.207844,23.0417373 120.2077431,23.041761 120.2076807,23.0417754 120.2076018,23.0417942 120.207421,23.0418361 120.2074104,23.0418387 120.2073632,23.0418498 120.2073557,23.0418511 120.2070008,23.0419344 120.2065805,23.0420324 120.2063975,23.0420753 120.2062662,23.0421057 120.2060792,23.0421493 120.2060474,23.0421565 120.2057772,23.0422204 120.2056615,23.0422473 120.2056244,23.0422557 120.2054695,23.0422921 120.2052899,23.0423338 120.2051834,23.042359 120.2051292,23.0423709 120.205021,23.0423966 120.2048501,23.0424362 120.2048075,23.0424459 120.2047243,23.0424653 120.2046829,23.0424746 120.2046006,23.0424943 120.2045593,23.0425036 120.2045175,23.0425134 120.2044749,23.0425231 120.2043747,23.0425467 120.204108,23.0426088 120.2040207,23.0426289 120.203961,23.0426429 120.2039609,23.0426428 120.2040467,23.0423006 120.2041321,23.0419624 120.2041722,23.0418079 120.204292,23.0415696 120.2043193,23.0415164 120.2043844,23.0414022 120.2044273,23.0413252 120.204449,23.0412867 120.2044819,23.0412158 120.2045263,23.0410799 120.2045997,23.0409155 120.2046676,23.0408157 120.2047227,23.0407605 120.204769,23.0407156 120.2047692,23.0407157 120.204772,23.0407239 120.204843,23.040672 120.2048984,23.0406307 120.2049858,23.0405662 120.2049996,23.0405558 120.2051236,23.0404637 120.2051733,23.0404271 120.2051905,23.0404142 120.2052731,23.0403536 120.2053142,23.0403238 120.2054092,23.0402539 120.2054828,23.0401997 120.2056081,23.0401072 120.2056478,23.0400774 120.2056671,23.0400622 120.2057362,23.0400184 120.2058699,23.0399198 120.2059786,23.0398391 120.2060031,23.0398206 120.2060667,23.0397735 120.2060985,23.0397504 120.2061611,23.0397035 120.2062249,23.0396563 120.2063228,23.0395874 120.2063547,23.0395645 120.2063862,23.0395414 120.2064653,23.0394852 120.2067512,23.039281 120.2068221,23.0392197 120.2069044,23.0391458 120.2071696,23.0389094 120.2072774,23.0388128 120.2075488,23.0385714 120.2076703,23.0384628 120.208132,23.0380537 120.2083082,23.0378952 120.208421,23.0377947 120.208515,23.0377104 120.2086099,23.0376246 120.2087751,23.0374759 120.2089641,23.0373066 120.2090215,23.0372548 120.2090276,23.0372495 120.2090888,23.0371943 120.2091649,23.0371263 120.2092121,23.0370847 120.2093099,23.0369967 120.2094741,23.0368508 120.2094838,23.0368416 120.2095549,23.036777 120.2097124,23.036634 120.2097191,23.0366238 120.2100151,23.0363606 120.2100563,23.0363164 120.2101593,23.0362005 120.2104293,23.0358997 120.2108168,23.0354695 120.2114107,23.0348123 120.2114707,23.0347456 120.2115308,23.0346704 120.2116051,23.0345786 120.2117395,23.0344109 120.2117589,23.0343871 120.2117627,23.0343803 120.2117891,23.0343312 120.2119689,23.0340122 120.2120717,23.0338278 120.2121351,23.0336349 120.2121627,23.0335355 120.2122281,23.0332869 120.2122714,23.0331791 120.2122877,23.0330898 120.2122878,23.0330897</coordinates></LinearRing></outerBoundaryIs>
        </Polygon>
      </MultiGeometry>
  </Placemark>
  <Placemark>
	<Style><LineStyle><color>ff0000ff</color></LineStyle><PolyStyle><fill>0</fill></PolyStyle></Style>
	<ExtendedData><SchemaData schemaUrl="#114SEC_DBTBLPD">
		<SimpleData name="段碼">1219</SimpleData>
		<SimpleData name="段名">頂安段</SimpleData>
		<SimpleData name="行政區">安南區</SimpleData>
	</SchemaData></ExtendedData>
      <MultiGeometry>
        <Polygon>
          <outerBoundaryIs><LinearRing><coordinates>120.2122711,23.0331771 120.2122712,23.0331772 120.2122283,23.0332861 120.2121415,23.0336133 120.2120943,23.0337527 120.21207,23.0338258 120.2119858,23.0339816 120.2117566,23.0343884 120.2116207,23.0345585 120.2114844,23.034727 120.2114607,23.034754 120.2110588,23.0352011 120.2100163,23.0363595 120.2097242,23.0366187 120.2097142,23.0366322 120.2092468,23.0370535 120.208527,23.0376994 120.208195,23.0379965 120.2076005,23.0385275 120.2075321,23.0385883 120.2072093,23.0388774 120.2071621,23.0389186 120.2068149,23.0392269 120.2067475,23.0392863 120.206657,23.0393497 120.2064943,23.0394652 120.2063498,23.0395672 120.2057409,23.0400144 120.2056749,23.0400566 120.205496,23.0401892 120.2048527,23.0406632 120.2047708,23.0407237 120.2047707,23.0407236 120.2047686,23.0407131 120.2046728,23.040809 120.2045986,23.0409165 120.2045241,23.0410872 120.204484,23.0412106 120.2044476,23.0412891 120.2043242,23.0415093 120.2042125,23.0417299 120.2041722,23.0418088 120.2041429,23.0419265 120.2040666,23.0422257 120.2039598,23.0426432 120.2035328,23.0427411 120.203508,23.0427074 120.2034598,23.0426405 120.203274,23.0421579 120.2032714,23.0421389 120.2031712,23.0417868 120.2031314,23.0416092 120.2031069,23.0415019 120.2030124,23.0411 120.2029963,23.0410324 120.2029783,23.0409678 120.2029586,23.0409021 120.2029041,23.0407038 120.2028738,23.0405861 120.2027779,23.0402076 120.2027587,23.0401307 120.2026799,23.039819 120.2025816,23.0394277 120.2025652,23.0393663 120.2025197,23.0392017 120.202499,23.0391259 120.2024845,23.0390748 120.2024009,23.03877 120.2024159,23.0386326 120.202432,23.038598 120.2024319,23.0385956 120.2025664,23.0385365 120.2025665,23.0385366 120.2025667,23.0386661 120.2025719,23.0387556 120.2026249,23.0387773 120.2028756,23.038631 120.2029141,23.0386081 120.2032358,23.0384201 120.2033661,23.0384016 120.2033602,23.0383598 120.20341,23.0383537 120.2034086,23.0383182 120.2034695,23.0382827 120.2036601,23.0381669 120.2037815,23.0380961 120.2044108,23.037728 120.2044581,23.0377001 120.2046729,23.0375743 120.2051161,23.0373142 120.2064386,23.0365356 120.2066025,23.0364397 120.2066643,23.0364032 120.2069345,23.0362445 120.2072643,23.0360503 120.2076155,23.0358443 120.2079855,23.0356289 120.2080403,23.0355968 120.2084182,23.0353732 120.2088392,23.0351262 120.2091187,23.0349613 120.2091258,23.0349579 120.2096175,23.0346695 120.2097939,23.0345651 120.2099144,23.0344971 120.2100808,23.0343993 120.2105899,23.0340974 120.2106726,23.0340486 120.2112917,23.0336852 120.2118568,23.0333526 120.2121538,23.0331788 120.2121839,23.0331861 120.2122002,23.0331897 120.2122711,23.0331771</coordinates></LinearRing></outerBoundaryIs>
        </Polygon>
      </MultiGeometry>
  </Placemark>
  <Placemark>
	<Style><LineStyle><color>ff0000ff</color></LineStyle><PolyStyle><fill>0</fill></PolyStyle></Style>
	<ExtendedData><SchemaData schemaUrl="#114SEC_DBTBLPD">
		<SimpleData name="段碼">1220</SimpleData>
		<SimpleData name="段名">安西段</SimpleData>
		<SimpleData name="行政區">安南區</SimpleData>
	</SchemaData></ExtendedData>
      <MultiGeometry>
        <Polygon>
          <outerBoundaryIs><LinearRing><coordinates>120.2107459,23.0280762 120.2112193,23.0280926 120.2112349,23.0280949 120.2113605,23.028107 120.2116033,23.0281378 120.2120243,23.0282071 120.2122923,23.0282685 120.2125616,23.0283425 120.2126653,23.0283733 120.2129326,23.0284726 120.2132398,23.0285855 120.2136889,23.0287984 120.2139322,23.0289233 120.2140807,23.0289999 120.2140807,23.0290001 120.2140275,23.0290516 120.2138637,23.0293227 120.2136281,23.0297134 120.2136173,23.0298062 120.2133764,23.0301693 120.2131783,23.0305041 120.2131729,23.0305113 120.2130159,23.0307481 120.2129957,23.0307624 120.212804,23.0310429 120.2127962,23.0311848 120.2126654,23.0315346 120.2126195,23.0316281 120.2125934,23.0317081 120.2125903,23.0318014 120.2126074,23.0318755 120.2126418,23.031951 120.2126809,23.031955 120.212681,23.0319551 120.2126249,23.0322479 120.2125906,23.0324214 120.2124789,23.0327547 120.2124068,23.0328879 120.2123538,23.0329871 120.2123536,23.0329888 120.2123337,23.0329953 120.2122858,23.0330873 120.2122861,23.0330892 120.2122706,23.0331787 120.2121987,23.03319 120.2121537,23.0331792 120.2118588,23.0333515 120.2115495,23.0335315 120.2114986,23.0335616 120.2113889,23.0336262 120.211288,23.0336862 120.2110423,23.0338306 120.2105235,23.0341361 120.210485,23.0341576 120.2104518,23.0341782 120.2103797,23.0342208 120.2103617,23.0342322 120.2102833,23.0342792 120.2102319,23.0343086 120.2101794,23.0343395 120.2100798,23.0343978 120.2100325,23.034426 120.209931,23.0344853 120.2097759,23.0345765 120.209618,23.0346696 120.2092046,23.0349129 120.2092037,23.0349355 120.2080545,23.0356109 120.2080543,23.0356109 120.2080487,23.0355706 120.2079751,23.0351042 120.2079939,23.0350993 120.2080747,23.0350827 120.2081883,23.0350513 120.2084624,23.0349732 120.2084586,23.0338814 120.2084587,23.0338813 120.2087399,23.0339197 120.2087476,23.0338441 120.2087401,23.0339105 120.20874,23.0339105 120.2084446,23.033876 120.2084453,23.0342215 120.2084455,23.0342226 120.2084478,23.0344416 120.2084484,23.0349601 120.2081742,23.0350384 120.208102,23.035058 120.2080606,23.0350698 120.2080193,23.0350785 120.2079798,23.0350863 120.2079612,23.0350911 120.2080306,23.035558 120.2080404,23.0355978 120.2079858,23.0356299 120.2076171,23.0358459 120.2073797,23.035986 120.2072651,23.0360526 120.2068602,23.0362907 120.2068435,23.0363223 120.2061976,23.0367018 120.2060363,23.0367968 120.2056698,23.0370119 120.2029972,23.0385823 120.2029386,23.0386167 120.2027745,23.0387122 120.2026413,23.0387904 120.202589,23.0387659 120.2025852,23.038663 120.2025851,23.0386213 120.2025876,23.0385279 120.2025894,23.0384963 120.2025923,23.0384548 120.2025961,23.0384131 120.202602,23.0383609 120.2026181,23.0382531 120.2026228,23.038227 120.2026284,23.0381982 120.2026352,23.0381654 120.2026401,23.0381433 120.2026463,23.0381168 120.2026513,23.0380965 120.2026652,23.0380435 120.2026809,23.0379892 120.202689,23.0379629 120.2026988,23.0379326 120.2027069,23.0379087 120.2027141,23.037888 120.2027271,23.0378524 120.2035862,23.0355563 120.2041869,23.0339523 120.2050454,23.0340565 120.2052304,23.0340772 120.2056464,23.03412 120.2056724,23.0333391 120.2056585,23.0333365 120.2056503,23.0335804 120.2056418,23.0338434 120.2056357,23.0340158 120.2056328,23.0341067 120.2056327,23.0341069 120.2056252,23.034106 120.2052152,23.0340639 120.2050302,23.0340432 120.2041726,23.0339393 120.2040787,23.0341884 120.2040746,23.0342007 120.2040095,23.0343733 120.2037702,23.0350094 120.2036475,23.0353367 120.2036006,23.0354622 120.2035198,23.0356827 120.2034335,23.0359138 120.2034086,23.0359795 120.2034084,23.0359795 120.2033978,23.0359102 120.2033844,23.035825 120.2033726,23.0356668 120.2033539,23.0354358 120.2033443,23.0353198 120.2035411,23.0347954 120.2032877,23.0347652 120.2032876,23.0347651 120.2033496,23.0345396 120.2036245,23.0345736 120.2036319,23.0345539 120.2033541,23.0345205 120.203354,23.0345204 120.2034133,23.034302 120.2037131,23.0343379 120.2038587,23.0339498 120.2039553,23.0336932 120.2039682,23.0336037 120.2039736,23.0335619 120.2039795,23.0335198 120.203985,23.0334779 120.2039964,23.033395 120.204087,23.0327474 120.2041667,23.0321754 120.2042365,23.031671 120.2042901,23.0312758 120.2043073,23.0311541 120.2043341,23.0309619 120.2043618,23.0307571 120.2044133,23.0303846 120.2044764,23.0299354 120.2045075,23.029712 120.2045295,23.0295515 120.2044894,23.0295137 120.2044813,23.0295142 120.2044811,23.0295141 120.2044816,23.029491 120.2044969,23.029377 120.2045554,23.0289322 120.2046345,23.0286002 120.2046624,23.0284871 120.2046753,23.0284864 120.2049716,23.0284662 120.2050109,23.0284639 120.205553,23.0284274 120.2070766,23.0283285 120.2095308,23.0281656 120.2097715,23.0281493 120.2098225,23.028145 120.210279,23.0281017 120.2107459,23.0280762</coordinates></LinearRing></outerBoundaryIs>
          <innerBoundaryIs><LinearRing><coordinates>120.2108724,23.0290511 120.2108799,23.0291044 120.2108941,23.0292034 120.2107419,23.0292248 120.2106,23.0292203 120.2105816,23.0293751 120.2097189,23.0293719 120.2097175,23.029384 120.2105961,23.0293901 120.2106146,23.0292345 120.2107566,23.0292389 120.2109087,23.0292176 120.2108866,23.0290637 120.2108867,23.0290636 120.210927,23.0290649 120.2109758,23.029067 120.2110254,23.0290698 120.2110733,23.029073 120.2110967,23.0290749 120.2112112,23.0290859 120.2112127,23.0290745 120.211196,23.0290727 120.2110712,23.029061 120.210982,23.0290558 120.210947,23.0290532 120.2108724,23.0290511</coordinates></LinearRing></innerBoundaryIs>
          <innerBoundaryIs><LinearRing><coordinates>120.209729,23.0291317 120.2096664,23.0291379 120.2091997,23.0291857 120.2084584,23.0292327 120.2078773,23.0292714 120.207819,23.029275 120.2078336,23.0292868 120.2092114,23.0291992 120.2097273,23.0291474 120.209729,23.0291317</coordinates></LinearRing></innerBoundaryIs>
          <innerBoundaryIs><LinearRing><coordinates>120.2078557,23.0293051 120.207908,23.0299671 120.207905,23.030045 120.2078901,23.0300464 120.2078215,23.0300515 120.2077319,23.0300591 120.2075505,23.0300734 120.2073176,23.0300928 120.2071332,23.0301079 120.2071096,23.0301105 120.2071612,23.0308727 120.207194,23.0309061 120.2071939,23.0309063 120.2066562,23.0308257 120.2066195,23.0308154 120.2062952,23.0307191 120.2063046,23.0307306 120.2066704,23.0308387 120.2072078,23.0309193 120.2071752,23.0308859 120.2071272,23.0301748 120.2071242,23.0301237 120.2071479,23.030121 120.2075653,23.0300865 120.2079196,23.0300582 120.2079221,23.0299805 120.2078699,23.0293165 120.2078557,23.0293051</coordinates></LinearRing></innerBoundaryIs>
          <innerBoundaryIs><LinearRing><coordinates>120.2062001,23.0293761 120.2060004,23.0293917 120.2053778,23.0294421 120.2053794,23.030277 120.2053793,23.0302771 120.2050752,23.0301151 120.2048759,23.0300095 120.2047677,23.0299578 120.2047594,23.0300175 120.2047204,23.0302916 120.2046919,23.0305003 120.2045918,23.031227 120.2045899,23.0312374 120.2045828,23.0312905 120.2045544,23.031494 120.2045214,23.0317352 120.2043926,23.0326714 120.204326,23.0331501 120.2043409,23.0331516 120.2044429,23.0324145 120.2045361,23.0317433 120.2047239,23.0303885 120.2047823,23.029971 120.2047824,23.0299709 120.2048907,23.0300227 120.2053931,23.0302903 120.2053914,23.0294549 120.2062007,23.0293896 120.2062001,23.0293761</coordinates></LinearRing></innerBoundaryIs>
          <innerBoundaryIs><LinearRing><coordinates>120.2074987,23.0310851 120.2074259,23.0314766 120.2073494,23.0314729 120.2073493,23.0314725 120.2073413,23.0314726 120.2071338,23.0314622 120.2071032,23.031461 120.2070121,23.0314559 120.2069696,23.0314547 120.2068337,23.031448 120.206832,23.03146 120.2074401,23.0314896 120.2075148,23.0310881 120.2074987,23.0310851</coordinates></LinearRing></innerBoundaryIs>
          <innerBoundaryIs><LinearRing><coordinates>120.210532,23.0316412 120.21055,23.0316657 120.2105509,23.0316612 120.2105368,23.0316421 120.210532,23.0316412</coordinates></LinearRing></innerBoundaryIs>
          <innerBoundaryIs><LinearRing><coordinates>120.2094296,23.031831 120.209383,23.0321778 120.2093657,23.0322653 120.2093656,23.0322654 120.2093357,23.0322553 120.2093342,23.0322632 120.2093803,23.0322801 120.2093975,23.0321927 120.2094435,23.0318458 120.2094436,23.0318457 120.2096245,23.0318816 120.2096266,23.0318704 120.2094296,23.031831</coordinates></LinearRing></innerBoundaryIs>
          <innerBoundaryIs><LinearRing><coordinates>120.2096537,23.0326676 120.209666,23.0326814 120.2103092,23.0327814 120.2103116,23.0327704 120.2096537,23.0326676</coordinates></LinearRing></innerBoundaryIs>
          <innerBoundaryIs><LinearRing><coordinates>120.2075466,23.0336986 120.2075444,23.0337143 120.2075791,23.0337206 120.2075813,23.0337051 120.2075466,23.0336986</coordinates></LinearRing></innerBoundaryIs>
          <innerBoundaryIs><LinearRing><coordinates>120.2098338,23.0338476 120.2098314,23.0338592 120.2100691,23.0338913 120.2100715,23.03388 120.2098338,23.0338476</coordinates></LinearRing></innerBoundaryIs>
          <innerBoundaryIs><LinearRing><coordinates>120.2059366,23.0348998 120.2059357,23.0349109 120.2063338,23.034963 120.2063204,23.0349499 120.2060183,23.0349102 120.2059366,23.0348998</coordinates></LinearRing></innerBoundaryIs>
          <innerBoundaryIs><LinearRing><coordinates>120.2064374,23.03575 120.2064385,23.0357622 120.2068007,23.0357967 120.2067994,23.0357844 120.2064374,23.03575</coordinates></LinearRing></innerBoundaryIs>
        </Polygon>
      </MultiGeometry>
  </Placemark>
  <Placemark>
	<Style><LineStyle><color>ff0000ff</color></LineStyle><PolyStyle><fill>0</fill></PolyStyle></Style>
	<ExtendedData><SchemaData schemaUrl="#114SEC_DBTBLPD">
		<SimpleData name="段碼">1221</SimpleData>
		<SimpleData name="段名">安東段</SimpleData>
		<SimpleData name="行政區">安南區</SimpleData>
	</SchemaData></ExtendedData>
      <MultiGeometry>
        <Polygon>
          <outerBoundaryIs><LinearRing><coordinates>120.2156906,23.0244176 120.2157068,23.0244204 120.2160366,23.0244448 120.2161544,23.02451 120.2168451,23.0245882 120.2170753,23.0252361 120.2172532,23.0255644 120.2175441,23.0260187 120.2176282,23.0261297 120.2176502,23.0262556 120.217619,23.0264005 120.2174944,23.0266272 120.2174574,23.026744 120.2173646,23.0269671 120.2172381,23.0271385 120.2171435,23.027262 120.2169909,23.0274311 120.2169556,23.0274924 120.2166822,23.02788 120.2166208,23.028001 120.2165864,23.0280947 120.2165582,23.0282632 120.2165801,23.0283736 120.2165723,23.0284289 120.2165752,23.0284395 120.2166058,23.0285583 120.2166102,23.0286143 120.2166605,23.029026 120.2166506,23.0291013 120.2166396,23.0292738 120.216662,23.029371 120.2167447,23.0295566 120.2167594,23.029472 120.2167596,23.029472 120.2168226,23.0297045 120.2168447,23.0297766 120.2169583,23.0301425 120.2169763,23.0302015 120.2170051,23.0302932 120.2172035,23.030802 120.2172033,23.0308021 120.2171512,23.0307564 120.2169717,23.030599 120.216923,23.0305594 120.2168259,23.0304811 120.2167781,23.030442 120.2165768,23.03028 120.2165186,23.0314598 120.2165093,23.031619 120.2164599,23.0325151 120.2164428,23.0328176 120.2164872,23.0330495 120.216442,23.0331819 120.2162053,23.0334077 120.216063,23.0336754 120.2160181,23.0337474 120.2159713,23.0337875 120.2154093,23.0342459 120.2152092,23.0343901 120.2151881,23.0344052 120.2151317,23.0344463 120.2150639,23.0344531 120.2150157,23.0347819 120.2149876,23.0348118 120.2149802,23.0348624 120.2149492,23.0350688 120.2148981,23.0355162 120.2148546,23.0355423 120.2146975,23.035546 120.2146229,23.0355604 120.2143414,23.0355594 120.2142567,23.0355756 120.2138468,23.0355663 120.2138331,23.0355669 120.2138275,23.0355687 120.2138229,23.0355695 120.2138044,23.035571 120.213703,23.035586 120.2137015,23.0356112 120.2135023,23.035604 120.2134241,23.035602 120.2132507,23.035237 120.2131718,23.0350621 120.2131396,23.0349901 120.213044,23.0347788 120.2129228,23.0345101 120.2128043,23.0342444 120.2125794,23.0337336 120.2124695,23.0334847 120.2122858,23.033087 120.2123341,23.0329948 120.2123535,23.032988 120.2124374,23.0328319 120.2124776,23.0327576 120.2125912,23.0324179 120.2126132,23.0323053 120.2126246,23.032246 120.2126485,23.0321248 120.212665,23.0320369 120.2126813,23.0319551 120.2126418,23.0319511 120.2126083,23.0318764 120.2125912,23.031794 120.212594,23.0317067 120.2126221,23.0316248 120.2126691,23.0315256 120.212762,23.0312735 120.2127957,23.0311818 120.2128041,23.0310432 120.2129866,23.0307743 120.2129953,23.0307625 120.2130152,23.0307483 120.2131247,23.0305834 120.2131761,23.0305062 120.2131837,23.030493 120.2133445,23.0302219 120.2133678,23.0301836 120.2136174,23.0298048 120.2136276,23.0297124 120.2140237,23.0290578 120.2140801,23.0290017 120.214221,23.0287891 120.2143755,23.0285757 120.2147727,23.0278121 120.2148136,23.0277687 120.2148415,23.0277039 120.2147976,23.0276514 120.215277,23.0265084 120.215289,23.0264277 120.2152992,23.0263441 120.2153049,23.026284 120.2153092,23.0262178 120.2153139,23.0261297 120.2153239,23.0259147 120.2153318,23.0257653 120.2153399,23.0256755 120.2153482,23.0256209 120.2153566,23.0255738 120.2153715,23.0255085 120.2156906,23.0244176</coordinates></LinearRing></outerBoundaryIs>
        </Polygon>
      </MultiGeometry>
  </Placemark>
  <Placemark>
	<Style><LineStyle><color>ff0000ff</color></LineStyle><PolyStyle><fill>0</fill></PolyStyle></Style>
	<ExtendedData><SchemaData schemaUrl="#114SEC_DBTBLPD">
		<SimpleData name="段碼">1222</SimpleData>
		<SimpleData name="段名">溪頂段</SimpleData>
		<SimpleData name="行政區">安南區</SimpleData>
	</SchemaData></ExtendedData>
      <MultiGeometry>
        <Polygon>
          <outerBoundaryIs><LinearRing><coordinates>120.2089845,23.0232194 120.2099867,23.0233658 120.2105422,23.0234506 120.2107635,23.0234821 120.2113408,23.0235786 120.2120204,23.0236892 120.2123143,23.0237499 120.2130826,23.0239106 120.2133876,23.0239739 120.2146925,23.0242562 120.2153749,23.0243211 120.2154705,23.0243411 120.2155175,23.0243512 120.2155874,23.0243656 120.2156994,23.0243892 120.2156995,23.0243893 120.2155683,23.0248361 120.215397,23.025424 120.215375,23.0255021 120.215364,23.0255472 120.2153568,23.025585 120.2153491,23.0256267 120.2153379,23.0257121 120.2153352,23.0257557 120.2153263,23.0259143 120.2153119,23.0261495 120.2153091,23.0262177 120.2153068,23.0262598 120.2152983,23.0263575 120.2152881,23.0264467 120.2152771,23.0265142 120.2151758,23.0267556 120.215004,23.0271638 120.2147976,23.0276524 120.2148418,23.0277046 120.2148205,23.0277624 120.2147724,23.0278115 120.2145009,23.0283357 120.2143759,23.0285759 120.2142195,23.0287912 120.2140798,23.0289997 120.2140092,23.0289618 120.2140007,23.0289575 120.2139424,23.0289279 120.2138206,23.0288678 120.2136753,23.0287941 120.2134282,23.0286778 120.2132365,23.0285858 120.2129916,23.0284962 120.2128562,23.0284429 120.2126644,23.0283765 120.2122704,23.0282648 120.2120575,23.0282143 120.2119875,23.0281997 120.2116469,23.0281443 120.2115451,23.0281322 120.2114008,23.0281129 120.211218,23.0280943 120.2110198,23.0280879 120.2107284,23.028078 120.2102778,23.0280982 120.2098128,23.0281468 120.2096353,23.0281585 120.2080315,23.0282648 120.2075196,23.0282983 120.2072963,23.0283133 120.2068525,23.0283426 120.206824,23.0283444 120.2050188,23.0284641 120.2046632,23.0284878 120.2046631,23.0284877 120.20474,23.0280908 120.2049255,23.0267918 120.2049978,23.0262523 120.2050992,23.0255024 120.2051935,23.025061 120.205197,23.025045 120.2052375,23.0244893 120.205257,23.0242324 120.2053037,23.023951 120.2054257,23.0239437 120.2053387,23.0237369 120.2052273,23.0234767 120.2052793,23.0233326 120.2054522,23.0232361 120.2055307,23.0232341 120.2057017,23.0232699 120.2063756,23.0234117 120.2088662,23.0233368 120.2091184,23.0233468 120.2090316,23.0233058 120.2089844,23.0232195 120.2089845,23.0232194</coordinates></LinearRing></outerBoundaryIs>
        </Polygon>
      </MultiGeometry>
  </Placemark>
  <Placemark>
	<Style><LineStyle><color>ff0000ff</color></LineStyle><PolyStyle><fill>0</fill></PolyStyle></Style>
	<ExtendedData><SchemaData schemaUrl="#114SEC_DBTBLPD">
		<SimpleData name="段碼">1223</SimpleData>
		<SimpleData name="段名">安中段</SimpleData>
		<SimpleData name="行政區">安南區</SimpleData>
	</SchemaData></ExtendedData>
      <MultiGeometry>
        <Polygon>
          <outerBoundaryIs><LinearRing><coordinates>120.1925217,23.0387777 120.1925218,23.0387778 120.1925163,23.038821 120.1925161,23.0388211 120.1924936,23.0387794 120.1924937,23.0387793 120.1925217,23.0387777</coordinates></LinearRing></outerBoundaryIs>
        </Polygon>
        <Polygon>
          <outerBoundaryIs><LinearRing><coordinates>120.193939,23.0377665 120.1967057,23.0397355 120.1967582,23.0397307 120.1968174,23.0397767 120.1968689,23.0398101 120.196995,23.0400863 120.19702,23.0401883 120.1970463,23.0402903 120.1972205,23.0407332 120.1973077,23.0409191 120.1973735,23.0411001 120.1974331,23.0413001 120.1974428,23.0413227 120.1975044,23.0414613 120.1976108,23.0417016 120.1976243,23.041744 120.1968789,23.0421551 120.1954548,23.0429917 120.1954702,23.0430039 120.1954702,23.0430041 120.1953586,23.0430684 120.1952616,23.0431221 120.1943726,23.0436274 120.1935668,23.0441007 120.1911998,23.0454918 120.189631,23.0458271 120.1895739,23.045839 120.1894103,23.0458741 120.1886216,23.0460427 120.1885724,23.0460131 120.1879648,23.0431203 120.1878888,23.0427583 120.1878771,23.0427019 120.1879331,23.0426673 120.1882928,23.0424067 120.1884851,23.0421143 120.1885549,23.0419457 120.1885559,23.0419293 120.1892034,23.041411 120.1895598,23.0411231 120.1898647,23.0408817 120.1899364,23.0408016 120.1900788,23.0406444 120.1902385,23.0405251 120.1902976,23.0405183 120.1906947,23.040171 120.191001,23.0399082 120.1910919,23.0398304 120.1911223,23.0398048 120.1916586,23.0395542 120.1918668,23.0394443 120.192481,23.0390546 120.192545,23.0389813 120.192522,23.0389352 120.192929,23.0386002 120.1936615,23.0381081 120.193939,23.0377665</coordinates></LinearRing></outerBoundaryIs>
          <innerBoundaryIs><LinearRing><coordinates>120.1957754,23.0401998 120.1948597,23.0405827 120.1952095,23.0407277 120.1959724,23.040465 120.1957754,23.0401998</coordinates></LinearRing></innerBoundaryIs>
          <innerBoundaryIs><LinearRing><coordinates>120.1913895,23.0403695 120.191495,23.0404941 120.191498,23.0404974 120.1913895,23.0403695</coordinates></LinearRing></innerBoundaryIs>
          <innerBoundaryIs><LinearRing><coordinates>120.1915143,23.0405166 120.1915207,23.0405244 120.1915208,23.0405244 120.1915143,23.0405166</coordinates></LinearRing></innerBoundaryIs>
          <innerBoundaryIs><LinearRing><coordinates>120.1911748,23.0413105 120.1911744,23.0413109 120.1911744,23.0413111 120.1911748,23.0413107 120.1911748,23.0413105</coordinates></LinearRing></innerBoundaryIs>
          <innerBoundaryIs><LinearRing><coordinates>120.1944594,23.0432706 120.1944631,23.0432781 120.1944675,23.0432849 120.1944594,23.0432706</coordinates></LinearRing></innerBoundaryIs>
        </Polygon>
      </MultiGeometry>
  </Placemark>
  <Placemark>
	<Style><LineStyle><color>ff0000ff</color></LineStyle><PolyStyle><fill>0</fill></PolyStyle></Style>
	<ExtendedData><SchemaData schemaUrl="#114SEC_DBTBLPD">
		<SimpleData name="段碼">1224</SimpleData>
		<SimpleData name="段名">草湖段</SimpleData>
		<SimpleData name="行政區">安南區</SimpleData>
	</SchemaData></ExtendedData>
      <MultiGeometry>
        <Polygon>
          <outerBoundaryIs><LinearRing><coordinates>120.2034048,23.0383206 120.2034107,23.0383591 120.2034106,23.0383592 120.2033576,23.0383611 120.2033637,23.038404 120.2032304,23.0384232 120.2032304,23.038423 120.2034048,23.0383206</coordinates></LinearRing></outerBoundaryIs>
        </Polygon>
        <Polygon>
          <outerBoundaryIs><LinearRing><coordinates>120.2037424,23.0342597 120.2037425,23.0342598 120.2033434,23.0353246 120.2033838,23.035821 120.2034077,23.0359807 120.2027122,23.0378392 120.2026871,23.03791 120.2026646,23.0379806 120.2026616,23.0379905 120.2026508,23.038028 120.2026449,23.0380499 120.2026397,23.0380702 120.2026202,23.0381529 120.202605,23.0382295 120.2025973,23.0382747 120.2025901,23.0383246 120.2025811,23.0384006 120.2025773,23.038442 120.2025728,23.0385117 120.2025721,23.0385234 120.2025717,23.038535 120.20243,23.0385969 120.2024146,23.0386331 120.2023998,23.0387721 120.2024322,23.0388909 120.202083,23.0390966 120.2020206,23.0391308 120.2017466,23.0392944 120.2016599,23.0393455 120.2015764,23.0393946 120.2011798,23.0396273 120.2009553,23.03976 120.1992426,23.0407666 120.1992281,23.0407753 120.1992026,23.0407901 120.1991894,23.0407982 120.1991627,23.0408135 120.1990374,23.0408871 120.1976243,23.0417439 120.1976242,23.0417439 120.1976107,23.0417017 120.1974427,23.0413228 120.1974329,23.0413002 120.1973733,23.0411001 120.1973076,23.0409191 120.1972204,23.0407333 120.1970461,23.0402904 120.1970259,23.0402116 120.1969904,23.0402225 120.1969523,23.0401279 120.1952095,23.0407279 120.1950058,23.040643 120.1948124,23.0405631 120.1946865,23.040505 120.1945868,23.0404554 120.1940525,23.0402694 120.193618,23.0401441 120.1934703,23.0400264 120.1924919,23.039012 120.1925279,23.038728 120.193108,23.0383251 120.1931264,23.0383092 120.1931266,23.0383093 120.1931339,23.0383205 120.1931677,23.0382978 120.1933085,23.0381987 120.1934721,23.0380304 120.1934638,23.0380179 120.1947796,23.0368817 120.1947979,23.036819 120.1948535,23.0368179 120.1968071,23.0351309 120.1975163,23.0346128 120.197258,23.0342476 120.1972581,23.0342475 120.197556,23.034248 120.1975561,23.0342482 120.1974283,23.0343232 120.1974951,23.0344176 120.1977833,23.0342484 120.1978962,23.0342487 120.1978962,23.0342488 120.1975284,23.0344646 120.1975799,23.0345374 120.1976275,23.034547 120.1981351,23.0342491 120.2037424,23.0342597</coordinates></LinearRing></outerBoundaryIs>
          <innerBoundaryIs><LinearRing><coordinates>120.1982906,23.0343185 120.1976826,23.0346752 120.1979043,23.0349962 120.1981537,23.0348487 120.1980432,23.0346887 120.1980433,23.0346886 120.1984007,23.0344779 120.1982906,23.0343185</coordinates></LinearRing></innerBoundaryIs>
          <innerBoundaryIs><LinearRing><coordinates>120.1988224,23.0345391 120.1986282,23.0346539 120.198735,23.0348097 120.1986966,23.0348325 120.1985726,23.0349059 120.1985724,23.0349059 120.1984656,23.0347501 120.1982073,23.0349029 120.1983141,23.0350586 120.1985074,23.0349442 120.1985076,23.0349442 120.1986147,23.0351006 120.1990364,23.0348512 120.199047,23.0348071 120.1988699,23.0345488 120.1988224,23.0345391</coordinates></LinearRing></innerBoundaryIs>
          <innerBoundaryIs><LinearRing><coordinates>120.1990887,23.0349276 120.198605,23.0352137 120.1987302,23.0353964 120.1989199,23.0352846 120.19892,23.0352846 120.1990454,23.0354677 120.1993403,23.0352946 120.1993509,23.0352506 120.1991362,23.0349374 120.1990887,23.0349276</coordinates></LinearRing></innerBoundaryIs>
          <innerBoundaryIs><LinearRing><coordinates>120.2019837,23.035113 120.2019654,23.0351133 120.2019497,23.035114 120.2019327,23.0351152 120.2019242,23.0351161 120.2019073,23.0351182 120.2018906,23.0351209 120.2018739,23.0351241 120.2018656,23.0351259 120.2018491,23.0351298 120.201841,23.035132 120.2018247,23.0351368 120.2018087,23.0351421 120.2017929,23.035148 120.2017773,23.0351543 120.2017696,23.0351576 120.2017544,23.0351647 120.2017394,23.0351723 120.2017321,23.0351763 120.2017197,23.0351833 120.2011648,23.0355091 120.2011542,23.0355531 120.2016387,23.03626 120.2016862,23.0362698 120.2024888,23.0357986 120.2025251,23.0357561 120.2026857,23.0353269 120.202659,23.0352788 120.2021189,23.0351315 120.2021016,23.035127 120.202085,23.0351234 120.2020683,23.0351203 120.2020599,23.035119 120.2020431,23.0351167 120.2020262,23.035115 120.2020177,23.0351143 120.2020007,23.0351134 120.2019837,23.035113</coordinates></LinearRing></innerBoundaryIs>
          <innerBoundaryIs><LinearRing><coordinates>120.2028145,23.0353973 120.2024847,23.0362785 120.2029325,23.036422 120.20327,23.0355202 120.2028145,23.0353973</coordinates></LinearRing></innerBoundaryIs>
          <innerBoundaryIs><LinearRing><coordinates>120.1993926,23.035371 120.198366,23.0359737 120.1985246,23.0362052 120.1987883,23.0360494 120.1987885,23.0360494 120.1990493,23.0364301 120.1998059,23.0359859 120.1998187,23.0359331 120.1994402,23.0353808 120.1993926,23.035371</coordinates></LinearRing></innerBoundaryIs>
          <innerBoundaryIs><LinearRing><coordinates>120.2007555,23.0357494 120.2001976,23.0360769 120.2001848,23.0361297 120.2006619,23.0368259 120.200719,23.0368377 120.2012708,23.0365137 120.2010346,23.0361691 120.2010407,23.0361654 120.2007555,23.0357494</coordinates></LinearRing></innerBoundaryIs>
          <innerBoundaryIs><LinearRing><coordinates>120.2016531,23.0364499 120.2007975,23.0369522 120.2007847,23.037005 120.2009021,23.0371763 120.2011691,23.0370193 120.2011692,23.0370193 120.2013086,23.0372227 120.2019314,23.0368559 120.2016531,23.0364499</coordinates></LinearRing></innerBoundaryIs>
          <innerBoundaryIs><LinearRing><coordinates>120.1999628,23.0362148 120.198942,23.0368141 120.1994634,23.0375748 120.2004842,23.0369755 120.200497,23.0369227 120.2000199,23.0362266 120.1999628,23.0362148</coordinates></LinearRing></innerBoundaryIs>
          <innerBoundaryIs><LinearRing><coordinates>120.1998827,23.0374893 120.1995419,23.0376894 120.1996666,23.0378713 120.2000075,23.0376712 120.1998827,23.0374893</coordinates></LinearRing></innerBoundaryIs>
          <innerBoundaryIs><LinearRing><coordinates>120.2024309,23.0377634 120.202421,23.0377908 120.202412,23.0378164 120.2024309,23.0377634</coordinates></LinearRing></innerBoundaryIs>
          <innerBoundaryIs><LinearRing><coordinates>120.2023899,23.0378839 120.2023788,23.0379206 120.2023683,23.0379576 120.2023899,23.0378839</coordinates></LinearRing></innerBoundaryIs>
          <innerBoundaryIs><LinearRing><coordinates>120.1983049,23.0353912 120.1980643,23.0355336 120.1983136,23.0358973 120.1987709,23.0356288 120.1986458,23.0354463 120.19843,23.0355735 120.1984298,23.0355735 120.1983049,23.0353912</coordinates></LinearRing></innerBoundaryIs>
          <innerBoundaryIs><LinearRing><coordinates>120.1976069,23.0354777 120.1970988,23.0357783 120.1972056,23.0359342 120.1977137,23.0356336 120.1976069,23.0354777</coordinates></LinearRing></innerBoundaryIs>
          <innerBoundaryIs><LinearRing><coordinates>120.1981155,23.0357098 120.1975139,23.0360643 120.1974132,23.0359187 120.196941,23.036198 120.1969305,23.036242 120.1971416,23.0365477 120.1971891,23.0365575 120.198264,23.0359264 120.1981155,23.0357098</coordinates></LinearRing></innerBoundaryIs>
          <innerBoundaryIs><LinearRing><coordinates>120.1983164,23.0360028 120.1972419,23.0366337 120.1972313,23.0366777 120.1976119,23.0372287 120.197669,23.0372405 120.1981875,23.036936 120.1979249,23.0365557 120.1979249,23.0365556 120.1984742,23.0362331 120.1983164,23.0360028</coordinates></LinearRing></innerBoundaryIs>
          <innerBoundaryIs><LinearRing><coordinates>120.1988924,23.0368432 120.1986056,23.0370116 120.1988693,23.0373935 120.1988693,23.0373936 120.1983442,23.037702 120.1980803,23.03732 120.1978268,23.0374688 120.1978141,23.0375216 120.1981196,23.0379639 120.1984484,23.0377709 120.198645,23.0380553 120.1993258,23.0376556 120.1990653,23.0372784 120.1990654,23.0372783 120.1991546,23.0372259 120.1988924,23.0368432</coordinates></LinearRing></innerBoundaryIs>
          <innerBoundaryIs><LinearRing><coordinates>120.1994923,23.0377185 120.1987505,23.0381539 120.1990331,23.038563 120.1997726,23.0381275 120.1994923,23.0377185</coordinates></LinearRing></innerBoundaryIs>
          <innerBoundaryIs><LinearRing><coordinates>120.199626,23.038321 120.1992352,23.0385512 120.1995173,23.0389597 120.199769,23.0388087 120.1999068,23.0387275 120.199626,23.038321</coordinates></LinearRing></innerBoundaryIs>
          <innerBoundaryIs><LinearRing><coordinates>120.202291,23.0383651 120.2022892,23.0383808 120.2022861,23.0384139 120.202291,23.0383651</coordinates></LinearRing></innerBoundaryIs>
          <innerBoundaryIs><LinearRing><coordinates>120.2022841,23.0384415 120.2022826,23.0384618 120.2022803,23.0385026 120.2022841,23.0384415</coordinates></LinearRing></innerBoundaryIs>
          <innerBoundaryIs><LinearRing><coordinates>120.2022792,23.0385272 120.2022784,23.0385528 120.202278,23.0385728 120.2022792,23.0385272</coordinates></LinearRing></innerBoundaryIs>
          <innerBoundaryIs><LinearRing><coordinates>120.2021021,23.0385404 120.2021023,23.0385507 120.2021025,23.0385558 120.2021021,23.0385404</coordinates></LinearRing></innerBoundaryIs>
          <innerBoundaryIs><LinearRing><coordinates>120.196306,23.0357491 120.1961324,23.035899 120.1962993,23.0361413 120.1963185,23.0361275 120.1963187,23.0361275 120.1964807,23.0363629 120.1966658,23.0362534 120.1966763,23.0362094 120.196364,23.0357559 120.196306,23.0357491</coordinates></LinearRing></innerBoundaryIs>
          <innerBoundaryIs><LinearRing><coordinates>120.1967184,23.0363297 120.1962052,23.0366332 120.1963271,23.0368102 120.1963648,23.0367881 120.196489,23.0369685 120.196966,23.0366885 120.1969766,23.0366445 120.1967659,23.0363394 120.1967184,23.0363297</coordinates></LinearRing></innerBoundaryIs>
          <innerBoundaryIs><LinearRing><coordinates>120.1970188,23.0367646 120.1965357,23.0370482 120.196957,23.0376584 120.1974342,23.0373783 120.1974469,23.0373255 120.1970663,23.0367744 120.1970188,23.0367646</coordinates></LinearRing></innerBoundaryIs>
          <innerBoundaryIs><LinearRing><coordinates>120.1962764,23.036158 120.1959067,23.0364237 120.1960431,23.0366218 120.1964358,23.0363895 120.1962764,23.036158</coordinates></LinearRing></innerBoundaryIs>
          <innerBoundaryIs><LinearRing><coordinates>120.1954425,23.0364947 120.1949622,23.0369095 120.1949558,23.0369542 120.1950871,23.0371492 120.1951346,23.0371591 120.1956758,23.036839 120.1954425,23.0364947</coordinates></LinearRing></innerBoundaryIs>
          <innerBoundaryIs><LinearRing><coordinates>120.195918,23.0368031 120.1951862,23.037236 120.1951755,23.03728 120.19538,23.0375817 120.1954275,23.0375917 120.1961627,23.0371601 120.195918,23.0368031</coordinates></LinearRing></innerBoundaryIs>
          <innerBoundaryIs><LinearRing><coordinates>120.1962228,23.0372319 120.1956776,23.037552 120.1958354,23.0377822 120.1963815,23.0374617 120.1962228,23.0372319</coordinates></LinearRing></innerBoundaryIs>
          <innerBoundaryIs><LinearRing><coordinates>120.1948383,23.0370165 120.1945591,23.0372576 120.1946762,23.0374303 120.1949942,23.0372422 120.1950049,23.0371982 120.1948865,23.0370224 120.1948383,23.0370165</coordinates></LinearRing></innerBoundaryIs>
          <innerBoundaryIs><LinearRing><coordinates>120.1950458,23.0373191 120.1949768,23.0373598 120.1950945,23.0375337 120.1949224,23.0376351 120.1949223,23.037635 120.1948048,23.0374616 120.1946835,23.0375333 120.1949255,23.0378864 120.1952868,23.0376743 120.1952975,23.0376303 120.1950933,23.0373289 120.1950458,23.0373191</coordinates></LinearRing></innerBoundaryIs>
          <innerBoundaryIs><LinearRing><coordinates>120.193999,23.0377413 120.1937824,23.0379283 120.1937662,23.0379803 120.1938987,23.0384461 120.193944,23.0384625 120.194333,23.0382342 120.193999,23.0377413</coordinates></LinearRing></innerBoundaryIs>
          <innerBoundaryIs><LinearRing><coordinates>120.198013,23.0381453 120.1977481,23.0383008 120.1978862,23.0385008 120.1981161,23.0383658 120.1981288,23.038313 120.198013,23.0381453</coordinates></LinearRing></innerBoundaryIs>
          <innerBoundaryIs><LinearRing><coordinates>120.1974761,23.0382095 120.1971142,23.0384219 120.1973757,23.0388005 120.1977375,23.0385881 120.1974761,23.0382095</coordinates></LinearRing></innerBoundaryIs>
          <innerBoundaryIs><LinearRing><coordinates>120.1945603,23.0382079 120.1939609,23.0385598 120.1939431,23.0386018 120.1940176,23.0388638 120.1942497,23.0392024 120.1943068,23.0392142 120.1945157,23.0390916 120.1942234,23.0386653 120.1946861,23.0383936 120.1945603,23.0382079</coordinates></LinearRing></innerBoundaryIs>
          <innerBoundaryIs><LinearRing><coordinates>120.1962933,23.0383691 120.1960507,23.0385115 120.1960399,23.0385555 120.1962811,23.0389113 120.1965527,23.0387518 120.1962933,23.0383691</coordinates></LinearRing></innerBoundaryIs>
          <innerBoundaryIs><LinearRing><coordinates>120.1972131,23.038666 120.1966599,23.0389907 120.196773,23.0391543 120.1973261,23.0388296 120.1972131,23.038666</coordinates></LinearRing></innerBoundaryIs>
          <innerBoundaryIs><LinearRing><coordinates>120.197405,23.0389439 120.1968169,23.0392891 120.1970049,23.0395665 120.197387,23.039435 120.1972897,23.0392914 120.1972897,23.0392912 120.1973643,23.039257 120.1974665,23.0394076 120.1976755,23.0393356 120.197405,23.0389439</coordinates></LinearRing></innerBoundaryIs>
          <innerBoundaryIs><LinearRing><coordinates>120.1985366,23.0389626 120.1980308,23.0392606 120.1980632,23.0393076 120.1983957,23.0395826 120.1985905,23.0395156 120.1988167,23.0393799 120.1988291,23.039327 120.1985842,23.0389724 120.1985366,23.0389626</coordinates></LinearRing></innerBoundaryIs>
          <innerBoundaryIs><LinearRing><coordinates>120.1978232,23.0393813 120.1972584,23.0395758 120.1973991,23.0399257 120.1977368,23.0398095 120.1976457,23.0395827 120.1978734,23.0395003 120.1978232,23.0393813</coordinates></LinearRing></innerBoundaryIs>
          <innerBoundaryIs><LinearRing><coordinates>120.1951317,23.039051 120.1944637,23.0394432 120.1944509,23.039496 120.194928,23.0401921 120.1949851,23.0402039 120.1956489,23.0398142 120.1951317,23.039051</coordinates></LinearRing></innerBoundaryIs>
          <innerBoundaryIs><LinearRing><coordinates>120.1960188,23.0390648 120.1954404,23.0394043 120.1956985,23.0397851 120.1962768,23.0394456 120.1960188,23.0390648</coordinates></LinearRing></innerBoundaryIs>
          <innerBoundaryIs><LinearRing><coordinates>120.196505,23.0394722 120.1957764,23.0399 120.1959384,23.0401391 120.1961205,23.0400552 120.1962912,23.0403071 120.1968795,23.0401046 120.1969011,23.0400642 120.1968571,23.0399315 120.1965525,23.0394821 120.196505,23.0394722</coordinates></LinearRing></innerBoundaryIs>
          <innerBoundaryIs><LinearRing><coordinates>120.1957268,23.0399291 120.1956729,23.0399607 120.1958263,23.0401871 120.1958838,23.0401608 120.1957268,23.0399291</coordinates></LinearRing></innerBoundaryIs>
          <innerBoundaryIs><LinearRing><coordinates>120.1956439,23.0399777 120.1950636,23.0403184 120.1950508,23.0403712 120.1951401,23.0405015 120.1957954,23.0402013 120.1956439,23.0399777</coordinates></LinearRing></innerBoundaryIs>
          <innerBoundaryIs><LinearRing><coordinates>120.1935579,23.038145 120.1934083,23.0382989 120.1932579,23.0384238 120.1930496,23.0386273 120.1933902,23.038926 120.1937177,23.0386059 120.1937298,23.0385622 120.1936147,23.0381578 120.1935579,23.038145</coordinates></LinearRing></innerBoundaryIs>
          <innerBoundaryIs><LinearRing><coordinates>120.1937318,23.0387238 120.1935303,23.0389207 120.1937145,23.0391895 120.1939084,23.0390419 120.1938364,23.0389369 120.193779,23.0387349 120.1937318,23.0387238</coordinates></LinearRing></innerBoundaryIs>
          <innerBoundaryIs><LinearRing><coordinates>120.1942289,23.039581 120.1936897,23.0398975 120.1936791,23.0399415 120.1937703,23.0400745 120.194155,23.0402084 120.1945493,23.039977 120.194286,23.0395928 120.1942289,23.039581</coordinates></LinearRing></innerBoundaryIs>
        </Polygon>
        <Polygon>
          <outerBoundaryIs><LinearRing><coordinates>120.2044865,23.02944 120.2044866,23.0294401 120.2044798,23.0294924 120.2044792,23.0295145 120.1967481,23.0301363 120.1967464,23.0304961 120.1967463,23.0304961 120.1967017,23.0303904 120.1966797,23.0302701 120.1965659,23.0302252 120.1961797,23.0302149 120.19616,23.0301836 120.1960891,23.0301893 120.1960556,23.0301798 120.1955525,23.030119 120.1955525,23.0301189 120.1957538,23.0300376 120.1972089,23.0299499 120.2002671,23.0297488 120.2027447,23.0295694 120.2043501,23.0294494 120.2044865,23.02944</coordinates></LinearRing></outerBoundaryIs>
        </Polygon>
      </MultiGeometry>
  </Placemark>
  <Placemark>
	<Style><LineStyle><color>ff0000ff</color></LineStyle><PolyStyle><fill>0</fill></PolyStyle></Style>
	<ExtendedData><SchemaData schemaUrl="#114SEC_DBTBLPD">
		<SimpleData name="段碼">1225</SimpleData>
		<SimpleData name="段名">海東段</SimpleData>
		<SimpleData name="行政區">安南區</SimpleData>
	</SchemaData></ExtendedData>
      <MultiGeometry>
        <Polygon>
          <outerBoundaryIs><LinearRing><coordinates>120.1905096,23.0298994 120.1913753,23.0301374 120.1915373,23.0301784 120.1917077,23.0302129 120.1919098,23.0302474 120.1922702,23.0302993 120.1924366,23.0303198 120.192626,23.0303352 120.1927962,23.030332 120.1941183,23.0322651 120.1941182,23.0322653 120.1940168,23.0323137 120.1940157,23.0323182 120.1930789,23.0328615 120.1930314,23.0328515 120.1931112,23.0329695 120.1932462,23.033163 120.1933214,23.0332701 120.1934914,23.0335141 120.1935048,23.0335332 120.1936171,23.0336958 120.1936855,23.0337856 120.1938307,23.0339984 120.1939081,23.0341138 120.1940537,23.0343171 120.1941019,23.0343909 120.1941138,23.0344097 120.1942181,23.0345616 120.1942929,23.0346719 120.1944016,23.0348271 120.1944688,23.0349269 120.1946109,23.035134 120.1946917,23.0352513 120.1947258,23.0352998 120.1948291,23.0354492 120.1948992,23.0355471 120.1950085,23.0357045 120.1952045,23.0359897 120.195235,23.0360355 120.1954294,23.0363207 120.1948535,23.036818 120.194798,23.0368191 120.1947796,23.0368817 120.1934639,23.038018 120.1934722,23.0380305 120.1933086,23.0381988 120.1931344,23.0383214 120.1931337,23.0383206 120.1931264,23.0383094 120.1931081,23.0383252 120.192528,23.0387281 120.1925217,23.0387778 120.1924938,23.0387794 120.1925162,23.038821 120.192492,23.0390118 120.1925079,23.0390284 120.1924932,23.039047 120.1918851,23.0394318 120.1916586,23.0395543 120.1911223,23.0398049 120.191092,23.0398304 120.190759,23.0401154 120.1906948,23.040171 120.1902976,23.0405184 120.1902385,23.0405252 120.1900789,23.0406445 120.1899365,23.0408017 120.1898648,23.0408818 120.1895599,23.0411232 120.1891965,23.0414167 120.188556,23.0419293 120.1885551,23.0419457 120.1884852,23.0421143 120.1882929,23.0424067 120.1879332,23.0426674 120.1878771,23.042702 120.187877,23.0427019 120.1878001,23.0423358 120.1877177,23.0422368 120.1876124,23.0419755 120.1875666,23.0418273 120.1875625,23.0415156 120.1875734,23.041459 120.1876122,23.0411914 120.1876224,23.041062 120.1876388,23.0410204 120.1876855,23.0408936 120.1877347,23.0406788 120.187744,23.0406337 120.187735,23.040523 120.1877538,23.0403771 120.1878075,23.0401667 120.187883,23.0397529 120.1878831,23.0397263 120.1879853,23.0392496 120.1880729,23.0388542 120.1880731,23.0388542 120.1880939,23.0388708 120.1881075,23.0387937 120.1881152,23.0387543 120.1881154,23.0387542 120.1881158,23.0387545 120.1883195,23.0381518 120.1885065,23.0376007 120.1887523,23.0368107 120.1887881,23.0367095 120.1891063,23.0357036 120.1897891,23.0336415 120.1899823,23.0330574 120.1899684,23.0330141 120.1900509,23.0327635 120.1900785,23.0326391 120.1905095,23.0298995 120.1905096,23.0298994</coordinates></LinearRing></outerBoundaryIs>
          <innerBoundaryIs><LinearRing><coordinates>120.1914515,23.0302054 120.1914617,23.030208 120.1916438,23.0302493 120.1914515,23.0302054</coordinates></LinearRing></innerBoundaryIs>
          <innerBoundaryIs><LinearRing><coordinates>120.1918049,23.030285 120.1918273,23.0302895 120.1918487,23.0302935 120.1918049,23.030285</coordinates></LinearRing></innerBoundaryIs>
          <innerBoundaryIs><LinearRing><coordinates>120.1919734,23.0303158 120.1920273,23.0303248 120.1920645,23.0303306 120.1919734,23.0303158</coordinates></LinearRing></innerBoundaryIs>
          <innerBoundaryIs><LinearRing><coordinates>120.1921094,23.0303374 120.1921507,23.0303435 120.1921871,23.0303485 120.1921094,23.0303374</coordinates></LinearRing></innerBoundaryIs>
          <innerBoundaryIs><LinearRing><coordinates>120.1927824,23.030819 120.1927826,23.0308201 120.1927981,23.0308429 120.1927824,23.030819</coordinates></LinearRing></innerBoundaryIs>
          <innerBoundaryIs><LinearRing><coordinates>120.1917232,23.0342506 120.1917728,23.0343267 120.1917729,23.0343266 120.1917232,23.0342506</coordinates></LinearRing></innerBoundaryIs>
          <innerBoundaryIs><LinearRing><coordinates>120.1902262,23.0360662 120.190334,23.0361949 120.1902445,23.0360873 120.1902262,23.0360662</coordinates></LinearRing></innerBoundaryIs>
        </Polygon>
      </MultiGeometry>
  </Placemark>
  <Placemark>
	<Style><LineStyle><color>ff0000ff</color></LineStyle><PolyStyle><fill>0</fill></PolyStyle></Style>
	<ExtendedData><SchemaData schemaUrl="#114SEC_DBTBLPD">
		<SimpleData name="段碼">1226</SimpleData>
		<SimpleData name="段名">理想段</SimpleData>
		<SimpleData name="行政區">安南區</SimpleData>
	</SchemaData></ExtendedData>
      <MultiGeometry>
        <Polygon>
          <outerBoundaryIs><LinearRing><coordinates>120.1980826,23.034249 120.1980826,23.0342491 120.1975752,23.03459 120.197545,23.0346089 120.1972635,23.0342475 120.1972636,23.0342473 120.1973193,23.0342474 120.1973194,23.0342476 120.197313,23.0342515 120.1974238,23.0343945 120.1976617,23.0342511 120.1976596,23.0342482 120.1976597,23.0342481 120.1980826,23.034249</coordinates></LinearRing></outerBoundaryIs>
        </Polygon>
        <Polygon>
          <outerBoundaryIs><LinearRing><coordinates>120.1955525,23.0301188 120.1960556,23.0301796 120.1960891,23.030189 120.19616,23.0301833 120.1961797,23.0302146 120.1965658,23.030225 120.1966798,23.0302699 120.1967018,23.0303902 120.1967464,23.030496 120.1967331,23.033505 120.1975165,23.0346127 120.1968072,23.0351309 120.1954294,23.0363207 120.1954292,23.0363207 120.1953558,23.0362131 120.1952348,23.0360355 120.1952044,23.0359897 120.1950084,23.0357046 120.1948991,23.0355472 120.194829,23.0354493 120.194692,23.0352512 120.1946108,23.035134 120.1944687,23.034927 120.1944015,23.0348271 120.1942928,23.034672 120.1942502,23.0346094 120.1942258,23.0345731 120.1941137,23.0344097 120.1941018,23.034391 120.1940535,23.0343171 120.193908,23.0341138 120.1938305,23.0339984 120.1936854,23.0337856 120.193617,23.0336959 120.1935047,23.0335332 120.1934913,23.0335142 120.1933213,23.0332701 120.1932461,23.033163 120.1931111,23.0329695 120.1930312,23.0328514 120.1930313,23.0328512 120.1930789,23.0328613 120.1940156,23.032318 120.1940176,23.0323101 120.1941181,23.0322651 120.1938371,23.0318541 120.1931315,23.0308226 120.1927961,23.0303321 120.1927962,23.0303319 120.1931217,23.0303276 120.1932033,23.0303208 120.1936175,23.0302808 120.1952466,23.0301452 120.1955329,23.0301267 120.1955525,23.0301188</coordinates></LinearRing></outerBoundaryIs>
          <innerBoundaryIs><LinearRing><coordinates>120.1954006,23.0308029 120.1951817,23.0309322 120.195282,23.0310643 120.1954893,23.0309419 120.1954006,23.0308029</coordinates></LinearRing></innerBoundaryIs>
        </Polygon>
      </MultiGeometry>
  </Placemark>
  <Placemark>
	<Style><LineStyle><color>ff0000ff</color></LineStyle><PolyStyle><fill>0</fill></PolyStyle></Style>
	<ExtendedData><SchemaData schemaUrl="#114SEC_DBTBLPD">
		<SimpleData name="段碼">1227</SimpleData>
		<SimpleData name="段名">溪墘段</SimpleData>
		<SimpleData name="行政區">安南區</SimpleData>
	</SchemaData></ExtendedData>
      <MultiGeometry>
        <Polygon>
          <outerBoundaryIs><LinearRing><coordinates>120.192752,23.0194799 120.1930998,23.0196505 120.1934481,23.0198017 120.193766,23.0199888 120.1943617,23.0202263 120.1944839,23.0202574 120.1951587,23.0204581 120.1958016,23.0206764 120.1958169,23.0206029 120.1958171,23.0206028 120.1964474,23.0208093 120.1982285,23.021334 120.1982714,23.021873 120.1982541,23.0220252 120.1978518,23.0236534 120.1980802,23.023703 120.1978603,23.0245722 120.1977099,23.0251675 120.1974799,23.0251239 120.1974257,23.0251152 120.1972857,23.0250897 120.1972522,23.0251738 120.1970669,23.0260509 120.1967111,23.0277416 120.1966994,23.0277946 120.1964201,23.029069 120.1974659,23.0289898 120.197466,23.0289899 120.1974575,23.0290272 120.1974354,23.0291281 120.1972971,23.0297722 120.1972872,23.0298456 120.1972144,23.029905 120.1972088,23.0299499 120.1957537,23.0300376 120.1955328,23.0301268 120.1952465,23.0301453 120.1936174,23.0302809 120.1932032,23.0303209 120.1931216,23.0303277 120.1927961,23.030332 120.1926259,23.0303352 120.1924365,23.0303199 120.1922701,23.0302993 120.1919097,23.0302474 120.1917076,23.0302129 120.1915371,23.0301785 120.1913752,23.0301374 120.1905095,23.0298994 120.1904491,23.0298827 120.1905277,23.0295273 120.1905919,23.0290387 120.190551,23.0290195 120.190551,23.0290194 120.1905957,23.0289677 120.1906207,23.0288309 120.1906208,23.0288308 120.1907377,23.028863 120.1907997,23.0285837 120.1908563,23.0282976 120.190895,23.028129 120.1909179,23.0280157 120.1909497,23.027854 120.191004,23.0276093 120.1910415,23.0274371 120.1911973,23.0267115 120.1912214,23.0266094 120.1912298,23.0265713 120.1912715,23.0263746 120.1914022,23.0257627 120.1914717,23.0254367 120.1915687,23.0249827 120.191748,23.0241428 120.1916813,23.0241283 120.1920492,23.0223316 120.1921431,23.021996 120.1921571,23.0219158 120.1921955,23.0216991 120.192216,23.021602 120.192248,23.0214373 120.192292,23.0211483 120.1923396,23.0209664 120.1923658,23.0208318 120.1924533,23.0204364 120.1924876,23.0202928 120.1925018,23.020184 120.1925839,23.0199197 120.1924823,23.0199018 120.1924822,23.0199017 120.192752,23.0194799</coordinates></LinearRing></outerBoundaryIs>
          <innerBoundaryIs><LinearRing><coordinates>120.1938672,23.0220311 120.1938649,23.0220371 120.1938659,23.0220372 120.1938672,23.0220311</coordinates></LinearRing></innerBoundaryIs>
        </Polygon>
      </MultiGeometry>
  </Placemark>
  <Placemark>
	<Style><LineStyle><color>ff0000ff</color></LineStyle><PolyStyle><fill>0</fill></PolyStyle></Style>
	<ExtendedData><SchemaData schemaUrl="#114SEC_DBTBLPD">
		<SimpleData name="段碼">1228</SimpleData>
		<SimpleData name="段名">溪東段</SimpleData>
		<SimpleData name="行政區">安南區</SimpleData>
	</SchemaData></ExtendedData>
      <MultiGeometry>
        <Polygon>
          <outerBoundaryIs><LinearRing><coordinates>120.1982286,23.021334 120.1994193,23.0215991 120.1995252,23.021623 120.2000307,23.0217452 120.2006114,23.0218861 120.2011047,23.0220138 120.2019186,23.0222759 120.2026463,23.0225126 120.2035315,23.022764 120.2049571,23.0228317 120.205145,23.0238798 120.2051325,23.023968 120.2053014,23.0239577 120.2053015,23.0239578 120.2052567,23.0242442 120.2052005,23.0250411 120.2051011,23.025495 120.2049267,23.0267931 120.2047425,23.028087 120.2046628,23.0284906 120.2045559,23.0289367 120.2044865,23.02944 120.2043501,23.0294494 120.2027447,23.0295694 120.2002747,23.0297482 120.1972089,23.0299499 120.1972088,23.0299498 120.1972144,23.0299049 120.1972872,23.0298456 120.1972971,23.0297722 120.1974434,23.0290907 120.1974574,23.0290272 120.1974659,23.02899 120.1964201,23.0290692 120.19642,23.0290691 120.1966993,23.0277946 120.1967995,23.0273166 120.1971757,23.0255353 120.1971872,23.02548 120.1972131,23.0253583 120.1972521,23.0251737 120.1972858,23.0250895 120.1974258,23.025115 120.19748,23.0251237 120.1977099,23.0251674 120.1980801,23.023703 120.1978517,23.0236535 120.1981348,23.0225127 120.1981582,23.0224146 120.198254,23.0220252 120.1982713,23.021873 120.1982285,23.0213341 120.1982286,23.021334</coordinates></LinearRing></outerBoundaryIs>
          <innerBoundaryIs><LinearRing><coordinates>120.198215,23.0229639 120.1981899,23.0230755 120.1982095,23.0229917 120.198215,23.0229639</coordinates></LinearRing></innerBoundaryIs>
          <innerBoundaryIs><LinearRing><coordinates>120.2007663,23.0242648 120.2007519,23.0243281 120.2007465,23.0243525 120.2007663,23.0242648</coordinates></LinearRing></innerBoundaryIs>
          <innerBoundaryIs><LinearRing><coordinates>120.2025622,23.0253973 120.2025591,23.0253975 120.2025829,23.0254013 120.2025622,23.0253973</coordinates></LinearRing></innerBoundaryIs>
        </Polygon>
      </MultiGeometry>
  </Placemark>
  <Placemark>
	<Style><LineStyle><color>ff0000ff</color></LineStyle><PolyStyle><fill>0</fill></PolyStyle></Style>
	<ExtendedData><SchemaData schemaUrl="#114SEC_DBTBLPD">
		<SimpleData name="段碼">1229</SimpleData>
		<SimpleData name="段名">海北段</SimpleData>
		<SimpleData name="行政區">安南區</SimpleData>
	</SchemaData></ExtendedData>
      <MultiGeometry>
        <Polygon>
          <outerBoundaryIs><LinearRing><coordinates>120.1832658,23.0428144 120.1837409,23.0428746 120.1842639,23.0429921 120.1846481,23.0430533 120.1849028,23.0431071 120.1850277,23.0431183 120.1850297,23.0430492 120.1850298,23.0430491 120.1856834,23.0431564 120.1857093,23.0431844 120.1858201,23.0432189 120.1858855,23.0432681 120.1859245,23.0433031 120.1863819,23.0436778 120.1864123,23.0435893 120.1864124,23.0435892 120.1865462,23.0436404 120.1867549,23.0432795 120.1868131,23.0431735 120.1872838,23.0431082 120.1874867,23.0430838 120.1879648,23.0431201 120.1879868,23.0432242 120.1885725,23.046013 120.1886216,23.0460425 120.1886215,23.0460426 120.1882629,23.0461193 120.1882239,23.0461893 120.1879465,23.0462494 120.1875647,23.0463354 120.1870971,23.0464387 120.1866295,23.0465386 120.1861473,23.0466401 120.1856051,23.0467628 120.1855374,23.046775 120.1847373,23.0469412 120.1844347,23.047003 120.1841555,23.0470606 120.1838761,23.0471222 120.1838722,23.0471186 120.183863,23.0471252 120.1838283,23.0471336 120.1826792,23.0473839 120.1826277,23.0473183 120.1825066,23.0469115 120.1824691,23.0467794 120.1822629,23.0460125 120.1810386,23.0464815 120.1801678,23.0468133 120.1787866,23.04701 120.1787729,23.0470119 120.1786609,23.0467012 120.1787917,23.046599 120.1795504,23.0461403 120.1796667,23.046066 120.1798467,23.0459394 120.1800337,23.0456938 120.180039,23.0456835 120.1801576,23.0454257 120.180026,23.0452226 120.180026,23.0452225 120.1801193,23.0451949 120.1803803,23.0451167 120.180562,23.0450709 120.180869,23.0449874 120.1811733,23.0448677 120.1814395,23.0447577 120.1816552,23.0446116 120.1817045,23.0446003 120.1817814,23.0445406 120.1819134,23.0444369 120.1820414,23.044356 120.1824897,23.0439681 120.1828151,23.0436803 120.1828792,23.0436046 120.1829323,23.0434952 120.1830279,23.0432678 120.1831961,23.0429401 120.1831542,23.0429316 120.1831541,23.0429315 120.1832129,23.0428215 120.1832558,23.042831 120.1832658,23.0428144</coordinates></LinearRing></outerBoundaryIs>
          <innerBoundaryIs><LinearRing><coordinates>120.184637,23.0449588 120.1846236,23.0449645 120.184771,23.0452008 120.184637,23.0449588</coordinates></LinearRing></innerBoundaryIs>
        </Polygon>
      </MultiGeometry>
  </Placemark>
  <Placemark>
	<Style><LineStyle><color>ff0000ff</color></LineStyle><PolyStyle><fill>0</fill></PolyStyle></Style>
	<ExtendedData><SchemaData schemaUrl="#114SEC_DBTBLPD">
		<SimpleData name="段碼">1230</SimpleData>
		<SimpleData name="段名">海中段</SimpleData>
		<SimpleData name="行政區">安南區</SimpleData>
	</SchemaData></ExtendedData>
      <MultiGeometry>
        <Polygon>
          <outerBoundaryIs><LinearRing><coordinates>120.1858303,23.0385357 120.1858626,23.0385532 120.1860125,23.0386408 120.1860478,23.0386596 120.1869579,23.0391856 120.1870121,23.0391013 120.1870122,23.0391013 120.1878021,23.0396683 120.1877967,23.0396908 120.1878832,23.0397529 120.1878076,23.0401668 120.187754,23.0403771 120.1877351,23.0405231 120.1877441,23.0406337 120.1877348,23.0406788 120.1876856,23.0408937 120.187639,23.0410205 120.1876225,23.041062 120.1876124,23.0411914 120.1875735,23.041459 120.1875626,23.0415156 120.1875667,23.0418273 120.1876125,23.0419754 120.1877178,23.0422367 120.1878002,23.0423358 120.1879649,23.0431202 120.1879648,23.0431203 120.1874867,23.043084 120.1872838,23.0431083 120.1868131,23.0431737 120.1867551,23.0432795 120.1865463,23.0436406 120.1864124,23.0435894 120.186382,23.043678 120.1863818,23.043678 120.1859168,23.0432966 120.1858854,23.0432682 120.1858199,23.043219 120.1857092,23.0431845 120.1856833,23.0431566 120.1850299,23.0430493 120.1850279,23.0431184 120.1850278,23.0431184 120.1849028,23.0431072 120.184648,23.0430535 120.1842639,23.0429922 120.1837411,23.042875 120.1832658,23.0428145 120.1832558,23.0428312 120.183213,23.0428216 120.1832129,23.0428214 120.1832258,23.0427971 120.1832354,23.0427656 120.1830088,23.0426202 120.1829498,23.0425811 120.1829497,23.0425809 120.1832962,23.0422723 120.1834111,23.0420835 120.1836954,23.041935 120.1839083,23.0417561 120.1840055,23.0416052 120.1842144,23.0406935 120.1843433,23.040385 120.1843388,23.0403711 120.1842641,23.0399941 120.1842885,23.0399311 120.1843078,23.0398803 120.1843298,23.0398241 120.1845975,23.0397404 120.184742,23.03967 120.1849822,23.0395067 120.1849875,23.0395 120.1851562,23.0392507 120.1852511,23.0391257 120.1853545,23.0390156 120.1855115,23.0388746 120.185561,23.0388436 120.1857776,23.0385953 120.1858303,23.0385357</coordinates></LinearRing></outerBoundaryIs>
        </Polygon>
      </MultiGeometry>
  </Placemark>
  <Placemark>
	<Style><LineStyle><color>ff0000ff</color></LineStyle><PolyStyle><fill>0</fill></PolyStyle></Style>
	<ExtendedData><SchemaData schemaUrl="#114SEC_DBTBLPD">
		<SimpleData name="段碼">1231</SimpleData>
		<SimpleData name="段名">海前段</SimpleData>
		<SimpleData name="行政區">安南區</SimpleData>
	</SchemaData></ExtendedData>
      <MultiGeometry>
        <Polygon>
          <outerBoundaryIs><LinearRing><coordinates>120.1844629,23.0280568 120.1849044,23.0281129 120.1850912,23.0281531 120.1854567,23.0282793 120.1874699,23.0290109 120.1899201,23.0297159 120.1898985,23.029671 120.1899431,23.0296293 120.1901492,23.0295747 120.1903997,23.0295333 120.1905269,23.0295312 120.190527,23.0295313 120.1904493,23.0298827 120.1905096,23.0298995 120.1900785,23.032639 120.190051,23.0327635 120.1899685,23.033014 120.1899824,23.0330574 120.1897891,23.0336415 120.1891064,23.0357036 120.1887882,23.0367095 120.1887523,23.0368107 120.1885066,23.0376007 120.1881153,23.0387543 120.1881075,23.0387937 120.188094,23.0388709 120.1880938,23.038871 120.188073,23.0388543 120.1878832,23.0397262 120.1878831,23.0397529 120.187883,23.0397529 120.1878311,23.0397152 120.1877965,23.0396908 120.1878019,23.0396683 120.1870121,23.0391014 120.1869579,23.0391857 120.1869578,23.0391857 120.1860476,23.0386597 120.1860124,23.0386409 120.185832,23.0385355 120.1856593,23.0384425 120.185515,23.0383472 120.1854104,23.0382901 120.1853683,23.0382738 120.1851235,23.0381732 120.1847746,23.0379925 120.1846219,23.0379215 120.1844402,23.0377845 120.1844333,23.0377796 120.1844214,23.0377439 120.1843232,23.0376845 120.1839239,23.0373428 120.1838555,23.0373068 120.183674,23.0372654 120.1834965,23.0372504 120.1833617,23.0372477 120.1833612,23.0372374 120.1834922,23.0371759 120.1835542,23.0370542 120.1834891,23.035823 120.1833211,23.0357383 120.1832669,23.0357625 120.1832668,23.0357624 120.1832635,23.0357133 120.1832693,23.0354149 120.1827196,23.0351356 120.1825708,23.0348615 120.1825123,23.0346039 120.1826065,23.0339611 120.184038,23.0281155 120.1841114,23.0280979 120.1841482,23.0280632 120.1844629,23.0280568</coordinates></LinearRing></outerBoundaryIs>
          <innerBoundaryIs><LinearRing><coordinates>120.1865831,23.0333878 120.1864929,23.0336571 120.1864373,23.0337436 120.1863024,23.0339883 120.186192,23.0342407 120.1861871,23.0342603 120.1862581,23.0342757 120.1862901,23.0341504 120.1864919,23.0337928 120.1865601,23.0336848 120.186653,23.0334071 120.1865831,23.0333878</coordinates></LinearRing></innerBoundaryIs>
          <innerBoundaryIs><LinearRing><coordinates>120.1889496,23.0347035 120.1889785,23.0347115 120.1889789,23.0347114 120.1889496,23.0347035</coordinates></LinearRing></innerBoundaryIs>
        </Polygon>
      </MultiGeometry>
  </Placemark>
  <Placemark>
	<Style><LineStyle><color>ff0000ff</color></LineStyle><PolyStyle><fill>0</fill></PolyStyle></Style>
	<ExtendedData><SchemaData schemaUrl="#114SEC_DBTBLPD">
		<SimpleData name="段碼">1232</SimpleData>
		<SimpleData name="段名">朝皇段</SimpleData>
		<SimpleData name="行政區">安南區</SimpleData>
	</SchemaData></ExtendedData>
      <MultiGeometry>
        <Polygon>
          <outerBoundaryIs><LinearRing><coordinates>120.1832636,23.0357132 120.183267,23.0357622 120.183321,23.035738 120.1834893,23.0358229 120.1834995,23.0360149 120.1835543,23.0370543 120.1834923,23.037176 120.1833613,23.0372375 120.1833618,23.0372476 120.1834965,23.0372503 120.1836741,23.0372652 120.1838556,23.0373067 120.183924,23.0373426 120.1843234,23.0376844 120.1844215,23.0377438 120.1844334,23.0377795 120.1844403,23.0377844 120.184622,23.0379213 120.1847747,23.0379924 120.1849169,23.0380784 120.1851236,23.0381731 120.18541,23.0382908 120.1855151,23.0383471 120.1856594,23.0384424 120.1858321,23.0385354 120.1858321,23.0385355 120.1857777,23.0385954 120.1855611,23.0388437 120.1855167,23.0388651 120.1853545,23.0390131 120.1853546,23.0390157 120.1852512,23.0391258 120.1852022,23.0391829 120.1849876,23.0395001 120.1849823,23.0395068 120.1847421,23.0396702 120.1845975,23.0397406 120.1843299,23.0398242 120.1842642,23.0399941 120.1843389,23.0403711 120.1843434,23.040385 120.1842145,23.0406935 120.1840056,23.0416053 120.1839084,23.0417562 120.1836955,23.0419351 120.1834111,23.0420836 120.1832963,23.0422724 120.1829498,23.042581 120.1828741,23.0426568 120.182874,23.0426567 120.1821773,23.0414994 120.1820574,23.0413032 120.1817039,23.0407828 120.1814334,23.0411189 120.1814332,23.0411189 120.1813569,23.04105 120.1811622,23.0412531 120.1810358,23.0414271 120.179545,23.0405386 120.1794881,23.0405046 120.1797749,23.0400552 120.1799198,23.0398203 120.1802346,23.0393134 120.1803368,23.0391565 120.1804422,23.0389917 120.1806733,23.0386382 120.1806931,23.0386089 120.1812363,23.0377035 120.181087,23.0377057 120.1810869,23.0377055 120.1812792,23.0375744 120.1814186,23.0374965 120.1814247,23.0374932 120.1814938,23.0374327 120.1815279,23.0374046 120.181593,23.0373486 120.1816856,23.0372458 120.1818924,23.0369218 120.1824172,23.036165 120.182744,23.0359906 120.1828233,23.0359439 120.1832636,23.0357132</coordinates></LinearRing></outerBoundaryIs>
          <innerBoundaryIs><LinearRing><coordinates>120.1833001,23.0379195 120.1832807,23.0379474 120.1833005,23.0379216 120.1833001,23.0379195</coordinates></LinearRing></innerBoundaryIs>
          <innerBoundaryIs><LinearRing><coordinates>120.1840305,23.0397875 120.1840316,23.0397885 120.1840316,23.0397883 120.1840305,23.0397875</coordinates></LinearRing></innerBoundaryIs>
          <innerBoundaryIs><LinearRing><coordinates>120.1808914,23.0405136 120.1808798,23.040537 120.1808805,23.040536 120.1808914,23.0405136</coordinates></LinearRing></innerBoundaryIs>
        </Polygon>
      </MultiGeometry>
  </Placemark>
  <Placemark>
	<Style><LineStyle><color>ff0000ff</color></LineStyle><PolyStyle><fill>0</fill></PolyStyle></Style>
	<ExtendedData><SchemaData schemaUrl="#114SEC_DBTBLPD">
		<SimpleData name="段碼">1233</SimpleData>
		<SimpleData name="段名">淵中段</SimpleData>
		<SimpleData name="行政區">安南區</SimpleData>
	</SchemaData></ExtendedData>
      <MultiGeometry>
        <Polygon>
          <outerBoundaryIs><LinearRing><coordinates>120.1736707,23.0398362 120.1739336,23.0398697 120.1741541,23.0399128 120.1744354,23.0399959 120.1745765,23.0400585 120.174778,23.0401653 120.1748754,23.0402161 120.1750249,23.0403042 120.1752619,23.040457 120.1756777,23.0408966 120.175833,23.0410872 120.175945,23.0409666 120.1759846,23.0409699 120.1763921,23.0411593 120.1764265,23.0411225 120.1770476,23.041396 120.1772419,23.0414708 120.1775041,23.0415104 120.1778159,23.0415493 120.1781478,23.0415731 120.1782981,23.0415889 120.1784802,23.0416241 120.1787437,23.041664 120.1790951,23.0417511 120.1794487,23.0418233 120.179762,23.0418871 120.1800187,23.0419865 120.1802186,23.0420533 120.1802992,23.0420594 120.1804827,23.0420208 120.1806364,23.0419179 120.1809152,23.0416061 120.1810358,23.0414271 120.181162,23.0412531 120.1813569,23.0410499 120.181357,23.0410499 120.1814333,23.0411188 120.1816996,23.0407877 120.1817038,23.0407826 120.1817039,23.0407826 120.1820575,23.0413031 120.1821774,23.0414993 120.1828741,23.0426566 120.1829138,23.0426167 120.1829498,23.042581 120.1830089,23.0426201 120.1832355,23.0427656 120.1832259,23.0427972 120.1831542,23.0429315 120.1831961,23.04294 120.1831962,23.0429401 120.1830279,23.0432678 120.1829324,23.0434953 120.1828792,23.0436047 120.1828152,23.0436804 120.1824898,23.0439683 120.1820414,23.0443561 120.1819134,23.044437 120.1817814,23.0445407 120.1817045,23.0446005 120.1816552,23.0446118 120.1814395,23.0447578 120.1811733,23.0448679 120.180869,23.0449875 120.1805619,23.0450711 120.1803802,23.0451168 120.1800261,23.0452226 120.1801577,23.0454257 120.1800391,23.0456835 120.1798467,23.0459396 120.1796667,23.0460661 120.1795504,23.0461405 120.1787917,23.0465992 120.178661,23.0467013 120.178773,23.0470118 120.1787729,23.0470119 120.1787031,23.0470219 120.177947,23.0472253 120.1754911,23.0477875 120.1752807,23.0478341 120.1753742,23.0480312 120.1754484,23.048018 120.1754485,23.0480181 120.1753937,23.0482823 120.1755008,23.0482586 120.1755009,23.0482586 120.175547,23.0488161 120.1755195,23.0488536 120.175079,23.0489846 120.1748837,23.0490387 120.1745879,23.0490374 120.1745871,23.0492179 120.1746083,23.0492684 120.1746792,23.0493173 120.1746793,23.0493174 120.1745988,23.0493876 120.1742808,23.0496609 120.1742497,23.0496861 120.1741848,23.0496749 120.1739481,23.0498971 120.1736617,23.05017 120.173507,23.050042 120.1734711,23.0499969 120.1734081,23.0499521 120.1732937,23.0496716 120.1732501,23.0496109 120.1731499,23.049504 120.1730961,23.0493953 120.173081,23.0493743 120.1730839,23.0493708 120.1730236,23.049249 120.1730502,23.049211 120.1732092,23.0492116 120.1729782,23.0490302 120.1728524,23.0490296 120.1728106,23.0490064 120.1726484,23.048727 120.1724991,23.0485755 120.1723753,23.0484372 120.1721743,23.0482249 120.1719856,23.0480808 120.1719849,23.0480356 120.1729525,23.0472547 120.1728739,23.0471272 120.1727633,23.0469621 120.1726345,23.0467407 120.1725678,23.0465744 120.1724697,23.0460543 120.1724031,23.0453369 120.1725062,23.044513 120.1725112,23.0442353 120.1724949,23.0440526 120.1724533,23.0438636 120.1723696,23.04362 120.1723489,23.0436236 120.1723488,23.0436234 120.1723668,23.0436127 120.1722584,23.0433299 120.1721883,23.0431929 120.1718889,23.042735 120.1714162,23.0420422 120.171356,23.0419114 120.1712488,23.0411325 120.1710881,23.0408449 120.1706654,23.0401824 120.1705297,23.0400436 120.1704234,23.0399785 120.1704234,23.0399784 120.170775,23.0399331 120.170747,23.0398506 120.1707373,23.03983 120.1707374,23.0398299 120.1736707,23.0398362</coordinates></LinearRing></outerBoundaryIs>
        </Polygon>
      </MultiGeometry>
  </Placemark>
  <Placemark>
	<Style><LineStyle><color>ff0000ff</color></LineStyle><PolyStyle><fill>0</fill></PolyStyle></Style>
	<ExtendedData><SchemaData schemaUrl="#114SEC_DBTBLPD">
		<SimpleData name="段碼">1234</SimpleData>
		<SimpleData name="段名">海西段</SimpleData>
		<SimpleData name="行政區">安南區</SimpleData>
	</SchemaData></ExtendedData>
      <MultiGeometry>
        <Polygon>
          <outerBoundaryIs><LinearRing><coordinates>120.1733191,23.0238117 120.1734595,23.023911 120.1735666,23.0239167 120.1737292,23.0239477 120.173961,23.0240913 120.1741966,23.0242898 120.1743515,23.0244774 120.1744599,23.0246391 120.1754751,23.0253356 120.1758637,23.0255925 120.176565,23.0259772 120.1774033,23.0261252 120.1790545,23.0264648 120.1795467,23.0266706 120.179978,23.0267975 120.1803354,23.026918 120.1805573,23.0269963 120.1807606,23.0270904 120.1816394,23.0274576 120.1818789,23.0275641 120.1823105,23.0278197 120.1826432,23.0279789 120.1828907,23.0281424 120.183123,23.0283265 120.1838682,23.0281546 120.1840379,23.0281154 120.184038,23.0281156 120.1826066,23.0339611 120.1825123,23.0346039 120.1825709,23.0348614 120.1827196,23.0351355 120.1832693,23.0354147 120.1832636,23.0357133 120.1828242,23.0359435 120.182744,23.0359907 120.1824172,23.0361651 120.1818924,23.0369219 120.1816857,23.0372459 120.181593,23.0373487 120.1814247,23.0374934 120.1814186,23.0374966 120.1812793,23.0375745 120.1810872,23.0377055 120.1812364,23.0377033 120.1812365,23.0377034 120.1806932,23.038609 120.1805593,23.0388131 120.1805103,23.0388863 120.1804422,23.0389918 120.1803369,23.0391565 120.1802346,23.0393135 120.1799583,23.0397584 120.179751,23.0400927 120.1794883,23.0405046 120.1810358,23.041427 120.1809153,23.0416062 120.1806365,23.041918 120.1804827,23.0420209 120.1802991,23.0420595 120.1802184,23.0420534 120.1800185,23.0419866 120.1797618,23.0418872 120.1794486,23.0418234 120.179095,23.0417512 120.1787435,23.0416641 120.17848,23.0416242 120.178298,23.041589 120.1781477,23.0415732 120.1778157,23.0415494 120.1775039,23.0415105 120.1772418,23.0414709 120.1770474,23.0413961 120.1764264,23.0411226 120.176392,23.0411594 120.1759845,23.04097 120.175945,23.0409667 120.1758329,23.0410873 120.1758328,23.0410873 120.1756775,23.0408966 120.1752617,23.0404571 120.1750247,23.0403042 120.1748752,23.0402161 120.1747778,23.0401654 120.1745763,23.0400585 120.1744352,23.0399959 120.174154,23.0399129 120.1739334,23.0398698 120.1736706,23.0398363 120.1707374,23.03983 120.1707471,23.0398505 120.1707752,23.0399331 120.1707751,23.0399332 120.1704234,23.0399785 120.1702513,23.040005 120.1698384,23.0400514 120.1691344,23.0400477 120.1690912,23.040048 120.1684042,23.0399736 120.1682967,23.0398747 120.1680277,23.0398093 120.1679784,23.0397981 120.1676706,23.0397121 120.1673212,23.0396013 120.1666375,23.0393407 120.1664919,23.0392706 120.1660805,23.038935 120.1658124,23.038528 120.1655934,23.0382103 120.1655419,23.0380738 120.1654157,23.0380975 120.1653704,23.0379845 120.1653679,23.0377709 120.1654009,23.0375109 120.1655461,23.0372918 120.1657832,23.0370508 120.1661882,23.0367514 120.1661883,23.0367514 120.1663425,23.0369748 120.166487,23.0371318 120.1665471,23.0370835 120.1662845,23.036693 120.166446,23.0365518 120.1669533,23.0360524 120.167351,23.0356337 120.1674453,23.0355203 120.1676591,23.0350832 120.1677453,23.0348442 120.1678021,23.0345029 120.1678145,23.0342698 120.1677595,23.0340739 120.1676464,23.0338142 120.1675461,23.0336402 120.1673391,23.0334336 120.1668716,23.033104 120.1668716,23.0331039 120.1670109,23.0329383 120.1664597,23.0327443 120.1662367,23.0327523 120.1661908,23.0328046 120.1659068,23.0326165 120.1654953,23.032392 120.1654162,23.0323327 120.1654162,23.0323325 120.1660605,23.0316111 120.1677187,23.0298072 120.1694824,23.027907 120.1721266,23.025112 120.1733191,23.0238117</coordinates></LinearRing></outerBoundaryIs>
          <innerBoundaryIs><LinearRing><coordinates>120.1784853,23.0380571 120.1784947,23.0380575 120.178521,23.0380578 120.1784853,23.0380571</coordinates></LinearRing></innerBoundaryIs>
        </Polygon>
      </MultiGeometry>
  </Placemark>
  <Placemark>
	<Style><LineStyle><color>ff0000ff</color></LineStyle><PolyStyle><fill>0</fill></PolyStyle></Style>
	<ExtendedData><SchemaData schemaUrl="#114SEC_DBTBLPD">
		<SimpleData name="段碼">1235</SimpleData>
		<SimpleData name="段名">天馬段</SimpleData>
		<SimpleData name="行政區">安南區</SimpleData>
	</SchemaData></ExtendedData>
      <MultiGeometry>
        <Polygon>
          <outerBoundaryIs><LinearRing><coordinates>120.1654163,23.0323326 120.1654954,23.0323919 120.1659069,23.0326164 120.1661909,23.0328045 120.1662367,23.0327522 120.1664598,23.0327442 120.1670111,23.0329383 120.1670111,23.0329384 120.1668718,23.033104 120.1673392,23.0334336 120.1675463,23.0336402 120.1676466,23.0338142 120.1677597,23.0340739 120.1678147,23.0342699 120.1678023,23.034503 120.1677454,23.0348443 120.1676593,23.0350834 120.1674455,23.0355205 120.1673512,23.0356339 120.1669535,23.0360526 120.1664461,23.036552 120.1662847,23.0366932 120.1665473,23.0370836 120.1664871,23.0371321 120.1664869,23.0371321 120.1663423,23.036975 120.1661882,23.0367517 120.1657833,23.0370511 120.1655462,23.037292 120.1654011,23.0375111 120.165368,23.037771 120.1653706,23.0379845 120.1654159,23.0380974 120.1655421,23.0380737 120.1655935,23.0382103 120.1658126,23.038528 120.1660806,23.038935 120.166492,23.0392705 120.1666376,23.0393407 120.1673213,23.0396013 120.1676707,23.039712 120.1679785,23.039798 120.1682968,23.0398746 120.1684043,23.0399735 120.1690912,23.0400479 120.1691344,23.0400477 120.1698384,23.0400513 120.1702513,23.0400049 120.1703015,23.0399982 120.1704233,23.0399784 120.1705298,23.0400434 120.1706654,23.0401823 120.1711705,23.0409739 120.1712489,23.0411325 120.1713561,23.0419113 120.1714163,23.0420421 120.171889,23.0427349 120.1721884,23.0431928 120.1722585,23.0433298 120.1723669,23.0436127 120.1723493,23.0436233 120.1723697,23.0436199 120.1724534,23.0438635 120.172495,23.0440526 120.1725113,23.0442353 120.1725063,23.044513 120.1724032,23.0453369 120.1724698,23.0460543 120.1725679,23.0465744 120.1726346,23.0467406 120.1727634,23.0469621 120.172874,23.0471271 120.1729526,23.0472547 120.171985,23.0480357 120.1719857,23.0480808 120.1721742,23.0482247 120.1722221,23.0482752 120.1724239,23.0485125 120.1726462,23.0487234 120.1728106,23.0490062 120.1728524,23.0490294 120.1729782,23.04903 120.1732094,23.0492117 120.1732093,23.0492118 120.1730501,23.0492112 120.1730237,23.049249 120.173084,23.0493708 120.1730811,23.0493742 120.1730962,23.0493952 120.1731499,23.0495039 120.1732502,23.0496107 120.1732938,23.0496715 120.1734081,23.0499519 120.1734711,23.0499967 120.173507,23.0500419 120.1736226,23.0501374 120.1735961,23.0501886 120.1735892,23.0502044 120.1735944,23.050211 120.1735657,23.0504086 120.1735029,23.0504028 120.1734866,23.05044 120.1734301,23.0504545 120.173333,23.050387 120.1732947,23.0503834 120.1731468,23.050295 120.1730312,23.0502176 120.1729765,23.0501735 120.1726542,23.0499401 120.1723478,23.0497172 120.1722318,23.0496364 120.1719611,23.0494398 120.1717868,23.0493297 120.171747,23.0493573 120.1717003,23.0493354 120.1716307,23.0492802 120.1714401,23.0490233 120.1713872,23.0490231 120.1713317,23.0490059 120.1712993,23.0489837 120.1713273,23.0490228 120.1713272,23.0490229 120.1711496,23.0489015 120.1707857,23.0486482 120.1705102,23.0484558 120.1705209,23.0484724 120.1705208,23.0484725 120.170094,23.0481796 120.1697319,23.0479277 120.1697319,23.0479275 120.1697502,23.0479194 120.1696979,23.0478821 120.1696356,23.0478381 120.1690153,23.0474159 120.1681757,23.046845 120.1675658,23.046429 120.1673259,23.046266 120.1672572,23.0462203 120.167206,23.0461855 120.1655797,23.0450794 120.1655557,23.0450647 120.1655551,23.0450626 120.1607548,23.0418013 120.1607226,23.0417809 120.160567,23.0418619 120.1603678,23.0419541 120.1603677,23.041954 120.1604786,23.0416343 120.1583395,23.0401843 120.1583395,23.0401841 120.1618753,23.0358735 120.1644674,23.033395 120.1654163,23.0323326</coordinates></LinearRing></outerBoundaryIs>
        </Polygon>
      </MultiGeometry>
  </Placemark>
  <Placemark>
	<Style><LineStyle><color>ff0000ff</color></LineStyle><PolyStyle><fill>0</fill></PolyStyle></Style>
	<ExtendedData><SchemaData schemaUrl="#114SEC_DBTBLPD">
		<SimpleData name="段碼">1236</SimpleData>
		<SimpleData name="段名">和農段</SimpleData>
		<SimpleData name="行政區">安南區</SimpleData>
	</SchemaData></ExtendedData>
      <MultiGeometry>
        <Polygon>
          <outerBoundaryIs><LinearRing><coordinates>120.2282352,23.062387 120.2282353,23.0623871 120.2282184,23.0625161 120.2282145,23.0626017 120.2281293,23.0626434 120.2280674,23.0629124 120.2280259,23.0629672 120.2279367,23.0629811 120.2276967,23.0630558 120.2276234,23.0630907 120.2275381,23.0631308 120.2273682,23.0632099 120.2270107,23.0632952 120.2270139,23.0633402 120.2270159,23.0633887 120.226783,23.0634975 120.2267617,23.0634958 120.226667,23.0634784 120.226542,23.0634647 120.2265301,23.0634751 120.2264853,23.0635209 120.2264544,23.0635495 120.2264464,23.0636253 120.2264462,23.0636253 120.2263753,23.0636056 120.2262414,23.0635669 120.2261674,23.0636031 120.2263245,23.0636785 120.2263716,23.0636989 120.226494,23.0637558 120.2264939,23.063756 120.226232,23.0638182 120.2258327,23.0639144 120.2257158,23.0639618 120.2252542,23.0642252 120.2252788,23.0642711 120.2259329,23.0655896 120.2259638,23.0656523 120.2267125,23.0670996 120.2267736,23.0670324 120.2269948,23.0668366 120.2272224,23.0668665 120.2273635,23.066849 120.2274152,23.0668419 120.2275708,23.0671605 120.2275894,23.0672094 120.2275988,23.0672183 120.2277462,23.0673284 120.2280153,23.0674781 120.2280527,23.0674828 120.2280975,23.0674878 120.2280976,23.067488 120.228057,23.0675233 120.2280913,23.067527 120.2281941,23.067542 120.2283142,23.0675553 120.2283256,23.0681383 120.2283249,23.0681663 120.2287234,23.067913 120.2289653,23.0677695 120.2289656,23.0677437 120.2289651,23.0676123 120.2289652,23.0676123 120.2291812,23.0676155 120.2292226,23.0676159 120.2292944,23.0675748 120.2295697,23.0675281 120.2296282,23.0675183 120.2297755,23.0675017 120.2298625,23.0674912 120.2306887,23.0672974 120.2312406,23.0670099 120.2316563,23.0667448 120.2317623,23.0666256 120.2318151,23.0664758 120.2318328,23.0664249 120.231849,23.0663817 120.2318532,23.0661915 120.2318571,23.0660584 120.2318578,23.0660191 120.2318678,23.0656599 120.2318631,23.0655476 120.2318633,23.0655476 120.2320715,23.0656365 120.2321179,23.0655016 120.2321181,23.0655016 120.2324905,23.06575 120.233192,23.0661825 120.2335377,23.0663092 120.2335661,23.0663256 120.2337284,23.0664077 120.2337894,23.0664376 120.2337768,23.0664718 120.2335446,23.0670657 120.2335322,23.0674509 120.2335204,23.0678084 120.2335582,23.0678922 120.2335019,23.0679918 120.2329367,23.0683427 120.2323151,23.068688 120.2322539,23.0687338 120.2322342,23.0687657 120.2322289,23.0687734 120.2324847,23.0691777 120.2328016,23.0696502 120.232933,23.0703909 120.2329329,23.070391 120.232857,23.0703809 120.2326636,23.0704189 120.2321865,23.070676 120.231961,23.0708211 120.2317385,23.0709102 120.231535,23.0709455 120.2311029,23.070951 120.230639,23.0709317 120.2301836,23.07092 120.2296614,23.070942 120.2295116,23.0708966 120.229309,23.0710048 120.2292059,23.0710486 120.2289856,23.0711406 120.2288727,23.0711873 120.2287974,23.0712188 120.2288425,23.0713088 120.2288424,23.0713089 120.2285166,23.0714191 120.2284803,23.0713435 120.2282969,23.0714092 120.2282364,23.0714276 120.2281229,23.0714838 120.228127,23.0715179 120.227888,23.0719796 120.2276218,23.072287 120.2269373,23.0721977 120.2268387,23.0721964 120.2265636,23.07221 120.2262068,23.0722638 120.2258848,23.0723274 120.2257324,23.0723654 120.22556,23.0724314 120.2254976,23.0724437 120.2253417,23.0724778 120.2247525,23.0725937 120.2247524,23.0725936 120.2247492,23.072572 120.224297,23.072642 120.2241223,23.0723738 120.2240745,23.0722788 120.2240515,23.0721748 120.2240286,23.0720634 120.2240286,23.0719685 120.2240565,23.0718498 120.2241094,23.0717182 120.2239717,23.0717426 120.223972,23.0717678 120.2239719,23.0717679 120.2238711,23.0717678 120.2237636,23.0717674 120.2236282,23.0717671 120.223592,23.0717664 120.2235624,23.0717656 120.2233941,23.0717747 120.2232994,23.0717794 120.2230608,23.0717929 120.2229677,23.071795 120.2229676,23.071795 120.2229853,23.0708807 120.223001,23.0698432 120.2230112,23.0695808 120.2230196,23.0690121 120.2230234,23.0685757 120.2230243,23.068413 120.2230244,23.0683271 120.2230215,23.0682674 120.2230059,23.0679809 120.2230246,23.0678059 120.2234982,23.0668062 120.2235901,23.066614 120.2235945,23.0665964 120.2240921,23.0656988 120.2242916,23.0652991 120.2244421,23.0649492 120.2245556,23.0645585 120.2246051,23.0643416 120.2246106,23.0643165 120.2246346,23.0643195 120.2248193,23.0643585 120.2249182,23.064337 120.2249512,23.0643267 120.2249259,23.0642811 120.2248944,23.0642252 120.2248649,23.0641677 120.2248366,23.0641162 120.2248086,23.0640636 120.2252047,23.0638696 120.2260039,23.0634786 120.2262062,23.0633795 120.2269091,23.0630358 120.2282352,23.062387</coordinates></LinearRing></outerBoundaryIs>
        </Polygon>
        <Polygon>
          <outerBoundaryIs><LinearRing><coordinates>120.2390125,23.0516964 120.2392641,23.0518683 120.2393147,23.0519124 120.2395081,23.0518761 120.2403942,23.0529888 120.2404487,23.0530631 120.2407033,23.0534584 120.2409852,23.0535843 120.2412369,23.0536509 120.2415154,23.0537582 120.2415363,23.0537708 120.2419092,23.0539677 120.2420778,23.0540302 120.2424348,23.0543228 120.2429214,23.0547696 120.243157,23.0550826 120.2434886,23.055451 120.243748,23.0556728 120.2441503,23.0560639 120.2442888,23.0562092 120.2444882,23.0565096 120.2444046,23.0566777 120.2444531,23.0567357 120.2445822,23.0570214 120.2446162,23.0570975 120.2448188,23.0575367 120.2451094,23.0583976 120.2455526,23.059635 120.2456825,23.0600078 120.2457672,23.0603192 120.2456317,23.0603667 120.2456387,23.0604269 120.2457139,23.0605922 120.2458942,23.0612954 120.2459076,23.0613455 120.2460076,23.0616711 120.2460312,23.0616846 120.2460403,23.0617119 120.2460253,23.0617417 120.2460851,23.0619759 120.246255,23.0625309 120.2467001,23.0635437 120.2467853,23.0636908 120.2470334,23.0639919 120.2471499,23.0641601 120.2473007,23.0643809 120.2474165,23.064631 120.2475133,23.0649142 120.2475132,23.0649143 120.2474519,23.0649302 120.2474287,23.0649359 120.2473868,23.0649451 120.2469857,23.0650395 120.2469777,23.0650434 120.2469127,23.0651058 120.2468725,23.0651425 120.2468179,23.0651547 120.2454539,23.0654452 120.2449182,23.0657348 120.2443298,23.0660116 120.2436058,23.0662814 120.2420251,23.0662302 120.2417328,23.0659729 120.2424051,23.0653166 120.2424053,23.0653166 120.2431762,23.0659953 120.2443805,23.0648199 120.2441407,23.064385 120.2441549,23.064371 120.2434517,23.0631142 120.2434337,23.0630757 120.2434163,23.0630426 120.2433871,23.0630039 120.243211,23.0627567 120.242967,23.0624578 120.2429468,23.0624774 120.2429466,23.0624774 120.2428898,23.0624213 120.2420706,23.0616725 120.2410292,23.0607724 120.2398882,23.0597647 120.2387549,23.0587774 120.2380562,23.0581438 120.2366625,23.0569488 120.235811,23.0562221 120.2353615,23.0558183 120.2351385,23.0556204 120.2354379,23.0553266 120.2378193,23.0532321 120.2390125,23.0516964</coordinates></LinearRing></outerBoundaryIs>
        </Polygon>
      </MultiGeometry>
  </Placemark>
  <Placemark>
	<Style><LineStyle><color>ff0000ff</color></LineStyle><PolyStyle><fill>0</fill></PolyStyle></Style>
	<ExtendedData><SchemaData schemaUrl="#114SEC_DBTBLPD">
		<SimpleData name="段碼">1237</SimpleData>
		<SimpleData name="段名">東和段</SimpleData>
		<SimpleData name="行政區">安南區</SimpleData>
	</SchemaData></ExtendedData>
      <MultiGeometry>
        <Polygon>
          <outerBoundaryIs><LinearRing><coordinates>120.2282561,23.0503997 120.2283387,23.0504589 120.2284406,23.05053 120.2285275,23.0505929 120.2285336,23.0505728 120.2285337,23.0505728 120.2286467,23.0506188 120.2286782,23.0506315 120.228706,23.0506426 120.2287162,23.050646 120.2293775,23.0509164 120.2296815,23.0510404 120.2296816,23.0510405 120.2296403,23.0511184 120.2297187,23.0513779 120.2298786,23.0514101 120.2298786,23.0514102 120.2298665,23.051453 120.2295961,23.0524876 120.2295162,23.0527139 120.2294935,23.0527796 120.2294675,23.0528564 120.2293371,23.0532301 120.2297246,23.0533498 120.2297395,23.0533814 120.2297229,23.0534386 120.2293877,23.0544732 120.2294035,23.0545083 120.2294132,23.0545262 120.2298961,23.0547444 120.2299135,23.0547536 120.2298867,23.0548018 120.2297139,23.0551464 120.2295759,23.0555059 120.229343,23.0565302 120.2293721,23.0565375 120.2291947,23.0572507 120.2291946,23.0572507 120.2291844,23.0572419 120.2291054,23.0575817 120.2290266,23.0580482 120.2290543,23.0580863 120.2290803,23.0581216 120.2291172,23.0581864 120.2291066,23.0582641 120.2290351,23.0583321 120.2289584,23.0584076 120.22882,23.0586337 120.2286561,23.0588146 120.2285825,23.0589223 120.2285524,23.058964 120.2284838,23.0592969 120.2284188,23.0596074 120.2283467,23.0597918 120.2282873,23.0602853 120.2282931,23.0605451 120.2283018,23.0608976 120.2283054,23.0611622 120.2283615,23.0613415 120.2284375,23.0615923 120.2283928,23.0616108 120.2283254,23.0616385 120.2282881,23.0616949 120.2282823,23.0618316 120.228235,23.062387 120.226909,23.0630358 120.2262061,23.0633795 120.2260038,23.0634787 120.2252045,23.0638696 120.2248085,23.0640636 120.2248083,23.0640636 120.2243988,23.0632783 120.2243099,23.0631137 120.2242245,23.0629172 120.2241482,23.0627322 120.2241046,23.0625498 120.2240634,23.0623972 120.2240528,23.0621746 120.2240541,23.0620643 120.2240637,23.061894 120.2241217,23.0615226 120.2257341,23.0549137 120.225803,23.0546162 120.2259283,23.054109 120.226291,23.0525891 120.2264907,23.0517664 120.2265172,23.0515318 120.2265476,23.0514949 120.2265424,23.0514056 120.2264849,23.0512882 120.226485,23.051288 120.2265181,23.0512759 120.2265095,23.051236 120.2282561,23.0503997</coordinates></LinearRing></outerBoundaryIs>
        </Polygon>
        <Polygon>
          <outerBoundaryIs><LinearRing><coordinates>120.2322901,23.0480299 120.2323469,23.0480631 120.2330423,23.0483736 120.2336714,23.0486566 120.2342391,23.0489092 120.2342175,23.0489548 120.2351565,23.0493858 120.2351813,23.0493583 120.2359715,23.0497585 120.2364663,23.0498582 120.2368174,23.0499426 120.2371689,23.050047 120.2377215,23.0502443 120.237971,23.0503315 120.2383533,23.0505525 120.2387254,23.0508664 120.2388959,23.051064 120.2389679,23.0514129 120.2388928,23.0515941 120.2390124,23.0516965 120.2378192,23.0532321 120.2354378,23.0553266 120.2351385,23.0556202 120.2351384,23.0556202 120.2349212,23.0554276 120.2348242,23.0553252 120.2345525,23.0550862 120.2326234,23.0534076 120.2310629,23.0520707 120.230543,23.0516199 120.2303024,23.0513745 120.230097,23.0511447 120.2298915,23.0508429 120.2297003,23.0505605 120.2296743,23.0505899 120.2296393,23.0506275 120.2287094,23.0505583 120.2287052,23.0504966 120.2287005,23.050446 120.2287209,23.0502874 120.2287795,23.0501853 120.2288468,23.0501169 120.2292682,23.0499152 120.2292348,23.049865 120.2291894,23.0497955 120.2291894,23.0497954 120.2296027,23.0495964 120.2296929,23.0495514 120.2315851,23.0486347 120.2317371,23.04854 120.23181,23.0484951 120.2319487,23.048393 120.2320678,23.0482807 120.2321513,23.0482007 120.2322901,23.0480299</coordinates></LinearRing></outerBoundaryIs>
        </Polygon>
      </MultiGeometry>
  </Placemark>
  <Placemark>
	<Style><LineStyle><color>ff0000ff</color></LineStyle><PolyStyle><fill>0</fill></PolyStyle></Style>
	<ExtendedData><SchemaData schemaUrl="#114SEC_DBTBLPD">
		<SimpleData name="段碼">1238</SimpleData>
		<SimpleData name="段名">和工段</SimpleData>
		<SimpleData name="行政區">安南區</SimpleData>
	</SchemaData></ExtendedData>
      <MultiGeometry>
        <Polygon>
          <outerBoundaryIs><LinearRing><coordinates>120.2268266,23.0432369 120.2270179,23.0433468 120.2270134,23.0432928 120.2270136,23.0432927 120.2281827,23.0436595 120.2285236,23.0438148 120.2286301,23.0438338 120.2290002,23.0440342 120.2290191,23.044384 120.229105,23.0443957 120.2299267,23.0451029 120.2301156,23.045336 120.2307314,23.0461857 120.2310493,23.0466429 120.2313339,23.0471172 120.2313963,23.0471981 120.2318673,23.0477921 120.23229,23.0480297 120.23229,23.0480299 120.2321513,23.0482006 120.2320678,23.0482806 120.2319487,23.0483929 120.23181,23.048495 120.2317371,23.0485399 120.2315851,23.0486346 120.2296929,23.0495514 120.2296027,23.0495964 120.2291895,23.0497953 120.2292349,23.0498647 120.2292683,23.049915 120.2292682,23.0499151 120.2265094,23.0512359 120.2265093,23.0512359 120.2264966,23.0511853 120.2264621,23.0511166 120.2261668,23.0512568 120.2260646,23.051303 120.2259675,23.0513547 120.225707,23.0514897 120.225146,23.0517497 120.2251459,23.0517496 120.2251559,23.0516564 120.2251823,23.0513643 120.2251865,23.0513212 120.2251926,23.0512531 120.2252338,23.0512364 120.2252516,23.0511848 120.2249254,23.0505999 120.2249145,23.0505794 120.2248876,23.0505322 120.2248008,23.0503764 120.2247753,23.0503303 120.2247231,23.0502366 120.2246899,23.0501762 120.2246417,23.0500911 120.224627,23.0500623 120.224599,23.0500146 120.2245721,23.0499665 120.2243157,23.0495075 120.2241216,23.0491605 120.2238,23.0485843 120.2229942,23.0471386 120.2224647,23.0461896 120.2224648,23.0461894 120.2225689,23.0461795 120.2225291,23.0461078 120.2252026,23.0448216 120.2251998,23.0447944 120.2251981,23.044779 120.2251906,23.0447053 120.2252877,23.0446585 120.2253007,23.0446151 120.2252108,23.0444793 120.2252439,23.0444546 120.2253797,23.0444092 120.2258461,23.0444302 120.2263443,23.044424 120.2264355,23.0444221 120.22635,23.0441647 120.2262885,23.0439912 120.2262861,23.0439388 120.2263562,23.0438425 120.2268266,23.0432369</coordinates></LinearRing></outerBoundaryIs>
        </Polygon>
      </MultiGeometry>
  </Placemark>
  <Placemark>
	<Style><LineStyle><color>ff0000ff</color></LineStyle><PolyStyle><fill>0</fill></PolyStyle></Style>
	<ExtendedData><SchemaData schemaUrl="#114SEC_DBTBLPD">
		<SimpleData name="段碼">1239</SimpleData>
		<SimpleData name="段名">和業段</SimpleData>
		<SimpleData name="行政區">安南區</SimpleData>
	</SchemaData></ExtendedData>
      <MultiGeometry>
        <Polygon>
          <outerBoundaryIs><LinearRing><coordinates>120.2255782,23.0419278 120.2258619,23.0424317 120.2261841,23.0428211 120.2262129,23.0428498 120.2263171,23.0429031 120.2263638,23.0429417 120.2265192,23.0430722 120.2265751,23.0431074 120.2267793,23.0431984 120.2268116,23.0432287 120.226805,23.0432388 120.2262861,23.0439389 120.2262886,23.0439912 120.2264356,23.0444222 120.2264355,23.0444223 120.2263441,23.0444242 120.225846,23.0444304 120.2253796,23.0444094 120.2252439,23.0444547 120.2252109,23.0444793 120.2253007,23.0446152 120.2252877,23.0446587 120.2251896,23.0447058 120.2251895,23.0447078 120.2252026,23.0448218 120.2228615,23.0459481 120.2227666,23.0459933 120.2227574,23.0459982 120.2225292,23.046108 120.2225781,23.0461961 120.222578,23.0461962 120.2224648,23.0461896 120.2230443,23.0472284 120.2238,23.0485842 120.2241217,23.0491604 120.2243158,23.0495074 120.2245721,23.0499665 120.2245991,23.0500145 120.224627,23.0500623 120.2246418,23.0500911 120.22469,23.0501761 120.2247231,23.0502365 120.224851,23.0504663 120.2248877,23.0505321 120.2249146,23.0505793 120.2249255,23.0505999 120.2250476,23.0508189 120.225249,23.0511788 120.2252516,23.0511849 120.2252339,23.0512365 120.2251924,23.0512564 120.2251866,23.0513212 120.2251824,23.0513643 120.225156,23.0516565 120.225146,23.0517496 120.2244981,23.0520496 120.2242334,23.0521741 120.2241604,23.0522065 120.2241607,23.0522247 120.2237651,23.0524137 120.2232747,23.0526482 120.2231099,23.0527268 120.2227036,23.0529221 120.2224427,23.0530489 120.2221846,23.0531724 120.2221494,23.0531897 120.2210738,23.0536954 120.2210285,23.0537161 120.2206314,23.0539043 120.2202537,23.0540859 120.2202118,23.0540834 120.2201245,23.0541259 120.2200286,23.0541235 120.2199821,23.0541216 120.219982,23.0541215 120.2199884,23.0540648 120.220009,23.0538867 120.2200223,23.0537777 120.2200362,23.0536715 120.2200542,23.0535203 120.2201256,23.0528865 120.2202022,23.0522944 120.2202288,23.0520011 120.2203306,23.0511186 120.2203926,23.0505655 120.2203929,23.0505629 120.2204073,23.0505405 120.2204238,23.0499016 120.2204258,23.0498396 120.2204363,23.0493329 120.2204401,23.049124 120.220437,23.0490877 120.2203825,23.0486598 120.220365,23.0485258 120.2203651,23.0485234 120.2203578,23.0484667 120.2203486,23.0483891 120.2202819,23.0478878 120.2201867,23.0470847 120.2201536,23.0468122 120.2201354,23.0467332 120.2201308,23.0467154 120.2197725,23.0465301 120.2196205,23.0464536 120.2193277,23.0463045 120.2190471,23.0461629 120.2187884,23.046033 120.2187334,23.0460051 120.218624,23.0459508 120.2185005,23.0458885 120.2184508,23.0458623 120.2184444,23.0458428 120.2184534,23.0457268 120.2184078,23.0457279 120.2183998,23.045728 120.2183997,23.0457279 120.2184447,23.045375 120.2184566,23.0452695 120.2184649,23.0450266 120.2184684,23.0449125 120.2184853,23.0444055 120.2184872,23.0443973 120.218519,23.0441543 120.2185625,23.0438252 120.2185746,23.0437364 120.2186216,23.0433603 120.2186527,23.0431218 120.2186804,23.0431045 120.2191033,23.0430757 120.2192917,23.0430865 120.2198462,23.0430513 120.2198677,23.0430492 120.2198948,23.0430468 120.219993,23.0430374 120.2200675,23.0430305 120.220246,23.0429992 120.2204965,23.042973 120.2205612,23.0429768 120.2207084,23.0429827 120.2208675,23.0429923 120.2211605,23.0429784 120.2212107,23.0429762 120.2213714,23.0429781 120.2214303,23.0429772 120.2215046,23.0429778 120.2215516,23.0429778 120.2217439,23.0429828 120.2218891,23.0429849 120.221936,23.0429847 120.2220719,23.0430153 120.2221443,23.04303 120.2223145,23.0430635 120.2224915,23.0430951 120.2229281,23.0432167 120.2229496,23.0432163 120.2230488,23.0432158 120.2234235,23.0432122 120.2236309,23.0431632 120.2238345,23.0431145 120.223942,23.0430893 120.2239614,23.0430849 120.2240798,23.0430554 120.2241687,23.0430327 120.2242083,23.0430224 120.2242429,23.0430136 120.2243593,23.042985 120.2244156,23.0429715 120.2244506,23.0428773 120.2245299,23.0427633 120.2247838,23.042688 120.2250594,23.0425946 120.2252902,23.0425162 120.2252738,23.0424763 120.2253552,23.0424271 120.2251883,23.042377 120.2251883,23.0423769 120.2252691,23.0422341 120.2253613,23.042036 120.2254413,23.041996 120.2255782,23.0419278</coordinates></LinearRing></outerBoundaryIs>
        </Polygon>
      </MultiGeometry>
  </Placemark>
  <Placemark>
	<Style><LineStyle><color>ff0000ff</color></LineStyle><PolyStyle><fill>0</fill></PolyStyle></Style>
	<ExtendedData><SchemaData schemaUrl="#114SEC_DBTBLPD">
		<SimpleData name="段碼">1240</SimpleData>
		<SimpleData name="段名">和成段</SimpleData>
		<SimpleData name="行政區">安南區</SimpleData>
	</SchemaData></ExtendedData>
      <MultiGeometry>
        <Polygon>
          <outerBoundaryIs><LinearRing><coordinates>120.2168453,23.0245878 120.2169763,23.0246958 120.2170997,23.024713 120.2175133,23.0248833 120.217936,23.0251137 120.21834,23.0254886 120.2186004,23.0257673 120.2188064,23.0260471 120.2189573,23.0263336 120.2190455,23.0265682 120.2189287,23.0266845 120.219026,23.0268136 120.2191194,23.0269608 120.2195067,23.0274413 120.2196184,23.0276074 120.2197283,23.0277403 120.2198752,23.0282916 120.2200555,23.0287025 120.2200568,23.0287083 120.2201149,23.0288469 120.220172,23.0290189 120.2202387,23.0291596 120.220283,23.0292775 120.2203546,23.029562 120.2204077,23.029745 120.2204604,23.0300363 120.220569,23.0304841 120.22062,23.0306356 120.2207096,23.0308587 120.2207541,23.031002 120.2208013,23.0310916 120.220898,23.0312574 120.2209475,23.031356 120.2209843,23.0314308 120.2210496,23.0315659 120.2211305,23.0316334 120.2212215,23.0316926 120.2212743,23.0317648 120.2215991,23.0322055 120.2218588,23.0326648 120.2225321,23.0341452 120.2228943,23.0353061 120.2229196,23.0354149 120.2230531,23.0358055 120.2231743,23.0360199 120.2232756,23.0362467 120.2232979,23.0363182 120.2233019,23.0363448 120.2232937,23.0363781 120.2232624,23.0363983 120.2233206,23.0365178 120.2233653,23.0365814 120.2234371,23.0367436 120.2235113,23.0370042 120.2235337,23.037028 120.2235504,23.0370568 120.223546,23.0370951 120.2235344,23.0371231 120.2235105,23.0371445 120.2235145,23.0371782 120.2235331,23.0371735 120.2235517,23.0371777 120.2236155,23.0372775 120.2236556,23.0374412 120.2236906,23.0376248 120.223697,23.0377917 120.2237109,23.0381426 120.2237277,23.0382741 120.2238106,23.0384755 120.2238677,23.038562 120.2242875,23.0392229 120.2243392,23.0393162 120.2246201,23.0397222 120.2246973,23.0399531 120.2247939,23.0401818 120.2248137,23.0404537 120.2249363,23.0408406 120.2251517,23.0413938 120.2254499,23.0418302 120.2255782,23.0419276 120.2255782,23.0419278 120.2253614,23.042036 120.2252693,23.042234 120.2251885,23.0423767 120.2253554,23.0424268 120.2253554,23.042427 120.2252739,23.0424763 120.2252904,23.0425161 120.2252903,23.0425162 120.2250594,23.0425947 120.2247838,23.042688 120.22453,23.0427633 120.2244507,23.0428773 120.2244157,23.0429715 120.2243593,23.042985 120.2241688,23.0430328 120.2240798,23.0430555 120.2239614,23.0430849 120.223942,23.0430894 120.2238345,23.0431145 120.2234235,23.0432122 120.2229281,23.0432168 120.2224915,23.0430952 120.2223144,23.0430635 120.2221443,23.0430301 120.2220719,23.0430153 120.2219359,23.0429847 120.2218891,23.0429849 120.2217438,23.0429828 120.2215204,23.0429778 120.2213714,23.0429781 120.2212106,23.0429762 120.2211605,23.0429784 120.2208675,23.0429923 120.2207084,23.0429827 120.2205612,23.0429768 120.2204965,23.042973 120.220246,23.0429992 120.2200675,23.0430305 120.2198462,23.0430513 120.2192917,23.0430865 120.2191032,23.0430758 120.2186804,23.0431045 120.2186802,23.0431043 120.2186803,23.0430899 120.2186273,23.041928 120.2185168,23.0416184 120.2185028,23.041557 120.2184639,23.0413802 120.2181939,23.0402117 120.2181662,23.0399131 120.2181376,23.0397397 120.2180851,23.0396275 120.2180027,23.0391264 120.2180155,23.0390276 120.218067,23.0389823 120.2180626,23.0389595 120.2180484,23.0389287 120.2180809,23.0385635 120.218127,23.0383613 120.2181545,23.0376031 120.2181467,23.0374939 120.2180422,23.0367047 120.2179669,23.0363752 120.2179442,23.0359333 120.217913,23.0356646 120.2179032,23.035408 120.2179,23.0353137 120.217869,23.035037 120.2178747,23.034916 120.2178434,23.0345578 120.2178245,23.0340838 120.2178625,23.0338917 120.217868,23.0338749 120.2179001,23.0337495 120.2179438,23.033531 120.217946,23.033315 120.2178988,23.0331316 120.2177801,23.032849 120.2176383,23.0322368 120.2176132,23.0318596 120.2174174,23.0309962 120.2172054,23.0308042 120.2170758,23.030465 120.2170198,23.0303285 120.2170087,23.0303019 120.2170005,23.0302784 120.2167567,23.0294909 120.2167451,23.0295574 120.216745,23.0295574 120.2166629,23.0293729 120.2166397,23.0292741 120.2166506,23.0291045 120.2166537,23.0290823 120.2166609,23.0290257 120.2166097,23.0286158 120.2166051,23.0285596 120.216575,23.0284409 120.2165718,23.0284306 120.2165795,23.0283738 120.2165575,23.0282644 120.2165862,23.0280952 120.2166213,23.028001 120.2166824,23.0278812 120.2169552,23.0274937 120.2169911,23.0274304 120.2170587,23.0273556 120.2171011,23.0273092 120.2171436,23.0272612 120.2173664,23.0269657 120.2174592,23.0267421 120.2174947,23.0266283 120.2176198,23.0264007 120.2176506,23.0262567 120.2176294,23.0261297 120.217547,23.0260212 120.2172538,23.025564 120.2170764,23.0252388 120.2168452,23.0245879 120.2168453,23.0245878</coordinates></LinearRing></outerBoundaryIs>
        </Polygon>
      </MultiGeometry>
  </Placemark>
  <Placemark>
	<Style><LineStyle><color>ff0000ff</color></LineStyle><PolyStyle><fill>0</fill></PolyStyle></Style>
	<ExtendedData><SchemaData schemaUrl="#114SEC_DBTBLPD">
		<SimpleData name="段碼">1241</SimpleData>
		<SimpleData name="段名">新淵段</SimpleData>
		<SimpleData name="行政區">安南區</SimpleData>
	</SchemaData></ExtendedData>
      <MultiGeometry>
        <Polygon>
          <outerBoundaryIs><LinearRing><coordinates>120.1822629,23.0460123 120.182263,23.0460124 120.1824865,23.0468437 120.1826549,23.0474091 120.1826548,23.0474092 120.1821928,23.0475078 120.1828851,23.0483718 120.1826391,23.0486549 120.184065,23.0497085 120.184065,23.0497086 120.1817365,23.0523982 120.1800276,23.0543755 120.1792947,23.0541749 120.1783068,23.0535941 120.1776862,23.0532347 120.1770238,23.052986 120.1768614,23.0529431 120.1768613,23.052943 120.1770598,23.0524686 120.1770415,23.0524269 120.1769746,23.0523988 120.1766965,23.0523271 120.1767876,23.0520236 120.1762794,23.0518955 120.1763275,23.0516735 120.1763044,23.0516337 120.1760155,23.0515252 120.1755942,23.0512276 120.1755941,23.0512274 120.1759546,23.0508899 120.1756497,23.0505633 120.1754987,23.0504742 120.1754987,23.050474 120.1755674,23.0503939 120.175465,23.0503362 120.1753787,23.0502925 120.175273,23.0504286 120.1752728,23.0504286 120.1752362,23.0503718 120.174799,23.0499315 120.1742488,23.0496869 120.1742488,23.0496868 120.1746791,23.0493175 120.1746083,23.0492686 120.174587,23.0492181 120.1745878,23.0490374 120.1745879,23.0490373 120.1748837,23.0490386 120.1755195,23.0488535 120.1755468,23.0488161 120.1755008,23.0482589 120.1753937,23.0482826 120.1753936,23.0482825 120.1754483,23.0480183 120.1753741,23.0480315 120.1752806,23.0478342 120.1752807,23.0478341 120.1754911,23.0477874 120.177947,23.0472252 120.1787031,23.0470218 120.1801677,23.0468132 120.1810728,23.0464683 120.182136,23.0460611 120.1822629,23.0460123</coordinates></LinearRing></outerBoundaryIs>
          <innerBoundaryIs><LinearRing><coordinates>120.1767863,23.0522751 120.1768121,23.0522817 120.1767934,23.0522766 120.1767863,23.0522751</coordinates></LinearRing></innerBoundaryIs>
        </Polygon>
      </MultiGeometry>
  </Placemark>
  <Placemark>
	<Style><LineStyle><color>ff0000ff</color></LineStyle><PolyStyle><fill>0</fill></PolyStyle></Style>
	<ExtendedData><SchemaData schemaUrl="#114SEC_DBTBLPD">
		<SimpleData name="段碼">1242</SimpleData>
		<SimpleData name="段名">本淵段</SimpleData>
		<SimpleData name="行政區">安南區</SimpleData>
	</SchemaData></ExtendedData>
      <MultiGeometry>
        <Polygon>
          <outerBoundaryIs><LinearRing><coordinates>120.1717868,23.0493297 120.1719613,23.0494398 120.1722319,23.0496364 120.1723479,23.0497172 120.1726543,23.0499401 120.1729767,23.0501734 120.1730313,23.0502176 120.1731469,23.050295 120.1732266,23.0503426 120.1732948,23.0503854 120.1733336,23.0503898 120.1734302,23.0504545 120.1734865,23.0504401 120.1735028,23.0504027 120.1735655,23.0504087 120.1735943,23.0502111 120.1736617,23.05017 120.1737141,23.050206 120.1737248,23.0502391 120.1737002,23.0503648 120.1735953,23.0505739 120.1735946,23.0506292 120.1736305,23.050696 120.1737079,23.0510947 120.1738223,23.0516397 120.1738694,23.0516862 120.173791,23.0527041 120.1735938,23.0531547 120.1735234,23.0532823 120.1732867,23.0539281 120.1732614,23.0539257 120.1732138,23.0540387 120.1732451,23.0540412 120.1732452,23.0540413 120.173196,23.0542934 120.1731993,23.0544737 120.1731584,23.0545438 120.1731417,23.0545455 120.1729808,23.054561 120.1727256,23.0550009 120.1726917,23.0549867 120.1725418,23.0552357 120.172566,23.0552456 120.172566,23.0552457 120.1723792,23.0555235 120.172266,23.0558732 120.1721772,23.0563696 120.1721283,23.0565359 120.1721385,23.0566883 120.1720864,23.0570754 120.172104,23.0571139 120.1720734,23.0572749 120.1720728,23.0573305 120.1720335,23.057485 120.1720001,23.0576606 120.171929,23.0578911 120.1717042,23.0583895 120.1716932,23.0585895 120.1716216,23.0588929 120.1715696,23.0590733 120.1715695,23.0590733 120.1715387,23.0590492 120.1714916,23.0590938 120.1711424,23.0590018 120.1702082,23.0588273 120.1699653,23.058759 120.1696463,23.0586704 120.1689696,23.0584884 120.1687993,23.0584416 120.168797,23.0584685 120.1687969,23.0584686 120.1686537,23.0584542 120.1682313,23.0584712 120.1680413,23.0584257 120.1679986,23.0584374 120.1673039,23.0582607 120.1666229,23.0580759 120.1665391,23.0580466 120.1661049,23.0578343 120.1656956,23.057678 120.1653753,23.0575525 120.1653937,23.0574935 120.1656948,23.0565348 120.1657428,23.0564836 120.1656842,23.056438 120.1656842,23.0564379 120.1656987,23.0564349 120.1660247,23.0563904 120.1661037,23.0563586 120.1662613,23.0562158 120.166454,23.0560667 120.1668462,23.0558667 120.1670367,23.0558009 120.1675035,23.0554601 120.167522,23.0553409 120.1676565,23.0552659 120.1679168,23.0552345 120.1679807,23.0553405 120.1684979,23.0552405 120.1686246,23.0552432 120.1686181,23.0551423 120.1689933,23.054594 120.1691342,23.054371 120.1691523,23.0543446 120.1691809,23.0543064 120.1695395,23.0538999 120.1697832,23.0538533 120.1698453,23.0538808 120.1699485,23.0539237 120.1699563,23.0538832 120.169968,23.0538114 120.1704742,23.0533882 120.1705554,23.053323 120.1706839,23.0532259 120.1707962,23.053164 120.1708489,23.0531214 120.170915,23.0531 120.1710172,23.0530418 120.171066,23.0530157 120.1713984,23.0527662 120.1714201,23.0527417 120.1714748,23.0526872 120.1715161,23.0525347 120.1715715,23.0522306 120.1715923,23.0520927 120.1716306,23.0519676 120.1716055,23.0519461 120.1715935,23.0519023 120.171837,23.0512289 120.1719237,23.0509838 120.171936,23.0509367 120.1719208,23.0509303 120.1719208,23.0509302 120.1721029,23.0505855 120.1721193,23.0505501 120.1722516,23.0502403 120.1721977,23.050173 120.1722306,23.0501136 120.1721669,23.0500523 120.1720095,23.0497918 120.172076,23.0497161 120.1719219,23.0496113 120.1718279,23.0494794 120.1717715,23.0494352 120.1717868,23.0493297</coordinates></LinearRing></outerBoundaryIs>
        </Polygon>
      </MultiGeometry>
  </Placemark>
  <Placemark>
	<Style><LineStyle><color>ff0000ff</color></LineStyle><PolyStyle><fill>0</fill></PolyStyle></Style>
	<ExtendedData><SchemaData schemaUrl="#114SEC_DBTBLPD">
		<SimpleData name="段碼">1243</SimpleData>
		<SimpleData name="段名">淵東段</SimpleData>
		<SimpleData name="行政區">安南區</SimpleData>
	</SchemaData></ExtendedData>
      <MultiGeometry>
        <Polygon>
          <outerBoundaryIs><LinearRing><coordinates>120.1741847,23.0496749 120.1742488,23.0496868 120.1746278,23.0498554 120.1746997,23.0498859 120.1747454,23.0499076 120.174799,23.0499314 120.1751434,23.0502783 120.1752332,23.0503669 120.1752728,23.0504284 120.1753787,23.0502924 120.1754651,23.0503361 120.1755676,23.0503939 120.1755676,23.050394 120.1754989,23.0504741 120.1756513,23.0505649 120.1759548,23.0508898 120.1755943,23.0512275 120.1760156,23.0515251 120.1763045,23.0516337 120.1763277,23.0516735 120.1762795,23.0518954 120.1762971,23.0519005 120.1763738,23.0519192 120.1767877,23.0520234 120.1767878,23.0520235 120.1766966,23.052327 120.1769746,23.0523986 120.1770416,23.0524268 120.17706,23.0524687 120.1768615,23.052943 120.1770238,23.0529859 120.1775545,23.0531852 120.1776567,23.0532253 120.1776862,23.0532346 120.1782891,23.0535837 120.1782891,23.0535838 120.1782499,23.0536292 120.1780758,23.0538317 120.1775644,23.0544278 120.1773939,23.0546668 120.1772865,23.054902 120.1768174,23.0567004 120.1768325,23.05673 120.1765731,23.0578005 120.1764818,23.0590636 120.1764817,23.0590637 120.1757425,23.0589336 120.1756587,23.0589178 120.1754645,23.0589113 120.175233,23.058958 120.1751659,23.0589937 120.174813,23.0590579 120.1741381,23.0590525 120.173669,23.0591138 120.1736737,23.0591956 120.1736358,23.0592099 120.17359,23.0592239 120.1732297,23.059246 120.1731983,23.0592563 120.17291,23.0593521 120.1718033,23.0592014 120.1715497,23.0591422 120.1715497,23.0591421 120.1716215,23.0588928 120.1716931,23.0585894 120.1717041,23.0583895 120.1719289,23.057891 120.172,23.0576606 120.1721039,23.0571139 120.1720863,23.0570755 120.1721384,23.0566883 120.1721282,23.0565359 120.1721771,23.0563696 120.1722659,23.0558731 120.1723791,23.0555235 120.1725659,23.0552457 120.1725417,23.0552358 120.1725417,23.0552357 120.1726916,23.0549865 120.1727256,23.0550007 120.1729807,23.0545609 120.1731417,23.0545454 120.1731584,23.0545437 120.1731992,23.0544737 120.1731959,23.0542934 120.1732451,23.0540414 120.1732137,23.0540389 120.1732136,23.0540388 120.1732613,23.0539256 120.1732866,23.053928 120.1735233,23.0532822 120.1735937,23.0531546 120.1737909,23.0527041 120.1738693,23.0516862 120.1738222,23.0516397 120.1737078,23.0510947 120.1736304,23.0506961 120.1735945,23.0506292 120.1735951,23.0505739 120.1737,23.0503647 120.1737247,23.0502391 120.173714,23.0502061 120.1736618,23.0501701 120.1736617,23.05017 120.1739529,23.0498925 120.1741847,23.0496749</coordinates></LinearRing></outerBoundaryIs>
        </Polygon>
      </MultiGeometry>
  </Placemark>
  <Placemark>
	<Style><LineStyle><color>ff0000ff</color></LineStyle><PolyStyle><fill>0</fill></PolyStyle></Style>
	<ExtendedData><SchemaData schemaUrl="#114SEC_DBTBLPD">
		<SimpleData name="段碼">1244</SimpleData>
		<SimpleData name="段名">淵西段</SimpleData>
		<SimpleData name="行政區">安南區</SimpleData>
	</SchemaData></ExtendedData>
      <MultiGeometry>
        <Polygon>
          <outerBoundaryIs><LinearRing><coordinates>120.1711496,23.0489014 120.1713268,23.0490225 120.1712988,23.0489834 120.1712989,23.0489833 120.1713318,23.0490058 120.1713872,23.049023 120.1714402,23.0490232 120.1716308,23.0492801 120.1717004,23.0493353 120.1717471,23.0493572 120.1717716,23.049435 120.171828,23.0494792 120.171922,23.0496111 120.1719576,23.0496349 120.1720761,23.049716 120.1720762,23.0497161 120.1720097,23.0497917 120.172167,23.0500521 120.1722307,23.0501135 120.1721978,23.0501729 120.1722517,23.0502403 120.1721195,23.0505501 120.1721041,23.0505832 120.171921,23.0509301 120.1719362,23.0509366 120.1719238,23.0509838 120.1718371,23.0512289 120.1715937,23.0519022 120.1716057,23.0519459 120.1716307,23.0519675 120.1715925,23.0520927 120.1715716,23.0522305 120.1715162,23.0525347 120.171475,23.0526871 120.1714202,23.0527417 120.1713985,23.0527662 120.1710661,23.0530158 120.1710173,23.0530419 120.170915,23.0531001 120.170849,23.0531215 120.1707963,23.053164 120.170684,23.053226 120.1705555,23.053323 120.1704743,23.0533883 120.1699681,23.0538113 120.1699564,23.0538831 120.1699487,23.0539238 120.1699485,23.0539239 120.1698451,23.0538809 120.1698227,23.0538708 120.1697832,23.0538534 120.1695396,23.0539 120.1691811,23.0543064 120.1691524,23.0543446 120.1691343,23.054371 120.1689934,23.054594 120.1686183,23.0551423 120.1686248,23.0552433 120.1686247,23.0552434 120.1684979,23.0552406 120.1679806,23.0553406 120.1679167,23.0552346 120.1676565,23.055266 120.167458,23.0543372 120.1674245,23.0542715 120.1672841,23.0540314 120.1672427,23.0539478 120.1671501,23.0537949 120.1671552,23.0537796 120.1670948,23.0536679 120.1670685,23.0536603 120.1668403,23.0532833 120.166855,23.0532506 120.166809,23.0532185 120.1667557,23.0531791 120.1663117,23.0528397 120.1657594,23.0524616 120.1652715,23.0523002 120.1651609,23.0522426 120.16513,23.0522133 120.1650234,23.0521712 120.1649836,23.052145 120.1647665,23.0519228 120.1647765,23.0518786 120.1646912,23.051795 120.1646169,23.0517469 120.164617,23.0517468 120.1649252,23.0516184 120.1651488,23.0515258 120.1652325,23.0514909 120.1653851,23.0514276 120.1710191,23.0490863 120.1710193,23.0490863 120.1710248,23.0491143 120.1711949,23.048969 120.1711495,23.0489015 120.1711496,23.0489014</coordinates></LinearRing></outerBoundaryIs>
          <innerBoundaryIs><LinearRing><coordinates>120.1695094,23.0538683 120.1694993,23.0538711 120.1694996,23.0538713 120.1695094,23.0538683</coordinates></LinearRing></innerBoundaryIs>
        </Polygon>
      </MultiGeometry>
  </Placemark>
  <Placemark>
	<Style><LineStyle><color>ff0000ff</color></LineStyle><PolyStyle><fill>0</fill></PolyStyle></Style>
	<ExtendedData><SchemaData schemaUrl="#114SEC_DBTBLPD">
		<SimpleData name="段碼">1245</SimpleData>
		<SimpleData name="段名">淵南段</SimpleData>
		<SimpleData name="行政區">安南區</SimpleData>
	</SchemaData></ExtendedData>
      <MultiGeometry>
        <Polygon>
          <outerBoundaryIs><LinearRing><coordinates>120.1582773,23.040138 120.1583396,23.0401841 120.1604787,23.0416342 120.1604639,23.0416774 120.1603679,23.0419538 120.1605669,23.0418617 120.1607225,23.0417807 120.1607549,23.0418011 120.1632871,23.0435216 120.1638611,23.0439106 120.1643342,23.044233 120.1655201,23.0450387 120.1672061,23.0461853 120.1672573,23.0462201 120.167326,23.0462659 120.1675659,23.0464289 120.1681758,23.0468448 120.1690154,23.0474157 120.1696357,23.0478379 120.169698,23.0478819 120.1697504,23.0479193 120.1697504,23.0479194 120.1697321,23.0479276 120.1705204,23.0484721 120.1705098,23.0484554 120.1705099,23.0484553 120.1707858,23.048648 120.1711496,23.0489013 120.1712109,23.0489554 120.1712109,23.0489555 120.1710248,23.0491145 120.1710246,23.0491144 120.1710191,23.0490864 120.167105,23.050713 120.1668435,23.0508216 120.1667233,23.0508717 120.1653852,23.0514277 120.1652326,23.0514909 120.1651488,23.0515259 120.1649253,23.0516185 120.1645234,23.0517858 120.1644701,23.0518078 120.1639757,23.0520131 120.1636277,23.0521578 120.1623131,23.0527039 120.1575444,23.0546841 120.1569108,23.0549472 120.1562216,23.0552329 120.1560742,23.0552945 120.1560733,23.0552944 120.1560736,23.0552946 120.1560736,23.0552948 120.1558908,23.0553706 120.1551843,23.0548166 120.1550453,23.0546886 120.154912,23.0545218 120.1547313,23.0543017 120.1546195,23.0541347 120.1543398,23.0537231 120.1525994,23.0510749 120.1525093,23.050937 120.1523323,23.0507037 120.1522338,23.0503276 120.1522845,23.0500719 120.1524295,23.0498379 120.152454,23.0497002 120.1526389,23.0486819 120.1532035,23.0455946 120.1531515,23.0455917 120.1531514,23.0455916 120.1531797,23.0453619 120.1532498,23.0447073 120.1532807,23.0444906 120.1533324,23.0441118 120.1533421,23.0440432 120.157683,23.0408681 120.1581957,23.0402381 120.1582773,23.040138</coordinates></LinearRing></outerBoundaryIs>
        </Polygon>
      </MultiGeometry>
  </Placemark>
  <Placemark>
	<Style><LineStyle><color>ff0000ff</color></LineStyle><PolyStyle><fill>0</fill></PolyStyle></Style>
	<ExtendedData><SchemaData schemaUrl="#114SEC_DBTBLPD">
		<SimpleData name="段碼">1246</SimpleData>
		<SimpleData name="段名">淵北段</SimpleData>
		<SimpleData name="行政區">安南區</SimpleData>
	</SchemaData></ExtendedData>
      <MultiGeometry>
        <Polygon>
          <outerBoundaryIs><LinearRing><coordinates>120.1646291,23.0517419 120.1646291,23.0517421 120.1646173,23.051747 120.1646914,23.0517949 120.1647768,23.0518786 120.1647668,23.0519228 120.1649839,23.0521449 120.1650236,23.0521712 120.1651302,23.0522132 120.1651612,23.0522425 120.1652717,23.0523001 120.1657596,23.0524616 120.1663119,23.0528397 120.166756,23.053179 120.1668092,23.0532185 120.1668564,23.0532483 120.1668406,23.0532833 120.1670688,23.0536602 120.1670951,23.0536678 120.1671555,23.0537797 120.1671504,23.0537949 120.167243,23.0539478 120.1672844,23.0540314 120.1674248,23.0542715 120.1674583,23.0543372 120.1676567,23.055266 120.1675222,23.055341 120.1675038,23.0554602 120.1670346,23.0558028 120.1668464,23.0558669 120.1664542,23.0560668 120.1662615,23.056216 120.1661039,23.0563587 120.1660248,23.0563905 120.1659619,23.0563992 120.1656988,23.0564351 120.1656845,23.056438 120.165743,23.0564835 120.1657431,23.0564837 120.165695,23.0565349 120.1653756,23.0575524 120.1656957,23.0576779 120.166105,23.0578342 120.1665392,23.0580464 120.1666231,23.0580757 120.1673118,23.0582626 120.1679987,23.0584372 120.1680414,23.0584255 120.1682314,23.058471 120.1686538,23.0584541 120.168797,23.0584684 120.1687992,23.0584415 120.1687993,23.0584414 120.1689698,23.0584882 120.1696465,23.0586702 120.169835,23.0587335 120.1699654,23.0587588 120.1702084,23.0588271 120.1711426,23.0590017 120.1714917,23.0590936 120.1715389,23.059049 120.1715697,23.0590733 120.1715499,23.0591421 120.1718033,23.0592012 120.17291,23.0593519 120.1731982,23.0592562 120.1732296,23.0592459 120.1735899,23.0592237 120.1736358,23.0592097 120.1736735,23.0591956 120.1736689,23.0591136 120.1741381,23.0590523 120.174813,23.0590577 120.1751659,23.0589936 120.1752329,23.0589578 120.1754645,23.0589111 120.1756587,23.0589176 120.1757425,23.0589334 120.1764817,23.0590635 120.1764206,23.0597589 120.1764118,23.0600327 120.1763439,23.060871 120.176339,23.0609285 120.1762871,23.0609319 120.16532,23.0616315 120.1626309,23.0603629 120.1624451,23.0602706 120.1620893,23.0600865 120.161838,23.0599411 120.1616188,23.0597896 120.1587264,23.0575517 120.1561239,23.0555499 120.1560582,23.0554993 120.155891,23.0553708 120.155891,23.0553707 120.1560261,23.0553146 120.1562217,23.0552329 120.1569108,23.0549472 120.1575445,23.0546841 120.1623132,23.0527038 120.1639928,23.0520061 120.1646291,23.0517419</coordinates></LinearRing></outerBoundaryIs>
        </Polygon>
      </MultiGeometry>
  </Placemark>
  <Placemark>
	<Style><LineStyle><color>ff0000ff</color></LineStyle><PolyStyle><fill>0</fill></PolyStyle></Style>
	<ExtendedData><SchemaData schemaUrl="#114SEC_DBTBLPD">
		<SimpleData name="段碼">1247</SimpleData>
		<SimpleData name="段名">農場段</SimpleData>
		<SimpleData name="行政區">安南區</SimpleData>
	</SchemaData></ExtendedData>
      <MultiGeometry>
        <Polygon>
          <outerBoundaryIs><LinearRing><coordinates>120.1533423,23.0440432 120.1533326,23.0441119 120.1532809,23.0444907 120.15325,23.0447074 120.1531799,23.045362 120.1531516,23.0455916 120.1532036,23.0455945 120.1532037,23.0455946 120.1526391,23.048682 120.1524542,23.0497003 120.1524297,23.049838 120.1522847,23.050072 120.152234,23.0503277 120.1523325,23.0507037 120.1525094,23.0509369 120.1525996,23.0510749 120.15434,23.0537231 120.1547314,23.0543017 120.1550455,23.0546886 120.1551844,23.0548165 120.155891,23.0553706 120.1560582,23.0554991 120.1561238,23.0555497 120.1587264,23.0575514 120.1616188,23.0597894 120.161838,23.0599409 120.1620892,23.0600862 120.1624451,23.0602703 120.1626309,23.0603626 120.1653199,23.0616313 120.1653199,23.0616315 120.1503662,23.0625843 120.1456779,23.063807 120.1455877,23.0637725 120.1439478,23.0610584 120.1436485,23.0605628 120.143642,23.0605522 120.1435466,23.0603947 120.1434579,23.0602508 120.1415909,23.0572173 120.1398477,23.0543371 120.139831,23.054309 120.1398461,23.0542347 120.1397853,23.0542785 120.13973,23.0542841 120.1396494,23.0541462 120.1396262,23.0540977 120.1396372,23.0540747 120.1404575,23.0534701 120.1438926,23.0509543 120.1533423,23.0440432</coordinates></LinearRing></outerBoundaryIs>
        </Polygon>
      </MultiGeometry>
  </Placemark>
  <Placemark>
	<Style><LineStyle><color>ff0000ff</color></LineStyle><PolyStyle><fill>0</fill></PolyStyle></Style>
	<ExtendedData><SchemaData schemaUrl="#114SEC_DBTBLPD">
		<SimpleData name="段碼">1248</SimpleData>
		<SimpleData name="段名">鹽田段</SimpleData>
		<SimpleData name="行政區">安南區</SimpleData>
	</SchemaData></ExtendedData>
      <MultiGeometry>
        <Polygon>
          <outerBoundaryIs><LinearRing><coordinates>120.1130545,23.0166719 120.1132438,23.0168903 120.1132438,23.0168905 120.1123566,23.0175216 120.1123913,23.0175799 120.1110127,23.018497 120.1110126,23.0184969 120.1109345,23.0183857 120.1107537,23.0184736 120.1107001,23.0184226 120.1107193,23.018367 120.1106605,23.0184005 120.1105628,23.0183303 120.1105628,23.0183301 120.1130545,23.0166719</coordinates></LinearRing></outerBoundaryIs>
        </Polygon>
        <Polygon>
          <outerBoundaryIs><LinearRing><coordinates>120.1184319,23.0125198 120.1186051,23.0127251 120.118605,23.0127252 120.1176413,23.0134044 120.1174682,23.0131991 120.1174682,23.013199 120.1184319,23.0125198</coordinates></LinearRing></outerBoundaryIs>
        </Polygon>
        <Polygon>
          <outerBoundaryIs><LinearRing><coordinates>120.1221974,23.0101079 120.1225719,23.0114542 120.1236981,23.0109074 120.1237342,23.0109533 120.1241393,23.0114232 120.1241392,23.0114233 120.1239492,23.0115557 120.1243881,23.0120252 120.1244424,23.0121977 120.1244859,23.0123405 120.1247335,23.0126875 120.1246244,23.0127642 120.124438,23.012895 120.1248297,23.0132804 120.1252022,23.0136651 120.1254891,23.0139292 120.1265697,23.0149925 120.126651,23.0150726 120.1267142,23.0151345 120.1267741,23.0151912 120.1283791,23.0167598 120.1283491,23.0167885 120.1283971,23.0168064 120.1286848,23.0170725 120.1286783,23.0170922 120.1287063,23.0171234 120.1287414,23.0171586 120.1289144,23.0173217 120.1290542,23.017363 120.129258,23.0175635 120.1292395,23.0175974 120.1291868,23.0176913 120.1292741,23.0177776 120.1294182,23.0177512 120.1294762,23.0177332 120.1302212,23.017916 120.1306514,23.0179814 120.1309249,23.0180442 120.1310433,23.0180523 120.1312692,23.0180719 120.1315945,23.0181581 120.1317658,23.018206 120.1327273,23.0185507 120.1340123,23.0190326 120.1341896,23.019108 120.1343485,23.0192446 120.1348279,23.0195 120.1352331,23.0196332 120.1354684,23.0196519 120.1354684,23.019652 120.135407,23.0198642 120.1357785,23.0197432 120.1357786,23.0197434 120.1357122,23.019799 120.1355038,23.020005 120.1355537,23.019991 120.1363723,23.019743 120.1369711,23.0195433 120.1369712,23.0195434 120.1368016,23.0198306 120.1367686,23.019925 120.1367264,23.020083 120.1366957,23.0202723 120.136743,23.02054 120.1372621,23.0242892 120.137677,23.0268908 120.137641,23.0269538 120.137493,23.026973 120.1377697,23.0285707 120.1378729,23.0298427 120.1378807,23.0299932 120.1378806,23.0299933 120.1346394,23.029239 120.13457,23.0292176 120.1345319,23.0292049 120.134494,23.0291916 120.1344564,23.0291776 120.1344191,23.0291631 120.134382,23.0291479 120.1343453,23.0291322 120.1343088,23.0291158 120.1342727,23.0290989 120.1342368,23.0290814 120.1342013,23.0290633 120.1341662,23.0290446 120.1341314,23.0290254 120.134097,23.0290056 120.1340629,23.0289853 120.1340293,23.0289644 120.133996,23.028943 120.1339632,23.028921 120.1339308,23.0288985 120.1338988,23.0288755 120.1338672,23.028852 120.1338361,23.028828 120.1338055,23.0288035 120.1337753,23.0287785 120.1337456,23.028753 120.1337164,23.028727 120.1336876,23.0287006 120.1336594,23.0286736 120.1336317,23.0286463 120.1336045,23.0286185 120.1335778,23.0285903 120.1335517,23.0285616 120.1335261,23.0285325 120.1335011,23.0285031 120.1334766,23.0284732 120.1334527,23.0284429 120.1334294,23.0284122 120.1334066,23.0283812 120.1333845,23.0283498 120.1333629,23.0283181 120.1333419,23.028286 120.1333216,23.0282536 120.1333018,23.0282208 120.1332827,23.0281878 120.1332642,23.0281544 120.1332463,23.0281207 120.1332291,23.0280868 120.1332125,23.0280526 120.1331966,23.0280181 120.1331623,23.0279374 120.1331394,23.0278778 120.1331268,23.0278421 120.1331149,23.0278063 120.1330977,23.0277504 120.1330631,23.0276145 120.1330591,23.0275959 120.1255981,23.0329849 120.125598,23.0329849 120.1255338,23.0328815 120.125457,23.0329413 120.1254568,23.0329413 120.1254404,23.0328911 120.1252628,23.033048 120.1244734,23.0336147 120.1243639,23.0336935 120.1239048,23.033912 120.1238308,23.0339514 120.1233947,23.0341555 120.1228078,23.034419 120.1226991,23.0344615 120.122632,23.0344896 120.1221366,23.0347233 120.1216233,23.0348548 120.1215099,23.034805 120.1211312,23.0348748 120.12099,23.0348569 120.1209333,23.0348578 120.1197651,23.0348948 120.1197534,23.0350078 120.1197532,23.0350078 120.1190799,23.0339729 120.1187294,23.03348 120.1179005,23.0322115 120.1166059,23.0303702 120.1144629,23.0273393 120.1143794,23.0271885 120.1143357,23.0271411 120.1136763,23.0261602 120.1125372,23.0244985 120.1125414,23.0244668 120.1124243,23.024418 120.1120234,23.0238689 120.1115048,23.0230981 120.1114991,23.0231027 120.1114989,23.0231026 120.1114304,23.0230065 120.1113629,23.0229125 120.1113629,23.0229124 120.1113912,23.0229063 120.1113798,23.022892 120.1108388,23.0219784 120.110417,23.021368 120.110253,23.0214579 120.1099453,23.0210013 120.10959,23.02068 120.1093214,23.020293 120.1093215,23.0202929 120.1101731,23.0198526 120.1101499,23.0198198 120.1104343,23.0193695 120.11332,23.0171445 120.1153246,23.0156357 120.119217,23.0124082 120.1221974,23.0101079</coordinates></LinearRing></outerBoundaryIs>
          <innerBoundaryIs><LinearRing><coordinates>120.1214697,23.0163097 120.1214644,23.0163443 120.1214667,23.0163307 120.1214697,23.0163097</coordinates></LinearRing></innerBoundaryIs>
          <innerBoundaryIs><LinearRing><coordinates>120.1230742,23.0182575 120.1230658,23.0183018 120.1230639,23.0183146 120.1230742,23.0182575</coordinates></LinearRing></innerBoundaryIs>
          <innerBoundaryIs><LinearRing><coordinates>120.1220264,23.0275349 120.1220509,23.027604 120.122076,23.0276708 120.1220264,23.0275349</coordinates></LinearRing></innerBoundaryIs>
          <innerBoundaryIs><LinearRing><coordinates>120.1223449,23.027561 120.1223563,23.0275925 120.1223623,23.027608 120.1223787,23.0276498 120.1223914,23.0276813 120.1223449,23.027561</coordinates></LinearRing></innerBoundaryIs>
          <innerBoundaryIs><LinearRing><coordinates>120.122091,23.0277099 120.1221195,23.0277818 120.1221485,23.0278511 120.122091,23.0277099</coordinates></LinearRing></innerBoundaryIs>
        </Polygon>
      </MultiGeometry>
  </Placemark>
  <Placemark>
	<Style><LineStyle><color>ff0000ff</color></LineStyle><PolyStyle><fill>0</fill></PolyStyle></Style>
	<ExtendedData><SchemaData schemaUrl="#114SEC_DBTBLPD">
		<SimpleData name="段碼">1249</SimpleData>
		<SimpleData name="段名">四草段</SimpleData>
		<SimpleData name="行政區">安南區</SimpleData>
	</SchemaData></ExtendedData>
      <MultiGeometry>
        <Polygon>
          <outerBoundaryIs><LinearRing><coordinates>120.1381569,22.998114 120.1382332,22.9981317 120.1383067,22.9982062 120.1394011,23.0005614 120.1395177,23.0013949 120.1392831,23.0014545 120.1392673,23.0014583 120.139272,23.0014682 120.1392983,23.0016238 120.1394435,23.0028488 120.1395468,23.0037701 120.1395955,23.0041405 120.1397052,23.0044089 120.1397712,23.0049609 120.1397661,23.0049882 120.1397423,23.005028 120.1396857,23.005064 120.1396768,23.0053284 120.1400168,23.0053741 120.1400169,23.0053743 120.1397721,23.0058833 120.1397994,23.0059716 120.1398013,23.0060509 120.1397588,23.0061741 120.1397769,23.0064611 120.1398441,23.0065346 120.1397679,23.0068225 120.1394709,23.006827 120.1394706,23.0069655 120.1396228,23.0069409 120.1396229,23.006941 120.1395587,23.0073155 120.1393642,23.0077215 120.1391402,23.0080723 120.1389853,23.008351 120.1387778,23.0087662 120.1385687,23.0092058 120.1384361,23.0094359 120.1383337,23.0097332 120.1381837,23.0103529 120.1378402,23.0106515 120.1377371,23.0110527 120.1376255,23.01162 120.1368077,23.0116127 120.1366664,23.0117262 120.1370696,23.0117638 120.1376848,23.0118189 120.1377064,23.0128484 120.1377523,23.0139368 120.137103,23.0140003 120.1367983,23.0139606 120.1363123,23.0139746 120.1362278,23.0139268 120.1363759,23.0143782 120.1363758,23.0143783 120.136209,23.0143591 120.136074,23.0142643 120.1360465,23.0143203 120.1360014,23.0144101 120.1366212,23.0145413 120.137394,23.0146964 120.1374544,23.0148379 120.1373592,23.0150628 120.1372525,23.0153354 120.1369945,23.0156458 120.137731,23.016351 120.1378389,23.0160551 120.1384908,23.0141013 120.1381946,23.0131584 120.1382439,23.0120749 120.1383566,23.0114468 120.1389062,23.0108892 120.1390357,23.0106757 120.1390326,23.0104325 120.1391949,23.0099201 120.139655,23.0090146 120.1400482,23.0084871 120.1403782,23.0083293 120.1405633,23.0084348 120.1406605,23.0099618 120.143704,23.010794 120.1437399,23.0188921 120.1437407,23.0190381 120.1450844,23.0258021 120.1448443,23.02585 120.1460341,23.0320029 120.146034,23.032003 120.1457492,23.031895 120.1455964,23.0318412 120.1452428,23.0317272 120.1449759,23.0316508 120.1448186,23.0316095 120.1445737,23.0315507 120.1378808,23.0299934 120.1378728,23.0298428 120.1377697,23.0285708 120.1374929,23.0269731 120.137493,23.026973 120.1376411,23.0269538 120.137677,23.0268909 120.137262,23.0242893 120.1366956,23.0202725 120.1367236,23.0200725 120.1367685,23.0199251 120.1368015,23.0198306 120.136971,23.0195437 120.1363725,23.0197432 120.1355539,23.0199912 120.1355036,23.0200053 120.1355035,23.0200052 120.1357122,23.019799 120.1357783,23.0197437 120.135404,23.0198646 120.1354038,23.0198644 120.1354684,23.0196522 120.1352332,23.0196334 120.134828,23.0195003 120.1343486,23.0192448 120.1341896,23.0191082 120.1340124,23.0190329 120.1327274,23.0185509 120.1317659,23.0182062 120.1315946,23.0181583 120.1312693,23.0180722 120.1310435,23.0180526 120.130925,23.0180445 120.1306512,23.0179811 120.1302213,23.0179163 120.1294764,23.0177335 120.1292742,23.0177779 120.1291867,23.0176914 120.1292395,23.0175974 120.1292579,23.0175637 120.1290669,23.017375 120.1290542,23.0173633 120.1289144,23.017322 120.1287414,23.0171588 120.1287063,23.0171236 120.1286783,23.0170924 120.1286848,23.0170726 120.1283973,23.0168066 120.1283492,23.0167887 120.1283492,23.0167886 120.1283791,23.0167601 120.1267741,23.0151915 120.1267142,23.0151348 120.126651,23.0150728 120.1265697,23.0149928 120.1254891,23.0139295 120.1252022,23.0136654 120.1248297,23.0132806 120.1244379,23.0128951 120.1244379,23.012895 120.1247334,23.0126876 120.1244859,23.0123407 120.1244424,23.0121978 120.1243881,23.0120254 120.1239492,23.0115558 120.1239492,23.0115557 120.1241392,23.0114233 120.1237342,23.0109535 120.1236981,23.0109077 120.122572,23.0114545 120.1225719,23.0114544 120.1221974,23.0101081 120.1248395,23.0079895 120.1250227,23.0080514 120.1304512,23.0035818 120.1341136,23.000493 120.1357267,22.9993403 120.1381569,22.998114</coordinates></LinearRing></outerBoundaryIs>
          <innerBoundaryIs><LinearRing><coordinates>120.1364429,23.0003949 120.1364341,23.0004054 120.1363978,23.0004523 120.1363286,23.0005448 120.1364429,23.0003949</coordinates></LinearRing></innerBoundaryIs>
          <innerBoundaryIs><LinearRing><coordinates>120.135661,23.0017031 120.1356186,23.001806 120.1356108,23.0018252 120.1356616,23.0017032 120.135661,23.0017031</coordinates></LinearRing></innerBoundaryIs>
          <innerBoundaryIs><LinearRing><coordinates>120.1320147,23.0129968 120.1320134,23.01307 120.1320132,23.0130912 120.1320147,23.0129968</coordinates></LinearRing></innerBoundaryIs>
        </Polygon>
      </MultiGeometry>
  </Placemark>
  <Placemark>
	<Style><LineStyle><color>ff0000ff</color></LineStyle><PolyStyle><fill>0</fill></PolyStyle></Style>
	<ExtendedData><SchemaData schemaUrl="#114SEC_DBTBLPD">
		<SimpleData name="段碼">1250</SimpleData>
		<SimpleData name="段名">海南段</SimpleData>
		<SimpleData name="行政區">安南區</SimpleData>
	</SchemaData></ExtendedData>
      <MultiGeometry>
        <Polygon>
          <outerBoundaryIs><LinearRing><coordinates>120.1495355,23.0017615 120.1513266,23.002367 120.1513047,23.0024671 120.1514894,23.0026278 120.1524884,23.0029785 120.1533708,23.003415 120.1534328,23.0034779 120.1534374,23.0034444 120.1535605,23.0034393 120.1535714,23.0032831 120.1535715,23.003283 120.1541423,23.0034285 120.1541755,23.0034825 120.1542626,23.0036617 120.1544293,23.0038826 120.1547765,23.0040929 120.1551654,23.0043192 120.1551966,23.0045048 120.1553782,23.005009 120.155485,23.0052674 120.1555774,23.0053775 120.1562218,23.0056886 120.1573122,23.0060288 120.1573405,23.0060273 120.1573651,23.0055769 120.1573652,23.0055768 120.1575356,23.0056138 120.1577432,23.0056781 120.1584139,23.0057996 120.158454,23.0058231 120.1586958,23.0057298 120.1589951,23.0056505 120.159365,23.0056208 120.1597773,23.0056471 120.1600965,23.0056425 120.1604626,23.005473 120.1611996,23.0050704 120.1614189,23.0049369 120.162446,23.0042169 120.1624297,23.0041746 120.1627176,23.0039989 120.1627178,23.0039989 120.1627763,23.0041577 120.1630302,23.0040937 120.1630554,23.004153 120.163123,23.0041378 120.16309,23.0040026 120.1635788,23.0037075 120.1639616,23.0034623 120.164122,23.0034104 120.1641323,23.0034286 120.1643335,23.0033621 120.1644009,23.00336 120.1646392,23.003411 120.1646402,23.0033856 120.1646403,23.0033855 120.1649009,23.0034397 120.1650596,23.0034123 120.1651267,23.0034176 120.1653366,23.003557 120.1655934,23.0037029 120.1657673,23.0038564 120.1658703,23.0039115 120.1660814,23.0040137 120.1664154,23.0042521 120.1673627,23.0048188 120.1673237,23.0049482 120.1671383,23.0050304 120.1672514,23.0050888 120.167405,23.0050723 120.1675667,23.0049953 120.1678583,23.0051207 120.1681046,23.0052687 120.1685694,23.0055668 120.1684768,23.0057216 120.1694066,23.0061802 120.1735127,23.0082726 120.1734992,23.0081826 120.1735868,23.0081499 120.1743893,23.0085227 120.1744392,23.0086487 120.1748416,23.0088883 120.1748873,23.0089541 120.1749452,23.0089857 120.1750097,23.0088831 120.1757682,23.0092819 120.1764376,23.0096571 120.1763963,23.0097777 120.1772949,23.0102683 120.1776087,23.0102499 120.1783347,23.0107282 120.1809819,23.0124194 120.1819191,23.0130239 120.1819442,23.0129961 120.1827572,23.0134983 120.1827572,23.0134984 120.1823012,23.0139905 120.1733342,23.0236739 120.1732501,23.0237649 120.1733191,23.0238115 120.1733191,23.0238117 120.1721266,23.0251119 120.1694825,23.0279069 120.1677188,23.0298072 120.1660605,23.031611 120.1644674,23.0333948 120.1618753,23.0358733 120.1611229,23.0367907 120.1611227,23.0367907 120.1611138,23.0357622 120.1611118,23.0354163 120.1611097,23.0353004 120.1610872,23.0327203 120.1607763,23.0321566 120.1607365,23.0321614 120.1601513,23.0313145 120.1598988,23.0309965 120.1595336,23.0306812 120.1592175,23.030422 120.1587464,23.0300717 120.158456,23.0299158 120.1579795,23.0296784 120.1574309,23.0294373 120.1572579,23.0293965 120.1568294,23.0290283 120.1567493,23.0290709 120.1554886,23.0297593 120.1553022,23.0298609 120.154105,23.0305147 120.1527494,23.0312274 120.152692,23.031276 120.1525777,23.031448 120.1520707,23.0321724 120.1517346,23.0331247 120.1514486,23.035382 120.1514484,23.0353821 120.1478753,23.0329755 120.1476248,23.0328115 120.147489,23.0327273 120.1473516,23.0326452 120.1472128,23.0325654 120.1470724,23.0324879 120.1469306,23.0324126 120.1467874,23.0323396 120.1466428,23.032269 120.146497,23.0322007 120.1463499,23.0321348 120.1460344,23.0320031 120.1448446,23.0258501 120.1450846,23.0258022 120.1437409,23.0190383 120.143694,23.0108377 120.1436758,23.0078832 120.1437843,23.0076602 120.1431401,23.0053843 120.1428187,23.0039558 120.1428752,23.0037936 120.1429343,23.0038021 120.1428323,23.0033016 120.1428374,23.0032633 120.1428761,23.0032387 120.1468142,23.0038565 120.1475378,23.0040214 120.1483989,23.0042593 120.148962,23.0044639 120.148789,23.0041146 120.1495354,23.0017616 120.1495355,23.0017615</coordinates></LinearRing></outerBoundaryIs>
          <innerBoundaryIs><LinearRing><coordinates>120.1780109,23.0127615 120.1780806,23.0127892 120.1780495,23.0127765 120.1780109,23.0127615</coordinates></LinearRing></innerBoundaryIs>
          <innerBoundaryIs><LinearRing><coordinates>120.1781112,23.0128017 120.1782739,23.0128745 120.1781711,23.0128274 120.1781112,23.0128017</coordinates></LinearRing></innerBoundaryIs>
        </Polygon>
      </MultiGeometry>
  </Placemark>
  <Placemark>
	<Style><LineStyle><color>ff0000ff</color></LineStyle><PolyStyle><fill>0</fill></PolyStyle></Style>
	<ExtendedData><SchemaData schemaUrl="#114SEC_DBTBLPD">
		<SimpleData name="段碼">1251</SimpleData>
		<SimpleData name="段名">城中段</SimpleData>
		<SimpleData name="行政區">安南區</SimpleData>
	</SchemaData></ExtendedData>
      <MultiGeometry>
        <Polygon>
          <outerBoundaryIs><LinearRing><coordinates>120.1295134,23.0625023 120.1297613,23.062621 120.1297613,23.0626212 120.1297052,23.0626368 120.1295153,23.0629694 120.1295289,23.0630127 120.1299639,23.0632417 120.1306607,23.0634698 120.1308369,23.0644802 120.1307278,23.0650842 120.1306387,23.0651451 120.1292606,23.0650721 120.1292245,23.0651024 120.1291788,23.0660852 120.1291992,23.0666696 120.1291991,23.0666697 120.126171,23.0664556 120.1261709,23.0664555 120.1284754,23.0625464 120.128487,23.062551 120.128501,23.0625942 120.1288066,23.0627434 120.1288576,23.0626285 120.1288578,23.0626285 120.1288507,23.0627167 120.1288872,23.0627607 120.1289358,23.0627861 120.1293444,23.0628817 120.1295317,23.0625538 120.1295133,23.0625024 120.1295134,23.0625023</coordinates></LinearRing></outerBoundaryIs>
        </Polygon>
      </MultiGeometry>
  </Placemark>
  <Placemark>
	<Style><LineStyle><color>ff0000ff</color></LineStyle><PolyStyle><fill>0</fill></PolyStyle></Style>
	<ExtendedData><SchemaData schemaUrl="#114SEC_DBTBLPD">
		<SimpleData name="段碼">1252</SimpleData>
		<SimpleData name="段名">鎮安段</SimpleData>
		<SimpleData name="行政區">安南區</SimpleData>
	</SchemaData></ExtendedData>
      <MultiGeometry>
        <Polygon>
          <outerBoundaryIs><LinearRing><coordinates>120.2120903,23.0637912 120.2120904,23.0637913 120.2120992,23.0639718 120.2121052,23.0641328 120.2121102,23.0641841 120.2121547,23.0648853 120.2121757,23.065173 120.2121977,23.0654467 120.2121996,23.065477 120.2122052,23.0655376 120.2122448,23.0659876 120.2122441,23.0661607 120.2122327,23.066616 120.2121877,23.0668808 120.2120794,23.067497 120.2120575,23.0674939 120.2120188,23.0675512 120.2119851,23.0676656 120.2119306,23.0681119 120.2119661,23.0681414 120.2119621,23.0681644 120.2119226,23.0681672 120.2118767,23.0684304 120.2117534,23.0688739 120.2117532,23.068874 120.2117066,23.0688387 120.2117054,23.0688384 120.2117054,23.0688373 120.2116906,23.0688338 120.2116717,23.0688196 120.2116782,23.068791 120.2113932,23.0685518 120.2113781,23.0685693 120.2113779,23.0685693 120.211376,23.0685677 120.2113639,23.0685803 120.2112756,23.0686707 120.2110917,23.0689028 120.210945,23.0691029 120.2108392,23.069256 120.2107988,23.0692662 120.2107465,23.0692644 120.2106847,23.069245 120.2105033,23.0691349 120.2102379,23.0689389 120.2102011,23.0689073 120.210105,23.0688352 120.2099009,23.0687144 120.2098435,23.0686933 120.2096916,23.0686548 120.2096876,23.068655 120.2093832,23.0686432 120.2093228,23.0686339 120.2091487,23.0685377 120.2090943,23.0685202 120.2090184,23.0685208 120.2088562,23.0685334 120.2083713,23.0687346 120.2081794,23.0687976 120.2080897,23.0688221 120.2078957,23.0689198 120.2077605,23.069023 120.2077206,23.0690353 120.2076469,23.0690282 120.2076035,23.0690177 120.2073825,23.0688926 120.2073192,23.0688647 120.2072393,23.0688437 120.2071828,23.0688325 120.2070494,23.068785 120.2069809,23.0687435 120.2068179,23.0686165 120.2067757,23.0686205 120.2057042,23.0701477 120.205704,23.0701477 120.2053365,23.0698929 120.2050877,23.0696614 120.2049066,23.0694686 120.2045385,23.0693813 120.2043933,23.0692363 120.2043313,23.0691748 120.2042328,23.0691254 120.2042327,23.0691252 120.2042417,23.0691115 120.2040911,23.0689952 120.2040469,23.0690135 120.2040392,23.0690234 120.2039942,23.0689982 120.2038821,23.0689123 120.2038655,23.0689004 120.203695,23.0687469 120.203614,23.0686569 120.2035237,23.0685552 120.203443,23.0684405 120.2034059,23.068408 120.2033118,23.0683631 120.2032213,23.0683387 120.2031638,23.0683221 120.2030705,23.0683072 120.202966,23.06824 120.2028764,23.0681638 120.2027441,23.0680534 120.2026638,23.0680072 120.2026038,23.0679796 120.2025506,23.0679644 120.2025038,23.0679612 120.2024765,23.0679574 120.2024021,23.0679335 120.2021299,23.0678063 120.201615,23.068529 120.2015959,23.0685468 120.2009356,23.0694493 120.2003229,23.0702829 120.2002172,23.0704326 120.2001998,23.0704246 120.2001981,23.0704052 120.200194,23.0703992 120.2001403,23.0704029 120.2001193,23.0704683 120.1997837,23.0709096 120.1997056,23.0710451 120.199637,23.0712348 120.199534,23.0717306 120.1995373,23.0717852 120.1995372,23.0717853 120.1991277,23.0715201 120.1988349,23.0712826 120.1986804,23.0711503 120.1985743,23.0710603 120.1982217,23.0707593 120.1981098,23.0706653 120.1980218,23.0705909 120.1979849,23.0705603 120.1979247,23.0705124 120.1973688,23.0700651 120.1967549,23.0695685 120.1966189,23.0694613 120.1964824,23.069354 120.1963435,23.0692377 120.1962641,23.0691748 120.1954503,23.0688078 120.1948533,23.0685383 120.1944777,23.0683081 120.194374,23.0682901 120.1943497,23.0682878 120.1936601,23.0682567 120.1934606,23.0682476 120.1929841,23.0682422 120.1929393,23.0682334 120.1928555,23.0682186 120.1925336,23.066833 120.1924742,23.0665827 120.1923927,23.0662262 120.1924042,23.0661895 120.1924438,23.0660773 120.1924615,23.0660344 120.1924599,23.065983 120.193113,23.0650075 120.1931408,23.0650069 120.1945318,23.0658432 120.1946207,23.06572 120.1946113,23.0657069 120.1946327,23.0656757 120.1946329,23.0656757 120.1947463,23.0658354 120.194782,23.0658853 120.1949987,23.0661332 120.1950209,23.0661728 120.1950353,23.0661855 120.1951652,23.0663116 120.1951587,23.066358 120.195136,23.0665169 120.1951714,23.0667025 120.1952241,23.0669724 120.195324,23.0672172 120.1955978,23.0673442 120.1956058,23.0673666 120.1956616,23.067401 120.1956561,23.0674922 120.1957265,23.0676285 120.1957696,23.0677058 120.1958204,23.0677625 120.1958745,23.0678227 120.195882,23.0678313 120.1959604,23.0679597 120.1960047,23.0680032 120.1961201,23.0680595 120.1962377,23.0680768 120.196318,23.0680235 120.1963488,23.0679968 120.1963863,23.0679584 120.1964147,23.0679259 120.1964826,23.0678599 120.1965034,23.067866 120.1965939,23.0677608 120.1965941,23.0677608 120.1966272,23.0678073 120.19665,23.0678301 120.1966825,23.0678647 120.1967065,23.0678276 120.1968271,23.067623 120.1968272,23.067623 120.196842,23.0676316 120.1968749,23.0675886 120.1968751,23.0675886 120.1969123,23.0676302 120.2007932,23.0665787 120.2049677,23.0654471 120.2060719,23.0651642 120.20663,23.0650219 120.2106936,23.0638945 120.2120903,23.0637912</coordinates></LinearRing></outerBoundaryIs>
          <innerBoundaryIs><LinearRing><coordinates>120.2089024,23.065537 120.208101,23.0666759 120.2080513,23.0667467 120.2080515,23.0667468 120.2088978,23.0655441 120.2089024,23.065537</coordinates></LinearRing></innerBoundaryIs>
        </Polygon>
      </MultiGeometry>
  </Placemark>
  <Placemark>
	<Style><LineStyle><color>ff0000ff</color></LineStyle><PolyStyle><fill>0</fill></PolyStyle></Style>
	<ExtendedData><SchemaData schemaUrl="#114SEC_DBTBLPD">
		<SimpleData name="段碼">1253</SimpleData>
		<SimpleData name="段名">布袋段</SimpleData>
		<SimpleData name="行政區">安南區</SimpleData>
	</SchemaData></ExtendedData>
      <MultiGeometry>
        <Polygon>
          <outerBoundaryIs><LinearRing><coordinates>120.2084822,23.0573239 120.2084823,23.057324 120.2084847,23.0574129 120.208544,23.0576156 120.208594,23.0577446 120.2086957,23.0578903 120.208785,23.0579875 120.2088351,23.0580251 120.208827,23.0580638 120.2091108,23.058178 120.2092831,23.058224 120.2094642,23.0582734 120.2096055,23.0583186 120.2097606,23.058387 120.2099296,23.0584949 120.2101702,23.0586667 120.2104187,23.0588528 120.2106491,23.0590267 120.2113312,23.0595359 120.2113286,23.059503 120.2113288,23.059503 120.211456,23.0596193 120.211531,23.0597283 120.2115701,23.0598959 120.2116998,23.0606626 120.2118761,23.0617144 120.2119159,23.0619664 120.2119665,23.0625709 120.211976,23.062867 120.2119921,23.0630743 120.2120524,23.0634131 120.212082,23.0635803 120.2120852,23.0636531 120.2120904,23.0637912 120.2119498,23.0638017 120.2106936,23.0638946 120.2066301,23.065022 120.206072,23.0651643 120.2049677,23.0654472 120.2019879,23.066255 120.2007865,23.0665804 120.2004328,23.0661532 120.2001969,23.0658316 120.1997542,23.0651626 120.1997381,23.0651361 120.1990432,23.0637982 120.1988263,23.0633808 120.1990916,23.0627909 120.1992733,23.0623975 120.1995257,23.0618638 120.1998549,23.061134 120.2003307,23.0600482 120.2004072,23.0598722 120.2004194,23.0598445 120.2006405,23.0593619 120.2011173,23.0592349 120.2021155,23.0589717 120.2021588,23.0589649 120.2025555,23.0589015 120.2044982,23.0583773 120.2045306,23.0583681 120.2061068,23.0579533 120.2069153,23.05774 120.2077561,23.0575188 120.2082121,23.0573977 120.2084822,23.0573239</coordinates></LinearRing></outerBoundaryIs>
          <innerBoundaryIs><LinearRing><coordinates>120.2085526,23.0581651 120.2085691,23.0581804 120.2085922,23.0582008 120.2086049,23.0582117 120.2085526,23.0581651</coordinates></LinearRing></innerBoundaryIs>
          <innerBoundaryIs><LinearRing><coordinates>120.2068665,23.063619 120.2067313,23.0638214 120.2067321,23.0638218 120.2068665,23.063619</coordinates></LinearRing></innerBoundaryIs>
        </Polygon>
      </MultiGeometry>
  </Placemark>
  <Placemark>
	<Style><LineStyle><color>ff0000ff</color></LineStyle><PolyStyle><fill>0</fill></PolyStyle></Style>
	<ExtendedData><SchemaData schemaUrl="#114SEC_DBTBLPD">
		<SimpleData name="段碼">1254</SimpleData>
		<SimpleData name="段名">長安段</SimpleData>
		<SimpleData name="行政區">安南區</SimpleData>
	</SchemaData></ExtendedData>
      <MultiGeometry>
        <Polygon>
          <outerBoundaryIs><LinearRing><coordinates>120.2006405,23.0593618 120.2006406,23.059362 120.2006112,23.0594261 120.2004194,23.0598446 120.2004072,23.0598722 120.2003308,23.0600482 120.199855,23.061134 120.1995257,23.0618639 120.1992733,23.0623975 120.1990916,23.062791 120.1988264,23.0633809 120.1990433,23.0637981 120.1997381,23.065136 120.1997542,23.0651625 120.2001969,23.0658315 120.2004328,23.0661531 120.2007824,23.0665753 120.2007865,23.0665803 120.2007865,23.0665805 120.2000466,23.0667811 120.1999647,23.0668032 120.1998062,23.0668462 120.1991185,23.0670326 120.1988995,23.0670918 120.1979423,23.0673512 120.1972085,23.06755 120.1970336,23.0675971 120.1969865,23.0676101 120.1969122,23.0676303 120.1968748,23.0675887 120.1968419,23.0676317 120.196827,23.0676231 120.1967065,23.0678277 120.1966825,23.0678648 120.1966823,23.0678648 120.1966497,23.0678301 120.1966269,23.0678073 120.1965938,23.0677609 120.1965034,23.0678661 120.1964826,23.06786 120.1964147,23.067926 120.1963863,23.0679584 120.1963488,23.0679969 120.196318,23.0680236 120.1962376,23.0680769 120.1961198,23.0680596 120.1960044,23.0680033 120.1959601,23.0679598 120.1958817,23.0678313 120.1958727,23.0678212 120.1957693,23.0677058 120.1957261,23.0676285 120.1956557,23.0674922 120.1956613,23.067401 120.1956055,23.0673667 120.1955975,23.0673443 120.1953237,23.0672172 120.1952237,23.0669723 120.1951711,23.0667024 120.1951357,23.0665169 120.1951649,23.0663116 120.195035,23.0661855 120.1950205,23.0661728 120.1949984,23.0661332 120.1947817,23.0658853 120.194746,23.0658354 120.1946326,23.0656758 120.1946114,23.0657069 120.1946207,23.06572 120.1945441,23.0658263 120.1945316,23.0658433 120.1933008,23.0651034 120.1931405,23.0650068 120.1936231,23.0642686 120.193644,23.0642378 120.194164,23.0634291 120.1941905,23.0633984 120.1944164,23.0630641 120.1953347,23.0617203 120.1964835,23.0600999 120.1964874,23.0600163 120.196486,23.0599304 120.1982623,23.0597649 120.1989178,23.0597007 120.1990571,23.0596907 120.1995756,23.0595941 120.1998832,23.0595222 120.2002159,23.0594433 120.2002161,23.0594434 120.200216,23.059446 120.2005064,23.0593874 120.2005659,23.0593701 120.2006405,23.0593618</coordinates></LinearRing></outerBoundaryIs>
        </Polygon>
      </MultiGeometry>
  </Placemark>
  <Placemark>
	<Style><LineStyle><color>ff0000ff</color></LineStyle><PolyStyle><fill>0</fill></PolyStyle></Style>
	<ExtendedData><SchemaData schemaUrl="#114SEC_DBTBLPD">
		<SimpleData name="段碼">1255</SimpleData>
		<SimpleData name="段名">總頭段</SimpleData>
		<SimpleData name="行政區">安南區</SimpleData>
	</SchemaData></ExtendedData>
      <MultiGeometry>
        <Polygon>
          <outerBoundaryIs><LinearRing><coordinates>120.2074392,23.0528776 120.2076427,23.0529069 120.2079689,23.0529394 120.2081023,23.0529572 120.2083458,23.0529642 120.2087063,23.052975 120.2090923,23.0530079 120.2092577,23.053038 120.2095305,23.0531904 120.209533,23.0531997 120.2095606,23.0532633 120.2095744,23.0532969 120.2095587,23.0533582 120.2093029,23.0542694 120.2090962,23.0550048 120.208948,23.0555452 120.2088281,23.0559723 120.2087246,23.0563624 120.2087199,23.056385 120.2086762,23.0565471 120.2085637,23.0568788 120.2085128,23.0570373 120.2084935,23.0571207 120.2084821,23.057324 120.2082121,23.0573978 120.207756,23.0575188 120.2069152,23.0577401 120.2061067,23.0579533 120.2045306,23.0583682 120.2044981,23.0583774 120.2025554,23.0589016 120.2021588,23.0589649 120.2021154,23.0589718 120.201147,23.0592271 120.2006405,23.0593619 120.2006404,23.0593618 120.2006501,23.0593359 120.2010383,23.0584646 120.2012888,23.0579152 120.2014913,23.0573998 120.2015889,23.0571395 120.2016668,23.0569849 120.2018025,23.0568482 120.2018533,23.0567963 120.2018744,23.0567294 120.2018776,23.0566654 120.2019331,23.0565166 120.202024,23.0563566 120.2021102,23.0561218 120.2021326,23.0560641 120.2021724,23.0558802 120.2021677,23.0557469 120.2021681,23.0557292 120.2021908,23.055412 120.2022225,23.0551909 120.2022292,23.0551617 120.2022841,23.0549048 120.2023464,23.0544363 120.2023066,23.0541483 120.2023045,23.0541312 120.2023046,23.0541311 120.2023687,23.0541353 120.2027547,23.0540922 120.2029863,23.054101 120.2034881,23.0541079 120.2037008,23.0540872 120.2039058,23.0540449 120.2041291,23.0540121 120.2042235,23.0540054 120.2044661,23.0539799 120.2047125,23.0539416 120.2048474,23.0538982 120.2049182,23.0538731 120.2050142,23.0538357 120.2050676,23.0538106 120.2051369,23.0537593 120.2051469,23.0537326 120.2051806,23.0537295 120.2052396,23.0536899 120.2053191,23.0536354 120.205652,23.0535168 120.2058272,23.0534319 120.2058307,23.0534204 120.205837,23.053404 120.2058586,23.0534011 120.205938,23.0533822 120.206052,23.0533749 120.2064053,23.0535078 120.2065388,23.0535298 120.2067458,23.0535053 120.2070334,23.0535247 120.2071154,23.0534937 120.207173,23.0534276 120.2071826,23.0533796 120.2072364,23.0532353 120.2073049,23.0531009 120.2073476,23.0529031 120.2073708,23.0528805 120.2074392,23.0528776</coordinates></LinearRing></outerBoundaryIs>
        </Polygon>
      </MultiGeometry>
  </Placemark>
  <Placemark>
	<Style><LineStyle><color>ff0000ff</color></LineStyle><PolyStyle><fill>0</fill></PolyStyle></Style>
	<ExtendedData><SchemaData schemaUrl="#114SEC_DBTBLPD">
		<SimpleData name="段碼">1256</SimpleData>
		<SimpleData name="段名">原佃段</SimpleData>
		<SimpleData name="行政區">安南區</SimpleData>
	</SchemaData></ExtendedData>
      <MultiGeometry>
        <Polygon>
          <outerBoundaryIs><LinearRing><coordinates>120.1987403,23.0476692 120.1990246,23.0477166 120.1989861,23.0476818 120.1989862,23.0476816 120.1994824,23.0477684 120.2001216,23.0478414 120.2012021,23.0480066 120.2012456,23.0479901 120.2013036,23.0479941 120.2013379,23.0480753 120.2013932,23.0483286 120.2014363,23.0487017 120.2014381,23.0487207 120.2015008,23.0491213 120.2015593,23.0496621 120.2015616,23.0496898 120.2015679,23.0497756 120.2015962,23.0501495 120.2016729,23.0510201 120.2016931,23.0510143 120.2017357,23.0510538 120.2023229,23.0511031 120.2024667,23.0511628 120.202551,23.0512163 120.2025853,23.0512756 120.2026499,23.0512866 120.2027795,23.0512671 120.2027796,23.0512673 120.2027656,23.0513068 120.202488,23.0523001 120.2023839,23.0528915 120.2022716,23.0534559 120.202264,23.0535393 120.2022563,23.0535959 120.2022539,23.053757 120.2023046,23.0541311 120.202304,23.054145 120.2023398,23.0543877 120.2023465,23.0544363 120.2022841,23.0549048 120.2022292,23.0551618 120.2022225,23.0551909 120.2021909,23.055412 120.2021681,23.0557291 120.2021677,23.0557468 120.2021725,23.0558802 120.2021327,23.0560641 120.2021103,23.0561219 120.2020241,23.0563567 120.2019332,23.0565167 120.2018777,23.0566655 120.2018745,23.0567294 120.2018534,23.0567964 120.2018025,23.0568483 120.2016668,23.056985 120.2015889,23.0571395 120.2014914,23.0573998 120.2012889,23.0579153 120.2010384,23.0584646 120.2006502,23.059336 120.2006404,23.0593619 120.2005659,23.0593702 120.2005064,23.0593875 120.2002158,23.0594461 120.2002157,23.059446 120.2002158,23.0594434 120.1998832,23.0595222 120.1995755,23.0595942 120.1990571,23.0596908 120.1964859,23.0599305 120.1964858,23.0599304 120.1964864,23.0598965 120.1964994,23.0591645 120.1964903,23.0589626 120.1965046,23.0587281 120.1965078,23.0581288 120.1965034,23.057667 120.1965177,23.0576029 120.1965496,23.0575738 120.1965461,23.0575326 120.1965238,23.057533 120.1965051,23.0574919 120.1965186,23.0574107 120.1965204,23.0568311 120.1965173,23.0565781 120.1965016,23.0562297 120.1964753,23.0560093 120.1964562,23.055406 120.1966291,23.0549326 120.1966877,23.0548173 120.1969263,23.0544716 120.1970597,23.0539821 120.1970599,23.0539821 120.1970767,23.054003 120.1971077,23.0538585 120.1970671,23.0538245 120.1970663,23.0538282 120.1970661,23.0538282 120.1970212,23.0538127 120.1969549,23.0537217 120.1969217,23.0536992 120.1965812,23.0534422 120.1956987,23.0527582 120.1955218,23.0526857 120.1955067,23.0525192 120.1955007,23.0524602 120.1954973,23.0524164 120.1954767,23.0522222 120.1954711,23.0521985 120.1954402,23.0520408 120.1954287,23.0519704 120.1953475,23.0514023 120.1953028,23.0511522 120.1952923,23.0510407 120.1952933,23.0508919 120.1953261,23.0505612 120.1953376,23.0504428 120.1953319,23.0503631 120.1953046,23.0502128 120.1952363,23.0495712 120.1952215,23.0495002 120.1951305,23.0491381 120.1951437,23.0490258 120.1951376,23.0489509 120.1951377,23.0489508 120.1959754,23.0493537 120.196018,23.0493568 120.1960888,23.0493148 120.1964839,23.0490692 120.1965033,23.049044 120.1965604,23.0490641 120.1965643,23.049111 120.1968924,23.0494607 120.1970817,23.0496725 120.1971426,23.0497027 120.1972531,23.049696 120.1975246,23.0495813 120.1977958,23.0494756 120.1979655,23.0494105 120.1979876,23.0494012 120.1983859,23.0492265 120.1984702,23.0492059 120.1985195,23.0490474 120.1985476,23.0488105 120.1985926,23.0483546 120.1986372,23.0483408 120.198649,23.0480061 120.1986771,23.0479022 120.1987403,23.0476692</coordinates></LinearRing></outerBoundaryIs>
        </Polygon>
      </MultiGeometry>
  </Placemark>
  <Placemark>
	<Style><LineStyle><color>ff0000ff</color></LineStyle><PolyStyle><fill>0</fill></PolyStyle></Style>
	<ExtendedData><SchemaData schemaUrl="#114SEC_DBTBLPD">
		<SimpleData name="段碼">1257</SimpleData>
		<SimpleData name="段名">長溪段</SimpleData>
		<SimpleData name="行政區">安南區</SimpleData>
	</SchemaData></ExtendedData>
      <MultiGeometry>
        <Polygon>
          <outerBoundaryIs><LinearRing><coordinates>120.2038984,23.0430274 120.2039446,23.0430715 120.2039624,23.0431087 120.203973,23.043118 120.2039923,23.0431172 120.2047148,23.0436334 120.2052525,23.0440172 120.2053498,23.0440868 120.2080023,23.0459807 120.2101536,23.0475163 120.2111706,23.0482427 120.2111706,23.0482428 120.2110252,23.0483069 120.2108507,23.0483565 120.2108169,23.0483664 120.2107933,23.0483961 120.2107097,23.0484624 120.2102924,23.0489782 120.210233,23.0490984 120.2100416,23.0496282 120.2099417,23.0500728 120.2099227,23.050289 120.2099036,23.0502969 120.209894,23.0514762 120.2098699,23.0517377 120.2098343,23.0520453 120.2097208,23.0526841 120.2095606,23.0532633 120.2095604,23.0532633 120.2095304,23.0531905 120.2092576,23.0530381 120.2090923,23.053008 120.2087063,23.0529751 120.2083458,23.0529643 120.2081023,23.0529573 120.2079689,23.0529395 120.2076426,23.052907 120.2074392,23.0528777 120.2073708,23.0528806 120.2073478,23.052903 120.2073051,23.0531008 120.2072365,23.0532353 120.2071828,23.0533796 120.2071732,23.0534276 120.2071155,23.0534937 120.2070334,23.0535248 120.2067458,23.0535054 120.2065388,23.0535299 120.2064052,23.0535079 120.206052,23.053375 120.205938,23.0533823 120.2058586,23.0534012 120.2058371,23.0534041 120.2058309,23.0534204 120.2058274,23.0534319 120.2056521,23.0535169 120.2053191,23.0536355 120.2052397,23.05369 120.2051807,23.0537296 120.2051469,23.0537327 120.205137,23.0537593 120.2050677,23.0538107 120.2050143,23.0538358 120.2049182,23.0538732 120.2048474,23.0538983 120.2047125,23.0539417 120.2044662,23.05398 120.2042235,23.0540055 120.2041291,23.0540122 120.2039059,23.054045 120.2037008,23.0540873 120.2034881,23.054108 120.2029863,23.0541011 120.2027547,23.0540923 120.2023687,23.0541354 120.2023045,23.0541311 120.2022538,23.053757 120.2022562,23.0535958 120.2022639,23.0535392 120.2022715,23.0534558 120.2023838,23.0528914 120.2024879,23.0523 120.2027655,23.0513067 120.2027795,23.0512671 120.2028946,23.0506724 120.2029854,23.050191 120.2029941,23.0501602 120.2030581,23.0497352 120.2031012,23.0494557 120.2031605,23.0491094 120.2032786,23.0484 120.2033998,23.0476044 120.2034732,23.0471281 120.2035532,23.046624 120.2036113,23.0462153 120.2037082,23.0454477 120.2037408,23.0450428 120.2037577,23.0448429 120.2037881,23.0445207 120.2038188,23.0442166 120.2038437,23.0439422 120.2038536,23.0437504 120.2038795,23.0434332 120.2038983,23.0430274 120.2038984,23.0430274</coordinates></LinearRing></outerBoundaryIs>
        </Polygon>
      </MultiGeometry>
  </Placemark>
  <Placemark>
	<Style><LineStyle><color>ff0000ff</color></LineStyle><PolyStyle><fill>0</fill></PolyStyle></Style>
	<ExtendedData><SchemaData schemaUrl="#114SEC_DBTBLPD">
		<SimpleData name="段碼">1258</SimpleData>
		<SimpleData name="段名">怡北段</SimpleData>
		<SimpleData name="行政區">安南區</SimpleData>
	</SchemaData></ExtendedData>
      <MultiGeometry>
        <Polygon>
          <outerBoundaryIs><LinearRing><coordinates>120.2123787,23.0406817 120.2123369,23.0408777 120.212202,23.0414828 120.2120948,23.0417543 120.2117372,23.0423739 120.2116831,23.0424623 120.2113583,23.0436093 120.2112679,23.0440205 120.2112722,23.0440461 120.2112864,23.0440993 120.211401,23.0446043 120.21175,23.0454686 120.2118186,23.0455689 120.2118487,23.045682 120.2119888,23.0461942 120.2120442,23.046431 120.2120558,23.0466343 120.2120414,23.0471474 120.211906,23.0475214 120.2116921,23.0478219 120.2114386,23.0480765 120.2112106,23.0482293 120.211152,23.0482297 120.2108799,23.0480352 120.207208,23.0454138 120.206773,23.045103 120.2065412,23.0449377 120.2052524,23.0440173 120.2047147,23.0436335 120.2039922,23.0431173 120.2039729,23.0431182 120.2039622,23.0431088 120.2039444,23.0430716 120.2038983,23.0430274 120.2039043,23.0429547 120.203934,23.0428742 120.2039605,23.0427572 120.2039633,23.0426438 120.2054074,23.042307 120.2099308,23.0412525 120.2103852,23.0411465 120.2107047,23.0410713 120.2107826,23.0410538 120.2108059,23.0410484 120.2123787,23.0406817</coordinates></LinearRing></outerBoundaryIs>
          <innerBoundaryIs><LinearRing><coordinates>120.211767,23.0464199 120.2117994,23.0465227 120.2117972,23.0465073 120.211767,23.0464199</coordinates></LinearRing></innerBoundaryIs>
        </Polygon>
      </MultiGeometry>
  </Placemark>
  <Placemark>
	<Style><LineStyle><color>ff0000ff</color></LineStyle><PolyStyle><fill>0</fill></PolyStyle></Style>
	<ExtendedData><SchemaData schemaUrl="#114SEC_DBTBLPD">
		<SimpleData name="段碼">1259</SimpleData>
		<SimpleData name="段名">怡中段</SimpleData>
		<SimpleData name="行政區">安南區</SimpleData>
	</SchemaData></ExtendedData>
      <MultiGeometry>
        <Polygon>
          <outerBoundaryIs><LinearRing><coordinates>120.202434,23.0388896 120.202485,23.0390747 120.2024993,23.0391255 120.2025646,23.0393663 120.2025818,23.0394281 120.2026802,23.0398199 120.202875,23.040586 120.2029042,23.040704 120.2029591,23.0409026 120.2029969,23.0410323 120.2031082,23.0415024 120.203121,23.0415618 120.2031314,23.0416085 120.2031703,23.0417871 120.203271,23.0421347 120.2032758,23.0421602 120.2034348,23.0425759 120.2034603,23.0426403 120.2035103,23.042708 120.2035344,23.0427422 120.2038951,23.0426597 120.2039592,23.0426434 120.2039593,23.0426435 120.2039606,23.0427572 120.2039341,23.0428743 120.2039043,23.0429548 120.2038983,23.0430274 120.2038796,23.0434331 120.2038536,23.0437504 120.2038437,23.0439422 120.2038189,23.0442165 120.2037882,23.0445207 120.2037577,23.0448429 120.2037408,23.0450428 120.2037082,23.0454477 120.2036114,23.0462153 120.2035533,23.046624 120.2034732,23.0471281 120.2033999,23.0476044 120.2032787,23.0484 120.2031605,23.0491094 120.2031012,23.0494557 120.2030582,23.0497351 120.2029941,23.0501601 120.2029854,23.050191 120.2028946,23.0506724 120.2027795,23.0512672 120.2026499,23.0512867 120.2025852,23.0512757 120.2025509,23.0512164 120.2024666,23.0511629 120.2023229,23.0511032 120.2017356,23.0510539 120.2016929,23.0510143 120.2016728,23.0510202 120.2016727,23.0510201 120.201596,23.0501494 120.2015676,23.0497755 120.2015614,23.0496898 120.201559,23.049662 120.2015006,23.0491212 120.2014378,23.0487207 120.2014361,23.0487016 120.2013929,23.0483285 120.2013376,23.0480752 120.2013034,23.0479941 120.2012455,23.0479902 120.2012021,23.0480067 120.2001215,23.0478415 120.1994823,23.0477685 120.1989864,23.0476818 120.1990249,23.0477166 120.1990248,23.0477168 120.1987403,23.0476693 120.1986492,23.048006 120.1986374,23.0483408 120.1985928,23.0483546 120.1985477,23.0488104 120.1985197,23.0490473 120.1984703,23.0492059 120.198386,23.0492266 120.1979876,23.0494013 120.1979656,23.0494106 120.1977958,23.0494756 120.1975246,23.0495814 120.1972531,23.0496961 120.1971424,23.0497028 120.1970815,23.0496725 120.1965641,23.049111 120.1965602,23.0490642 120.1965033,23.0490441 120.1964839,23.0490692 120.1960889,23.0493149 120.1960181,23.0493569 120.1959752,23.0493538 120.1951376,23.0489508 120.1951223,23.0489421 120.1948253,23.0487865 120.1944724,23.0486297 120.1940821,23.0485197 120.1937335,23.0483498 120.1936219,23.048278 120.1934041,23.0481463 120.193381,23.0481685 120.1932112,23.0480555 120.193094,23.0479244 120.1931144,23.0479028 120.1928517,23.0476264 120.1925831,23.0473475 120.1920352,23.046795 120.1917635,23.0465296 120.191488,23.0462636 120.1908768,23.0456774 120.1908768,23.0456773 120.1909032,23.04567 120.1908643,23.0456301 120.1908341,23.0455977 120.1908088,23.0455755 120.1908088,23.0455754 120.1911998,23.0454918 120.1935668,23.0441008 120.1943726,23.0436274 120.1952616,23.0431221 120.1953586,23.0430684 120.1954701,23.0430042 120.1954547,23.042992 120.1954547,23.0429918 120.1968789,23.0421551 120.1976243,23.041744 120.1981733,23.0414112 120.1984317,23.0412543 120.1985506,23.0411846 120.1985894,23.0411622 120.198658,23.0411172 120.1990373,23.0408871 120.1991627,23.0408135 120.1991894,23.0407982 120.1992026,23.0407901 120.1992281,23.0407753 120.1992426,23.0407666 120.2009553,23.03976 120.2011797,23.0396273 120.2015764,23.0393947 120.202273,23.0389847 120.2022732,23.038985 120.2022735,23.0389844 120.2023807,23.0389213 120.202434,23.0388896</coordinates></LinearRing></outerBoundaryIs>
          <innerBoundaryIs><LinearRing><coordinates>120.1964671,23.042637 120.1964562,23.0426379 120.1964676,23.0426371 120.1964671,23.042637</coordinates></LinearRing></innerBoundaryIs>
        </Polygon>
      </MultiGeometry>
  </Placemark>
  <Placemark>
	<Style><LineStyle><color>ff0000ff</color></LineStyle><PolyStyle><fill>0</fill></PolyStyle></Style>
	<ExtendedData><SchemaData schemaUrl="#114SEC_DBTBLPD">
		<SimpleData name="段碼">1260</SimpleData>
		<SimpleData name="段名">安北段</SimpleData>
		<SimpleData name="行政區">安南區</SimpleData>
	</SchemaData></ExtendedData>
      <MultiGeometry>
        <Polygon>
          <outerBoundaryIs><LinearRing><coordinates>120.1908088,23.0455754 120.1908342,23.0455975 120.1908644,23.0456299 120.1909035,23.04567 120.1909034,23.0456701 120.190877,23.0456774 120.1914881,23.0462634 120.1917636,23.0465295 120.1920354,23.0467948 120.1925832,23.0473474 120.1928518,23.0476262 120.1931146,23.0479027 120.1930942,23.0479244 120.1932113,23.0480554 120.193381,23.0481683 120.1934041,23.0481461 120.193622,23.0482778 120.1937336,23.0483496 120.1940822,23.0485195 120.1944724,23.0486295 120.1948254,23.0487864 120.1951224,23.0489419 120.1951376,23.0489507 120.1951438,23.0490257 120.1951306,23.049138 120.1952217,23.0495001 120.1952365,23.0495711 120.1953048,23.0502126 120.1953321,23.050363 120.1953377,23.0504427 120.1953262,23.0505611 120.1952934,23.0508918 120.1952924,23.0510405 120.1953029,23.0511521 120.1953477,23.0514022 120.1954288,23.0519702 120.1954404,23.0520406 120.1954712,23.0521984 120.1954769,23.0522221 120.1954975,23.0524163 120.1955008,23.05246 120.1955068,23.052519 120.1955219,23.0526855 120.1956988,23.0527579 120.1965812,23.053442 120.1969217,23.053699 120.1969217,23.0536992 120.1968444,23.0537007 120.1962055,23.0537788 120.1957963,23.0538453 120.1955847,23.0538679 120.195455,23.0538796 120.1949964,23.0538915 120.1949942,23.0538965 120.1942108,23.0536918 120.1941226,23.0537431 120.1933335,23.054128 120.1929275,23.05429 120.1929131,23.0542956 120.1925722,23.0544653 120.1920306,23.0547244 120.1915867,23.0549288 120.1914276,23.0550413 120.1905679,23.0554577 120.1905226,23.0554785 120.1904735,23.0555023 120.1902437,23.0555715 120.1902436,23.0555714 120.1902423,23.0555652 120.1886839,23.0479717 120.188636,23.0477387 120.1886046,23.0475873 120.1883404,23.0463282 120.1883248,23.0463188 120.1883609,23.0462514 120.1883259,23.0462587 120.1883258,23.0462587 120.1883075,23.0461714 120.1882241,23.0461895 120.188224,23.0461894 120.188263,23.0461193 120.1908088,23.0455754</coordinates></LinearRing></outerBoundaryIs>
        </Polygon>
      </MultiGeometry>
  </Placemark>
  <Placemark>
	<Style><LineStyle><color>ff0000ff</color></LineStyle><PolyStyle><fill>0</fill></PolyStyle></Style>
	<ExtendedData><SchemaData schemaUrl="#114SEC_DBTBLPD">
		<SimpleData name="段碼">1261</SimpleData>
		<SimpleData name="段名">溪心段</SimpleData>
		<SimpleData name="行政區">安南區</SimpleData>
	</SchemaData></ExtendedData>
      <MultiGeometry>
        <Polygon>
          <outerBoundaryIs><LinearRing><coordinates>120.1782733,23.0536023 120.1783467,23.0536138 120.178385,23.0536369 120.1786732,23.0538128 120.1789227,23.0539573 120.1792949,23.0541748 120.1800277,23.0543754 120.18004,23.0543612 120.180053,23.0543454 120.1803304,23.0544094 120.1804285,23.0544322 120.1810642,23.0545984 120.1816189,23.0547638 120.1823578,23.0549564 120.1829662,23.0551065 120.183117,23.0551403 120.1833483,23.0551891 120.1837195,23.0552886 120.1840387,23.0553751 120.1851479,23.0556713 120.1854729,23.0557888 120.186303,23.0561231 120.1867824,23.0563008 120.1873355,23.0563391 120.1877313,23.056322 120.1879511,23.0562466 120.1879873,23.0562358 120.1879809,23.056227 120.187981,23.0562269 120.1880129,23.0562187 120.188019,23.0562347 120.188656,23.0560414 120.189314,23.0558452 120.1902437,23.0555713 120.1902439,23.0555714 120.1911303,23.0599143 120.1910705,23.0599858 120.1896258,23.0600783 120.1795398,23.0607243 120.1763924,23.0609252 120.1763923,23.0609251 120.1763957,23.0608799 120.176344,23.060871 120.1764118,23.0600328 120.1764206,23.0597589 120.1764818,23.0590637 120.1765731,23.0578005 120.1768326,23.05673 120.1768175,23.0567004 120.1772865,23.054902 120.1773939,23.0546668 120.1775645,23.0544277 120.1782733,23.0536023</coordinates></LinearRing></outerBoundaryIs>
        </Polygon>
      </MultiGeometry>
  </Placemark>
  <Placemark>
	<Style><LineStyle><color>ff0000ff</color></LineStyle><PolyStyle><fill>0</fill></PolyStyle></Style>
	<ExtendedData><SchemaData schemaUrl="#114SEC_DBTBLPD">
		<SimpleData name="段碼">1262</SimpleData>
		<SimpleData name="段名">十字段</SimpleData>
		<SimpleData name="行政區">安南區</SimpleData>
	</SchemaData></ExtendedData>
      <MultiGeometry>
        <Polygon>
          <outerBoundaryIs><LinearRing><coordinates>120.1883075,23.0461712 120.1883076,23.0461713 120.1883259,23.0462585 120.188361,23.0462512 120.1883611,23.0462513 120.1883249,23.0463188 120.1883405,23.0463282 120.1886047,23.0475872 120.1886361,23.0477386 120.188684,23.0479717 120.1902246,23.0554778 120.1902425,23.0555652 120.1902436,23.0555715 120.189314,23.0558453 120.188656,23.0560416 120.1880185,23.0562263 120.1880129,23.0562189 120.1879811,23.056227 120.1879875,23.0562358 120.1879875,23.0562359 120.1879511,23.0562468 120.1877313,23.0563222 120.1873354,23.0563393 120.1867824,23.056301 120.1863029,23.0561232 120.1854728,23.0557889 120.1851478,23.0556715 120.1840386,23.0553753 120.1837194,23.0552887 120.1833482,23.0551893 120.1831169,23.0551405 120.1829661,23.0551067 120.1823577,23.0549566 120.1816188,23.054764 120.1810641,23.0545986 120.1804284,23.0544324 120.1803303,23.0544095 120.1800536,23.0543457 120.1800535,23.0543456 120.1800623,23.0543352 120.1801916,23.0541856 120.1802394,23.0541304 120.1808656,23.053406 120.1815307,23.0526363 120.1817702,23.0523594 120.184065,23.0497086 120.182639,23.0486551 120.182639,23.048655 120.182885,23.0483719 120.1821927,23.0475078 120.1821928,23.0475077 120.1826548,23.0474092 120.1826278,23.0473184 120.1826279,23.0473184 120.1826793,23.0473839 120.1838283,23.0471336 120.183863,23.0471252 120.1838722,23.0471186 120.1838762,23.0471222 120.1841556,23.0470606 120.1844348,23.047003 120.1847374,23.0469412 120.1855374,23.046775 120.1856052,23.0467628 120.1861474,23.0466401 120.1879466,23.0462494 120.1883075,23.0461712</coordinates></LinearRing></outerBoundaryIs>
        </Polygon>
      </MultiGeometry>
  </Placemark>
  <Placemark>
	<Style><LineStyle><color>ff0000ff</color></LineStyle><PolyStyle><fill>0</fill></PolyStyle></Style>
	<ExtendedData><SchemaData schemaUrl="#114SEC_DBTBLPD">
		<SimpleData name="段碼">1263</SimpleData>
		<SimpleData name="段名">原西段</SimpleData>
		<SimpleData name="行政區">安南區</SimpleData>
	</SchemaData></ExtendedData>
      <MultiGeometry>
        <Polygon>
          <outerBoundaryIs><LinearRing><coordinates>120.1969217,23.0536992 120.196955,23.0537217 120.1970213,23.0538127 120.197066,23.0538281 120.1970669,23.0538244 120.1970671,23.0538244 120.1971078,23.0538585 120.1970841,23.0539697 120.1970768,23.0540033 120.1970766,23.0540033 120.1970598,23.0539825 120.1969264,23.0544717 120.1966878,23.0548175 120.1966292,23.0549328 120.1964563,23.0554061 120.1964755,23.0560094 120.1965018,23.0562298 120.1965175,23.0565782 120.1965188,23.0573837 120.1965188,23.0574108 120.1965052,23.057492 120.1965239,23.0575329 120.1965462,23.0575326 120.1965497,23.057574 120.1965178,23.057603 120.1965035,23.0576671 120.196508,23.0581288 120.1965047,23.0587282 120.1964904,23.0589627 120.1964996,23.0591646 120.196486,23.0599305 120.1964875,23.0600163 120.1964836,23.0600999 120.1953347,23.0617204 120.1944164,23.0630642 120.1941905,23.0633985 120.194164,23.0634292 120.193644,23.0642379 120.1936231,23.0642686 120.1931405,23.0650069 120.1931127,23.0650075 120.1924597,23.065983 120.1924614,23.0660344 120.1924437,23.0660773 120.1924041,23.0661895 120.1923925,23.0662261 120.192474,23.0665825 120.1925334,23.0668329 120.1928553,23.0682184 120.1928552,23.0682185 120.192819,23.06821 120.1926464,23.0681717 120.1924032,23.0681951 120.1922274,23.0681975 120.192117,23.0681895 120.1918891,23.0681696 120.1918286,23.0681856 120.1918021,23.0681929 120.1915845,23.068211 120.1915166,23.0682143 120.1913557,23.0682237 120.1913258,23.0682272 120.1911145,23.0682348 120.1911144,23.0682347 120.191115,23.0682227 120.1909495,23.0682151 120.1909494,23.068215 120.1909566,23.0681537 120.190969,23.0680492 120.1909774,23.0679393 120.190987,23.0678184 120.1909881,23.0678003 120.1910043,23.0675892 120.1910477,23.0671463 120.1910491,23.0671321 120.1911008,23.0666779 120.191101,23.0666778 120.1912948,23.0666977 120.1913502,23.0662475 120.191407,23.0658036 120.1914601,23.0653793 120.1914364,23.0653317 120.1914488,23.0652251 120.1914819,23.0651924 120.1915117,23.0649086 120.191547,23.0644667 120.1915646,23.0640253 120.1915639,23.0635835 120.1915448,23.0631421 120.1915075,23.0627017 120.1914518,23.0622629 120.1913795,23.0618239 120.1912956,23.0613835 120.1912059,23.0609411 120.191116,23.0605006 120.1911161,23.0605005 120.1912484,23.0604933 120.1909544,23.0590538 120.1907668,23.0581345 120.1902436,23.0555716 120.1903712,23.0555331 120.1904496,23.0555099 120.1904734,23.0555023 120.1905225,23.0554785 120.1905678,23.0554577 120.1914275,23.0550413 120.1915866,23.0549288 120.1920305,23.0547245 120.1925721,23.0544654 120.192913,23.0542956 120.1929274,23.05429 120.1933334,23.054128 120.1941225,23.0537432 120.1942107,23.0536918 120.1949942,23.0538965 120.1949963,23.0538915 120.195455,23.0538796 120.1955847,23.0538679 120.1957962,23.0538453 120.1962055,23.0537788 120.1968443,23.0537007 120.1969217,23.0536992</coordinates></LinearRing></outerBoundaryIs>
        </Polygon>
      </MultiGeometry>
  </Placemark>
  <Placemark>
	<Style><LineStyle><color>ff0000ff</color></LineStyle><PolyStyle><fill>0</fill></PolyStyle></Style>
	<ExtendedData><SchemaData schemaUrl="#114SEC_DBTBLPD">
		<SimpleData name="段碼">1264</SimpleData>
		<SimpleData name="段名">佃南段</SimpleData>
		<SimpleData name="行政區">安南區</SimpleData>
	</SchemaData></ExtendedData>
      <MultiGeometry>
        <Polygon>
          <outerBoundaryIs><LinearRing><coordinates>120.1911303,23.0599144 120.1912486,23.0604933 120.1912485,23.0604934 120.1911162,23.0605007 120.1912061,23.060941 120.1912957,23.0613835 120.1913797,23.0618239 120.191452,23.0622629 120.1915076,23.0627017 120.191545,23.0631421 120.191564,23.0635835 120.1915648,23.0640253 120.1915472,23.0644667 120.1915119,23.0649086 120.1914821,23.0651924 120.1914489,23.0652252 120.1914366,23.0653317 120.1914603,23.0653792 120.1914078,23.0657989 120.1913504,23.0662476 120.191295,23.0666978 120.191101,23.066678 120.1910479,23.0671463 120.1910044,23.0675892 120.1909882,23.0678003 120.1909881,23.0678004 120.1901472,23.0671471 120.1891999,23.0664204 120.1885206,23.0659053 120.1870447,23.0647857 120.1864734,23.0643504 120.1863798,23.064276 120.1862961,23.0642214 120.186144,23.0641495 120.1860535,23.0641154 120.1859665,23.0640919 120.1858379,23.0640687 120.185685,23.0640442 120.1855199,23.0640529 120.1855131,23.0640367 120.1836722,23.0640619 120.1824478,23.0640991 120.1805593,23.0641635 120.1805506,23.0641432 120.1805147,23.064165 120.1804547,23.0641671 120.1797913,23.0641884 120.1797913,23.0641882 120.1798091,23.06418 120.1798066,23.0641743 120.1797288,23.0641904 120.1794893,23.064198 120.1786775,23.0642267 120.177597,23.0642653 120.177266,23.0642768 120.1770974,23.0642921 120.1770777,23.0642915 120.1768593,23.0642868 120.176456,23.0642779 120.176483,23.0643397 120.1764829,23.0643398 120.1763411,23.0643388 120.176335,23.0638674 120.1763199,23.0637228 120.1762616,23.0625476 120.1763052,23.0620412 120.1763673,23.0611738 120.1763925,23.0609252 120.1795399,23.0607243 120.1896258,23.0600783 120.1910705,23.0599859 120.1911303,23.0599144</coordinates></LinearRing></outerBoundaryIs>
        </Polygon>
      </MultiGeometry>
  </Placemark>
  <Placemark>
	<Style><LineStyle><color>ff0000ff</color></LineStyle><PolyStyle><fill>0</fill></PolyStyle></Style>
	<ExtendedData><SchemaData schemaUrl="#114SEC_DBTBLPD">
		<SimpleData name="段碼">1265</SimpleData>
		<SimpleData name="段名">佃東段</SimpleData>
		<SimpleData name="行政區">安南區</SimpleData>
	</SchemaData></ExtendedData>
      <MultiGeometry>
        <Polygon>
          <outerBoundaryIs><LinearRing><coordinates>120.1855132,23.0640365 120.18552,23.0640527 120.185685,23.064044 120.185838,23.0640686 120.1859666,23.0640917 120.1860536,23.0641153 120.1861441,23.0641493 120.1862962,23.0642213 120.18638,23.0642759 120.1864735,23.0643502 120.1870448,23.0647855 120.1878134,23.0653687 120.1892,23.0664202 120.1901474,23.0671469 120.1909882,23.0678002 120.1909872,23.0678184 120.1909776,23.0679393 120.1909691,23.0680492 120.1909496,23.0682149 120.1911151,23.0682226 120.1911146,23.0682347 120.1906585,23.068279 120.1903748,23.0682646 120.1902652,23.0682419 120.1901342,23.0682384 120.1899616,23.068253 120.1898549,23.0682857 120.1897924,23.0683106 120.1897694,23.0683211 120.1897909,23.0683351 120.1897909,23.0683352 120.1896445,23.0683983 120.1896239,23.0683855 120.1895132,23.0684303 120.1895104,23.0684315 120.1892936,23.0685109 120.1891883,23.0685486 120.1888479,23.0686765 120.1887591,23.0687216 120.1886293,23.0687992 120.188566,23.0688479 120.1883983,23.0689347 120.1881931,23.068987 120.188071,23.0690042 120.1878957,23.0689675 120.1877137,23.0690025 120.1876215,23.0690122 120.1874814,23.0690106 120.1870341,23.0689232 120.1869225,23.0689016 120.1867195,23.0688419 120.1865803,23.0688009 120.1864158,23.0687325 120.1863356,23.0686978 120.1861742,23.0686304 120.1861013,23.0686074 120.1860141,23.0685727 120.1859613,23.0685714 120.1858211,23.0685719 120.1856462,23.0685507 120.1847964,23.0682731 120.1846795,23.0682624 120.1844257,23.0682967 120.1841298,23.0683387 120.1836985,23.0683859 120.1832386,23.0684668 120.1831043,23.0684913 120.1829875,23.0685122 120.1827797,23.0685563 120.1826539,23.0685598 120.1825895,23.068542 120.1825488,23.0685094 120.1825261,23.0684711 120.1825066,23.0684289 120.1824489,23.0683405 120.1823696,23.0682897 120.1822572,23.0682768 120.181809,23.0682615 120.1815661,23.0682393 120.1813105,23.0682034 120.1809701,23.0681992 120.1806795,23.0681643 120.1805574,23.0681241 120.1801766,23.0681098 120.1798727,23.068097 120.1797091,23.0680719 120.1793066,23.0679758 120.1791959,23.06793 120.1786192,23.0677916 120.1784305,23.0677878 120.1781113,23.0678294 120.1780956,23.0677967 120.1780711,23.0677449 120.177585,23.0676666 120.1772434,23.0674922 120.1768765,23.0674492 120.1766066,23.067358 120.1763858,23.0672568 120.176383,23.0671777 120.176374,23.0669873 120.1763686,23.0667662 120.1763575,23.0665178 120.176355,23.0664541 120.1763345,23.0662652 120.176339,23.0660114 120.1763456,23.0657514 120.1763478,23.0652225 120.1763469,23.0646816 120.1763462,23.0644051 120.1763411,23.0643388 120.1763412,23.0643387 120.1763864,23.064339 120.1764828,23.0643397 120.1764558,23.0642779 120.1764559,23.0642778 120.1768593,23.0642866 120.1770778,23.0642913 120.1770974,23.0642919 120.177266,23.0642766 120.177597,23.0642651 120.1782611,23.0642414 120.1794894,23.0641978 120.1797288,23.0641902 120.1798066,23.0641741 120.1798093,23.0641801 120.1797918,23.0641882 120.1804547,23.0641669 120.1805147,23.0641648 120.1805506,23.064143 120.1805508,23.0641431 120.1805594,23.0641634 120.1824478,23.0640989 120.1836722,23.0640617 120.1855132,23.0640365</coordinates></LinearRing></outerBoundaryIs>
        </Polygon>
      </MultiGeometry>
  </Placemark>
  <Placemark>
	<Style><LineStyle><color>ff0000ff</color></LineStyle><PolyStyle><fill>0</fill></PolyStyle></Style>
	<ExtendedData><SchemaData schemaUrl="#114SEC_DBTBLPD">
		<SimpleData name="段碼">1266</SimpleData>
		<SimpleData name="段名">佃西段</SimpleData>
		<SimpleData name="行政區">安南區</SimpleData>
	</SchemaData></ExtendedData>
      <MultiGeometry>
        <Polygon>
          <outerBoundaryIs><LinearRing><coordinates>120.1763439,23.0608711 120.1763958,23.0608799 120.1763924,23.0609252 120.1763673,23.0611737 120.1763052,23.0620411 120.1762616,23.0625475 120.1763199,23.0637227 120.176335,23.0638673 120.176341,23.0643387 120.1763462,23.0644051 120.1763469,23.0646816 120.1763478,23.0652224 120.1763455,23.0657513 120.176339,23.0660113 120.1763345,23.0662651 120.176355,23.066454 120.1763574,23.0665177 120.1763685,23.0667661 120.176374,23.0669872 120.176383,23.0671776 120.1763857,23.0672567 120.1763081,23.0682031 120.176321,23.068288 120.174483,23.0685631 120.1743893,23.068301 120.1743159,23.0681525 120.1742894,23.0681026 120.1741599,23.0679054 120.1740437,23.067729 120.173904,23.0675185 120.1737846,23.0673845 120.1736923,23.0672793 120.1735428,23.0671613 120.1733854,23.0670351 120.1731227,23.0668219 120.1729684,23.0666662 120.1728334,23.066531 120.172822,23.0664777 120.1727423,23.0661624 120.1727424,23.0661623 120.1728129,23.0661574 120.1727823,23.0660731 120.1727208,23.0660772 120.1726696,23.0658745 120.1726232,23.0656541 120.1726156,23.0655836 120.1726182,23.0655583 120.17262,23.0654937 120.1726337,23.0654177 120.1727767,23.0651075 120.1725055,23.0650117 120.1722022,23.0649013 120.1717735,23.0647413 120.1715711,23.0646678 120.1709481,23.0644571 120.1709225,23.0644482 120.1707774,23.0643947 120.1703313,23.0642254 120.1702346,23.0641806 120.1700774,23.0641095 120.1697045,23.0639289 120.1690381,23.0636126 120.1675636,23.0629103 120.1649131,23.0616576 120.1649132,23.0616575 120.1660507,23.0615849 120.1763389,23.0609286 120.1763438,23.0608711 120.1763439,23.0608711</coordinates></LinearRing></outerBoundaryIs>
          <innerBoundaryIs><LinearRing><coordinates>120.1737508,23.0621889 120.1725762,23.0622639 120.1726052,23.0626217 120.1726129,23.0626234 120.1737777,23.0625491 120.1738096,23.0625151 120.1737986,23.0623668 120.1737875,23.0622185 120.1737508,23.0621889</coordinates></LinearRing></innerBoundaryIs>
        </Polygon>
      </MultiGeometry>
  </Placemark>
  <Placemark>
	<Style><LineStyle><color>ff0000ff</color></LineStyle><PolyStyle><fill>0</fill></PolyStyle></Style>
	<ExtendedData><SchemaData schemaUrl="#114SEC_DBTBLPD">
		<SimpleData name="段碼">1267</SimpleData>
		<SimpleData name="段名">公塭段</SimpleData>
		<SimpleData name="行政區">安南區</SimpleData>
	</SchemaData></ExtendedData>
      <MultiGeometry>
        <Polygon>
          <outerBoundaryIs><LinearRing><coordinates>120.1649132,23.0616575 120.1675637,23.0629101 120.1690382,23.0636125 120.1697046,23.0639288 120.1700775,23.0641094 120.1702347,23.0641804 120.1703313,23.0642253 120.1707775,23.0643946 120.1709225,23.064448 120.1709482,23.0644569 120.1715712,23.0646676 120.1717736,23.0647411 120.1722023,23.0649011 120.1725056,23.0650115 120.1727769,23.0651074 120.1727769,23.0651075 120.1726339,23.0654177 120.1726202,23.0654938 120.1726184,23.0655583 120.1726157,23.0655836 120.1726234,23.0656541 120.1726698,23.0658744 120.172721,23.0660771 120.1727824,23.066073 120.1728131,23.0661575 120.172813,23.0661576 120.1727425,23.0661625 120.1728355,23.0665305 120.1728337,23.066531 120.1729686,23.066666 120.1731228,23.0668217 120.1733855,23.067035 120.1735429,23.0671612 120.1736924,23.0672792 120.1737847,23.0673844 120.1739041,23.0675184 120.1740438,23.0677289 120.17416,23.0679053 120.1742896,23.0681025 120.1743161,23.0681524 120.1743894,23.068301 120.174483,23.068563 120.174483,23.0685631 120.1743645,23.0685808 120.1729242,23.0687963 120.1717648,23.0689713 120.1660732,23.0698347 120.1647976,23.0707945 120.1645296,23.0709906 120.1624632,23.0724995 120.1617455,23.0730327 120.1617453,23.0730326 120.1611324,23.0722475 120.1611073,23.072095 120.1610196,23.0721288 120.1603891,23.0715103 120.159738,23.070862 120.1590639,23.0702041 120.1588245,23.0700506 120.1588978,23.069914 120.1590143,23.0696957 120.1590145,23.0696957 120.1593032,23.0699553 120.1593178,23.0699347 120.1593357,23.0699144 120.1588579,23.0692353 120.1587789,23.0692785 120.1587788,23.0692785 120.1587144,23.0691455 120.1586485,23.0682654 120.1586409,23.0678101 120.1586397,23.0676882 120.1586344,23.0674811 120.1586305,23.0673208 120.1586274,23.0672115 120.1586954,23.0669664 120.1587477,23.066814 120.1587568,23.0667633 120.158917,23.0661854 120.1589329,23.0661276 120.1589354,23.0661104 120.1588728,23.0660665 120.1583159,23.0659976 120.1582211,23.0659874 120.1578171,23.0656834 120.1576589,23.0655604 120.1575422,23.065447 120.1573998,23.0653067 120.1571986,23.065154 120.157082,23.0650345 120.1569813,23.0649346 120.1569108,23.0648441 120.1567793,23.0646919 120.1567272,23.0646322 120.1566215,23.0645093 120.1565992,23.0644522 120.1564401,23.0640791 120.156248,23.0637927 120.1559023,23.0635488 120.1555925,23.0634098 120.1555527,23.0633871 120.1552508,23.0632224 120.1549691,23.0630213 120.1549445,23.0630109 120.1542819,23.0627433 120.1540243,23.0625726 120.1538877,23.0624644 120.1537541,23.0623688 120.1537542,23.0623686 120.1540112,23.0623522 120.1649132,23.0616575</coordinates></LinearRing></outerBoundaryIs>
          <innerBoundaryIs><LinearRing><coordinates>120.1635999,23.0694555 120.163531,23.069539 120.1635787,23.0694815 120.1635999,23.0694555</coordinates></LinearRing></innerBoundaryIs>
        </Polygon>
      </MultiGeometry>
  </Placemark>
  <Placemark>
	<Style><LineStyle><color>ff0000ff</color></LineStyle><PolyStyle><fill>0</fill></PolyStyle></Style>
	<ExtendedData><SchemaData schemaUrl="#114SEC_DBTBLPD">
		<SimpleData name="段碼">1268</SimpleData>
		<SimpleData name="段名">南興段</SimpleData>
		<SimpleData name="行政區">安南區</SimpleData>
	</SchemaData></ExtendedData>
      <MultiGeometry>
        <Polygon>
          <outerBoundaryIs><LinearRing><coordinates>120.1481185,23.0676549 120.1481187,23.067655 120.1481979,23.0680301 120.1482233,23.0680437 120.1488783,23.0684322 120.1489449,23.0684675 120.1490007,23.0684986 120.1491637,23.0685805 120.1494097,23.068743 120.1498326,23.069025 120.150287,23.069284 120.1505474,23.0694345 120.150809,23.0695905 120.1510667,23.0697571 120.1512718,23.0698879 120.1513176,23.0699146 120.1513767,23.0699526 120.1515581,23.0700674 120.1517984,23.070221 120.1518948,23.0702817 120.1520563,23.0703734 120.1522346,23.0704823 120.1525792,23.0706578 120.1530368,23.0708486 120.1552043,23.0705623 120.1552821,23.0708493 120.1553269,23.0709699 120.155377,23.0710916 120.1554154,23.0712529 120.1554381,23.0713511 120.1554416,23.0714736 120.1554404,23.0716363 120.1554398,23.0717677 120.1554411,23.0719679 120.1554463,23.0721586 120.1554468,23.0721672 120.1554783,23.0724123 120.1554864,23.0726712 120.1555413,23.0726687 120.1572131,23.0725601 120.1572424,23.0725595 120.1573495,23.0725555 120.1574677,23.0725502 120.1575235,23.0725486 120.1575844,23.0725454 120.1577001,23.0725383 120.1578865,23.0725313 120.1579104,23.0725296 120.1580647,23.0725073 120.1582497,23.0724766 120.1585893,23.0724197 120.1590238,23.0724013 120.159024,23.0723147 120.1589579,23.0718812 120.1589581,23.0718812 120.1590484,23.0721294 120.1589906,23.0717525 120.158949,23.0713463 120.1589304,23.0711532 120.1588746,23.0705679 120.1588576,23.0704214 120.1588461,23.0702939 120.1588389,23.0702042 120.1588379,23.0701952 120.1588243,23.0700505 120.1588245,23.0700504 120.1590639,23.0702039 120.159738,23.0708619 120.1603891,23.0715101 120.1610195,23.0721286 120.1611071,23.0720948 120.1611073,23.0720949 120.1611324,23.0722474 120.1617453,23.0730327 120.1611691,23.0734606 120.1610814,23.0735269 120.1610023,23.0735885 120.1608928,23.0736768 120.1608456,23.0737161 120.1606217,23.0739121 120.1605342,23.0739936 120.1603656,23.0741589 120.1603241,23.0742014 120.159364,23.0752005 120.159197,23.0753747 120.158432,23.0761406 120.1583955,23.0761761 120.1583719,23.0761981 120.1583478,23.0762197 120.1583073,23.0762545 120.1582736,23.0762819 120.1582421,23.0763064 120.1582266,23.0763181 120.1582102,23.0763302 120.1581996,23.0763378 120.1581422,23.0763775 120.1581149,23.0763953 120.1580872,23.0764127 120.1580203,23.0764521 120.1563912,23.0773684 120.1563498,23.0773909 120.156324,23.0774043 120.156261,23.0774346 120.1562186,23.0774533 120.1561917,23.0774644 120.1561263,23.0774895 120.1560819,23.0775048 120.1560541,23.0775137 120.156026,23.0775222 120.1559978,23.0775303 120.1559695,23.0775379 120.1559193,23.0775502 120.1558172,23.0775705 120.1526677,23.0781036 120.1526321,23.0781095 120.1525673,23.0781198 120.1525102,23.0781284 120.1524474,23.0781373 120.1523836,23.0781458 120.152315,23.0781542 120.1522577,23.0781608 120.1521889,23.078168 120.1521297,23.0781737 120.152013,23.0781834 120.1518999,23.078191 120.1518061,23.078196 120.1517797,23.0781971 120.1516687,23.078201 120.1515333,23.0782034 120.1500768,23.078215 120.1494103,23.0782185 120.1479185,23.0782031 120.1479024,23.0781397 120.1478846,23.0780768 120.1478271,23.0778805 120.1477972,23.0777303 120.1477902,23.0776439 120.147787,23.0776014 120.1477781,23.0774883 120.1478793,23.07724 120.1478804,23.0771659 120.1478509,23.0770176 120.1477198,23.0766987 120.1475969,23.076344 120.1472208,23.0759169 120.1471422,23.075917 120.1460875,23.0754612 120.1460425,23.0754372 120.146051,23.075389 120.1461468,23.0748227 120.1460412,23.0740759 120.1457201,23.0734159 120.1455557,23.0732323 120.1454142,23.0728566 120.1453356,23.0726043 120.144696,23.0718719 120.1445201,23.0715838 120.1443582,23.0713653 120.1442462,23.0712295 120.1443079,23.0710047 120.1443278,23.0708986 120.144415,23.0707059 120.1444616,23.0702257 120.1444674,23.070156 120.1445461,23.0698176 120.1445313,23.0696356 120.1445063,23.0695413 120.1444688,23.0687261 120.1444434,23.0681401 120.1447841,23.0680893 120.1447679,23.0680546 120.144768,23.0680545 120.1451342,23.0680575 120.1451435,23.0680489 120.145805,23.067968 120.1458051,23.0679681 120.1458064,23.0679791 120.1473135,23.0677664 120.1477561,23.0677222 120.1479875,23.0676862 120.1481185,23.0676549</coordinates></LinearRing></outerBoundaryIs>
        </Polygon>
      </MultiGeometry>
  </Placemark>
  <Placemark>
	<Style><LineStyle><color>ff0000ff</color></LineStyle><PolyStyle><fill>0</fill></PolyStyle></Style>
	<ExtendedData><SchemaData schemaUrl="#114SEC_DBTBLPD">
		<SimpleData name="段碼">1269</SimpleData>
		<SimpleData name="段名">溪南段</SimpleData>
		<SimpleData name="行政區">安南區</SimpleData>
	</SchemaData></ExtendedData>
      <MultiGeometry>
        <Polygon>
          <outerBoundaryIs><LinearRing><coordinates>120.153754,23.0623686 120.1538,23.0624008 120.1538876,23.0624642 120.1540242,23.0625725 120.1542817,23.0627431 120.1549444,23.0630107 120.1552507,23.0632222 120.1555534,23.0633874 120.1555924,23.0634096 120.1559022,23.0635486 120.1562479,23.0637925 120.1564357,23.0640726 120.1565991,23.0644521 120.1566214,23.0645092 120.1567271,23.064632 120.1567792,23.0646917 120.1569107,23.0648439 120.1569813,23.0649345 120.1570819,23.0650343 120.1571985,23.0651538 120.1573997,23.0653065 120.1575421,23.0654468 120.1576588,23.0655602 120.157817,23.0656832 120.1578304,23.0656946 120.158221,23.0659872 120.1583157,23.0659974 120.1584882,23.0660187 120.1585443,23.0660244 120.1588727,23.0660663 120.1589354,23.0661103 120.1589329,23.0661276 120.158917,23.0661854 120.1587567,23.0667632 120.1587476,23.066814 120.1586954,23.0669664 120.1586274,23.0672115 120.158635,23.0674811 120.1586358,23.0675365 120.1586397,23.0676881 120.1586409,23.06781 120.1586484,23.0682653 120.1587143,23.0691454 120.1587787,23.0692783 120.1588582,23.0692356 120.1593356,23.0699143 120.1593178,23.0699348 120.1593031,23.0699554 120.1593029,23.0699554 120.1590143,23.0696958 120.1588977,23.069914 120.1588245,23.0700505 120.158838,23.0701951 120.158839,23.0702041 120.1588577,23.0704213 120.1588748,23.0705679 120.1589306,23.0711531 120.1589491,23.0713464 120.1589908,23.0717525 120.1590487,23.0721303 120.1590485,23.0721304 120.1589582,23.0718821 120.1590241,23.0723146 120.1590238,23.0724014 120.1585894,23.0724198 120.1582496,23.0724767 120.1580647,23.0725075 120.1579152,23.072529 120.1578864,23.0725315 120.1576989,23.0725385 120.1575818,23.0725457 120.1575232,23.0725487 120.1574677,23.0725503 120.1573495,23.0725556 120.1572424,23.0725596 120.1572053,23.0725608 120.1555412,23.0726688 120.1554863,23.0726713 120.1554862,23.0726712 120.155478,23.0724123 120.1554465,23.0721672 120.1554461,23.0721585 120.1554408,23.0719679 120.1554396,23.0717676 120.1554401,23.0716363 120.1554413,23.0714735 120.1554379,23.071351 120.1554152,23.0712529 120.1553768,23.0710916 120.1553273,23.0709715 120.1552825,23.0708517 120.155204,23.0705624 120.1530367,23.0708487 120.1525791,23.0706579 120.1522344,23.0704824 120.1520562,23.0703735 120.1518946,23.0702818 120.1517982,23.0702211 120.151558,23.0700675 120.1513765,23.0699527 120.1513175,23.0699147 120.1512717,23.069888 120.1510665,23.0697572 120.1508089,23.0695906 120.1505473,23.0694346 120.1502869,23.0692841 120.1498325,23.0690251 120.1494096,23.0687431 120.1491635,23.0685806 120.1490006,23.0684988 120.1489447,23.0684677 120.1488782,23.0684323 120.1482231,23.0680438 120.1481977,23.0680302 120.1481184,23.0676551 120.1479875,23.0676863 120.147756,23.0677223 120.1473135,23.0677665 120.1458063,23.0679792 120.1458062,23.0679792 120.1458048,23.0679681 120.1451435,23.068049 120.1451342,23.0680576 120.1447681,23.0680546 120.1447843,23.0680893 120.1447842,23.0680894 120.1444434,23.0681402 120.1444433,23.0681401 120.1444178,23.0676246 120.1443738,23.0674321 120.1443612,23.0673753 120.1442464,23.0671423 120.1442283,23.0671176 120.1442082,23.0670676 120.1441979,23.0670759 120.1441977,23.0670759 120.1439471,23.0666779 120.1438533,23.0665418 120.143801,23.0664449 120.1437153,23.066337 120.1436935,23.06631 120.1435336,23.0660519 120.1433257,23.0657144 120.1433403,23.0657024 120.1433019,23.0656649 120.1427972,23.064829 120.1426191,23.0645097 120.1426192,23.0645096 120.1452033,23.0638369 120.1452056,23.063832 120.1452783,23.0638156 120.145569,23.0637416 120.1455878,23.0637725 120.1456779,23.063807 120.1457007,23.0638013 120.1457508,23.063788 120.1503661,23.0625843 120.153754,23.0623686</coordinates></LinearRing></outerBoundaryIs>
        </Polygon>
      </MultiGeometry>
  </Placemark>
  <Placemark>
	<Style><LineStyle><color>ff0000ff</color></LineStyle><PolyStyle><fill>0</fill></PolyStyle></Style>
	<ExtendedData><SchemaData schemaUrl="#114SEC_DBTBLPD">
		<SimpleData name="段碼">1270</SimpleData>
		<SimpleData name="段名">學東段</SimpleData>
		<SimpleData name="行政區">安南區</SimpleData>
	</SchemaData></ExtendedData>
      <MultiGeometry>
        <Polygon>
          <outerBoundaryIs><LinearRing><coordinates>120.1426191,23.0645096 120.1427973,23.064829 120.143302,23.0656648 120.1433404,23.0657024 120.1433404,23.0657025 120.1433258,23.0657144 120.1435337,23.0660518 120.1436935,23.06631 120.1437153,23.0663369 120.1438011,23.0664448 120.1438533,23.0665417 120.1439471,23.0666778 120.1441977,23.0670757 120.144208,23.0670674 120.1442082,23.0670675 120.1442284,23.0671175 120.1442465,23.0671422 120.1443613,23.0673752 120.1443739,23.0674321 120.1444179,23.0676246 120.1444433,23.0681401 120.1444688,23.0687261 120.1445064,23.0695412 120.1445314,23.0696356 120.1445461,23.0698176 120.1444674,23.070156 120.1444617,23.0702257 120.144415,23.0707059 120.1443278,23.0708986 120.144308,23.0710047 120.1442462,23.0712295 120.1443582,23.0713652 120.1445201,23.0715837 120.144696,23.0718717 120.1453356,23.0726042 120.1454142,23.0728565 120.1455557,23.0732322 120.1457201,23.0734158 120.1460412,23.0740758 120.1461469,23.0748227 120.146051,23.075389 120.1460425,23.0754371 120.1460874,23.075461 120.1471421,23.0759168 120.1472208,23.0759167 120.1475969,23.0763439 120.1477198,23.0766986 120.1478509,23.0770176 120.1478805,23.0771659 120.1478793,23.07724 120.1477781,23.0774882 120.1477972,23.0777303 120.1478271,23.0778804 120.1478846,23.0780767 120.1479024,23.0781396 120.1479184,23.0782029 120.1479183,23.0782031 120.1478902,23.0782028 120.1464645,23.078188 120.1464695,23.0781956 120.1464694,23.0781957 120.1462007,23.0781853 120.1460551,23.0781865 120.1459921,23.0781887 120.1459292,23.0781919 120.1458663,23.0781962 120.1458035,23.0782014 120.1457408,23.0782077 120.1456783,23.078215 120.145529,23.0782365 120.1455211,23.0782378 120.1448191,23.0783576 120.1436054,23.078576 120.1427631,23.078735 120.1415962,23.0790939 120.1415961,23.0790938 120.1415948,23.0790877 120.1415582,23.0790989 120.1415581,23.0790989 120.1411878,23.0773389 120.1411603,23.0770345 120.1411422,23.0768314 120.1411531,23.0767385 120.1411117,23.0762927 120.141107,23.0762364 120.1410846,23.0759937 120.141078,23.0758051 120.1410719,23.0756326 120.1410797,23.0752994 120.1408264,23.0752951 120.1408172,23.0752362 120.1411949,23.0735524 120.141148,23.0735449 120.1390939,23.0733821 120.1373562,23.0733171 120.1373289,23.0731475 120.1373004,23.0729799 120.1372548,23.0727553 120.1372237,23.0725978 120.1369998,23.0714568 120.136945,23.0715366 120.1369021,23.0715335 120.136902,23.0715334 120.1369281,23.0714961 120.1369908,23.0714089 120.1369655,23.0712572 120.1369243,23.0710897 120.1369136,23.0710586 120.1369555,23.0710128 120.1368976,23.0710151 120.1368196,23.0707607 120.1368197,23.0707606 120.1368291,23.0707604 120.1366988,23.0704358 120.1365523,23.0701404 120.1365524,23.0701403 120.1365973,23.0701388 120.1358263,23.0688347 120.135577,23.0684145 120.1355501,23.0684266 120.1355499,23.0684265 120.1354939,23.0683139 120.1352067,23.0685152 120.1349757,23.0687186 120.1348657,23.0688331 120.1347607,23.0689348 120.1346455,23.069047 120.1346259,23.0690655 120.1346258,23.0690654 120.1344393,23.0670615 120.1344223,23.0668248 120.1344024,23.0665409 120.1344025,23.0665408 120.1352138,23.066515 120.1351687,23.0664422 120.1351688,23.066442 120.1351906,23.0664421 120.1352025,23.0664419 120.1352144,23.0664415 120.1352263,23.0664409 120.1352382,23.0664401 120.1352501,23.0664391 120.135262,23.0664379 120.1352873,23.0664347 120.1358474,23.0662722 120.1426191,23.0645096</coordinates></LinearRing></outerBoundaryIs>
        </Polygon>
      </MultiGeometry>
  </Placemark>
  <Placemark>
	<Style><LineStyle><color>ff0000ff</color></LineStyle><PolyStyle><fill>0</fill></PolyStyle></Style>
	<ExtendedData><SchemaData schemaUrl="#114SEC_DBTBLPD">
		<SimpleData name="段碼">1271</SimpleData>
		<SimpleData name="段名">學中段</SimpleData>
		<SimpleData name="行政區">安南區</SimpleData>
	</SchemaData></ExtendedData>
      <MultiGeometry>
        <Polygon>
          <outerBoundaryIs><LinearRing><coordinates>120.1354938,23.0683137 120.13555,23.0684264 120.135577,23.0684143 120.1358264,23.0688346 120.1365975,23.0701389 120.1365974,23.070139 120.1365525,23.0701405 120.1366989,23.0704357 120.1368293,23.0707605 120.1368292,23.0707606 120.1368198,23.0707608 120.1368977,23.0710149 120.1369556,23.0710126 120.1369557,23.0710128 120.1369137,23.0710585 120.1369244,23.0710897 120.1369656,23.0712572 120.1369909,23.0714089 120.1369282,23.0714962 120.1369022,23.0715334 120.1369448,23.0715365 120.1369997,23.0714565 120.1369998,23.0714565 120.1372238,23.0725978 120.1372549,23.0727553 120.1373005,23.0729799 120.137329,23.0731475 120.1373563,23.073317 120.1390939,23.073382 120.1411479,23.0735447 120.1411949,23.0735522 120.141195,23.0735523 120.1408173,23.0752361 120.1408264,23.0752949 120.1410798,23.0752992 120.1410799,23.0752993 120.141072,23.0756326 120.1410781,23.0758051 120.1410847,23.0759937 120.1411071,23.0762364 120.1411118,23.0762927 120.1411532,23.0767385 120.1411423,23.0768314 120.1411604,23.0770344 120.1411879,23.0773389 120.1415582,23.0790988 120.1402499,23.0794995 120.139818,23.079636 120.1397094,23.0796709 120.1393332,23.0797944 120.1392804,23.0798116 120.1391055,23.0798692 120.1370828,23.0806806 120.1369051,23.080752 120.1367493,23.0808172 120.1360004,23.0811289 120.1359562,23.0811461 120.1359161,23.0811611 120.1358747,23.0811761 120.1358612,23.0811808 120.1358289,23.0811919 120.1358018,23.0812009 120.1357869,23.081191 120.1357525,23.0811713 120.1350813,23.0739608 120.1350656,23.0737934 120.1350175,23.0732745 120.1346257,23.0690654 120.1346452,23.0690469 120.1347605,23.0689347 120.1348655,23.068833 120.1349754,23.0687184 120.1352065,23.0685151 120.1354938,23.0683137</coordinates></LinearRing></outerBoundaryIs>
        </Polygon>
      </MultiGeometry>
  </Placemark>
  <Placemark>
	<Style><LineStyle><color>ff0000ff</color></LineStyle><PolyStyle><fill>0</fill></PolyStyle></Style>
	<ExtendedData><SchemaData schemaUrl="#114SEC_DBTBLPD">
		<SimpleData name="段碼">1272</SimpleData>
		<SimpleData name="段名">學南段</SimpleData>
		<SimpleData name="行政區">安南區</SimpleData>
	</SchemaData></ExtendedData>
      <MultiGeometry>
        <Polygon>
          <outerBoundaryIs><LinearRing><coordinates>120.1398459,23.0542344 120.139846,23.0542345 120.1398309,23.0543089 120.1398476,23.054337 120.1415908,23.0572172 120.1434578,23.0602507 120.1435464,23.0603946 120.1436419,23.0605521 120.1436484,23.0605627 120.1455689,23.0637415 120.1455688,23.0637416 120.1452781,23.0638156 120.1452054,23.0638319 120.1452032,23.0638368 120.1358473,23.0662721 120.1352873,23.0664347 120.1352619,23.0664378 120.13525,23.066439 120.1352381,23.06644 120.1352262,23.0664408 120.1352143,23.0664414 120.1352024,23.0664418 120.1351905,23.0664421 120.1351688,23.066442 120.1352139,23.0665148 120.1352138,23.0665149 120.1344024,23.0665407 120.1344007,23.066517 120.1341545,23.0629923 120.1340239,23.0611185 120.1340141,23.0610837 120.134005,23.0610402 120.1340013,23.0610045 120.1340014,23.0610044 120.1340214,23.0610031 120.1340205,23.0609512 120.1340177,23.0609379 120.1340144,23.0595551 120.1340145,23.0595371 120.1340148,23.0595155 120.1340153,23.0594952 120.1340163,23.0594695 120.1340172,23.0594512 120.134021,23.0593953 120.1340244,23.0593583 120.1340284,23.0593214 120.1340397,23.0592413 120.1340517,23.0591742 120.1340593,23.0591378 120.1340675,23.0591015 120.1340764,23.0590653 120.134086,23.0590292 120.1341083,23.0589545 120.1341311,23.0588868 120.1341441,23.0588516 120.1341577,23.0588167 120.134172,23.058782 120.1341869,23.0587475 120.1342025,23.0587133 120.1342188,23.0586793 120.1342356,23.0586456 120.1342531,23.0586121 120.1342712,23.058579 120.13429,23.0585461 120.1343288,23.0584823 120.134382,23.0584022 120.1344381,23.0583255 120.1344616,23.0582954 120.1344857,23.0582656 120.1345103,23.0582363 120.1345354,23.0582074 120.1345612,23.0581788 120.1345874,23.0581507 120.1346142,23.0581231 120.1346415,23.0580958 120.1346693,23.0580691 120.1347394,23.0580054 120.134767,23.0579818 120.1348158,23.0579419 120.1348888,23.0578863 120.1397574,23.0543282 120.1397464,23.0543076 120.1397849,23.0542783 120.1398459,23.0542344</coordinates></LinearRing></outerBoundaryIs>
        </Polygon>
      </MultiGeometry>
  </Placemark>
  <Placemark>
	<Style><LineStyle><color>ff0000ff</color></LineStyle><PolyStyle><fill>0</fill></PolyStyle></Style>
	<ExtendedData><SchemaData schemaUrl="#114SEC_DBTBLPD">
		<SimpleData name="段碼">1273</SimpleData>
		<SimpleData name="段名">公學段</SimpleData>
		<SimpleData name="行政區">安南區</SimpleData>
	</SchemaData></ExtendedData>
      <MultiGeometry>
        <Polygon>
          <outerBoundaryIs><LinearRing><coordinates>120.1949189,23.0685678 120.1955567,23.0688557 120.1962642,23.0691747 120.1963436,23.0692376 120.1964825,23.0693539 120.1966191,23.0694613 120.1967551,23.0695685 120.1973689,23.070065 120.1979249,23.0705124 120.197985,23.0705603 120.1980219,23.0705908 120.1981099,23.0706652 120.1982219,23.0707593 120.1985744,23.0710603 120.1986806,23.0711502 120.1988351,23.0712826 120.1991278,23.07152 120.1995371,23.0717851 120.1995339,23.0717308 120.199534,23.0717307 120.1995586,23.0717704 120.1995439,23.0717895 120.1995824,23.0718398 120.1996113,23.0718758 120.1996374,23.0718978 120.1996459,23.0719115 120.1998597,23.0720827 120.1999066,23.0720989 120.1999066,23.072099 120.1998955,23.0721142 120.2000853,23.0722614 120.2005576,23.0726476 120.2006516,23.0727092 120.2007555,23.0727864 120.2008239,23.0728398 120.2008245,23.072839 120.2008247,23.0728389 120.2008697,23.0728789 120.2009799,23.072984 120.2009796,23.0729847 120.2009713,23.0729957 120.2010348,23.0730459 120.2013095,23.0732674 120.2013316,23.0732855 120.2013589,23.0733058 120.2019613,23.0737604 120.2020409,23.0738256 120.2020409,23.0738257 120.2020374,23.0738291 120.202056,23.0738444 120.202055,23.0738487 120.2025474,23.074256 120.2026318,23.0743321 120.2027786,23.0744554 120.2028722,23.0745333 120.2045494,23.0759182 120.2049038,23.0761748 120.2053203,23.0765318 120.2057723,23.0769281 120.2064941,23.0775 120.2066084,23.0776074 120.2066522,23.0776256 120.2069303,23.0778588 120.2070441,23.0779719 120.2071466,23.0780802 120.2071688,23.0780868 120.207266,23.0781662 120.2074195,23.0782732 120.2075263,23.0783859 120.2075639,23.0783945 120.2076078,23.0783933 120.2076079,23.0783934 120.2075866,23.0784667 120.2075865,23.0784667 120.2075507,23.078452 120.2073091,23.0786893 120.207177,23.0785895 120.2069945,23.0784347 120.2029952,23.0780802 120.2029623,23.0780773 120.2029289,23.0780745 120.2027187,23.0780551 120.2027119,23.0780337 120.2025689,23.0777565 120.2023076,23.0778475 120.2022719,23.0778294 120.2018481,23.0779871 120.2018239,23.0779568 120.2011783,23.0781576 120.2011798,23.0782412 120.2007659,23.0784017 120.2004889,23.0784833 120.2002157,23.0785345 120.1999643,23.0785548 120.1992569,23.0787653 120.1992353,23.0787151 120.1992718,23.0787003 120.1992493,23.0786468 120.1992915,23.0785808 120.1992797,23.0784892 120.1993006,23.0781958 120.1992964,23.0780455 120.1993087,23.0779569 120.1993411,23.07784 120.1993364,23.0778387 120.1994003,23.0776336 120.1994164,23.0776033 120.1997599,23.0773267 120.1997614,23.077304 120.1997326,23.077262 120.1996947,23.0772329 120.1995919,23.0771369 120.1994507,23.0769556 120.1993695,23.0767361 120.1993383,23.0765713 120.1989634,23.0757283 120.198971,23.0757125 120.198398,23.0742802 120.1980416,23.0734786 120.1978617,23.0730783 120.1976646,23.0726366 120.1974913,23.0722512 120.1973192,23.0718668 120.1971375,23.0714676 120.1969625,23.0710759 120.19648,23.0699179 120.1963016,23.069783 120.1961094,23.0696371 120.1960805,23.0696156 120.1960699,23.0696076 120.195425,23.0690381 120.1949248,23.0687274 120.1948244,23.0686688 120.1948244,23.0686687 120.1949189,23.0685678</coordinates></LinearRing></outerBoundaryIs>
        </Polygon>
      </MultiGeometry>
  </Placemark>
  <Placemark>
	<Style><LineStyle><color>ff0000ff</color></LineStyle><PolyStyle><fill>0</fill></PolyStyle></Style>
	<ExtendedData><SchemaData schemaUrl="#114SEC_DBTBLPD">
		<SimpleData name="段碼">1274</SimpleData>
		<SimpleData name="段名">公親段</SimpleData>
		<SimpleData name="行政區">安南區</SimpleData>
	</SchemaData></ExtendedData>
      <MultiGeometry>
        <Polygon>
          <outerBoundaryIs><LinearRing><coordinates>120.1926467,23.0681717 120.1928193,23.06821 120.1928554,23.0682185 120.1929392,23.0682333 120.192984,23.0682421 120.1934605,23.0682475 120.19366,23.0682566 120.1943496,23.0682877 120.1943739,23.06829 120.1944777,23.0683081 120.1948533,23.0685383 120.1949188,23.0685678 120.1949188,23.068568 120.1948245,23.0686687 120.1949247,23.0687272 120.195425,23.0690379 120.1960699,23.0696075 120.1960805,23.0696155 120.1961094,23.069637 120.1963016,23.0697828 120.19648,23.0699178 120.1969625,23.0710759 120.1971375,23.0714676 120.1973192,23.0718667 120.1974914,23.0722511 120.1976647,23.0726365 120.1978618,23.0730782 120.1980417,23.0734785 120.198398,23.0742802 120.1989711,23.0757125 120.1989635,23.0757282 120.1993384,23.0765712 120.1993696,23.0767361 120.1994508,23.0769555 120.1995919,23.0771368 120.1996947,23.0772327 120.1997326,23.0772619 120.1997615,23.077304 120.1997599,23.0773268 120.1994164,23.0776035 120.1994003,23.0776337 120.1993365,23.0778386 120.1993412,23.07784 120.1993088,23.077957 120.1992964,23.0780455 120.1993006,23.0781958 120.1992798,23.0784892 120.1992915,23.0785808 120.1992494,23.0786468 120.1992719,23.0787003 120.1992354,23.0787151 120.1992569,23.0787653 120.1992569,23.0787654 120.1990176,23.0788452 120.1988082,23.0789512 120.1983775,23.0791703 120.1981906,23.079254 120.197953,23.0793561 120.1978918,23.0793739 120.1976623,23.0794478 120.1974167,23.079541 120.1971052,23.0797297 120.1970095,23.0797634 120.1969112,23.0798213 120.1967095,23.0798897 120.1960926,23.0801389 120.1955856,23.080315 120.195386,23.0803605 120.1950488,23.0804813 120.195019,23.080439 120.1950276,23.0804013 120.1950026,23.0803403 120.1948811,23.0801634 120.1946219,23.0797759 120.1943697,23.0793844 120.1941246,23.0789891 120.1938867,23.0785901 120.193656,23.0781875 120.1934325,23.0777814 120.1932208,23.0773798 120.1931262,23.0772899 120.1930676,23.0771741 120.1930943,23.0771524 120.1930618,23.0770658 120.1930085,23.0769579 120.192809,23.0765404 120.1926186,23.0761189 120.192438,23.0756935 120.1922677,23.0752642 120.1921083,23.074831 120.1919605,23.0743941 120.1918246,23.0739539 120.1917912,23.0738391 120.1916146,23.0740645 120.1915179,23.0740118 120.1917148,23.073564 120.1915885,23.0730648 120.1914886,23.0726164 120.1914008,23.0721659 120.1913322,23.0717588 120.1912846,23.0717373 120.1912735,23.0716646 120.1913116,23.0716227 120.1912619,23.0712594 120.1912109,23.070804 120.1911722,23.0703476 120.1911458,23.0698905 120.1911318,23.0694329 120.1911302,23.0689751 120.1911437,23.0684442 120.1911114,23.0682962 120.1911146,23.0682349 120.191326,23.0682272 120.1913559,23.0682237 120.1913818,23.0682224 120.1915168,23.0682144 120.1915847,23.068211 120.1918023,23.0681929 120.1918287,23.0681856 120.1918893,23.0681696 120.1921172,23.0681895 120.1922276,23.0681975 120.1924034,23.0681951 120.1926467,23.0681717</coordinates></LinearRing></outerBoundaryIs>
        </Polygon>
      </MultiGeometry>
  </Placemark>
  <Placemark>
	<Style><LineStyle><color>ff0000ff</color></LineStyle><PolyStyle><fill>0</fill></PolyStyle></Style>
	<ExtendedData><SchemaData schemaUrl="#114SEC_DBTBLPD">
		<SimpleData name="段碼">1275</SimpleData>
		<SimpleData name="段名">安吉段</SimpleData>
		<SimpleData name="行政區">安南區</SimpleData>
	</SchemaData></ExtendedData>
      <MultiGeometry>
        <Polygon>
          <outerBoundaryIs><LinearRing><coordinates>120.1811903,23.0771086 120.187261,23.0829559 120.1872761,23.0829727 120.1872761,23.0829728 120.1870739,23.0830573 120.1840753,23.0801415 120.1838406,23.0799316 120.1833502,23.0794593 120.1815318,23.0777149 120.1812564,23.0774517 120.1810482,23.0772473 120.1811903,23.0771086</coordinates></LinearRing></outerBoundaryIs>
        </Polygon>
        <Polygon>
          <outerBoundaryIs><LinearRing><coordinates>120.1797888,23.0680842 120.1798728,23.068097 120.1801767,23.0681099 120.1805576,23.0681241 120.1806797,23.0681643 120.1809703,23.0681992 120.1813107,23.0682034 120.1815663,23.0682393 120.1818091,23.0682616 120.1822574,23.0682769 120.1823698,23.0682897 120.1824492,23.0683406 120.1825069,23.068429 120.1825264,23.0684712 120.1825491,23.0685095 120.1825898,23.068542 120.182654,23.0685599 120.1827798,23.0685564 120.1829877,23.0685123 120.1831044,23.0684913 120.1832387,23.0684668 120.1836986,23.0683859 120.1841299,23.0683388 120.1844258,23.0682968 120.1846797,23.0682624 120.1847966,23.0682731 120.1856464,23.0685507 120.1858213,23.068572 120.1859614,23.0685714 120.1860144,23.0685728 120.1861015,23.0686075 120.1861744,23.0686304 120.1863359,23.0686979 120.1864161,23.0687325 120.1865805,23.0688009 120.1867197,23.068842 120.1869227,23.0689016 120.1870343,23.0689232 120.1874815,23.0690106 120.1876216,23.0690122 120.1877138,23.0690025 120.1878958,23.0689675 120.1880711,23.0690042 120.1881932,23.0689871 120.1883984,23.0689348 120.188566,23.068848 120.1886293,23.0687993 120.1887591,23.0687216 120.1888921,23.06866 120.1889428,23.0686408 120.1891884,23.0685486 120.1892936,23.068511 120.1895105,23.0684316 120.1895133,23.0684303 120.1896241,23.0683855 120.1896554,23.0684111 120.1898037,23.0683279 120.1897924,23.0683108 120.1897925,23.0683106 120.189855,23.0682858 120.1899617,23.068253 120.1901343,23.0682384 120.1902654,23.0682419 120.190375,23.0682647 120.1906586,23.068279 120.1911146,23.0682348 120.1911147,23.0682349 120.1911116,23.0682961 120.1911439,23.0684442 120.1911303,23.0689751 120.1911319,23.0694329 120.191146,23.0698905 120.1911723,23.0703476 120.191211,23.070804 120.1912621,23.0712594 120.1913118,23.0716227 120.1912737,23.0716646 120.1912847,23.0717372 120.1913324,23.0717587 120.191401,23.0721658 120.1914887,23.0726163 120.1915886,23.0730647 120.1917149,23.073564 120.1915181,23.0740118 120.1916144,23.0740643 120.1917911,23.0738388 120.1917913,23.0738389 120.1918247,23.0739538 120.1919607,23.074394 120.1921084,23.0748309 120.1922678,23.0752641 120.1924381,23.0756934 120.1926188,23.0761188 120.1928092,23.0765403 120.1930087,23.0769578 120.193062,23.0770657 120.1930945,23.0771524 120.1930677,23.077174 120.1931263,23.0772898 120.1932209,23.0773797 120.1934327,23.0777813 120.1936561,23.0781874 120.1938868,23.07859 120.1941247,23.078989 120.1943698,23.0793843 120.194622,23.0797758 120.1948812,23.0801633 120.1950027,23.0803402 120.1950277,23.0804012 120.1950192,23.0804389 120.1950488,23.0804812 120.1950488,23.0804813 120.1941161,23.0808414 120.1939983,23.0808661 120.1935521,23.080999 120.193418,23.0810835 120.1930386,23.0813018 120.1926948,23.0814553 120.192387,23.0815598 120.1922075,23.0816264 120.1922074,23.0816263 120.1915611,23.0801311 120.1913337,23.0795905 120.1913084,23.0795319 120.1907243,23.0781719 120.1905577,23.0778095 120.1902326,23.0770542 120.1901341,23.0769091 120.1901341,23.076909 120.1903469,23.0768979 120.1900635,23.0764349 120.1900501,23.076414 120.1898628,23.0761071 120.1897105,23.0758584 120.1889317,23.074643 120.1887684,23.0743993 120.1886217,23.0741822 120.188539,23.0740594 120.1878598,23.073054 120.1872865,23.0722062 120.1868053,23.0720176 120.1862068,23.071788 120.1861916,23.0717821 120.1856138,23.0715632 120.1855575,23.0715389 120.1855516,23.0715429 120.1859976,23.0725501 120.1859975,23.0725502 120.1809305,23.072388 120.1809497,23.0724997 120.1809401,23.0725665 120.1809079,23.0726688 120.1808766,23.0726721 120.1805642,23.0727204 120.1807296,23.073742 120.1812571,23.0737558 120.1812571,23.073756 120.1810617,23.0738144 120.1810936,23.0741843 120.181151,23.0741773 120.1813803,23.0742188 120.1815231,23.0746694 120.1808345,23.0751363 120.1809287,23.0751395 120.1809288,23.0751396 120.1808697,23.0752003 120.1808912,23.0752183 120.181257,23.0755111 120.1813525,23.0755871 120.1814088,23.0757171 120.1815574,23.0760561 120.1808284,23.07676 120.1808282,23.07676 120.1806819,23.0766188 120.1805606,23.0764957 120.1797566,23.0757194 120.1793201,23.0752888 120.1792029,23.0751764 120.1789911,23.0749715 120.1787424,23.0747472 120.1787128,23.0737689 120.1787129,23.0737688 120.1794565,23.0739123 120.1801154,23.0728403 120.1803329,23.0727433 120.1805598,23.0726937 120.1806368,23.0726789 120.1808587,23.0726333 120.1809004,23.0725419 120.1808489,23.0721998 120.1808503,23.071767 120.1809796,23.071751 120.1808466,23.0708942 120.1808768,23.0708173 120.1809714,23.0707806 120.1801959,23.0690115 120.1798164,23.0681473 120.1798145,23.0681416 120.1797887,23.0680843 120.1797888,23.0680842</coordinates></LinearRing></outerBoundaryIs>
        </Polygon>
      </MultiGeometry>
  </Placemark>
  <Placemark>
	<Style><LineStyle><color>ff0000ff</color></LineStyle><PolyStyle><fill>0</fill></PolyStyle></Style>
	<ExtendedData><SchemaData schemaUrl="#114SEC_DBTBLPD">
		<SimpleData name="段碼">1276</SimpleData>
		<SimpleData name="段名">神榕段</SimpleData>
		<SimpleData name="行政區">安南區</SimpleData>
	</SchemaData></ExtendedData>
      <MultiGeometry>
        <Polygon>
          <outerBoundaryIs><LinearRing><coordinates>120.1763859,23.0672568 120.1766066,23.067358 120.1768766,23.0674492 120.1772435,23.0674922 120.177585,23.0676666 120.1780711,23.0677449 120.1781113,23.0678293 120.1784305,23.0677877 120.1786192,23.0677915 120.1791959,23.06793 120.1793066,23.0679758 120.1797092,23.0680719 120.1797888,23.0680841 120.1798146,23.0681414 120.1798164,23.0681471 120.1801959,23.0690114 120.1809715,23.0707805 120.1808768,23.0708173 120.1808467,23.0708941 120.1809797,23.071751 120.1809796,23.0717511 120.1808504,23.071767 120.1808489,23.0721997 120.1809004,23.0725419 120.1808586,23.0726334 120.1806133,23.0726834 120.1805597,23.0726938 120.1803328,23.0727433 120.1801154,23.0728403 120.1794565,23.0739124 120.1787128,23.0737689 120.1787424,23.074747 120.178991,23.0749713 120.1792028,23.0751762 120.1793201,23.0752886 120.1797565,23.0757192 120.1805605,23.0764955 120.1806819,23.0766186 120.1811899,23.0771088 120.1810482,23.0772471 120.1812564,23.0774515 120.1829672,23.0790871 120.1833502,23.0794591 120.1838406,23.0799314 120.1840752,23.0801413 120.1840751,23.0801414 120.1838201,23.0800643 120.1835028,23.0799723 120.1832853,23.07985 120.1827016,23.0795441 120.1821872,23.0792574 120.1819902,23.0791578 120.18188,23.0791008 120.1811277,23.0785852 120.1808559,23.0790684 120.1797433,23.0787206 120.1787943,23.0784229 120.1785861,23.0783796 120.1786196,23.07853 120.1781155,23.0787655 120.1775221,23.0786612 120.1774362,23.0791613 120.1765542,23.079061 120.1765476,23.0795166 120.1765603,23.0799483 120.1765712,23.0802953 120.1765775,23.0803916 120.176534,23.0805404 120.1765247,23.0807149 120.1765022,23.0808325 120.1763874,23.0809896 120.1763657,23.0810327 120.1762936,23.0810934 120.1762659,23.081095 120.1749741,23.0809556 120.1749471,23.080953 120.1749314,23.080938 120.1746086,23.0805539 120.1745587,23.0804642 120.1744879,23.0803136 120.1744059,23.0801855 120.1742434,23.080017 120.1741822,23.0799687 120.1740904,23.0799284 120.1740059,23.0799173 120.1739254,23.0798763 120.1738592,23.0798189 120.1738374,23.0798003 120.1735336,23.0793512 120.1733907,23.0791643 120.1733458,23.0790995 120.1733232,23.0789137 120.173251,23.078799 120.1731733,23.078696 120.1729565,23.0784722 120.1727164,23.07825 120.1726678,23.0782022 120.1724898,23.0780619 120.1723975,23.0780111 120.1720647,23.077936 120.1718748,23.0777605 120.1715599,23.0774517 120.1713217,23.0772584 120.1709545,23.0770024 120.170847,23.0769155 120.1707669,23.0768339 120.1707426,23.0768251 120.1706138,23.0767349 120.1705211,23.0766199 120.1703749,23.0764343 120.1701758,23.0763283 120.1701757,23.0763282 120.1702066,23.0762978 120.1702074,23.076266 120.1702544,23.076153 120.1703073,23.0760197 120.1703486,23.0759615 120.1703636,23.0759388 120.1705098,23.0757894 120.1706319,23.0756624 120.1706682,23.0756617 120.1707469,23.0756566 120.172472,23.0758491 120.1725493,23.0758423 120.1725785,23.0758201 120.1735643,23.0759364 120.1735906,23.075747 120.1735907,23.0757469 120.1737556,23.0757699 120.1752898,23.0759635 120.1752933,23.0759801 120.17587,23.0760496 120.1763885,23.0761114 120.17646,23.0761145 120.1763853,23.0757812 120.1762631,23.0756629 120.1762588,23.0755864 120.1762591,23.0755444 120.1762645,23.0753205 120.1762166,23.0745305 120.176202,23.0743321 120.1762028,23.0743141 120.1761939,23.0741929 120.1761941,23.0741757 120.1762019,23.0739896 120.1762064,23.0739892 120.176244,23.0739873 120.1762407,23.0738522 120.1761867,23.0729614 120.1761837,23.0729161 120.1761806,23.0728614 120.1761268,23.0712482 120.1761129,23.0707905 120.176111,23.0707439 120.176097,23.0705048 120.1761321,23.0701957 120.1761499,23.069988 120.1761608,23.0697633 120.176163,23.0695474 120.1761726,23.0688601 120.1762552,23.0687271 120.1763166,23.0685917 120.1763219,23.0685809 120.1763535,23.0685022 120.1763082,23.0682033 120.1763858,23.0672569 120.1763859,23.0672568</coordinates></LinearRing></outerBoundaryIs>
        </Polygon>
      </MultiGeometry>
  </Placemark>
  <Placemark>
	<Style><LineStyle><color>ff0000ff</color></LineStyle><PolyStyle><fill>0</fill></PolyStyle></Style>
	<ExtendedData><SchemaData schemaUrl="#114SEC_DBTBLPD">
		<SimpleData name="段碼">1277</SimpleData>
		<SimpleData name="段名">佃北段</SimpleData>
		<SimpleData name="行政區">安南區</SimpleData>
	</SchemaData></ExtendedData>
      <MultiGeometry>
        <Polygon>
          <outerBoundaryIs><LinearRing><coordinates>120.176321,23.0682881 120.1763536,23.0685021 120.1763219,23.0685809 120.1763167,23.0685918 120.1762553,23.0687271 120.1761727,23.06886 120.176163,23.0695473 120.1761608,23.0697633 120.17615,23.069988 120.1761322,23.0701957 120.176097,23.0705047 120.1761111,23.0707438 120.1761129,23.0707904 120.1761268,23.0712481 120.1761807,23.0728613 120.1761838,23.072916 120.1761868,23.0729615 120.1762408,23.0738522 120.176244,23.0739873 120.176202,23.0739896 120.1761941,23.0741757 120.176194,23.0741928 120.1762029,23.0743141 120.176202,23.074332 120.1762166,23.0745304 120.1762645,23.0753205 120.1762592,23.0755444 120.1762589,23.0755863 120.1762632,23.0756628 120.1763854,23.0757811 120.1764601,23.0761145 120.17646,23.0761146 120.1763884,23.0761115 120.1758698,23.0760497 120.1752931,23.0759802 120.1752896,23.0759636 120.1737554,23.07577 120.1735907,23.0757471 120.1735642,23.0759366 120.1725784,23.0758202 120.1725492,23.0758425 120.1724719,23.0758492 120.1707468,23.0756567 120.1706681,23.0756618 120.1706319,23.0756624 120.1705097,23.0757894 120.1703636,23.0759388 120.1703486,23.0759616 120.1703073,23.0760197 120.1702544,23.076153 120.1702074,23.076266 120.1702066,23.0762978 120.1701757,23.0763282 120.1699552,23.0766688 120.1690237,23.0780115 120.1688836,23.0781887 120.1686728,23.0784708 120.1686165,23.0785431 120.1685609,23.0786423 120.1684705,23.0787994 120.1681143,23.0793333 120.167916,23.0796201 120.1681555,23.0805294 120.1681554,23.0805295 120.1661474,23.0800926 120.1660654,23.0796206 120.1660321,23.0792377 120.1658982,23.0787162 120.165894,23.0783977 120.1658849,23.0782542 120.165884,23.0781951 120.1658686,23.077275 120.1658743,23.0772196 120.1658796,23.0771856 120.1655656,23.076656 120.1655292,23.076607 120.1647587,23.0759213 120.1644428,23.0756364 120.1638506,23.0757103 120.1637464,23.0755747 120.1635337,23.0752842 120.1631477,23.0748717 120.1627618,23.0743558 120.1625682,23.0740878 120.1621821,23.0736222 120.1618664,23.0732256 120.1618634,23.0731902 120.1617454,23.0730327 120.1624632,23.0724996 120.1645296,23.0709907 120.1647975,23.0707945 120.1660732,23.0698347 120.1710654,23.0690774 120.1716513,23.0689872 120.1717649,23.0689712 120.1729242,23.0687962 120.176321,23.0682881</coordinates></LinearRing></outerBoundaryIs>
        </Polygon>
      </MultiGeometry>
  </Placemark>
  <Placemark>
	<Style><LineStyle><color>ff0000ff</color></LineStyle><PolyStyle><fill>0</fill></PolyStyle></Style>
	<ExtendedData><SchemaData schemaUrl="#114SEC_DBTBLPD">
		<SimpleData name="段碼">1278</SimpleData>
		<SimpleData name="段名">北興段</SimpleData>
		<SimpleData name="行政區">安南區</SimpleData>
	</SchemaData></ExtendedData>
      <MultiGeometry>
        <Polygon>
          <outerBoundaryIs><LinearRing><coordinates>120.1617455,23.0730327 120.1618636,23.0731902 120.1618666,23.0732256 120.1621823,23.0736222 120.1625684,23.0740878 120.162762,23.0743558 120.1631479,23.0748716 120.1635339,23.0752842 120.1637466,23.0755747 120.1638508,23.0757102 120.1644429,23.0756363 120.1647588,23.0759213 120.1655294,23.0766069 120.1655657,23.076656 120.1658798,23.0771857 120.1658745,23.0772197 120.1658688,23.0772751 120.1658842,23.0781951 120.1658851,23.0782542 120.1658942,23.0783978 120.1658984,23.0787162 120.1660323,23.0792378 120.1660656,23.0796206 120.1661476,23.0800925 120.1681553,23.0805294 120.1679158,23.0796201 120.1681142,23.0793333 120.1684704,23.0787994 120.1685608,23.0786423 120.1686163,23.0785431 120.1686727,23.0784707 120.1688834,23.0781886 120.1690235,23.0780115 120.169955,23.0766688 120.1701757,23.0763282 120.1703749,23.0764342 120.1705211,23.0766198 120.1706138,23.0767348 120.1707426,23.076825 120.1707669,23.0768338 120.170847,23.0769154 120.1709544,23.0770023 120.1713217,23.0772583 120.1715599,23.0774516 120.1718748,23.0777603 120.1720647,23.0779359 120.1723974,23.078011 120.1724898,23.0780618 120.1726678,23.0782021 120.1727164,23.0782499 120.1729565,23.078472 120.1731733,23.0786959 120.173251,23.0787989 120.1733233,23.0789136 120.1733458,23.0790994 120.1733907,23.0791642 120.1735336,23.0793511 120.1738375,23.0798002 120.1738591,23.0798188 120.1739254,23.0798762 120.1740059,23.0799171 120.1740904,23.0799282 120.1741821,23.0799686 120.1742434,23.0800169 120.1744059,23.0801854 120.1744879,23.0803135 120.1745588,23.0804641 120.1746086,23.0805538 120.1749315,23.0809379 120.1750005,23.0810045 120.1739313,23.0827383 120.1739312,23.0827383 120.1737889,23.082616 120.1727557,23.0835776 120.1720683,23.0829869 120.1716372,23.0826373 120.1709154,23.0821923 120.1693536,23.0827958 120.1690192,23.0828887 120.1690216,23.0829573 120.167752,23.0835936 120.1671849,23.0838309 120.1670922,23.0838708 120.1670925,23.0838726 120.1670721,23.0838908 120.1666634,23.0840592 120.1662322,23.0842389 120.1664519,23.0842241 120.1672483,23.0844642 120.1672492,23.0844646 120.1672621,23.0845215 120.1671991,23.0848418 120.1671233,23.0850181 120.1671789,23.0850352 120.1672707,23.0853957 120.1672706,23.0853958 120.1652185,23.0847425 120.1631557,23.084287 120.1609943,23.0838518 120.1609942,23.0838517 120.1610335,23.083731 120.1607494,23.083707 120.1606341,23.0837034 120.1606341,23.0837033 120.1606371,23.0836937 120.1586011,23.0835298 120.1529937,23.0831004 120.1530938,23.0834551 120.1530937,23.0834552 120.1523423,23.0836331 120.1522017,23.0831318 120.1496289,23.0837117 120.1496288,23.0837117 120.1490539,23.0809154 120.1499361,23.0806503 120.1498525,23.0803118 120.1494288,23.0782899 120.1494139,23.0782186 120.149414,23.0782185 120.1500771,23.0782151 120.1515336,23.0782034 120.1515851,23.0782028 120.1516315,23.0782019 120.1516894,23.0782005 120.1517573,23.0781981 120.1517799,23.0781972 120.1519002,23.0781911 120.1520132,23.0781835 120.15213,23.0781737 120.1521891,23.078168 120.1522329,23.0781635 120.1522673,23.0781598 120.1523246,23.0781532 120.1523703,23.0781475 120.1524161,23.0781416 120.1524648,23.078135 120.1525069,23.078129 120.1525525,23.0781222 120.1525981,23.0781151 120.1526461,23.0781073 120.1528515,23.0780724 120.1530496,23.078039 120.1558174,23.0775705 120.1559195,23.0775502 120.1559697,23.077538 120.155998,23.0775304 120.1560262,23.0775223 120.1560543,23.0775138 120.1560821,23.0775048 120.1561265,23.0774895 120.1561649,23.0774752 120.1561945,23.0774634 120.1562612,23.0774346 120.1563242,23.0774043 120.15635,23.077391 120.1563913,23.0773685 120.1580205,23.0764521 120.1580874,23.0764127 120.158115,23.0763954 120.1581424,23.0763775 120.1581998,23.0763379 120.1582215,23.0763221 120.1583075,23.0762545 120.158348,23.0762198 120.158372,23.0761982 120.1583956,23.0761762 120.1584321,23.0761407 120.1591971,23.0753748 120.1595049,23.075054 120.16033,23.0741955 120.1603789,23.0741456 120.1605343,23.0739937 120.1606218,23.0739122 120.1608457,23.0737162 120.1608929,23.0736769 120.1610025,23.0735885 120.1610816,23.0735269 120.1611693,23.0734607 120.1617455,23.0730327</coordinates></LinearRing></outerBoundaryIs>
        </Polygon>
      </MultiGeometry>
  </Placemark>
  <Placemark>
	<Style><LineStyle><color>ff0000ff</color></LineStyle><PolyStyle><fill>0</fill></PolyStyle></Style>
	<ExtendedData><SchemaData schemaUrl="#114SEC_DBTBLPD">
		<SimpleData name="段碼">1279</SimpleData>
		<SimpleData name="段名">學北段</SimpleData>
		<SimpleData name="行政區">安南區</SimpleData>
	</SchemaData></ExtendedData>
      <MultiGeometry>
        <Polygon>
          <outerBoundaryIs><LinearRing><coordinates>120.1462008,23.0781852 120.1464693,23.0781957 120.1464643,23.0781881 120.1464644,23.078188 120.1494137,23.0782185 120.1498523,23.0803116 120.1499359,23.0806502 120.1490538,23.0809153 120.1496285,23.0837116 120.1457886,23.0845444 120.1459054,23.0850285 120.1459054,23.0850286 120.145182,23.0851624 120.1450232,23.0844939 120.1378519,23.082664 120.1373107,23.0825079 120.1361466,23.0821806 120.1356995,23.0821515 120.1356994,23.0821514 120.1358075,23.0817601 120.1357527,23.0811715 120.1357528,23.0811714 120.1357872,23.0811909 120.1358019,23.0812008 120.1358372,23.081189 120.1358748,23.081176 120.1359161,23.0811611 120.1359449,23.0811504 120.1359782,23.0811376 120.1360005,23.0811289 120.1367494,23.0808172 120.1369052,23.080752 120.1370829,23.0806805 120.1391056,23.0798691 120.1392805,23.0798115 120.1393332,23.0797944 120.1397095,23.0796708 120.1398181,23.0796359 120.14025,23.0794995 120.1415949,23.0790877 120.141595,23.0790877 120.1415963,23.0790938 120.1427631,23.0787349 120.1436054,23.0785759 120.1448191,23.0783575 120.145529,23.0782364 120.1456783,23.0782149 120.1457408,23.0782076 120.1458035,23.0782014 120.1458663,23.0781961 120.1459292,23.0781919 120.1459922,23.0781886 120.1460552,23.0781864 120.1462008,23.0781852</coordinates></LinearRing></outerBoundaryIs>
        </Polygon>
      </MultiGeometry>
  </Placemark>
  <Placemark>
	<Style><LineStyle><color>ff0000ff</color></LineStyle><PolyStyle><fill>0</fill></PolyStyle></Style>
	<ExtendedData><SchemaData schemaUrl="#114SEC_DBTBLPD">
		<SimpleData name="段碼">1280</SimpleData>
		<SimpleData name="段名">國聖段</SimpleData>
		<SimpleData name="行政區">安南區</SimpleData>
	</SchemaData></ExtendedData>
      <MultiGeometry>
        <Polygon>
          <outerBoundaryIs><LinearRing><coordinates>120.1343283,23.0654798 120.1343284,23.0654799 120.1344393,23.0670615 120.1350229,23.0733316 120.1350657,23.0737934 120.1350815,23.0739608 120.1358075,23.08176 120.1356992,23.0821514 120.1346034,23.0820929 120.134014,23.0819936 120.1340587,23.0817346 120.1329829,23.0815869 120.1307928,23.0811891 120.1306017,23.0788843 120.1305115,23.077994 120.1304514,23.0769678 120.1303902,23.0757159 120.1303744,23.0754823 120.1303661,23.0748288 120.1303401,23.0745102 120.1303646,23.0744243 120.130367,23.0742603 120.1304712,23.0737913 120.1304524,23.0733845 120.1305109,23.0731131 120.1305576,23.0730443 120.1305606,23.0724746 120.130554,23.072309 120.1303879,23.0718655 120.1303706,23.0715296 120.1303665,23.0712757 120.1303192,23.0711133 120.1303194,23.0701057 120.1303413,23.0699444 120.130352,23.0697022 120.1303562,23.0695051 120.1303122,23.069357 120.1303089,23.0692243 120.130312,23.0690533 120.1302554,23.0690517 120.1302558,23.0687873 120.1302637,23.0687426 120.1303213,23.0685268 120.1303759,23.0683577 120.1304517,23.0677219 120.1304606,23.0676758 120.1305318,23.067219 120.1305412,23.0671633 120.1311992,23.066294 120.1313456,23.0662336 120.1314109,23.0662145 120.1317868,23.0661719 120.1320228,23.0661474 120.1324621,23.0661175 120.1325349,23.0661051 120.1326868,23.0660067 120.133043,23.0658408 120.1331535,23.0657863 120.1334177,23.0657942 120.133529,23.0657958 120.1338052,23.0657102 120.1340421,23.0655825 120.134113,23.0655556 120.1343283,23.0654798</coordinates></LinearRing></outerBoundaryIs>
        </Polygon>
      </MultiGeometry>
  </Placemark>
  <Placemark>
	<Style><LineStyle><color>ff0000ff</color></LineStyle><PolyStyle><fill>0</fill></PolyStyle></Style>
	<ExtendedData><SchemaData schemaUrl="#114SEC_DBTBLPD">
		<SimpleData name="段碼">1281</SimpleData>
		<SimpleData name="段名">城東段</SimpleData>
		<SimpleData name="行政區">安南區</SimpleData>
	</SchemaData></ExtendedData>
      <MultiGeometry>
        <Polygon>
          <outerBoundaryIs><LinearRing><coordinates>120.1340232,23.0611081 120.1340456,23.0614297 120.1340867,23.0620095 120.134093,23.0621085 120.1340943,23.0621278 120.1343282,23.0654797 120.1341075,23.0655574 120.134042,23.0655823 120.1338051,23.0657101 120.1335289,23.0657957 120.1334205,23.0657942 120.1331534,23.0657862 120.133043,23.0658407 120.1326867,23.0660066 120.1325389,23.0661023 120.132462,23.0661174 120.1320226,23.0661473 120.1317867,23.0661718 120.1314108,23.0662144 120.1313455,23.0662335 120.1311991,23.0662939 120.1311046,23.0664188 120.1309099,23.0666839 120.1308143,23.066669 120.1308044,23.0666686 120.1307507,23.0666885 120.1303383,23.0666602 120.1291956,23.0665792 120.1291789,23.0661126 120.1291779,23.0660865 120.1292272,23.0651023 120.1292635,23.0650721 120.1306384,23.0651449 120.1307271,23.0650842 120.1308006,23.0646809 120.1308365,23.0644818 120.13066,23.0634696 120.1299665,23.063243 120.1295289,23.0630127 120.1295152,23.0629693 120.1296971,23.0626509 120.1297438,23.0626379 120.1297191,23.0625666 120.1298176,23.062476 120.1298087,23.0624546 120.1298147,23.0624324 120.1306178,23.0617168 120.130792,23.0615555 120.1309462,23.0614196 120.1310054,23.0613808 120.1310761,23.0613419 120.1312029,23.0613052 120.1312491,23.0612902 120.1314338,23.0612552 120.13159,23.0612332 120.1340232,23.0611081</coordinates></LinearRing></outerBoundaryIs>
          <innerBoundaryIs><LinearRing><coordinates>120.1317896,23.0634217 120.1317305,23.0634296 120.1317869,23.0634294 120.1317896,23.0634217</coordinates></LinearRing></innerBoundaryIs>
          <innerBoundaryIs><LinearRing><coordinates>120.1318707,23.0634305 120.1318452,23.0634307 120.1318728,23.063431 120.1318707,23.0634305</coordinates></LinearRing></innerBoundaryIs>
        </Polygon>
      </MultiGeometry>
  </Placemark>
  <Placemark>
	<Style><LineStyle><color>ff0000ff</color></LineStyle><PolyStyle><fill>0</fill></PolyStyle></Style>
	<ExtendedData><SchemaData schemaUrl="#114SEC_DBTBLPD">
		<SimpleData name="段碼">1282</SimpleData>
		<SimpleData name="段名">砂崙段</SimpleData>
		<SimpleData name="行政區">安南區</SimpleData>
	</SchemaData></ExtendedData>
      <MultiGeometry>
        <Polygon>
          <outerBoundaryIs><LinearRing><coordinates>120.1226244,23.0724722 120.1226303,23.0724861 120.1225808,23.0726023 120.1226062,23.0726858 120.122782,23.0734075 120.1229706,23.0741883 120.1230107,23.0743458 120.1230857,23.0746539 120.1231112,23.0746424 120.1235538,23.0748167 120.1236127,23.0748302 120.1237737,23.0748662 120.1238779,23.0748893 120.1241216,23.0749263 120.1244288,23.0749774 120.1246536,23.075015 120.1248941,23.0750544 120.1253912,23.0751334 120.125482,23.0751501 120.125675,23.0751252 120.1257147,23.0751203 120.1258384,23.0750763 120.1259201,23.0750306 120.1259768,23.0749857 120.1261715,23.0748277 120.1261717,23.0748277 120.1262863,23.0751418 120.12666,23.0752285 120.1269592,23.075296 120.1272296,23.0753605 120.1273715,23.0753938 120.1274207,23.0755111 120.1274732,23.0754178 120.1275137,23.0754267 120.1275479,23.0755301 120.1275884,23.075479 120.1281999,23.0756554 120.1283228,23.0756919 120.1285202,23.0757502 120.1291418,23.0759312 120.1291499,23.0759057 120.1291501,23.0759057 120.1304128,23.0763093 120.1305116,23.0779939 120.1306018,23.0788842 120.1307806,23.0810408 120.1307928,23.081189 120.1307927,23.0811891 120.1279441,23.0806184 120.1279255,23.0805114 120.1275662,23.0804416 120.1273805,23.0804074 120.1273804,23.0804073 120.1274453,23.0801072 120.1277343,23.078631 120.1258689,23.0784515 120.1257818,23.0788664 120.1257352,23.0791154 120.1256933,23.0793229 120.1256761,23.0794026 120.1255692,23.0799339 120.1255596,23.0800042 120.1255424,23.080126 120.1255423,23.0801261 120.1224928,23.0795659 120.1189583,23.0789023 120.1190142,23.0770692 120.1190216,23.0762549 120.1190217,23.0762548 120.1190532,23.0762603 120.1191598,23.0731345 120.1191599,23.0731344 120.1195807,23.0731658 120.1198372,23.0732213 120.1202118,23.0733325 120.1204404,23.0733854 120.1205409,23.0734081 120.1205524,23.0734113 120.1206588,23.0734264 120.1207814,23.0734393 120.1208868,23.0734534 120.1209855,23.0734607 120.1211589,23.0734256 120.1214078,23.0733479 120.1214868,23.0733092 120.1216065,23.0731583 120.1217157,23.0730438 120.1217615,23.0730153 120.1218651,23.0729435 120.1219147,23.0729134 120.1219432,23.0728724 120.1221899,23.072711 120.1225156,23.0726179 120.1226244,23.0724722</coordinates></LinearRing></outerBoundaryIs>
          <innerBoundaryIs><LinearRing><coordinates>120.1198009,23.0771684 120.1198377,23.0771937 120.1198153,23.0771779 120.1198009,23.0771684</coordinates></LinearRing></innerBoundaryIs>
        </Polygon>
      </MultiGeometry>
  </Placemark>
  <Placemark>
	<Style><LineStyle><color>ff0000ff</color></LineStyle><PolyStyle><fill>0</fill></PolyStyle></Style>
	<ExtendedData><SchemaData schemaUrl="#114SEC_DBTBLPD">
		<SimpleData name="段碼">1283</SimpleData>
		<SimpleData name="段名">聖母段</SimpleData>
		<SimpleData name="行政區">安南區</SimpleData>
	</SchemaData></ExtendedData>
      <MultiGeometry>
        <Polygon>
          <outerBoundaryIs><LinearRing><coordinates>120.1261668,23.0664552 120.126171,23.0664556 120.126836,23.0665026 120.1291987,23.06667 120.1291956,23.0665793 120.1291957,23.0665792 120.1303818,23.0666631 120.1307506,23.0666885 120.130805,23.0666683 120.13091,23.0666757 120.13091,23.0666759 120.1305412,23.0671633 120.1305318,23.0672189 120.1304606,23.0676757 120.1304517,23.0677218 120.1303759,23.0683576 120.1303213,23.0685267 120.1302637,23.0687425 120.1302558,23.0687872 120.1302554,23.0690515 120.130312,23.0690531 120.1303089,23.0692241 120.1303122,23.0693569 120.1303562,23.0695049 120.130352,23.069702 120.1303413,23.0699443 120.1303194,23.0701056 120.1303192,23.0711132 120.1303665,23.0712755 120.1303706,23.0715295 120.130388,23.0718654 120.130554,23.0723089 120.1305606,23.0724745 120.1305576,23.0730442 120.1305109,23.073113 120.1304524,23.0733844 120.1304712,23.0737912 120.130367,23.0742602 120.1303646,23.0744242 120.1303401,23.07451 120.1303661,23.0748286 120.1303744,23.0754822 120.1303903,23.0757158 120.1304193,23.0763113 120.1304192,23.0763114 120.12915,23.0759058 120.1291418,23.0759313 120.1291417,23.0759313 120.1285201,23.0757503 120.1283226,23.075692 120.1281998,23.0756555 120.1275886,23.0754792 120.1275501,23.0755312 120.1275499,23.0755312 120.1275135,23.0754268 120.1274734,23.0754176 120.1274207,23.0755113 120.1274205,23.0755113 120.1273461,23.075388 120.1272294,23.0753606 120.1269591,23.0752961 120.1266301,23.075222 120.1265639,23.0752064 120.1262861,23.0751418 120.1261714,23.0748279 120.1259768,23.0749858 120.1259201,23.0750307 120.1258384,23.0750764 120.1257146,23.0751204 120.1256749,23.0751253 120.1254819,23.0751502 120.125391,23.0751335 120.124888,23.0750535 120.1246535,23.0750151 120.1244286,23.0749775 120.1241214,23.0749264 120.1238778,23.0748894 120.1237735,23.0748663 120.1236125,23.0748302 120.1235536,23.0748168 120.1231281,23.0746428 120.1230867,23.0746586 120.1230866,23.0746586 120.1226798,23.072989 120.1225805,23.0726022 120.12263,23.072486 120.1226242,23.0724722 120.1227774,23.0722596 120.1227585,23.0722599 120.1227584,23.0722597 120.122956,23.0719254 120.1233293,23.0712922 120.1234473,23.0710947 120.1235763,23.0708765 120.1235764,23.0708765 120.1235973,23.0708875 120.123599,23.070838 120.123709,23.0706539 120.1238733,23.0703737 120.1238912,23.070342 120.1238979,23.0703421 120.1242672,23.0697018 120.1246268,23.0690879 120.1246866,23.0689808 120.1248278,23.0687431 120.125017,23.0684234 120.1254176,23.0677504 120.1261744,23.0664766 120.1261551,23.0664751 120.126155,23.0664749 120.1261668,23.0664552</coordinates></LinearRing></outerBoundaryIs>
        </Polygon>
      </MultiGeometry>
  </Placemark>
  <Placemark>
	<Style><LineStyle><color>ff0000ff</color></LineStyle><PolyStyle><fill>0</fill></PolyStyle></Style>
	<ExtendedData><SchemaData schemaUrl="#114SEC_DBTBLPD">
		<SimpleData name="段碼">1284</SimpleData>
		<SimpleData name="段名">科工段</SimpleData>
		<SimpleData name="行政區">安南區</SimpleData>
	</SchemaData></ExtendedData>
      <MultiGeometry>
        <Polygon>
          <outerBoundaryIs><LinearRing><coordinates>120.1330596,23.027596 120.1330637,23.0276149 120.1330837,23.0276981 120.1330936,23.0277345 120.1331042,23.0277707 120.1331154,23.0278067 120.1331274,23.0278425 120.13314,23.0278781 120.1331533,23.0279136 120.1331762,23.0279702 120.1332131,23.0280529 120.1332297,23.0280871 120.1332469,23.0281211 120.1332648,23.0281547 120.1332833,23.0281881 120.1333024,23.0282211 120.1333221,23.0282539 120.1333425,23.0282863 120.1333635,23.0283184 120.133385,23.0283501 120.1334072,23.0283815 120.1334299,23.0284125 120.1334533,23.0284432 120.1334772,23.0284735 120.1335016,23.0285034 120.1335267,23.0285328 120.1335522,23.0285619 120.1335784,23.0285906 120.133605,23.0286188 120.1336322,23.0286466 120.1336599,23.0286739 120.1336882,23.0287008 120.1337169,23.0287273 120.1337461,23.0287533 120.1337758,23.0287787 120.133806,23.0288038 120.1338366,23.0288283 120.1338678,23.0288523 120.1338993,23.0288758 120.1339313,23.0288988 120.1339637,23.0289213 120.1339966,23.0289432 120.1340298,23.0289647 120.1340635,23.0289855 120.1340975,23.0290059 120.1341319,23.0290257 120.1341667,23.0290449 120.1342018,23.0290635 120.1342373,23.0290816 120.1342731,23.0290991 120.1343093,23.0291161 120.1343458,23.0291324 120.1343825,23.0291482 120.1344196,23.0291633 120.1344569,23.0291779 120.1344945,23.0291918 120.1345324,23.0292052 120.1345705,23.0292179 120.1346398,23.0292393 120.144574,23.0315508 120.1448188,23.0316097 120.1449762,23.031651 120.1452431,23.0317274 120.1455968,23.0318413 120.1457495,23.0318951 120.1460343,23.0320031 120.1463497,23.0321347 120.1464969,23.0322007 120.1466427,23.032269 120.1467873,23.0323396 120.1469305,23.0324126 120.1470723,23.0324879 120.1472127,23.0325654 120.1473516,23.0326452 120.1474889,23.0327273 120.1476247,23.0328115 120.1478752,23.0329755 120.1514482,23.035382 120.1517342,23.0331248 120.1520704,23.0321725 120.1525774,23.031448 120.1526917,23.031276 120.1527491,23.0312274 120.1541047,23.0305147 120.1553019,23.0298609 120.1554883,23.0297593 120.156749,23.0290709 120.1568293,23.0290283 120.1572578,23.0293964 120.1574308,23.0294373 120.1579794,23.0296784 120.1584559,23.0299158 120.1587464,23.0300717 120.1592175,23.030422 120.1595335,23.0306812 120.1598987,23.0309966 120.1601513,23.0313145 120.1607365,23.0321614 120.1607763,23.0321566 120.1610872,23.0327204 120.1611097,23.0353005 120.1611118,23.0354165 120.1611138,23.0357623 120.1611216,23.0366479 120.1611227,23.0367909 120.1583394,23.0401841 120.1583392,23.0401841 120.1582771,23.0401381 120.1576828,23.0408681 120.1467364,23.0488744 120.1429112,23.051673 120.1397304,23.0540025 120.1396371,23.0540746 120.1396369,23.0540745 120.1396353,23.0540443 120.1396345,23.053985 120.1384853,23.0520845 120.1384059,23.0519588 120.138277,23.0517502 120.1373839,23.0503165 120.1365396,23.0489605 120.1358718,23.0479077 120.1358081,23.0478056 120.1356645,23.047581 120.1320062,23.0416361 120.1312591,23.040648 120.1308479,23.0399739 120.1296911,23.0380903 120.1294848,23.0377395 120.1274304,23.0358173 120.1273828,23.0357711 120.1273599,23.0357477 120.1273374,23.0357239 120.1273154,23.0356998 120.1272939,23.0356753 120.1272728,23.0356505 120.1272522,23.0356253 120.1272321,23.0355998 120.1272124,23.035574 120.1271933,23.0355479 120.1271746,23.0355215 120.1271565,23.0354947 120.1271252,23.0354461 120.1255984,23.0329853 120.1330596,23.027596</coordinates></LinearRing></outerBoundaryIs>
          <innerBoundaryIs><LinearRing><coordinates>120.1420658,23.0322963 120.1422226,23.0323165 120.1421395,23.0323055 120.1420658,23.0322963</coordinates></LinearRing></innerBoundaryIs>
          <innerBoundaryIs><LinearRing><coordinates>120.1411278,23.0324269 120.1414907,23.0324457 120.1414545,23.0324433 120.1414041,23.0324401 120.1413536,23.0324371 120.1413076,23.0324346 120.1412562,23.0324321 120.1412082,23.03243 120.1411278,23.0324269</coordinates></LinearRing></innerBoundaryIs>
          <innerBoundaryIs><LinearRing><coordinates>120.1415305,23.0324485 120.1416448,23.0324575 120.1415892,23.032453 120.1415305,23.0324485</coordinates></LinearRing></innerBoundaryIs>
          <innerBoundaryIs><LinearRing><coordinates>120.1416983,23.0324621 120.1418156,23.0324732 120.1417575,23.0324675 120.1416983,23.0324621</coordinates></LinearRing></innerBoundaryIs>
          <innerBoundaryIs><LinearRing><coordinates>120.1418547,23.0324772 120.1422028,23.0325191 120.1421356,23.0325101 120.1420849,23.0325036 120.1420341,23.0324973 120.1419499,23.0324875 120.1418547,23.0324772</coordinates></LinearRing></innerBoundaryIs>
          <innerBoundaryIs><LinearRing><coordinates>120.1456551,23.0344833 120.1457929,23.0345556 120.1457514,23.0345335 120.1457191,23.0345164 120.1456551,23.0344833</coordinates></LinearRing></innerBoundaryIs>
          <innerBoundaryIs><LinearRing><coordinates>120.1481701,23.035549 120.1481407,23.0355734 120.1481477,23.0355677 120.1481701,23.035549</coordinates></LinearRing></innerBoundaryIs>
          <innerBoundaryIs><LinearRing><coordinates>120.1481076,23.0356003 120.1479709,23.0357055 120.1480862,23.0356175 120.1481076,23.0356003</coordinates></LinearRing></innerBoundaryIs>
          <innerBoundaryIs><LinearRing><coordinates>120.147479,23.0358115 120.1476144,23.035952 120.1475864,23.0359222 120.1475459,23.0358799 120.147515,23.0358481 120.147479,23.0358115</coordinates></LinearRing></innerBoundaryIs>
        </Polygon>
      </MultiGeometry>
  </Placemark>
  <Placemark>
	<Style><LineStyle><color>ff0000ff</color></LineStyle><PolyStyle><fill>0</fill></PolyStyle></Style>
	<ExtendedData><SchemaData schemaUrl="#114SEC_DBTBLPD">
		<SimpleData name="段碼">1285</SimpleData>
		<SimpleData name="段名">海佃段</SimpleData>
		<SimpleData name="行政區">安南區</SimpleData>
	</SchemaData></ExtendedData>
      <MultiGeometry>
        <Polygon>
          <outerBoundaryIs><LinearRing><coordinates>120.187781,23.0220884 120.1886952,23.0222543 120.1886953,23.0222544 120.1886897,23.02228 120.1898104,23.0224872 120.1901904,23.022555 120.1901969,23.0225224 120.190197,23.0225223 120.1902829,23.0225389 120.1904583,23.0225717 120.1905232,23.0225828 120.1908937,23.0226498 120.1909581,23.0226621 120.1910054,23.0226706 120.1910107,23.022645 120.1910109,23.0226449 120.1913345,23.0227038 120.1913989,23.0227146 120.19182,23.0227893 120.1919508,23.0228128 120.1916815,23.0241282 120.1917481,23.0241427 120.1915688,23.0249827 120.1914718,23.0254367 120.1914023,23.0257627 120.1912716,23.0263746 120.1912299,23.0265714 120.1912215,23.0266094 120.1911974,23.0267115 120.1910416,23.0274371 120.1910041,23.0276093 120.1909498,23.027854 120.190918,23.0280157 120.1908951,23.028129 120.1908564,23.0282976 120.1907998,23.0285837 120.1907378,23.0288631 120.1907377,23.0288632 120.1906208,23.028831 120.1905958,23.0289678 120.1905511,23.0290194 120.190592,23.0290386 120.1905278,23.0295273 120.190527,23.0295312 120.1903997,23.0295333 120.1901492,23.0295747 120.1899432,23.0296293 120.1898986,23.029671 120.1899204,23.0297159 120.1899202,23.029716 120.1874698,23.029011 120.1854566,23.0282792 120.1855639,23.0275516 120.1855987,23.0273845 120.1855989,23.0273844 120.185613,23.0273885 120.185624,23.0273379 120.1856242,23.0273378 120.1865335,23.0275937 120.1865368,23.0275779 120.1865369,23.0275778 120.1866198,23.0276016 120.1867386,23.0270328 120.1868463,23.0265143 120.1868848,23.0263217 120.1868971,23.0262685 120.1870243,23.0256585 120.1871571,23.0250142 120.1872198,23.0247201 120.1873385,23.0241571 120.1873839,23.0239674 120.1874431,23.0236787 120.1874559,23.0236088 120.1875598,23.0231277 120.1876643,23.0226272 120.1877263,23.022316 120.1877632,23.0221387 120.187781,23.0220884</coordinates></LinearRing></outerBoundaryIs>
        </Polygon>
      </MultiGeometry>
  </Placemark>
  <Placemark>
	<Style><LineStyle><color>ff0000ff</color></LineStyle><PolyStyle><fill>0</fill></PolyStyle></Style>
	<ExtendedData><SchemaData schemaUrl="#114SEC_DBTBLPD">
		<SimpleData name="段碼">1286</SimpleData>
		<SimpleData name="段名">幸福段</SimpleData>
		<SimpleData name="行政區">安南區</SimpleData>
	</SchemaData></ExtendedData>
      <MultiGeometry>
        <Polygon>
          <outerBoundaryIs><LinearRing><coordinates>120.1880121,23.0170205 120.1883211,23.0172291 120.1882389,23.0173598 120.1884918,23.0174923 120.1885211,23.0173103 120.1885213,23.0173103 120.1889208,23.0175498 120.1891435,23.0177148 120.1892549,23.0178421 120.1892296,23.0180231 120.1895639,23.018342 120.1898819,23.0184464 120.1903583,23.0186754 120.1905059,23.0187721 120.1907244,23.018879 120.1910246,23.0190831 120.1911165,23.0192349 120.1916408,23.0194813 120.1918077,23.0196718 120.1918146,23.0196401 120.1922068,23.0196988 120.1925037,23.019868 120.1924824,23.0199015 120.192584,23.0199195 120.192584,23.0199196 120.1925019,23.0201839 120.1924877,23.0202927 120.1924534,23.0204363 120.1923658,23.0208317 120.1923397,23.0209664 120.1922921,23.0211482 120.1922481,23.0214373 120.1922161,23.0216019 120.1921956,23.021699 120.1921572,23.0219157 120.1921432,23.021996 120.1920493,23.0223315 120.1919508,23.0228127 120.1919507,23.0228128 120.1918199,23.0227894 120.1913989,23.0227146 120.1913344,23.0227039 120.1910109,23.022645 120.1910056,23.0226707 120.1910055,23.0226707 120.1909581,23.0226621 120.1908937,23.0226499 120.1905231,23.0225828 120.1904582,23.0225718 120.1902828,23.022539 120.1901971,23.0225224 120.1901905,23.022555 120.1901904,23.0225551 120.1898103,23.0224873 120.1886895,23.0222801 120.188695,23.0222543 120.1877808,23.0220884 120.187993,23.0210733 120.1879863,23.021072 120.1882231,23.0199361 120.1881452,23.0199087 120.1876741,23.0198259 120.1874162,23.0197824 120.1872034,23.0197448 120.187232,23.0196037 120.1872148,23.0195992 120.1872513,23.0194226 120.1872917,23.0192219 120.1873036,23.019147 120.1873284,23.0190395 120.1874134,23.0186578 120.1875266,23.0181534 120.1875797,23.0179267 120.1875876,23.017792 120.1875835,23.0177867 120.187637,23.0177044 120.1878655,23.017333 120.1880121,23.0170205</coordinates></LinearRing></outerBoundaryIs>
        </Polygon>
      </MultiGeometry>
  </Placemark>
  <Placemark>
	<Style><LineStyle><color>ff0000ff</color></LineStyle><PolyStyle><fill>0</fill></PolyStyle></Style>
	<ExtendedData><SchemaData schemaUrl="#114SEC_DBTBLPD">
		<SimpleData name="段碼">1287</SimpleData>
		<SimpleData name="段名">國安段</SimpleData>
		<SimpleData name="行政區">安南區</SimpleData>
	</SchemaData></ExtendedData>
      <MultiGeometry>
        <Polygon>
          <outerBoundaryIs><LinearRing><coordinates>120.1827646,23.0134911 120.1830116,23.0136395 120.1835959,23.013987 120.1835345,23.0141186 120.1835933,23.014175 120.1836754,23.0140203 120.1836755,23.0140202 120.1838324,23.0141055 120.1838282,23.0141262 120.1846171,23.0146442 120.1846171,23.0146443 120.1845881,23.0146732 120.1850499,23.0149971 120.1849516,23.015141 120.1849194,23.0151235 120.1847673,23.0153089 120.1848442,23.0153822 120.1851484,23.0150006 120.1851486,23.0150005 120.1857392,23.0154516 120.186011,23.0156336 120.1858375,23.0158897 120.1859539,23.0159276 120.1859347,23.0158797 120.1860496,23.0156953 120.1860497,23.0156953 120.1869435,23.0163208 120.1869518,23.0163656 120.1869777,23.0164102 120.1869304,23.0164968 120.1870944,23.016558 120.1871381,23.0164946 120.1871383,23.0164945 120.1874068,23.0166615 120.1876824,23.0168281 120.1874989,23.0171146 120.1875583,23.0171753 120.1877656,23.0168616 120.1877657,23.0168616 120.1880121,23.0170207 120.1878656,23.0173331 120.1876371,23.0177045 120.1875836,23.0177868 120.1875878,23.017792 120.1875798,23.0179268 120.1875267,23.0181534 120.1874135,23.0186578 120.1873285,23.0190396 120.1873037,23.0191471 120.1872918,23.0192219 120.1872514,23.0194227 120.187215,23.0195992 120.1872322,23.0196037 120.1872035,23.0197448 120.1874162,23.0197823 120.1876741,23.0198257 120.1881454,23.0199086 120.1882232,23.0199361 120.1879864,23.021072 120.1879932,23.0210733 120.187781,23.0220885 120.1877633,23.0221387 120.1877265,23.022316 120.1876644,23.0226272 120.1875599,23.0231277 120.187456,23.0236088 120.1874432,23.0236787 120.187384,23.0239673 120.1873386,23.0241571 120.1872199,23.02472 120.1871572,23.0250142 120.1870244,23.0256585 120.1868972,23.0262685 120.1868849,23.0263217 120.1868464,23.0265142 120.1867387,23.0270328 120.1866199,23.0276016 120.1866198,23.0276017 120.1865369,23.0275779 120.1865336,23.0275938 120.1865334,23.0275939 120.1856241,23.0273379 120.1856131,23.0273886 120.185613,23.0273886 120.1855988,23.0273846 120.185564,23.0275515 120.1854567,23.0282791 120.1854566,23.0282792 120.1850911,23.0281531 120.1849043,23.0281128 120.1844628,23.0280568 120.1841482,23.0280632 120.1841114,23.0280978 120.184038,23.0281154 120.1831229,23.0283265 120.1828906,23.0281424 120.1826431,23.0279788 120.1823104,23.0278196 120.1821822,23.0277457 120.1818789,23.0275641 120.1816393,23.0274576 120.1807605,23.0270904 120.1805572,23.0269963 120.1803353,23.026918 120.1799779,23.0267974 120.1795467,23.0266706 120.1790545,23.0264648 120.1774033,23.0261252 120.1765649,23.0259771 120.1758636,23.0255925 120.175475,23.0253355 120.1744598,23.024639 120.1743514,23.0244773 120.1741964,23.0242897 120.1739609,23.0240913 120.1737291,23.0239477 120.1735666,23.0239167 120.1734595,23.0239109 120.1733191,23.0238117 120.17325,23.023765 120.17325,23.0237649 120.1744589,23.0224593 120.1823109,23.0139799 120.1827572,23.0134983 120.1827646,23.0134911</coordinates></LinearRing></outerBoundaryIs>
        </Polygon>
      </MultiGeometry>
  </Placemark>
  <Placemark>
	<Style><LineStyle><color>ff0000ff</color></LineStyle><PolyStyle><fill>0</fill></PolyStyle></Style>
	<ExtendedData><SchemaData schemaUrl="#114SEC_DBTBLPD">
		<SimpleData name="段碼">1288</SimpleData>
		<SimpleData name="段名">顯宮段</SimpleData>
		<SimpleData name="行政區">安南區</SimpleData>
	</SchemaData></ExtendedData>
      <MultiGeometry>
        <Polygon>
          <outerBoundaryIs><LinearRing><coordinates>120.1230455,23.0344767 120.1230456,23.0344768 120.1230215,23.0345188 120.1229473,23.0345499 120.1230092,23.0347874 120.1230021,23.0348176 120.1232853,23.0357654 120.123327,23.0359204 120.1235681,23.036638 120.12357,23.0366621 120.1236429,23.0366632 120.1241059,23.0376016 120.1243122,23.0380175 120.1246825,23.03877 120.1253025,23.0401298 120.1258578,23.0400933 120.1259328,23.0392513 120.1259732,23.0392257 120.1270637,23.0395247 120.1283952,23.0403091 120.1290563,23.0403285 120.1292093,23.0409449 120.1311423,23.0407559 120.1313831,23.040812 120.1320062,23.041636 120.132828,23.0429715 120.1331147,23.0434399 120.1331527,23.0434992 120.1332248,23.0436167 120.133304,23.043745 120.1355782,23.0474407 120.135808,23.0478055 120.1358718,23.0479076 120.1365396,23.0489604 120.1373839,23.0503164 120.138277,23.0517501 120.1384059,23.0519588 120.1384852,23.0520844 120.1396345,23.0539849 120.1396353,23.0540443 120.1396369,23.0540746 120.1396259,23.0540975 120.1396491,23.0541459 120.1397297,23.0542838 120.1397848,23.0542782 120.1397849,23.0542783 120.1397465,23.0543075 120.1397574,23.0543281 120.1382258,23.0554476 120.1382256,23.0554475 120.138213,23.0553522 120.1379179,23.0550816 120.1363422,23.0537764 120.1355131,23.0535411 120.1352436,23.0533015 120.134952,23.0530061 120.1347398,23.0527798 120.1341361,23.0526473 120.1334712,23.0523363 120.1333601,23.0522697 120.1331782,23.0521939 120.1327787,23.0518617 120.1325108,23.0516864 120.1324018,23.0516242 120.1318643,23.0514964 120.1304776,23.0511634 120.1300152,23.0510192 120.1296785,23.0508924 120.1293938,23.0507214 120.1288973,23.0503479 120.1282318,23.0497805 120.1279173,23.0494866 120.1275819,23.0490835 120.1272631,23.0484728 120.1271039,23.0481972 120.1269632,23.0479398 120.1267916,23.0476249 120.1265931,23.0473647 120.1260207,23.0461054 120.1257223,23.0452743 120.1256699,23.0451692 120.1252921,23.044317 120.124525,23.0427851 120.1228028,23.0396621 120.1224635,23.0391011 120.1221926,23.0386123 120.1219358,23.0382067 120.1215415,23.0375421 120.1213132,23.0371711 120.1209008,23.0366142 120.1202515,23.035705 120.1197931,23.0350769 120.1197464,23.0350772 120.1197463,23.0350771 120.1197652,23.034895 120.1209335,23.0348581 120.1209902,23.0348571 120.1211314,23.0348751 120.1215101,23.0348052 120.1216235,23.034855 120.1221367,23.0347235 120.1226321,23.0344899 120.1230455,23.0344767</coordinates></LinearRing></outerBoundaryIs>
        </Polygon>
      </MultiGeometry>
  </Placemark>
  <Placemark>
	<Style><LineStyle><color>ff0000ff</color></LineStyle><PolyStyle><fill>0</fill></PolyStyle></Style>
	<ExtendedData><SchemaData schemaUrl="#114SEC_DBTBLPD">
		<SimpleData name="段碼">1289</SimpleData>
		<SimpleData name="段名">媽宮段</SimpleData>
		<SimpleData name="行政區">安南區</SimpleData>
	</SchemaData></ExtendedData>
      <MultiGeometry>
        <Polygon>
          <outerBoundaryIs><LinearRing><coordinates>120.1255338,23.0328814 120.1255928,23.0329763 120.1271249,23.0354457 120.1271562,23.0354944 120.1271744,23.0355211 120.127193,23.0355475 120.1272122,23.0355737 120.1272318,23.0355995 120.1272519,23.035625 120.1272725,23.0356501 120.1272936,23.0356749 120.1273152,23.0356994 120.1273371,23.0357235 120.1273596,23.0357473 120.1273825,23.0357707 120.1274302,23.0358169 120.1294846,23.0377392 120.1296908,23.03809 120.1304598,23.0393386 120.1308476,23.0399736 120.1312589,23.0406476 120.131383,23.0408118 120.1313829,23.0408119 120.131142,23.0407558 120.129209,23.0409448 120.129056,23.0403284 120.1283949,23.040309 120.1270634,23.0395246 120.125973,23.0392256 120.1259328,23.0392511 120.1258578,23.0400931 120.1253022,23.0401297 120.1246821,23.0387698 120.1236426,23.0366631 120.1235696,23.0366619 120.1235677,23.0366377 120.1233266,23.0359202 120.1232849,23.0357651 120.1230017,23.0348173 120.1230087,23.0347872 120.1229469,23.0345496 120.1230211,23.0345184 120.1230451,23.0344766 120.1226319,23.0344898 120.1226319,23.0344896 120.122699,23.0344614 120.1228077,23.034419 120.1233946,23.0341555 120.1238306,23.0339514 120.1239047,23.033912 120.1243637,23.0336935 120.1244732,23.0336147 120.1252627,23.033048 120.1254404,23.032891 120.1254405,23.032891 120.125457,23.0329413 120.1255338,23.0328814</coordinates></LinearRing></outerBoundaryIs>
        </Polygon>
      </MultiGeometry>
  </Placemark>
  <Placemark>
	<Style><LineStyle><color>ff0000ff</color></LineStyle><PolyStyle><fill>0</fill></PolyStyle></Style>
	<ExtendedData><SchemaData schemaUrl="#114SEC_DBTBLPD">
		<SimpleData name="段碼">1290</SimpleData>
		<SimpleData name="段名">青草段</SimpleData>
		<SimpleData name="行政區">安南區</SimpleData>
	</SchemaData></ExtendedData>
      <MultiGeometry>
        <Polygon>
          <outerBoundaryIs><LinearRing><coordinates>120.1107709,23.0612653 120.111028,23.0612703 120.1110957,23.0612769 120.115078,23.0613451 120.1170349,23.0613746 120.1196024,23.0614178 120.1196025,23.0614179 120.1195667,23.062367 120.1195349,23.0632873 120.1194437,23.0657019 120.1194306,23.065971 120.1193697,23.067581 120.1193213,23.0688302 120.1193404,23.068842 120.1193321,23.0689273 120.1193257,23.0691146 120.1192798,23.0699586 120.1192262,23.0717444 120.1192067,23.0726274 120.1191917,23.0730671 120.1191597,23.0731344 120.1190531,23.0762603 120.119053,23.0762604 120.1190214,23.0762549 120.1190141,23.0770691 120.118967,23.0786133 120.1189581,23.0789021 120.118958,23.0789022 120.1137639,23.0779351 120.1137715,23.0778883 120.1137237,23.0778801 120.1139107,23.0767955 120.1139069,23.0767701 120.113883,23.0767234 120.1138265,23.0766685 120.1121145,23.0757185 120.1119061,23.0756002 120.1111346,23.0754143 120.1110582,23.0753947 120.1101238,23.0750472 120.1100752,23.07498 120.1100638,23.0749155 120.1100811,23.0744829 120.1101264,23.0733683 120.110243,23.0733608 120.1104002,23.0681487 120.110445,23.0677214 120.1105239,23.0677166 120.1106075,23.0656 120.1107709,23.0612653</coordinates></LinearRing></outerBoundaryIs>
        </Polygon>
      </MultiGeometry>
  </Placemark>
  <Placemark>
	<Style><LineStyle><color>ff0000ff</color></LineStyle><PolyStyle><fill>0</fill></PolyStyle></Style>
	<ExtendedData><SchemaData schemaUrl="#114SEC_DBTBLPD">
		<SimpleData name="段碼">1291</SimpleData>
		<SimpleData name="段名">港西段</SimpleData>
		<SimpleData name="行政區">安南區</SimpleData>
	</SchemaData></ExtendedData>
      <MultiGeometry>
        <Polygon>
          <outerBoundaryIs><LinearRing><coordinates>120.1101168,23.0772407 120.1107781,23.0773652 120.1107601,23.0774786 120.11076,23.0774787 120.1101106,23.0773518 120.1101167,23.0772408 120.1101168,23.0772407</coordinates></LinearRing></outerBoundaryIs>
        </Polygon>
        <Polygon>
          <outerBoundaryIs><LinearRing><coordinates>120.0830617,23.0552861 120.083496,23.0553031 120.0843603,23.0553481 120.0854288,23.0553867 120.0854394,23.0553964 120.085669,23.0553801 120.0880416,23.0555135 120.0883089,23.0555855 120.0895829,23.0558365 120.0897801,23.0558755 120.090271,23.055966 120.0907559,23.0560595 120.091017,23.0561051 120.0910163,23.0561177 120.0917533,23.0562691 120.0920388,23.0563255 120.0926249,23.0564294 120.0930569,23.0564924 120.0935114,23.0566021 120.0938112,23.05666 120.0939418,23.0566858 120.0939816,23.0566935 120.0950504,23.0569271 120.0956275,23.0570477 120.0959625,23.0571217 120.0968275,23.0573032 120.0972337,23.0573905 120.1006055,23.0581237 120.1008328,23.058176 120.1025157,23.0585419 120.1027158,23.058619 120.1028049,23.0586127 120.1029182,23.0586334 120.1030105,23.058664 120.1030977,23.0587002 120.1031232,23.0586982 120.1031655,23.0586662 120.1032164,23.0587138 120.1032804,23.058666 120.1109013,23.0584387 120.1109014,23.0584388 120.1108989,23.0584653 120.1108968,23.0585627 120.1108658,23.0594615 120.1108236,23.0606304 120.1108167,23.0610375 120.1107727,23.0611572 120.110771,23.0612654 120.1106078,23.0655999 120.1105241,23.0677166 120.1104453,23.0677215 120.1104004,23.0681487 120.1102432,23.0733608 120.1101267,23.0733683 120.1100813,23.0744829 120.110064,23.0749154 120.1100754,23.0749799 120.1101239,23.075047 120.1110583,23.0753945 120.1111347,23.0754141 120.1119062,23.0756 120.1121146,23.0757183 120.1138267,23.0766683 120.1138832,23.0767233 120.1139071,23.07677 120.1139109,23.0767955 120.1137239,23.07788 120.1137717,23.0778882 120.113764,23.077935 120.1137639,23.0779351 120.1137013,23.0779234 120.1137088,23.0778759 120.1129227,23.0777429 120.1126118,23.0776923 120.1123098,23.0776395 120.1118545,23.0775549 120.111775,23.0775009 120.11105,23.077341 120.1107906,23.0772868 120.1101237,23.0771164 120.1096988,23.0770094 120.1095912,23.0769828 120.1095063,23.0769535 120.1090804,23.0768104 120.1088563,23.0767277 120.1086065,23.07663 120.1077602,23.0762877 120.1076585,23.0762496 120.1076027,23.0762814 120.1075545,23.0762695 120.1075357,23.076258 120.1072776,23.0761431 120.1070848,23.0760611 120.106795,23.0759318 120.1063008,23.075726 120.1044861,23.0749715 120.1041464,23.0748344 120.1031511,23.0744297 120.101731,23.0738381 120.1015749,23.0737541 120.1013607,23.0736062 120.1011903,23.0734025 120.1010792,23.0732647 120.1009581,23.0730403 120.1009291,23.0729751 120.1007907,23.072944 120.100805,23.0729725 120.1008608,23.0730826 120.1010101,23.0733282 120.1010377,23.0733815 120.1011032,23.0735018 120.1012229,23.0736171 120.1012228,23.0736172 120.1008456,23.0734363 120.1002851,23.0732064 120.1002459,23.0731901 120.0984617,23.0724787 120.0970542,23.0718643 120.0970475,23.0721828 120.0970473,23.0721829 120.0967653,23.0720441 120.0947902,23.0710332 120.0934672,23.0702415 120.092799,23.0698319 120.0914916,23.0690442 120.0903867,23.0683578 120.0894676,23.0677716 120.0887925,23.067311 120.0868519,23.065902 120.0866499,23.0658341 120.0866651,23.0657952 120.0853851,23.065443 120.0847517,23.0652031 120.0843596,23.0651398 120.0839785,23.0649999 120.083282,23.0648283 120.0828924,23.0646422 120.0827015,23.0644568 120.0822904,23.063743 120.0826947,23.0627256 120.0822013,23.0626149 120.0823172,23.0621267 120.0823683,23.06211 120.0823678,23.0620954 120.081599,23.0619638 120.0815715,23.0618349 120.0814666,23.0617804 120.0815748,23.0613111 120.0810025,23.0607139 120.0806542,23.0603947 120.0805158,23.060246 120.0788242,23.0584051 120.0781176,23.0576106 120.0775761,23.056951 120.0774857,23.0568232 120.0771876,23.0564303 120.0771877,23.0564302 120.0773037,23.0563988 120.0812466,23.0553303 120.0814567,23.055295 120.0816767,23.0552838 120.0830617,23.0552861</coordinates></LinearRing></outerBoundaryIs>
          <innerBoundaryIs><LinearRing><coordinates>120.0939544,23.0687918 120.0939371,23.0688571 120.0939404,23.06885 120.0939444,23.0688422 120.0939487,23.0688345 120.0939533,23.0688269 120.0939581,23.0688196 120.0939633,23.0688123 120.0939687,23.0688053 120.0939728,23.0688003 120.0939544,23.0687918</coordinates></LinearRing></innerBoundaryIs>
        </Polygon>
      </MultiGeometry>
  </Placemark>
  <Placemark>
	<Style><LineStyle><color>ff0000ff</color></LineStyle><PolyStyle><fill>0</fill></PolyStyle></Style>
	<ExtendedData><SchemaData schemaUrl="#114SEC_DBTBLPD">
		<SimpleData name="段碼">1292</SimpleData>
		<SimpleData name="段名">城西段</SimpleData>
		<SimpleData name="行政區">安南區</SimpleData>
	</SchemaData></ExtendedData>
      <MultiGeometry>
        <Polygon>
          <outerBoundaryIs><LinearRing><coordinates>120.1074322,23.0214587 120.1076275,23.0214833 120.1078423,23.0215771 120.1080104,23.0216875 120.1079995,23.0218157 120.1093654,23.0234652 120.1093654,23.0234653 120.1092862,23.0235167 120.1093026,23.023652 120.1104367,23.0250598 120.1111177,23.0259274 120.1113927,23.0262511 120.1116483,23.0265729 120.1127445,23.0279772 120.1127589,23.0279948 120.1128636,23.0281593 120.1142753,23.029857 120.1154959,23.0288008 120.1154961,23.0288008 120.1166058,23.0303703 120.1179004,23.0322116 120.1187293,23.0334802 120.1190798,23.0339731 120.1194793,23.034587 120.1194792,23.0345871 120.1181391,23.0351564 120.117083,23.0332976 120.1166065,23.0334882 120.1163385,23.0336427 120.1156788,23.034584 120.11572,23.0346378 120.1154509,23.0350277 120.1153851,23.0350108 120.115346,23.0350995 120.1156039,23.03525 120.1156039,23.0352501 120.1154339,23.035333 120.1153159,23.0354352 120.1148908,23.0357737 120.1148701,23.0357935 120.1125224,23.0386025 120.112626,23.0386753 120.11254,23.038798 120.1122611,23.0393886 120.1122585,23.0395087 120.112269,23.0395387 120.1122351,23.03956 120.1121855,23.0396337 120.1121063,23.0398548 120.1117261,23.0407176 120.1115788,23.0410273 120.1115168,23.0411462 120.1114531,23.0412378 120.1113497,23.0413501 120.1113023,23.041408 120.1111343,23.041626 120.1110824,23.0416952 120.1110056,23.041834 120.1110054,23.041834 120.1108333,23.0416955 120.1107169,23.0416282 120.1104565,23.0418845 120.1103532,23.0420496 120.1103558,23.0424094 120.1103902,23.0427164 120.1104934,23.0434648 120.1106228,23.0446447 120.1107926,23.0467497 120.110813,23.0469756 120.110944,23.0481038 120.1109921,23.0482775 120.1109592,23.0486419 120.1111557,23.0502529 120.1111505,23.0503675 120.1111484,23.0504641 120.111043,23.0507658 120.1109705,23.0510058 120.1110094,23.0510656 120.1108106,23.0513395 120.1103392,23.0517933 120.1099658,23.0521508 120.1092177,23.0528562 120.1090861,23.0529962 120.1092478,23.0531694 120.1099712,23.0537727 120.1105989,23.0543151 120.1109327,23.054518 120.1110069,23.054678 120.1109979,23.0547863 120.110976,23.0553804 120.1109454,23.0567588 120.1109012,23.0584384 120.1106402,23.0584463 120.1032802,23.0586659 120.1032162,23.0587137 120.1031652,23.0586661 120.1031231,23.058698 120.1030975,23.0587 120.1030102,23.0586638 120.1029179,23.0586332 120.1028047,23.0586125 120.1027155,23.0586188 120.1025155,23.0585417 120.1008325,23.0581758 120.1006052,23.0581235 120.0972334,23.0573903 120.0968273,23.0573031 120.0959622,23.0571215 120.0956273,23.0570476 120.0950501,23.0569269 120.0939813,23.0566933 120.0939416,23.0566856 120.093811,23.0566598 120.0935112,23.0566019 120.0930567,23.0564923 120.0926246,23.0564292 120.0920385,23.0563253 120.091753,23.0562689 120.091016,23.0561175 120.0910167,23.0561049 120.0907556,23.0560593 120.0902707,23.0559658 120.0897799,23.0558753 120.0895826,23.0558363 120.0883087,23.0555853 120.0880413,23.0555133 120.0856688,23.0553799 120.0854391,23.0553962 120.0854285,23.0553865 120.08436,23.0553479 120.0834958,23.055303 120.0830615,23.0552859 120.0816765,23.0552836 120.0814565,23.0552949 120.0812464,23.0553301 120.0771342,23.0564445 120.0771048,23.0563956 120.0769612,23.0565116 120.076961,23.0565116 120.0765235,23.0558874 120.076322,23.0556744 120.0758967,23.0547293 120.0746149,23.0539712 120.0744768,23.0531315 120.0745066,23.052474 120.0740213,23.0519152 120.0725206,23.0498634 120.0711177,23.0477148 120.0696474,23.0458194 120.0690827,23.0451794 120.0673175,23.04265 120.0672672,23.0425749 120.0671977,23.0421998 120.0672987,23.0420509 120.0674082,23.0418727 120.0674706,23.0418122 120.0694618,23.0407181 120.0696027,23.0406593 120.0697377,23.0406032 120.0698719,23.0405512 120.0700184,23.0405035 120.0719965,23.0399101 120.0785216,23.0379931 120.079877,23.0377242 120.082095,23.036694 120.0833101,23.0362017 120.0862577,23.0345954 120.0891232,23.0327887 120.091934,23.0309936 120.0930105,23.0303178 120.094462,23.0294106 120.0960824,23.0285318 120.0972895,23.0277572 120.0987711,23.0269324 120.1008209,23.0257755 120.1021086,23.0248103 120.1045238,23.0233651 120.1061527,23.0223482 120.1068833,23.0220754 120.1070086,23.0221352 120.1071904,23.0214642 120.1074322,23.0214587</coordinates></LinearRing></outerBoundaryIs>
        </Polygon>
      </MultiGeometry>
  </Placemark>
  <Placemark>
	<Style><LineStyle><color>ff0000ff</color></LineStyle><PolyStyle><fill>0</fill></PolyStyle></Style>
	<ExtendedData><SchemaData schemaUrl="#114SEC_DBTBLPD">
		<SimpleData name="段碼">1293</SimpleData>
		<SimpleData name="段名">青砂段</SimpleData>
		<SimpleData name="行政區">安南區</SimpleData>
	</SchemaData></ExtendedData>
      <MultiGeometry>
        <Polygon>
          <outerBoundaryIs><LinearRing><coordinates>120.1189178,23.0580783 120.1190952,23.05813 120.1192308,23.0581628 120.1193231,23.0581965 120.1203445,23.0584278 120.1206909,23.0584878 120.1207705,23.0584933 120.1207949,23.0585008 120.121206,23.05861 120.1213846,23.0586411 120.1215332,23.0586656 120.1216743,23.0586912 120.1219688,23.0587762 120.12221,23.0588301 120.1225229,23.0589506 120.1227634,23.0590427 120.1229038,23.0590935 120.123443,23.0592843 120.1236279,23.0593436 120.1237086,23.0593731 120.1237567,23.0593911 120.1241333,23.0595212 120.124118,23.0599677 120.1241134,23.0602045 120.1241084,23.0603474 120.1240917,23.0613011 120.1240505,23.0617417 120.1240585,23.0618438 120.1241266,23.062006 120.1241356,23.0620236 120.1242019,23.0621156 120.1252501,23.0630618 120.1271655,23.0647688 120.126171,23.0664556 120.1261667,23.0664552 120.1261552,23.0664748 120.1261745,23.0664764 120.1261746,23.0664765 120.1254177,23.0677504 120.1250171,23.0684234 120.1248279,23.0687431 120.1246867,23.0689808 120.1246269,23.0690879 120.1242673,23.0697018 120.123898,23.0703421 120.1238913,23.070342 120.1238734,23.0703737 120.1237091,23.0706539 120.1235992,23.070838 120.1235974,23.0708875 120.1235973,23.0708876 120.1235763,23.0708766 120.1234474,23.0710947 120.1233294,23.0712922 120.1229561,23.0719254 120.1227586,23.0722596 120.1227775,23.0722593 120.1227776,23.0722595 120.1226243,23.0724722 120.1225156,23.0726178 120.1221898,23.072711 120.1220489,23.072803 120.1219432,23.0728723 120.1219146,23.0729134 120.1218642,23.072944 120.1217615,23.0730152 120.1217156,23.0730437 120.1216064,23.0731582 120.1214867,23.0733091 120.1214077,23.0733479 120.1211588,23.0734256 120.1209854,23.0734607 120.1208866,23.0734534 120.1207812,23.0734393 120.1206586,23.0734264 120.1205522,23.0734113 120.1205406,23.0734081 120.1204402,23.0733854 120.1202116,23.0733325 120.119837,23.0732212 120.1195804,23.0731658 120.1191597,23.0731344 120.1191596,23.0731342 120.1191917,23.073067 120.1192066,23.0726273 120.1192261,23.0717443 120.1192797,23.0699585 120.1193257,23.0691145 120.119332,23.0689272 120.1193403,23.068842 120.1193213,23.0688302 120.1193697,23.0675809 120.1194306,23.0659709 120.1194437,23.0657018 120.1195348,23.0632872 120.1195667,23.0623669 120.1196025,23.061418 120.1170599,23.0613751 120.1151982,23.0613473 120.1149188,23.0613425 120.1145951,23.0613383 120.1141031,23.0613285 120.1110959,23.061277 120.1110305,23.0612704 120.1107709,23.0612653 120.1107727,23.0611521 120.1108166,23.0610374 120.1108239,23.0606105 120.1108303,23.0603418 120.1108654,23.0594562 120.1108661,23.0594336 120.1108653,23.0594234 120.1108685,23.0593804 120.1108968,23.0585626 120.113105,23.0584797 120.1135857,23.0584582 120.1178869,23.0583041 120.1180274,23.0583063 120.1181844,23.0582671 120.1189178,23.0580783</coordinates></LinearRing></outerBoundaryIs>
        </Polygon>
      </MultiGeometry>
  </Placemark>
  <Placemark>
	<Style><LineStyle><color>ff0000ff</color></LineStyle><PolyStyle><fill>0</fill></PolyStyle></Style>
	<ExtendedData><SchemaData schemaUrl="#114SEC_DBTBLPD">
		<SimpleData name="段碼">1294</SimpleData>
		<SimpleData name="段名">土城段</SimpleData>
		<SimpleData name="行政區">安南區</SimpleData>
	</SchemaData></ExtendedData>
      <MultiGeometry>
        <Polygon>
          <outerBoundaryIs><LinearRing><coordinates>120.1256475,23.0587559 120.1258271,23.0588013 120.1259885,23.0588252 120.1264902,23.0589377 120.1267215,23.059038 120.1267895,23.0590833 120.1269369,23.0591156 120.1270093,23.0591236 120.1270571,23.0591526 120.1271174,23.0591871 120.1272845,23.059282 120.1273045,23.0592932 120.127364,23.0594447 120.1274093,23.0595025 120.127524,23.0595832 120.1275855,23.0596089 120.12776,23.0597435 120.1277835,23.0598165 120.1278074,23.0598692 120.1284673,23.0601366 120.1285299,23.0601609 120.1288688,23.0602852 120.1291246,23.0603247 120.1293388,23.060275 120.1293389,23.0602751 120.1293325,23.0602892 120.1293418,23.0603112 120.1293417,23.0603114 120.1292451,23.0603136 120.1292437,23.0604852 120.129148,23.0606964 120.1291479,23.0606965 120.1291038,23.0606717 120.1290473,23.0607917 120.1290241,23.0608917 120.1290161,23.0610177 120.129029,23.0611647 120.1290133,23.0612615 120.1289502,23.061427 120.1288603,23.0615502 120.1287761,23.0617551 120.1287001,23.0619407 120.128655,23.0619626 120.1283666,23.0618222 120.1283257,23.0618713 120.1285461,23.0620077 120.1297509,23.0625373 120.1297509,23.0625374 120.1297192,23.0625667 120.1297334,23.0626077 120.1297333,23.0626078 120.1295135,23.0625025 120.1295319,23.0625538 120.1293444,23.0628818 120.1289356,23.0627862 120.1288871,23.0627608 120.1288505,23.0627167 120.1288575,23.062629 120.1288067,23.0627435 120.1288066,23.0627436 120.1285009,23.0625943 120.1284871,23.0625874 120.128473,23.0625507 120.1271655,23.0647687 120.1271653,23.0647687 120.12525,23.0630618 120.1242018,23.0621156 120.1241354,23.0620236 120.1241265,23.062006 120.1240584,23.0618438 120.1240503,23.0617416 120.1240916,23.061301 120.1241082,23.0603473 120.1241133,23.0602044 120.1241178,23.0599676 120.1241344,23.0594862 120.1241345,23.0594861 120.1241511,23.0594921 120.1241588,23.0592435 120.1241589,23.0592434 120.1241892,23.0592532 120.1241915,23.0591793 120.1241916,23.0591793 120.1243554,23.0592341 120.124399,23.0592287 120.1245422,23.0592469 120.1248092,23.0593428 120.124952,23.0593934 120.1250448,23.0593956 120.1251461,23.0593382 120.1251897,23.059287 120.1253263,23.0590949 120.1255286,23.0588329 120.1255404,23.0588088 120.1255443,23.0587605 120.1256475,23.0587559</coordinates></LinearRing></outerBoundaryIs>
          <innerBoundaryIs><LinearRing><coordinates>120.126636,23.0608613 120.1266707,23.0608833 120.1266478,23.0608685 120.126636,23.0608613</coordinates></LinearRing></innerBoundaryIs>
        </Polygon>
      </MultiGeometry>
  </Placemark>
  <Placemark>
	<Style><LineStyle><color>ff0000ff</color></LineStyle><PolyStyle><fill>0</fill></PolyStyle></Style>
	<ExtendedData><SchemaData schemaUrl="#114SEC_DBTBLPD">
		<SimpleData name="段碼">1295</SimpleData>
		<SimpleData name="段名">城南段</SimpleData>
		<SimpleData name="行政區">安南區</SimpleData>
	</SchemaData></ExtendedData>
      <MultiGeometry>
        <Polygon>
          <outerBoundaryIs><LinearRing><coordinates>120.1244057,23.0510957 120.1339883,23.0583486 120.1340843,23.0583323 120.1340844,23.0583324 120.134054,23.058381 120.1340381,23.0584076 120.1343819,23.058402 120.1343819,23.0584022 120.1343287,23.0584823 120.13429,23.0585461 120.1342712,23.058579 120.1342531,23.0586121 120.1342356,23.0586456 120.1342187,23.0586793 120.1342025,23.0587132 120.1341869,23.0587475 120.134172,23.058782 120.1341577,23.0588167 120.1341441,23.0588516 120.1341311,23.0588868 120.1341082,23.0589544 120.134086,23.0590292 120.1340764,23.0590652 120.1340675,23.0591014 120.1340593,23.0591377 120.1340517,23.0591742 120.1340397,23.0592412 120.1340284,23.0593213 120.1340243,23.0593582 120.134021,23.0593952 120.1340172,23.0594512 120.1340162,23.0594717 120.1340154,23.0594937 120.1340147,23.0595177 120.1340144,23.0595465 120.1340177,23.0609378 120.1340205,23.0609511 120.1340213,23.0610031 120.1340013,23.0610044 120.134005,23.0610401 120.1340141,23.0610836 120.1340211,23.0611082 120.134021,23.0611083 120.13159,23.0612334 120.1314337,23.0612553 120.1312491,23.0612903 120.1312029,23.0613053 120.1310761,23.061342 120.1310054,23.0613809 120.1309463,23.0614197 120.1307921,23.0615556 120.1306179,23.0617168 120.1298148,23.0624324 120.1298088,23.0624545 120.1298177,23.062476 120.1297509,23.0625374 120.128546,23.0620078 120.1283255,23.0618714 120.1283255,23.0618713 120.1283667,23.061822 120.1286551,23.0619624 120.1286999,23.0619406 120.1287759,23.0617551 120.1288602,23.0615501 120.1289501,23.0614269 120.1290131,23.0612615 120.1290289,23.0611647 120.129016,23.0610177 120.1290239,23.0608917 120.1290472,23.0607916 120.1291037,23.0606715 120.1291038,23.0606714 120.1291479,23.0606963 120.1292436,23.0604852 120.1292449,23.0603135 120.1293416,23.0603112 120.1293324,23.0602892 120.1293387,23.0602752 120.1291246,23.0603249 120.1288688,23.0602853 120.1285298,23.0601611 120.1284672,23.0601368 120.1278074,23.0598694 120.1277834,23.0598165 120.1277599,23.0597436 120.1275854,23.059609 120.127524,23.0595833 120.1274092,23.0595026 120.1273638,23.0594448 120.1273044,23.0592933 120.1272845,23.0592821 120.1271174,23.0591872 120.127057,23.0591527 120.1270093,23.0591238 120.1269369,23.0591157 120.1267895,23.0590835 120.1267214,23.0590381 120.1264902,23.0589378 120.1259885,23.0588254 120.1258271,23.0588015 120.1256476,23.0587561 120.1255445,23.0587605 120.1255407,23.0588088 120.1255288,23.058833 120.1253265,23.059095 120.1251899,23.0592871 120.1251462,23.0593383 120.1250449,23.0593958 120.124952,23.0593936 120.1248092,23.059343 120.1245422,23.059247 120.124399,23.0592289 120.1243554,23.0592343 120.1241914,23.0591795 120.1241894,23.0592533 120.1241893,23.0592534 120.1241589,23.0592435 120.1243458,23.0530452 120.1243999,23.05115 120.1244,23.0511499 120.1244039,23.0511508 120.1244056,23.0510958 120.1244057,23.0510957</coordinates></LinearRing></outerBoundaryIs>
        </Polygon>
      </MultiGeometry>
  </Placemark>
  <Placemark>
	<Style><LineStyle><color>ff0000ff</color></LineStyle><PolyStyle><fill>0</fill></PolyStyle></Style>
	<ExtendedData><SchemaData schemaUrl="#114SEC_DBTBLPD">
		<SimpleData name="段碼">1296</SimpleData>
		<SimpleData name="段名">鹿北段</SimpleData>
		<SimpleData name="行政區">安南區</SimpleData>
	</SchemaData></ExtendedData>
      <MultiGeometry>
        <Polygon>
          <outerBoundaryIs><LinearRing><coordinates>120.1170835,23.0332975 120.1181396,23.0351562 120.1194797,23.0345872 120.1197536,23.0350081 120.1197465,23.035077 120.1197932,23.0350768 120.1202516,23.0357049 120.120901,23.0366141 120.1213133,23.037171 120.1215417,23.037542 120.121936,23.0382066 120.1221927,23.0386122 120.1224637,23.039101 120.1228029,23.0396619 120.1245252,23.042785 120.1252923,23.0443169 120.1256701,23.0451691 120.1257225,23.0452742 120.1260208,23.0461053 120.1265933,23.0473646 120.1267917,23.0476248 120.1269634,23.0479397 120.1271041,23.0481971 120.1272633,23.0484727 120.1275821,23.0490834 120.1279174,23.0494865 120.1282319,23.0497803 120.1288974,23.0503478 120.1293939,23.0507212 120.1296786,23.0508922 120.1300153,23.051019 120.1304776,23.0511632 120.1318644,23.0514962 120.1324019,23.051624 120.1325109,23.0516862 120.1327788,23.0518615 120.1331782,23.0521937 120.1333602,23.0522695 120.1334712,23.0523361 120.1341361,23.0526471 120.1347399,23.0527797 120.1349522,23.053006 120.1352438,23.0533014 120.1355132,23.053541 120.1363423,23.0537762 120.137918,23.0550815 120.1382132,23.0553521 120.1382257,23.0554476 120.1348887,23.0578863 120.1348157,23.0579419 120.134767,23.0579818 120.1347452,23.0580003 120.1347394,23.0580054 120.1346692,23.058069 120.1346414,23.0580958 120.1346141,23.058123 120.1345874,23.0581507 120.1345611,23.0581788 120.1345354,23.0582073 120.1345103,23.0582362 120.1344856,23.0582656 120.1344616,23.0582953 120.1344381,23.0583254 120.134382,23.0584021 120.134038,23.0584077 120.1340379,23.0584076 120.1340539,23.0583808 120.1340841,23.0583324 120.1339883,23.0583487 120.1244058,23.0510959 120.1244041,23.0511509 120.124404,23.051151 120.1244001,23.05115 120.124346,23.0530451 120.1241547,23.059388 120.1241514,23.0594921 120.1241513,23.0594922 120.1241346,23.0594862 120.1241334,23.0595211 120.1241333,23.0595212 120.1237568,23.059391 120.1237086,23.0593731 120.1236279,23.0593436 120.1234431,23.0592843 120.1229038,23.0590934 120.1227634,23.0590427 120.1225229,23.0589506 120.12221,23.05883 120.1219689,23.0587762 120.1216743,23.0586912 120.1215333,23.0586656 120.1213847,23.0586411 120.1212061,23.05861 120.1207949,23.0585008 120.1207706,23.0584933 120.120691,23.0584877 120.1203446,23.0584278 120.1193232,23.0581965 120.1192308,23.0581628 120.1190952,23.05813 120.1189179,23.0580783 120.1181846,23.0582671 120.1180276,23.0583063 120.117887,23.058304 120.1135858,23.0584582 120.1131051,23.0584797 120.1108969,23.0585625 120.1108968,23.0585624 120.1108989,23.0584651 120.1109014,23.0584385 120.1109052,23.0583001 120.1109121,23.058021 120.1109457,23.0567535 120.1109762,23.0553806 120.1109982,23.0547865 120.1110071,23.0546782 120.110933,23.0545183 120.1105992,23.0543154 120.1099715,23.053773 120.1092481,23.0531697 120.1090864,23.0529964 120.1092098,23.0528639 120.1099661,23.0521508 120.1103395,23.0517934 120.1108109,23.0513395 120.1110096,23.0510657 120.1109707,23.051006 120.1110432,23.0507659 120.1111486,23.0504642 120.1111507,23.0503676 120.1111559,23.050253 120.1110641,23.0495264 120.1109594,23.048642 120.1109923,23.0482776 120.1109442,23.048104 120.1108133,23.0469757 120.1107928,23.0467499 120.1106231,23.0446448 120.1104937,23.0434649 120.1103904,23.0427165 120.110356,23.0424096 120.1103534,23.0420497 120.1104568,23.0418845 120.1107173,23.0416282 120.1108338,23.0416955 120.1110059,23.0418339 120.1110827,23.0416952 120.1111346,23.0416261 120.1113026,23.041408 120.11135,23.0413501 120.1114534,23.0412378 120.1115171,23.0411462 120.1115791,23.0410273 120.1117264,23.0407177 120.1121065,23.0398549 120.1121857,23.0396337 120.1122354,23.03956 120.1122693,23.0395388 120.1122588,23.0395089 120.1122614,23.0393887 120.1125403,23.0387981 120.1126262,23.0386754 120.1125227,23.0386027 120.1125226,23.0386026 120.1148704,23.0357936 120.1148911,23.0357737 120.1153162,23.0354352 120.1154342,23.035333 120.1156041,23.0352502 120.1153463,23.0350997 120.1153853,23.0350108 120.1154512,23.0350277 120.1157203,23.0346378 120.115679,23.0345841 120.1163388,23.0336427 120.1166068,23.0334882 120.1170835,23.0332975</coordinates></LinearRing></outerBoundaryIs>
        </Polygon>
      </MultiGeometry>
  </Placemark>
  <Placemark>
	<Style><LineStyle><color>ff0000ff</color></LineStyle><PolyStyle><fill>0</fill></PolyStyle></Style>
	<ExtendedData><SchemaData schemaUrl="#114SEC_DBTBLPD">
		<SimpleData name="段碼">1297</SimpleData>
		<SimpleData name="段名">和館段</SimpleData>
		<SimpleData name="行政區">安南區</SimpleData>
	</SchemaData></ExtendedData>
      <MultiGeometry>
        <Polygon>
          <outerBoundaryIs><LinearRing><coordinates>120.2288471,23.0501171 120.2288471,23.0501172 120.2287798,23.0501856 120.2287213,23.0502876 120.2287009,23.0504461 120.2287055,23.0504967 120.2287098,23.0505583 120.2296395,23.0506275 120.2296743,23.05059 120.2297004,23.0505605 120.2297006,23.0505605 120.2298919,23.050843 120.2300973,23.0511448 120.2303027,23.0513746 120.2305433,23.0516199 120.2310632,23.0520707 120.2326237,23.0534076 120.2345528,23.0550862 120.2348245,23.0553252 120.2349215,23.0554276 120.2353616,23.0558182 120.235811,23.056222 120.2366626,23.0569487 120.2380563,23.0581437 120.238755,23.0587773 120.2398883,23.0597646 120.2410293,23.0607723 120.2420707,23.0616724 120.2428898,23.0624212 120.2429466,23.0624772 120.2429669,23.0624576 120.242967,23.0624576 120.2432111,23.0627566 120.2433872,23.0630038 120.2434164,23.0630425 120.2434339,23.0630756 120.2434518,23.0631141 120.2441551,23.064371 120.2441408,23.064385 120.2443806,23.0648199 120.2431762,23.0659955 120.2431761,23.0659955 120.2424052,23.0653168 120.241733,23.0659728 120.2420251,23.0662301 120.2420251,23.0662302 120.24127,23.0662057 120.2408896,23.0669966 120.2408292,23.0670243 120.2402618,23.0669653 120.2393268,23.0669199 120.2383752,23.0669175 120.2383547,23.0669395 120.2383129,23.0669388 120.2379371,23.0669361 120.2379022,23.0669546 120.2378849,23.0669879 120.236337,23.0683007 120.2361875,23.0684558 120.2361733,23.0685635 120.2361388,23.068629 120.2357558,23.0689131 120.2357556,23.0689385 120.2350242,23.0695284 120.2349606,23.0696337 120.2349416,23.069696 120.2348871,23.0697598 120.2348804,23.0698 120.2337288,23.0702127 120.2335142,23.0702963 120.2332634,23.0703865 120.2332055,23.0703864 120.2329328,23.0703909 120.2328014,23.0696503 120.2324845,23.0691778 120.2322286,23.0687734 120.2322339,23.0687657 120.2322537,23.0687337 120.2323149,23.0686878 120.2329365,23.0683426 120.2335017,23.0679917 120.2335579,23.0678922 120.2335202,23.0678084 120.2335319,23.0674509 120.2335444,23.0670657 120.2337766,23.0664718 120.2337892,23.0664377 120.2337282,23.0664079 120.233566,23.0663258 120.2335376,23.0663094 120.2331918,23.0661827 120.2324904,23.0657502 120.232118,23.0655018 120.2320716,23.0656366 120.2320715,23.0656367 120.2318633,23.0655478 120.2318679,23.0656599 120.231858,23.0660191 120.2318573,23.0660585 120.2318534,23.0661915 120.2318492,23.0663817 120.2318329,23.066425 120.2318153,23.0664758 120.2317624,23.0666257 120.2316564,23.0667449 120.2312406,23.0670101 120.2306887,23.0672976 120.2298625,23.0674914 120.2297755,23.0675019 120.2296282,23.0675185 120.2295697,23.0675283 120.2292944,23.067575 120.2292226,23.0676161 120.2291811,23.0676157 120.2289652,23.0676125 120.2289657,23.0677437 120.2289654,23.0677697 120.2287235,23.0679131 120.2283248,23.0681666 120.2283247,23.0681665 120.2283253,23.0681383 120.228314,23.0675554 120.228194,23.0675422 120.2280912,23.0675272 120.2280567,23.0675235 120.2280567,23.0675233 120.2280972,23.067488 120.2280527,23.067483 120.2280152,23.0674783 120.2277461,23.0673285 120.2275987,23.0672185 120.2275892,23.0672095 120.2275706,23.0671606 120.227415,23.066842 120.2273635,23.0668492 120.2272224,23.0668667 120.2269949,23.0668368 120.2267736,23.0670325 120.2267156,23.0670965 120.2267125,23.0670999 120.2267123,23.0670999 120.2259636,23.0656524 120.2259327,23.0655897 120.2252786,23.0642712 120.225254,23.0642252 120.2257156,23.0639617 120.2258325,23.0639142 120.2262319,23.063818 120.2264936,23.0637559 120.2263715,23.063699 120.2263244,23.0636787 120.2261671,23.0636032 120.2261671,23.0636031 120.2262413,23.0635668 120.2263753,23.0636054 120.2264461,23.0636252 120.2264542,23.0635494 120.2264851,23.0635207 120.2265299,23.063475 120.2265418,23.0634646 120.2266669,23.0634783 120.2267617,23.0634956 120.2267829,23.0634973 120.2270157,23.0633886 120.2270137,23.0633402 120.2270105,23.063295 120.2273681,23.0632097 120.227538,23.0631306 120.2276233,23.0630906 120.2276966,23.0630556 120.2279366,23.062981 120.2280257,23.0629671 120.2280671,23.0629124 120.2281291,23.0626433 120.2282142,23.0626016 120.2282181,23.0625161 120.2282351,23.062387 120.2282823,23.0618318 120.2282881,23.061695 120.2283255,23.0616385 120.2284375,23.0615924 120.2283614,23.0613417 120.2283054,23.0611624 120.2283018,23.0608978 120.2282931,23.0605452 120.2282872,23.0602855 120.2283467,23.0597919 120.2284188,23.0596075 120.2284838,23.059297 120.2285524,23.0589641 120.2285825,23.0589223 120.2286561,23.0588147 120.22882,23.0586338 120.2289584,23.0584076 120.2290352,23.0583321 120.2291066,23.0582642 120.2291172,23.0581866 120.2290803,23.0581218 120.2290543,23.0580865 120.2290266,23.0580483 120.2291054,23.0575819 120.2291844,23.0572418 120.2291846,23.0572418 120.2291947,23.0572506 120.2293721,23.0565376 120.2293429,23.0565304 120.2295759,23.055506 120.2297139,23.0551465 120.2298867,23.0548018 120.2299134,23.0547537 120.2298962,23.0547448 120.2294132,23.0545265 120.2294035,23.0545085 120.2293876,23.0544734 120.2297229,23.0534387 120.2297395,23.0533815 120.2297247,23.0533501 120.229337,23.0532303 120.2294675,23.0528564 120.2294935,23.0527797 120.2295162,23.052714 120.2295961,23.0524877 120.2298665,23.0514531 120.2298786,23.0514104 120.2297187,23.0513781 120.2296402,23.0511186 120.2296815,23.0510407 120.2293776,23.0509167 120.2287163,23.0506463 120.2287061,23.0506429 120.2286783,23.0506318 120.2286468,23.0506191 120.2285339,23.0505731 120.2285278,23.0505932 120.2285276,23.0505933 120.2284407,23.0505303 120.2283388,23.0504591 120.2282563,23.0504 120.2282563,23.0503999 120.2288471,23.0501171</coordinates></LinearRing></outerBoundaryIs>
          <innerBoundaryIs><LinearRing><coordinates>120.230995,23.0549501 120.2309847,23.0549604 120.2309692,23.0549764 120.230995,23.0549501</coordinates></LinearRing></innerBoundaryIs>
          <innerBoundaryIs><LinearRing><coordinates>120.2308373,23.0551228 120.2308213,23.0551419 120.2308071,23.0551594 120.2308373,23.0551228</coordinates></LinearRing></innerBoundaryIs>
          <innerBoundaryIs><LinearRing><coordinates>120.2307812,23.0551919 120.2307608,23.0552181 120.2307438,23.0552406 120.2307812,23.0551919</coordinates></LinearRing></innerBoundaryIs>
          <innerBoundaryIs><LinearRing><coordinates>120.2304713,23.0556909 120.2304613,23.055712 120.2304543,23.0557273 120.2304713,23.0556909</coordinates></LinearRing></innerBoundaryIs>
          <innerBoundaryIs><LinearRing><coordinates>120.2304391,23.0557611 120.2304225,23.0557994 120.2304111,23.0558272 120.2304391,23.0557611</coordinates></LinearRing></innerBoundaryIs>
          <innerBoundaryIs><LinearRing><coordinates>120.2302544,23.0563848 120.2302532,23.0563924 120.2302462,23.0564392 120.230242,23.0564722 120.2302544,23.0563848</coordinates></LinearRing></innerBoundaryIs>
          <innerBoundaryIs><LinearRing><coordinates>120.2302232,23.0568383 120.2302238,23.0568638 120.2302248,23.0568891 120.2302232,23.0568383</coordinates></LinearRing></innerBoundaryIs>
          <innerBoundaryIs><LinearRing><coordinates>120.2302269,23.05693 120.2302286,23.0569582 120.2302307,23.0569845 120.2302269,23.05693</coordinates></LinearRing></innerBoundaryIs>
          <innerBoundaryIs><LinearRing><coordinates>120.2296887,23.0614782 120.229725,23.0615091 120.2297568,23.0615358 120.2297913,23.0615645 120.22983,23.0615963 120.2296887,23.0614782</coordinates></LinearRing></innerBoundaryIs>
          <innerBoundaryIs><LinearRing><coordinates>120.2298658,23.0616253 120.2298887,23.0616437 120.2299293,23.061676 120.2298658,23.0616253</coordinates></LinearRing></innerBoundaryIs>
          <innerBoundaryIs><LinearRing><coordinates>120.2299716,23.0617092 120.2299992,23.0617306 120.2300391,23.0617612 120.2299716,23.0617092</coordinates></LinearRing></innerBoundaryIs>
          <innerBoundaryIs><LinearRing><coordinates>120.2300829,23.0617944 120.2301103,23.061815 120.2301501,23.0618444 120.2300829,23.0617944</coordinates></LinearRing></innerBoundaryIs>
          <innerBoundaryIs><LinearRing><coordinates>120.2301937,23.0618763 120.2302232,23.0618976 120.2302623,23.0619256 120.2301937,23.0618763</coordinates></LinearRing></innerBoundaryIs>
          <innerBoundaryIs><LinearRing><coordinates>120.2303076,23.0619575 120.2303334,23.0619754 120.2303752,23.0620043 120.2303076,23.0619575</coordinates></LinearRing></innerBoundaryIs>
          <innerBoundaryIs><LinearRing><coordinates>120.2304214,23.0620357 120.2304563,23.0620591 120.2304926,23.0620832 120.2304214,23.0620357</coordinates></LinearRing></innerBoundaryIs>
          <innerBoundaryIs><LinearRing><coordinates>120.2305404,23.0621145 120.2305868,23.0621445 120.230611,23.0621599 120.2305404,23.0621145</coordinates></LinearRing></innerBoundaryIs>
          <innerBoundaryIs><LinearRing><coordinates>120.2306573,23.0621891 120.2306917,23.0622106 120.2307276,23.0622327 120.2306573,23.0621891</coordinates></LinearRing></innerBoundaryIs>
          <innerBoundaryIs><LinearRing><coordinates>120.2307758,23.062262 120.2308092,23.062282 120.2308465,23.0623042 120.2307758,23.062262</coordinates></LinearRing></innerBoundaryIs>
          <innerBoundaryIs><LinearRing><coordinates>120.2308973,23.0623339 120.230938,23.0623573 120.23097,23.0623756 120.2308973,23.0623339</coordinates></LinearRing></innerBoundaryIs>
          <innerBoundaryIs><LinearRing><coordinates>120.2310177,23.0624024 120.2310581,23.0624248 120.2310909,23.0624428 120.2310177,23.0624024</coordinates></LinearRing></innerBoundaryIs>
          <innerBoundaryIs><LinearRing><coordinates>120.231142,23.0624704 120.231167,23.0624838 120.2312154,23.0625093 120.231142,23.0624704</coordinates></LinearRing></innerBoundaryIs>
          <innerBoundaryIs><LinearRing><coordinates>120.2312672,23.0625363 120.2312997,23.0625529 120.2313408,23.0625737 120.2312672,23.0625363</coordinates></LinearRing></innerBoundaryIs>
          <innerBoundaryIs><LinearRing><coordinates>120.2313772,23.0625918 120.2314235,23.0626147 120.2314861,23.062645 120.2315418,23.0626714 120.2316073,23.0627018 120.2313772,23.0625918</coordinates></LinearRing></innerBoundaryIs>
          <innerBoundaryIs><LinearRing><coordinates>120.2331556,23.0632406 120.2331644,23.0632429 120.2332004,23.0632516 120.2331556,23.0632406</coordinates></LinearRing></innerBoundaryIs>
          <innerBoundaryIs><LinearRing><coordinates>120.2332573,23.063265 120.2332923,23.0632731 120.2333391,23.0632836 120.2332573,23.063265</coordinates></LinearRing></innerBoundaryIs>
          <innerBoundaryIs><LinearRing><coordinates>120.2333959,23.063296 120.233432,23.0633037 120.2334788,23.0633135 120.2333959,23.063296</coordinates></LinearRing></innerBoundaryIs>
          <innerBoundaryIs><LinearRing><coordinates>120.2335355,23.0633249 120.2335722,23.0633321 120.2336181,23.0633409 120.2335355,23.0633249</coordinates></LinearRing></innerBoundaryIs>
          <innerBoundaryIs><LinearRing><coordinates>120.2336742,23.0633512 120.2337132,23.0633582 120.2337579,23.063366 120.2336742,23.0633512</coordinates></LinearRing></innerBoundaryIs>
          <innerBoundaryIs><LinearRing><coordinates>120.2338147,23.0633756 120.2338685,23.0633843 120.233901,23.0633894 120.2338147,23.0633756</coordinates></LinearRing></innerBoundaryIs>
          <innerBoundaryIs><LinearRing><coordinates>120.2339571,23.0633979 120.2339963,23.0634036 120.2340408,23.0634099 120.2339571,23.0633979</coordinates></LinearRing></innerBoundaryIs>
          <innerBoundaryIs><LinearRing><coordinates>120.2340986,23.0634177 120.2341383,23.0634228 120.2341828,23.0634283 120.2340986,23.0634177</coordinates></LinearRing></innerBoundaryIs>
          <innerBoundaryIs><LinearRing><coordinates>120.2342227,23.0634331 120.2342883,23.0634406 120.2343594,23.0634481 120.2344329,23.0634552 120.2345069,23.0634618 120.2342227,23.0634331</coordinates></LinearRing></innerBoundaryIs>
          <innerBoundaryIs><LinearRing><coordinates>120.2324843,23.0648 120.2326141,23.064834 120.232665,23.0648465 120.2324843,23.0648</coordinates></LinearRing></innerBoundaryIs>
        </Polygon>
      </MultiGeometry>
  </Placemark>
  <Placemark>
	<Style><LineStyle><color>ff0000ff</color></LineStyle><PolyStyle><fill>0</fill></PolyStyle></Style>
	<ExtendedData><SchemaData schemaUrl="#114SEC_DBTBLPD">
		<SimpleData name="段碼">1298</SimpleData>
		<SimpleData name="段名">育安段</SimpleData>
		<SimpleData name="行政區">安南區</SimpleData>
	</SchemaData></ExtendedData>
      <MultiGeometry>
        <Polygon>
          <outerBoundaryIs><LinearRing><coordinates>120.215427,23.0514185 120.2154327,23.0514575 120.2154365,23.051484 120.2154153,23.0514929 120.2154347,23.0516141 120.2155252,23.0525032 120.2155491,23.052747 120.2155962,23.0532511 120.2156874,23.0532408 120.2161622,23.0531808 120.2161563,23.0531311 120.2161686,23.0531121 120.2161673,23.053099 120.2162446,23.0530878 120.2162828,23.0531159 120.2173708,23.0529845 120.217371,23.0529854 120.2174154,23.0529806 120.2174153,23.0529791 120.21752,23.0529665 120.2175522,23.0529327 120.2175526,23.052854 120.2175852,23.052851 120.2175631,23.0526395 120.2176103,23.0526349 120.2176104,23.052635 120.217631,23.0528317 120.2176305,23.0529324 120.2176437,23.052944 120.2176468,23.0529644 120.2180785,23.0529426 120.2181053,23.0529164 120.2181055,23.0528504 120.2181641,23.052849 120.2181642,23.0528491 120.2181641,23.0528849 120.2181963,23.0529051 120.2184216,23.0528214 120.2185711,23.0528106 120.218606,23.0527792 120.2186079,23.0527638 120.2186507,23.0527632 120.2186508,23.0527633 120.2186357,23.0528517 120.2185286,23.0540262 120.2185465,23.0539689 120.2185987,23.0539265 120.2185988,23.0539266 120.2185516,23.054479 120.2184947,23.054477 120.2184785,23.0546763 120.2185457,23.0546558 120.2185458,23.0546559 120.2185299,23.0547862 120.2184712,23.0548064 120.2184607,23.0551199 120.2184856,23.055331 120.2184429,23.0553401 120.218443,23.0553948 120.2184306,23.0553967 120.2184305,23.0553966 120.2184305,23.055295 120.2184318,23.0551846 120.2184323,23.0551592 120.2184339,23.0550942 120.2184355,23.0550435 120.2184374,23.0549929 120.2184396,23.0549424 120.2184323,23.0548577 120.2137618,23.0560774 120.2137617,23.0560773 120.2137571,23.0560397 120.2137073,23.0560518 120.2137138,23.0560711 120.2137233,23.0561062 120.2137232,23.0561063 120.2135985,23.0561 120.2134706,23.0561317 120.2134704,23.0561316 120.2134545,23.0560137 120.2134218,23.0559936 120.2134219,23.0559935 120.2134509,23.0559866 120.2133995,23.0556056 120.2132082,23.0521121 120.2132199,23.0521049 120.2133007,23.052065 120.2134945,23.0519877 120.2134929,23.0519574 120.214918,23.0516041 120.215427,23.0514185</coordinates></LinearRing></outerBoundaryIs>
        </Polygon>
      </MultiGeometry>
  </Placemark>
  <Placemark>
	<Style><LineStyle><color>ff0000ff</color></LineStyle><PolyStyle><fill>0</fill></PolyStyle></Style>
	<ExtendedData><SchemaData schemaUrl="#114SEC_DBTBLPD">
		<SimpleData name="段碼">1299</SimpleData>
		<SimpleData name="段名">十二佃段</SimpleData>
		<SimpleData name="行政區">安南區</SimpleData>
	</SchemaData></ExtendedData>
      <MultiGeometry>
        <Polygon>
          <outerBoundaryIs><LinearRing><coordinates>120.1855669,23.0715451 120.1856233,23.0715694 120.1862011,23.0717882 120.1862163,23.0717942 120.1868148,23.0720238 120.187296,23.0722124 120.1878694,23.0730602 120.1885485,23.0740657 120.1886312,23.0741884 120.1887779,23.0744055 120.1889413,23.0746492 120.18972,23.0758646 120.1898723,23.0761134 120.1900596,23.0764203 120.190073,23.0764412 120.1903565,23.0769043 120.1903565,23.0769044 120.1901437,23.0769155 120.1902421,23.0770605 120.1905673,23.0778158 120.1907338,23.0781782 120.191318,23.0795382 120.1913433,23.0795968 120.1915706,23.0801373 120.1921775,23.0815413 120.1922074,23.0816106 120.1922074,23.0816107 120.1921624,23.0816161 120.1915433,23.0816375 120.1906591,23.0817328 120.1904172,23.0817759 120.1901095,23.0818811 120.1899691,23.081955 120.1879322,23.0827164 120.1878143,23.082793 120.1876069,23.0828671 120.187342,23.0829425 120.1872853,23.0829791 120.1872702,23.0829623 120.1808376,23.0767664 120.1815666,23.0760625 120.181418,23.0757235 120.1813617,23.0755935 120.1812662,23.0755176 120.1809004,23.0752247 120.1808788,23.0752067 120.1809378,23.075146 120.1808435,23.0751428 120.1808435,23.0751427 120.1815322,23.0746758 120.1813894,23.0742252 120.1811603,23.0741839 120.1811029,23.0741908 120.1811027,23.0741908 120.1810709,23.0738207 120.1812658,23.0737624 120.1807388,23.0737484 120.1806559,23.073237 120.1805735,23.0727266 120.180886,23.0726782 120.1809171,23.0726751 120.1809493,23.0725728 120.1809588,23.072506 120.1809396,23.0723943 120.1809397,23.0723942 120.1860067,23.0725564 120.1855608,23.0715493 120.1855669,23.0715451</coordinates></LinearRing></outerBoundaryIs>
        </Polygon>
      </MultiGeometry>
  </Placemark>
  <Placemark>
	<Style><LineStyle><color>ff0000ff</color></LineStyle><PolyStyle><fill>0</fill></PolyStyle></Style>
	<ExtendedData><SchemaData schemaUrl="#114SEC_DBTBLPD">
		<SimpleData name="段碼">1300</SimpleData>
		<SimpleData name="段名">慈安段</SimpleData>
		<SimpleData name="行政區">安南區</SimpleData>
	</SchemaData></ExtendedData>
      <MultiGeometry>
        <Polygon>
          <outerBoundaryIs><LinearRing><coordinates>120.2189708,23.0505481 120.2190319,23.0508408 120.2189854,23.0509864 120.2190672,23.0510902 120.2191492,23.0511111 120.2192215,23.0511142 120.2196004,23.051132 120.2200868,23.0511241 120.22034,23.0511172 120.2203401,23.0511173 120.2202376,23.0520071 120.220211,23.0523004 120.2201344,23.0528926 120.220063,23.0535263 120.2200449,23.0536779 120.2198315,23.0537757 120.2193647,23.0539908 120.2188115,23.0541737 120.2186434,23.0540556 120.2185987,23.0539268 120.2185467,23.053969 120.2185285,23.0540271 120.2185283,23.0540271 120.2186355,23.0528517 120.2186506,23.0527634 120.218608,23.052764 120.2186062,23.0527793 120.2185712,23.0528108 120.2184216,23.0528216 120.2181964,23.0529053 120.2181639,23.052885 120.218164,23.0528492 120.2181056,23.0528506 120.2181055,23.0529165 120.2180785,23.0529427 120.2176467,23.0529646 120.2176435,23.0529441 120.2176303,23.0529324 120.2176308,23.0528317 120.2176102,23.0526351 120.2175632,23.0526397 120.2175854,23.052851 120.2175528,23.0528541 120.2175524,23.0529327 120.2175201,23.0529667 120.2174154,23.0529793 120.2174155,23.0529808 120.2173709,23.0529856 120.2173707,23.0529847 120.2162828,23.0531161 120.2162446,23.053088 120.2161675,23.0530992 120.2161688,23.0531122 120.2161565,23.0531311 120.2161623,23.053181 120.2156874,23.053241 120.2155962,23.0532513 120.2155961,23.0532512 120.2155489,23.052747 120.215525,23.0525032 120.2154345,23.0516141 120.2154151,23.0514928 120.2154363,23.0514839 120.2154326,23.0514574 120.2154849,23.0514375 120.2156523,23.0513687 120.2160759,23.0511442 120.2162907,23.0510191 120.2163716,23.0509397 120.2163989,23.0509222 120.2168358,23.0507371 120.2170445,23.0507452 120.2171044,23.0507164 120.2175834,23.0506923 120.2178281,23.0506718 120.2179815,23.0506531 120.218119,23.0506437 120.2181297,23.0506428 120.2183267,23.0506684 120.2183967,23.0506393 120.2188104,23.0505504 120.2188625,23.0505576 120.2189708,23.0505481</coordinates></LinearRing></outerBoundaryIs>
        </Polygon>
      </MultiGeometry>
  </Placemark>
  <Placemark>
	<Style><LineStyle><color>ff0000ff</color></LineStyle><PolyStyle><fill>0</fill></PolyStyle></Style>
	<ExtendedData><SchemaData schemaUrl="#114SEC_DBTBLPD">
		<SimpleData name="段碼">1301</SimpleData>
		<SimpleData name="段名">中洲段</SimpleData>
		<SimpleData name="行政區">安南區</SimpleData>
	</SchemaData></ExtendedData>
      <MultiGeometry>
        <Polygon>
          <outerBoundaryIs><LinearRing><coordinates>120.218604,23.057315 120.2186234,23.0578097 120.2186372,23.0582027 120.2186598,23.0586763 120.2186321,23.0596001 120.2186418,23.0599982 120.2186431,23.0600157 120.218655,23.0608077 120.2186582,23.0612395 120.2186576,23.0615778 120.2186575,23.0615779 120.2185831,23.0615428 120.2185735,23.0615404 120.218574,23.0615713 120.2186433,23.0616213 120.2186581,23.0616092 120.2186583,23.0616093 120.218662,23.0616706 120.2186598,23.0623163 120.2186526,23.0633408 120.2186502,23.0633414 120.2180187,23.063316 120.2177711,23.0633079 120.2175555,23.0633115 120.2175235,23.0633129 120.217485,23.0633134 120.2173994,23.0633157 120.2168802,23.0634245 120.2168489,23.0634072 120.2164995,23.0634477 120.2164829,23.0634415 120.2161693,23.0634517 120.2161257,23.0634533 120.2160899,23.0634508 120.2156344,23.063587 120.2154508,23.0634803 120.2150522,23.0635687 120.2150121,23.0635721 120.2149386,23.0635781 120.2144188,23.0636233 120.214374,23.0635883 120.2141462,23.0608153 120.2149147,23.0607559 120.2152369,23.0606917 120.2153976,23.0606765 120.2154114,23.058315 120.2185608,23.0581914 120.218557,23.0581147 120.2185241,23.0581479 120.2181403,23.0581629 120.2181402,23.0581628 120.2181349,23.0579681 120.2181324,23.0578058 120.2181325,23.0578057 120.2185418,23.0578089 120.2185174,23.0573178 120.2185194,23.0573176 120.218604,23.057315</coordinates></LinearRing></outerBoundaryIs>
        </Polygon>
      </MultiGeometry>
  </Placemark>
  <Placemark>
	<Style><LineStyle><color>ff0000ff</color></LineStyle><PolyStyle><fill>0</fill></PolyStyle></Style>
	<ExtendedData><SchemaData schemaUrl="#114SEC_DBTBLPD">
		<SimpleData name="段碼">1302</SimpleData>
		<SimpleData name="段名">草湖寮段</SimpleData>
		<SimpleData name="行政區">安南區</SimpleData>
	</SchemaData></ExtendedData>
      <MultiGeometry>
        <Polygon>
          <outerBoundaryIs><LinearRing><coordinates>120.2044878,23.0295136 120.2045284,23.0295528 120.2042313,23.0316956 120.2039534,23.0336963 120.2037423,23.0342599 120.1972581,23.0342476 120.196733,23.0335052 120.1967479,23.0301361 120.2044878,23.0295136</coordinates></LinearRing></outerBoundaryIs>
        </Polygon>
      </MultiGeometry>
  </Placemark>
  <Placemark>
	<Style><LineStyle><color>ff0000ff</color></LineStyle><PolyStyle><fill>0</fill></PolyStyle></Style>
	<ExtendedData><SchemaData schemaUrl="#114SEC_DBTBLPD">
		<SimpleData name="段碼">1303</SimpleData>
		<SimpleData name="段名">保安宮段</SimpleData>
		<SimpleData name="行政區">安南區</SimpleData>
	</SchemaData></ExtendedData>
      <MultiGeometry>
        <Polygon>
          <outerBoundaryIs><LinearRing><coordinates>120.2177711,23.0633077 120.2180187,23.0633159 120.2186268,23.0633403 120.2186269,23.0633404 120.218625,23.0633745 120.2186328,23.0637308 120.2186214,23.0641257 120.2185129,23.0646191 120.2185117,23.0646264 120.2184757,23.064807 120.218524,23.0648046 120.2185241,23.0648047 120.2185045,23.0648945 120.2185044,23.0648946 120.218458,23.0648743 120.2183926,23.0652512 120.2183828,23.0653146 120.218212,23.0657602 120.2182075,23.0657699 120.2181519,23.0658812 120.2180881,23.0660148 120.2180291,23.0661368 120.217845,23.0663949 120.2177906,23.0664457 120.2173013,23.0670429 120.21726,23.0670964 120.2170539,23.0674056 120.2170443,23.0674415 120.2167336,23.0680109 120.2163676,23.068753 120.2161334,23.0692262 120.2161184,23.0692581 120.2160282,23.0694406 120.2160036,23.0695171 120.2157975,23.0699775 120.2156057,23.0704068 120.2155521,23.0705298 120.2154898,23.0706482 120.2153478,23.0709477 120.2153476,23.0709477 120.2152953,23.0709046 120.2152708,23.0708837 120.2153119,23.0708103 120.2151344,23.0694811 120.2151325,23.0694812 120.2151205,23.0693771 120.2148535,23.0673763 120.2148347,23.0672398 120.2148348,23.0672397 120.214836,23.0672398 120.2148301,23.0672004 120.2143823,23.0638468 120.2143765,23.0638063 120.2143763,23.0636299 120.214374,23.0635883 120.2143742,23.0635882 120.2144189,23.0636231 120.2149386,23.0635779 120.2150121,23.0635719 120.2150522,23.0635685 120.2154508,23.0634801 120.2156344,23.0635868 120.2160898,23.0634506 120.2161257,23.0634531 120.2161693,23.0634515 120.2164829,23.0634413 120.2164995,23.0634475 120.2168489,23.063407 120.2168802,23.0634243 120.2173993,23.0633155 120.217485,23.0633132 120.2175235,23.0633127 120.2175555,23.0633113 120.2177711,23.0633077</coordinates></LinearRing></outerBoundaryIs>
          <innerBoundaryIs><LinearRing><coordinates>120.2167563,23.0660236 120.2166274,23.0662522 120.2167627,23.0663185 120.2168033,23.0662439 120.2168951,23.06608 120.2167563,23.0660236</coordinates></LinearRing></innerBoundaryIs>
          <innerBoundaryIs><LinearRing><coordinates>120.2167692,23.0668227 120.216542,23.0671054 120.2165878,23.0671274 120.2165879,23.0671275 120.2165401,23.0672113 120.2166229,23.0672517 120.2166647,23.0672558 120.2166769,23.0672346 120.2167692,23.0672662 120.2168181,23.067271 120.2168487,23.067218 120.2167857,23.067196 120.2167856,23.0671959 120.2168025,23.0671667 120.2168655,23.0671886 120.2169114,23.0671088 120.2167872,23.067049 120.2167871,23.0670489 120.2168844,23.0668836 120.2167692,23.0668227</coordinates></LinearRing></innerBoundaryIs>
        </Polygon>
      </MultiGeometry>
  </Placemark>
  <Placemark>
	<Style><LineStyle><color>ff0000ff</color></LineStyle><PolyStyle><fill>0</fill></PolyStyle></Style>
	<ExtendedData><SchemaData schemaUrl="#114SEC_DBTBLPD">
		<SimpleData name="段碼">1304</SimpleData>
		<SimpleData name="段名">和順段</SimpleData>
		<SimpleData name="行政區">安南區</SimpleData>
	</SchemaData></ExtendedData>
      <MultiGeometry>
        <Polygon>
          <outerBoundaryIs><LinearRing><coordinates>120.2187066,23.0633332 120.218902,23.0633498 120.2192561,23.0633471 120.219917,23.0633607 120.2201569,23.0633677 120.220924,23.0634754 120.2210886,23.0635238 120.2216567,23.0637717 120.2221704,23.0639333 120.222304,23.0639668 120.2223969,23.0639696 120.2225372,23.0639365 120.2246599,23.0641459 120.2248168,23.0640691 120.2248169,23.0640692 120.224845,23.0641218 120.2248733,23.0641733 120.2249029,23.0642308 120.2249344,23.0642867 120.2249598,23.0643324 120.2249597,23.0643325 120.2249266,23.0643429 120.2248276,23.0643643 120.2246428,23.0643253 120.224619,23.0643223 120.2246137,23.0643473 120.2245641,23.0645642 120.2244506,23.0649549 120.2243001,23.0653049 120.2241006,23.0657046 120.2238743,23.0661133 120.2236034,23.0666021 120.223599,23.0666197 120.2235161,23.0667933 120.2234137,23.0670083 120.2232522,23.0673503 120.2230338,23.0678119 120.2230152,23.0679868 120.2230205,23.0680844 120.2230305,23.0682733 120.2230335,23.0683329 120.2230335,23.0684189 120.2230324,23.0685816 120.2230286,23.0690194 120.2230201,23.0695867 120.2230086,23.0698506 120.2229941,23.0708868 120.2229777,23.0717276 120.2229761,23.0718008 120.2227062,23.071804 120.2225924,23.0718298 120.2224758,23.0717914 120.2222786,23.0717841 120.221964,23.0718381 120.2217994,23.0718459 120.2215327,23.0718557 120.2214071,23.0718605 120.2211807,23.0718701 120.2211129,23.0718622 120.2209492,23.071809 120.2209057,23.0717951 120.2208038,23.0717941 120.220564,23.0718482 120.2203198,23.0719239 120.220244,23.0718808 120.2199667,23.0714905 120.2196695,23.0708919 120.2196323,23.0708459 120.2195672,23.0707477 120.2192564,23.0702699 120.2192306,23.0702287 120.2188911,23.0697039 120.2186669,23.0693518 120.2186018,23.0692519 120.2185153,23.0691137 120.218477,23.0690494 120.2183164,23.068759 120.2182505,23.0686484 120.2179665,23.068201 120.2176827,23.067764 120.2175173,23.0674858 120.217486,23.0674473 120.2173147,23.0671667 120.2172598,23.0670964 120.2173012,23.0670428 120.2177905,23.0664455 120.2178449,23.0663948 120.218029,23.0661367 120.2180879,23.0660147 120.2181517,23.0658811 120.2182074,23.0657698 120.2182118,23.0657602 120.2183827,23.0653146 120.2183924,23.0652511 120.2184578,23.0648742 120.218458,23.0648741 120.2185044,23.0648943 120.2185239,23.0648048 120.2184756,23.0648072 120.2184755,23.0648071 120.2185115,23.0646264 120.2185127,23.0646191 120.2186212,23.0641257 120.2186326,23.0637308 120.2186248,23.0633745 120.2186267,23.0633403 120.2186502,23.0633412 120.2186525,23.0633407 120.2187066,23.0633332</coordinates></LinearRing></outerBoundaryIs>
          <innerBoundaryIs><LinearRing><coordinates>120.2214255,23.0657984 120.2214248,23.0658345 120.2214247,23.0658346 120.2214223,23.0658345 120.2213783,23.0679244 120.2213782,23.0679245 120.221377,23.0679244 120.2213748,23.0680341 120.2214555,23.0680366 120.2214556,23.0680337 120.2214446,23.0680334 120.2214142,23.0680037 120.2214158,23.067926 120.221416,23.0679259 120.2215761,23.0679409 120.2216621,23.0677432 120.2217346,23.0675737 120.2222393,23.0675889 120.2222699,23.0675175 120.2224066,23.0675216 120.2223266,23.0673875 120.2223405,23.0673563 120.222475,23.0672878 120.2223567,23.0670893 120.2222859,23.0672471 120.2221152,23.0671823 120.2221151,23.0671822 120.2222096,23.0669718 120.2222389,23.0669727 120.2222644,23.0669344 120.2216184,23.0658504 120.2215914,23.0658066 120.2214255,23.0657984</coordinates></LinearRing></innerBoundaryIs>
          <innerBoundaryIs><LinearRing><coordinates>120.2218099,23.0685419 120.2217587,23.0685866 120.2212819,23.0685764 120.2212796,23.0686665 120.2212746,23.0688273 120.2212701,23.0689844 120.2212662,23.0691439 120.2212621,23.0692342 120.2212493,23.0696931 120.2212465,23.0698215 120.2212416,23.0700081 120.2212415,23.0700082 120.2209688,23.0699995 120.2209736,23.0698149 120.2209755,23.0696886 120.2207517,23.0696848 120.2207516,23.0696847 120.2207624,23.0693558 120.2207625,23.0693557 120.22099,23.0693668 120.2209943,23.0692277 120.2209971,23.0691425 120.2206789,23.0691337 120.2206788,23.0691348 120.2203712,23.0691252 120.220368,23.0692428 120.2204012,23.0692133 120.2205029,23.0692159 120.2204972,23.069416 120.2206705,23.0694209 120.2206633,23.0696832 120.2206595,23.0698186 120.220646,23.0702782 120.2206437,23.0703643 120.2206366,23.0706014 120.2206284,23.0708885 120.2206542,23.0708938 120.2207864,23.0709066 120.2207958,23.0709065 120.2207959,23.0709079 120.2209291,23.0709075 120.2209348,23.0709126 120.2209351,23.070902 120.2210102,23.0708993 120.2210103,23.0708993 120.2210105,23.0709073 120.2229555,23.0709017 120.2229571,23.0708296 120.2227162,23.0708303 120.2227161,23.0708302 120.2227287,23.0703739 120.2229689,23.0703749 120.2229706,23.0703069 120.2227316,23.0703068 120.2227315,23.0703067 120.2227374,23.0700804 120.2227386,23.070042 120.2227902,23.0700431 120.2227932,23.0699266 120.2227933,23.0699265 120.2229795,23.0699309 120.2230003,23.069023 120.2227657,23.0690524 120.222763,23.0691817 120.2224777,23.0691899 120.2224776,23.0691898 120.2224848,23.0689611 120.2217871,23.0689496 120.221787,23.0689495 120.2218099,23.0685419</coordinates></LinearRing></innerBoundaryIs>
        </Polygon>
      </MultiGeometry>
  </Placemark>
  <Placemark>
	<Style><LineStyle><color>ff0000ff</color></LineStyle><PolyStyle><fill>0</fill></PolyStyle></Style>
	<ExtendedData><SchemaData schemaUrl="#114SEC_DBTBLPD">
		<SimpleData name="段碼">1306</SimpleData>
		<SimpleData name="段名">安昌段</SimpleData>
		<SimpleData name="行政區">安南區</SimpleData>
	</SchemaData></ExtendedData>
      <MultiGeometry>
        <Polygon>
          <outerBoundaryIs><LinearRing><coordinates>120.2241184,23.0717234 120.2241185,23.0717235 120.2240655,23.0718549 120.2240375,23.0719736 120.2240377,23.0720685 120.2240602,23.0721799 120.2240827,23.072284 120.2241308,23.072379 120.2242773,23.0726048 120.2243051,23.0726473 120.224758,23.0725772 120.2247581,23.0725773 120.2247614,23.072599 120.2244745,23.0726478 120.2242363,23.0726868 120.2242252,23.0727918 120.2242127,23.0729743 120.2242044,23.0730693 120.2241898,23.0731286 120.2241811,23.0731667 120.2241158,23.0734325 120.2240115,23.0738595 120.2239586,23.0740727 120.2239172,23.0742452 120.2238772,23.0743864 120.2238598,23.0744189 120.2237883,23.0744127 120.223685,23.074885 120.2236439,23.0750946 120.2236044,23.0752282 120.2235442,23.0753968 120.2235276,23.075534 120.2234953,23.0756894 120.223456,23.075781 120.2231688,23.0757906 120.2228326,23.0758057 120.2226158,23.0758151 120.2225915,23.0758014 120.2225484,23.075775 120.2225232,23.0757607 120.222482,23.0757383 120.2222592,23.0756516 120.2222113,23.0756392 120.2220536,23.0755957 120.2219196,23.0755591 120.2217691,23.0755164 120.2216384,23.0754879 120.22154,23.0754716 120.2214062,23.0754455 120.2213416,23.0754358 120.2212498,23.0754172 120.2211911,23.0753972 120.2211174,23.0753727 120.2210607,23.0753401 120.2209654,23.0750807 120.2208895,23.0749038 120.2207065,23.0746151 120.2206106,23.0744586 120.2205996,23.0743325 120.220598,23.0743232 120.2205973,23.0743098 120.2205963,23.0743095 120.2205962,23.0743084 120.2205961,23.0742815 120.2205997,23.0741974 120.2206039,23.0741073 120.2206263,23.0740422 120.2206408,23.0739967 120.2206452,23.0739835 120.2206843,23.0738805 120.2205523,23.0738716 120.2204704,23.0736122 120.2204848,23.0735859 120.2204988,23.0735634 120.2205148,23.0735348 120.2205218,23.0735344 120.2205153,23.0734619 120.2205113,23.0734421 120.220498,23.0733722 120.2204713,23.0732072 120.2204696,23.0731944 120.220436,23.072752 120.2203731,23.0726901 120.2203603,23.0726004 120.2203613,23.0725907 120.2203615,23.0725906 120.2203894,23.0726186 120.2204582,23.0725001 120.2204719,23.0724698 120.2204983,23.0722143 120.2204697,23.072212 120.220464,23.0721756 120.2204488,23.072091 120.2203679,23.0719708 120.2204005,23.071949 120.2204032,23.0719423 120.2204153,23.071939 120.220422,23.0719345 120.2204159,23.0718939 120.220564,23.071848 120.2208038,23.071794 120.2209058,23.0717949 120.2209493,23.0718088 120.221113,23.0718621 120.2211807,23.0718699 120.2214045,23.0718605 120.2215327,23.0718556 120.2217994,23.0718457 120.2219646,23.0718379 120.2222786,23.0717839 120.2224758,23.0717912 120.2225924,23.0718296 120.2227062,23.0718038 120.2229761,23.0718006 120.2230695,23.0717983 120.2233082,23.0717847 120.2234029,23.07178 120.2235712,23.0717708 120.2236007,23.0717716 120.2236369,23.0717723 120.2236474,23.0717724 120.2237798,23.0717725 120.2239806,23.0717731 120.2239804,23.0717478 120.2241184,23.0717234</coordinates></LinearRing></outerBoundaryIs>
        </Polygon>
      </MultiGeometry>
  </Placemark>
</Folder>
</Document></kml>
