<?xml version="1.0" encoding="utf-8" ?>
<kml xmlns="http://www.opengis.net/kml/2.2">
<Document id="root_pd">
<Schema name="114SEC_DC" id="114SEC_DCTBLPD">
	<SimpleField name="段碼" type="string"></SimpleField>
	<SimpleField name="段名" type="string"></SimpleField>
	<SimpleField name="行政區" type="string"></SimpleField>
</Schema>
<Folder><name>DCTBLPD</name>
  <Placemark>
	<Style><LineStyle><color>ff0000ff</color></LineStyle><PolyStyle><fill>0</fill></PolyStyle></Style>
	<ExtendedData><SchemaData schemaUrl="#114SEC_DCTBLPD">
		<SimpleData name="段碼">1501</SimpleData>
		<SimpleData name="段名">竹篙厝段</SimpleData>
		<SimpleData name="行政區">東區</SimpleData>
	</SchemaData></ExtendedData>
      <MultiGeometry>
        <Polygon>
          <outerBoundaryIs><LinearRing><coordinates>120.2132014,22.9867766 120.2132015,22.9867768 120.213175,22.9868594 120.2131671,22.9868798 120.2131339,22.9869765 120.2129749,22.9869828 120.2129748,22.9869826 120.2130292,22.9868003 120.2130359,22.9867762 120.2132014,22.9867766</coordinates></LinearRing></outerBoundaryIs>
        </Polygon>
        <Polygon>
          <outerBoundaryIs><LinearRing><coordinates>120.2135322,22.9852251 120.2137069,22.9852638 120.2137238,22.9852678 120.2137596,22.9852757 120.2137596,22.9852758 120.2133112,22.9867079 120.2133111,22.986708 120.2132647,22.986682 120.2132647,22.9866815 120.2132345,22.9866635 120.2131979,22.9867753 120.2130336,22.9867748 120.2130335,22.9867747 120.2130719,22.9866431 120.2132678,22.9860301 120.213268,22.9860301 120.213267,22.9863836 120.2132692,22.986032 120.2135322,22.9852251</coordinates></LinearRing></outerBoundaryIs>
        </Polygon>
        <Polygon>
          <outerBoundaryIs><LinearRing><coordinates>120.2221321,22.9851617 120.2221322,22.9851618 120.2221304,22.9855072 120.2220757,22.9855242 120.221768,22.9851607 120.2217681,22.9851606 120.2221321,22.9851617</coordinates></LinearRing></outerBoundaryIs>
        </Polygon>
        <Polygon>
          <outerBoundaryIs><LinearRing><coordinates>120.223239,22.9851651 120.2232391,22.9851652 120.2221352,22.9855058 120.2221351,22.9855057 120.2221373,22.9851616 120.223239,22.9851651</coordinates></LinearRing></outerBoundaryIs>
        </Polygon>
        <Polygon>
          <outerBoundaryIs><LinearRing><coordinates>120.2243539,22.9835269 120.224354,22.983527 120.2243537,22.9835431 120.2243532,22.9837313 120.2243519,22.9840258 120.2243506,22.9840614 120.2243512,22.9841976 120.2243506,22.9843209 120.22435,22.9843341 120.2243498,22.9845037 120.2243495,22.9845104 120.2243488,22.9846987 120.2243493,22.9847008 120.2243255,22.9847143 120.2242752,22.9847425 120.2242645,22.9847491 120.2242507,22.984757 120.2242437,22.9847608 120.2242314,22.984767 120.2242135,22.9847766 120.2241738,22.9847976 120.2241476,22.9848112 120.2241284,22.9848209 120.224119,22.9848254 120.2241008,22.9848337 120.2240809,22.9848435 120.2240612,22.9848535 120.2240177,22.9848742 120.2239954,22.9848844 120.2239737,22.9848938 120.2239203,22.984918 120.2238415,22.9849523 120.2237973,22.9849704 120.2236995,22.9850095 120.2236166,22.9850409 120.2235795,22.9850541 120.2235215,22.9850743 120.2234886,22.9850849 120.2234167,22.9851061 120.223237,22.9851628 120.2230027,22.9851633 120.2226795,22.9851623 120.2221333,22.9851595 120.2221332,22.9851614 120.2217639,22.9851599 120.2207481,22.9839706 120.2207083,22.9839259 120.2206572,22.9838725 120.2206347,22.9838503 120.2206118,22.9838285 120.2205885,22.9838071 120.2205648,22.983786 120.2205407,22.9837654 120.2205162,22.9837451 120.2204913,22.9837252 120.2204661,22.9837058 120.2204405,22.9836867 120.2204145,22.9836681 120.2203882,22.9836498 120.2203616,22.983632 120.2203346,22.9836147 120.2203073,22.9835978 120.2202797,22.9835813 120.2202518,22.9835653 120.2202236,22.9835497 120.2201543,22.983514 120.2201544,22.9835138 120.2221402,22.9835202 120.2221403,22.9835202 120.2221354,22.9845666 120.2221341,22.9847094 120.2221335,22.9850394 120.2221356,22.9847087 120.2221369,22.9845646 120.2221431,22.9835198 120.2243539,22.9835269</coordinates></LinearRing></outerBoundaryIs>
        </Polygon>
        <Polygon>
          <outerBoundaryIs><LinearRing><coordinates>120.2259301,22.9835316 120.2259301,22.9835318 120.2258938,22.9835575 120.2258621,22.9835792 120.2257824,22.9836355 120.2257402,22.9836647 120.225725,22.983676 120.2256093,22.9837569 120.2255376,22.9838076 120.2252228,22.9841005 120.2250133,22.9842574 120.224976,22.9842859 120.2249115,22.9843336 120.2248872,22.9843518 120.2248149,22.9844051 120.2247772,22.9844316 120.2247403,22.984458 120.224716,22.9844749 120.2246658,22.9845086 120.2246278,22.9845346 120.2245901,22.9845583 120.2245506,22.9845835 120.2245117,22.9846079 120.2244732,22.9846312 120.2244341,22.9846544 120.2243951,22.9846778 120.2243545,22.984701 120.2243535,22.9847019 120.2243533,22.9847018 120.2243587,22.9835265 120.2259301,22.9835316</coordinates></LinearRing></outerBoundaryIs>
        </Polygon>
        <Polygon>
          <outerBoundaryIs><LinearRing><coordinates>120.2155003,22.9818585 120.2155004,22.9818585 120.2154994,22.9819948 120.2154993,22.9819949 120.2150505,22.9818572 120.2150505,22.9818571 120.2155003,22.9818585</coordinates></LinearRing></outerBoundaryIs>
        </Polygon>
        <Polygon>
          <outerBoundaryIs><LinearRing><coordinates>120.2177145,22.981865 120.2177146,22.9818651 120.2177107,22.982702 120.2177106,22.9827021 120.2172871,22.9825656 120.2170944,22.982502 120.2162194,22.9822179 120.2155008,22.9819944 120.2155017,22.9818583 120.2177145,22.981865</coordinates></LinearRing></outerBoundaryIs>
        </Polygon>
        <Polygon>
          <outerBoundaryIs><LinearRing><coordinates>120.2221453,22.9818784 120.2221454,22.9818785 120.2221443,22.9820656 120.2221416,22.982618 120.2221377,22.9835194 120.2221376,22.9835194 120.2205173,22.9835133 120.2201516,22.9835122 120.2201088,22.9834919 120.2200816,22.9834797 120.2200541,22.9834679 120.2200264,22.9834566 120.2199984,22.9834458 120.2199703,22.9834353 120.2199234,22.9834191 120.2199234,22.9834199 120.2199232,22.9834199 120.2177123,22.9827026 120.2177134,22.982511 120.2177177,22.9818647 120.2199296,22.9818718 120.2199297,22.9818719 120.2199263,22.9826763 120.2199244,22.9831928 120.2199241,22.983228 120.2199237,22.9833302 120.2199333,22.9818714 120.2221453,22.9818784</coordinates></LinearRing></outerBoundaryIs>
        </Polygon>
        <Polygon>
          <outerBoundaryIs><LinearRing><coordinates>120.2243608,22.9818852 120.2243606,22.9819471 120.2243601,22.9820146 120.2243597,22.9821579 120.2243592,22.98223 120.224358,22.9825963 120.2243571,22.9827087 120.2243542,22.9835263 120.2243541,22.9835263 120.2243419,22.9835262 120.2242428,22.9835259 120.2241468,22.9835257 120.2240198,22.983525 120.2221391,22.9835186 120.222139,22.9835185 120.2221444,22.982615 120.222145,22.9824673 120.2221467,22.9822925 120.2221473,22.9820682 120.222149,22.981878 120.2243608,22.9818852</coordinates></LinearRing></outerBoundaryIs>
        </Polygon>
        <Polygon>
          <outerBoundaryIs><LinearRing><coordinates>120.226577,22.9818919 120.2265771,22.981892 120.226575,22.9822626 120.2265703,22.9830716 120.2265685,22.9830731 120.226288,22.9832799 120.2259304,22.9835305 120.224355,22.983525 120.2243549,22.9835249 120.2243645,22.9818847 120.2263621,22.9818912 120.2264258,22.9818915 120.2264458,22.9818914 120.226577,22.9818919</coordinates></LinearRing></outerBoundaryIs>
        </Polygon>
        <Polygon>
          <outerBoundaryIs><LinearRing><coordinates>120.2281122,22.9818965 120.2281122,22.9818966 120.2280851,22.9819164 120.2280824,22.9819198 120.2280559,22.9819591 120.2280399,22.981984 120.2280238,22.9819957 120.2277837,22.982174 120.227774,22.9821812 120.227745,22.9822016 120.2276691,22.9822577 120.2276415,22.9822786 120.2275576,22.9823404 120.2273335,22.982507 120.2272993,22.9825321 120.2272667,22.9825563 120.2272332,22.9825805 120.2271681,22.9826289 120.2271026,22.9826779 120.2270689,22.9827026 120.2265727,22.9830695 120.2265726,22.9830694 120.2265733,22.9829514 120.2265741,22.9828812 120.2265756,22.9826467 120.2265758,22.9825733 120.2265764,22.9825118 120.2265774,22.9823443 120.2265779,22.9823037 120.2265786,22.982192 120.2265784,22.9821665 120.2265802,22.9818915 120.2281122,22.9818965</coordinates></LinearRing></outerBoundaryIs>
        </Polygon>
        <Polygon>
          <outerBoundaryIs><LinearRing><coordinates>120.2199339,22.98023 120.2199335,22.9803405 120.2199323,22.9805185 120.2199268,22.9818711 120.2199267,22.9818712 120.2184003,22.9818638 120.2177147,22.9818615 120.2176342,22.9818609 120.2154982,22.981855 120.2154981,22.9818574 120.2150467,22.9818549 120.2148134,22.9817831 120.2148664,22.9816089 120.2152891,22.980216 120.215504,22.9802168 120.2155023,22.9806183 120.2154998,22.9813802 120.2155007,22.9812722 120.2155015,22.9810934 120.2155025,22.9809797 120.2155028,22.9809652 120.2155038,22.9808877 120.2155044,22.9807471 120.2155042,22.980704 120.2155045,22.980674 120.2155046,22.980619 120.2155056,22.9805342 120.2155076,22.9802165 120.2177189,22.9802233 120.2177181,22.9804828 120.2177183,22.9805838 120.2177176,22.9806593 120.2177181,22.9807748 120.2177174,22.9808227 120.2177176,22.9810123 120.2177171,22.9810782 120.2177168,22.9811753 120.2177223,22.9803766 120.2177235,22.980223 120.219698,22.9802292 120.2199339,22.98023</coordinates></LinearRing></outerBoundaryIs>
        </Polygon>
        <Polygon>
          <outerBoundaryIs><LinearRing><coordinates>120.2243644,22.9802434 120.2243601,22.9815375 120.2243597,22.981538 120.2243601,22.9815385 120.2243588,22.9818823 120.2234027,22.9818795 120.2221462,22.9818763 120.2221461,22.9818775 120.221577,22.9818754 120.221335,22.981874 120.2199292,22.9818694 120.2199291,22.9818694 120.2199373,22.9805192 120.2199392,22.9802296 120.2221505,22.9802367 120.2221501,22.9804198 120.2221502,22.980446 120.2221497,22.9805624 120.2221487,22.9809631 120.2221481,22.9810588 120.2221486,22.9810896 120.2221481,22.9813057 120.2221482,22.9813068 120.2221477,22.9814074 120.2221536,22.9804166 120.2221548,22.9802363 120.2243644,22.9802434</coordinates></LinearRing></outerBoundaryIs>
        </Polygon>
        <Polygon>
          <outerBoundaryIs><LinearRing><coordinates>120.2287971,22.9802569 120.2287972,22.980257 120.2287953,22.9806432 120.2287945,22.9807176 120.228794,22.9807909 120.228794,22.9808863 120.2287926,22.9810363 120.2287928,22.9810458 120.2287928,22.9811124 120.2287913,22.9813074 120.2287911,22.9813881 120.2287901,22.9813887 120.2287536,22.9814157 120.228719,22.9814418 120.22865,22.9814932 120.2286169,22.9815185 120.2285814,22.981545 120.2285351,22.981579 120.2285004,22.9816049 120.2284667,22.9816297 120.2282568,22.9817855 120.2281165,22.9818889 120.2281069,22.9818962 120.2280617,22.9818959 120.2279999,22.9818958 120.2276589,22.9818928 120.227597,22.981893 120.2275361,22.9818929 120.2272872,22.9818917 120.2271317,22.9818911 120.2270617,22.9818911 120.2269791,22.9818906 120.2269006,22.9818908 120.2268858,22.9818898 120.2266481,22.9818885 120.2265756,22.9818883 120.2265755,22.9818898 120.2264448,22.9818895 120.2261926,22.9818888 120.2261346,22.9818884 120.226088,22.9818883 120.2260042,22.9818879 120.2255853,22.9818868 120.2254433,22.9818863 120.2253611,22.9818858 120.2249268,22.9818845 120.2248574,22.9818844 120.2246837,22.9818838 120.2245322,22.9818831 120.2244196,22.981883 120.2243599,22.9818829 120.2243598,22.9818828 120.2243604,22.9817806 120.2243619,22.9816043 120.2243634,22.9813685 120.2243643,22.9812486 120.2243645,22.9811521 120.2243667,22.9808162 120.2243675,22.9807149 120.2243682,22.9806078 120.2243684,22.9805493 120.2243691,22.9804585 120.2243704,22.980243 120.2265807,22.9802501 120.2265808,22.9802502 120.2265801,22.9804306 120.2265794,22.9807178 120.2265785,22.9809464 120.2265783,22.9810795 120.2265773,22.9813169 120.2265774,22.9813512 120.2265769,22.9815313 120.2265763,22.9816374 120.2265756,22.9818792 120.226586,22.9802497 120.2287971,22.9802569</coordinates></LinearRing></outerBoundaryIs>
        </Polygon>
        <Polygon>
          <outerBoundaryIs><LinearRing><coordinates>120.2155032,22.9794963 120.2155007,22.9798756 120.2155003,22.9798977 120.2154984,22.9802144 120.2152819,22.9802138 120.2152818,22.9802137 120.2155032,22.9794963</coordinates></LinearRing></outerBoundaryIs>
        </Polygon>
        <Polygon>
          <outerBoundaryIs><LinearRing><coordinates>120.2199474,22.9769463 120.2199475,22.9769464 120.2199402,22.9785867 120.2195991,22.9785856 120.2194831,22.9785851 120.2194011,22.9785845 120.2177265,22.9785786 120.2177265,22.978582 120.2177258,22.9785821 120.217724,22.9790656 120.217723,22.9792564 120.2177234,22.9792684 120.2177223,22.9796806 120.2177216,22.9798453 120.217722,22.979756 120.2177224,22.9797151 120.217723,22.9796805 120.2177253,22.9792552 120.2177293,22.9785812 120.2199404,22.9785882 120.2199401,22.978694 120.2199393,22.9787889 120.2199397,22.978886 120.2199394,22.9790051 120.2199383,22.9792168 120.2199379,22.9793864 120.2199368,22.9797409 120.2199358,22.9799949 120.2199354,22.9801798 120.2199359,22.9801324 120.219945,22.9785878 120.2221567,22.9785949 120.2221568,22.978595 120.2221529,22.9794665 120.2221516,22.9797221 120.2221512,22.9797695 120.2221497,22.9801677 120.2221524,22.9797882 120.2221527,22.979719 120.2221548,22.9794644 120.2221607,22.9785945 120.2222994,22.9785949 120.2222998,22.9785953 120.2223,22.978595 120.2243714,22.9786016 120.2243652,22.9802423 120.2243651,22.9802424 120.223512,22.9802393 120.2232021,22.9802376 120.2226859,22.9802353 120.2225885,22.9802351 120.2224859,22.980235 120.2223246,22.9802344 120.2221495,22.9802333 120.2221494,22.9802352 120.2219841,22.9802346 120.2218327,22.9802335 120.2217065,22.9802332 120.221594,22.9802331 120.2214324,22.9802326 120.2212879,22.9802318 120.2199351,22.9802272 120.219935,22.9802287 120.2198445,22.9802284 120.219697,22.980227 120.2184974,22.9802231 120.2184776,22.9802229 120.2178989,22.9802212 120.2177684,22.9802205 120.2177196,22.9802205 120.2177195,22.9802213 120.2176768,22.9802214 120.2156062,22.9802149 120.2155037,22.9802146 120.2155036,22.9802145 120.2155057,22.9798982 120.2155056,22.979876 120.215507,22.9797322 120.215507,22.9796976 120.215508,22.9794967 120.2157928,22.9785756 120.2158635,22.9785757 120.2170652,22.9785795 120.216289,22.9785763 120.216209,22.9785763 120.215876,22.9785753 120.2157909,22.9785749 120.2157908,22.9785748 120.2163075,22.9769353 120.2177332,22.9769396 120.2177333,22.9769397 120.217731,22.9774849 120.217735,22.9769393 120.2199474,22.9769463</coordinates></LinearRing></outerBoundaryIs>
          <innerBoundaryIs><LinearRing><coordinates>120.217721,22.9799387 120.2177204,22.9799627 120.2177199,22.9801195 120.2177211,22.9799664 120.217721,22.9799387</coordinates></LinearRing></innerBoundaryIs>
        </Polygon>
        <Polygon>
          <outerBoundaryIs><LinearRing><coordinates>120.2221612,22.976953 120.2221613,22.9769531 120.222161,22.9770015 120.2221606,22.9770928 120.2221598,22.9772086 120.2221593,22.9773344 120.2221597,22.9774131 120.2221587,22.9774819 120.2221581,22.9776623 120.2221571,22.9778325 120.222157,22.9778691 120.2221565,22.9780099 120.2221552,22.9782848 120.2221548,22.9783765 120.2221548,22.9784434 120.2221542,22.9785932 120.2219784,22.978593 120.2199403,22.9785847 120.2199402,22.9785846 120.2199508,22.976946 120.2221612,22.976953</coordinates></LinearRing></outerBoundaryIs>
        </Polygon>
        <Polygon>
          <outerBoundaryIs><LinearRing><coordinates>120.2288072,22.9769731 120.2288072,22.9770133 120.2288064,22.9771475 120.2288057,22.9773535 120.2288044,22.9776092 120.228803,22.978008 120.2288013,22.9783862 120.2288007,22.9785589 120.2288003,22.9786133 120.2277525,22.9786097 120.2276453,22.9786091 120.2273933,22.9786086 120.2270147,22.9786073 120.226952,22.9786067 120.2265859,22.9786055 120.2265858,22.9786053 120.2255289,22.978602 120.2250221,22.9786005 120.2243734,22.978599 120.2243733,22.9786005 120.2231831,22.9785963 120.2231229,22.9785966 120.2231084,22.9785964 120.2230431,22.9785963 120.2229157,22.9785954 120.222158,22.9785927 120.2221579,22.9785926 120.2221605,22.9780806 120.2221607,22.9780142 120.2221613,22.9779425 120.222164,22.9774121 120.2221665,22.9769526 120.2243781,22.9769597 120.2243764,22.9775283 120.224375,22.9779103 120.224375,22.9780027 120.2243739,22.9784029 120.2243768,22.9779108 120.2243768,22.977888 120.2243777,22.9777681 120.2243778,22.9777074 120.2243791,22.977471 120.2243796,22.9774131 120.2243806,22.9771967 120.2243821,22.9769593 120.2265944,22.9769664 120.2265944,22.9769873 120.2265892,22.9781611 120.2265927,22.9776872 120.2265978,22.9769659 120.2288072,22.9769731</coordinates></LinearRing></outerBoundaryIs>
        </Polygon>
        <Polygon>
          <outerBoundaryIs><LinearRing><coordinates>120.2302125,22.9769774 120.2302126,22.9769775 120.2301259,22.9774311 120.230112,22.9775021 120.2299904,22.9781368 120.2298968,22.9786183 120.229898,22.9786183 120.2298981,22.9786184 120.2296677,22.9798325 120.2296246,22.9800551 120.2296082,22.9801426 120.2295862,22.9802591 120.2289056,22.9802567 120.2288427,22.9802567 120.2295907,22.9802592 120.2295908,22.9802593 120.2295225,22.980615 120.2295069,22.9806951 120.2294693,22.9808941 120.2294675,22.9808946 120.2292033,22.9810871 120.229109,22.9811564 120.2290779,22.9811795 120.228874,22.9813283 120.2287946,22.9813866 120.2287944,22.9813866 120.2287961,22.9811127 120.2288018,22.9802567 120.2287963,22.9802567 120.2287962,22.9802566 120.2283664,22.9802544 120.2279562,22.9802526 120.2272277,22.9802499 120.2271248,22.9802493 120.2268513,22.9802483 120.2266448,22.9802478 120.2265825,22.9802475 120.2265824,22.9802477 120.2265632,22.9802476 120.2264879,22.9802479 120.2260833,22.980247 120.225815,22.9802458 120.2257535,22.9802459 120.2256283,22.9802454 120.2252491,22.9802444 120.2251491,22.9802439 120.2250498,22.9802437 120.224982,22.9802434 120.2249146,22.9802433 120.2248452,22.980243 120.2248383,22.9802429 120.2247728,22.9802428 120.2247094,22.9802423 120.2245812,22.9802422 120.2243675,22.9802414 120.2243677,22.9800933 120.2243687,22.979918 120.2243696,22.9798397 120.2243695,22.979836 120.2243702,22.9796611 120.2243763,22.9786012 120.2265872,22.9786083 120.2265866,22.9788078 120.2265864,22.9789211 120.2265857,22.9791669 120.2265849,22.9794092 120.226585,22.979485 120.2265844,22.9795327 120.2265842,22.9796568 120.2265843,22.9796625 120.2265839,22.9797844 120.2265835,22.9798417 120.2265835,22.9799154 120.2265837,22.9798401 120.2265843,22.9797845 120.2265875,22.9792353 120.226588,22.979165 120.2265887,22.9790974 120.2265887,22.9790498 120.22659,22.9789251 120.2265919,22.9786078 120.2288034,22.9786151 120.2288036,22.9786791 120.2288029,22.9787959 120.2288027,22.9788979 120.2288019,22.9790378 120.2288015,22.9792273 120.2287987,22.9799189 120.2288052,22.9789705 120.2288059,22.9788978 120.2288077,22.9786148 120.2294268,22.9786168 120.2292947,22.978616 120.2290424,22.9786152 120.2288033,22.9786143 120.2288032,22.9786142 120.2288035,22.9785594 120.2288048,22.978453 120.2288049,22.9783862 120.2288061,22.9781459 120.2288136,22.9769729 120.2302125,22.9769774</coordinates></LinearRing></outerBoundaryIs>
          <innerBoundaryIs><LinearRing><coordinates>120.2295663,22.9786169 120.2294368,22.9786168 120.2297583,22.9786179 120.2295663,22.9786169</coordinates></LinearRing></innerBoundaryIs>
        </Polygon>
        <Polygon>
          <outerBoundaryIs><LinearRing><coordinates>120.2199534,22.9753045 120.2199531,22.975423 120.2199513,22.9758832 120.2199507,22.9759635 120.2199497,22.9761936 120.2199487,22.9762826 120.2199488,22.9764715 120.2199462,22.9769453 120.2196469,22.9769442 120.2194297,22.9769436 120.2188627,22.9769415 120.2177312,22.9769383 120.2177311,22.9769392 120.2175947,22.9769388 120.2174081,22.9769378 120.2164266,22.9769344 120.2163054,22.9769338 120.2163054,22.9769337 120.2168232,22.9752949 120.2177392,22.9752977 120.2177393,22.9752978 120.2177373,22.9756781 120.2177326,22.9766636 120.2177408,22.9752975 120.2199534,22.9753045</coordinates></LinearRing></outerBoundaryIs>
        </Polygon>
        <Polygon>
          <outerBoundaryIs><LinearRing><coordinates>120.2221666,22.9753111 120.2221649,22.9757738 120.2221613,22.9766665 120.2221605,22.97695 120.2221604,22.9769501 120.2199473,22.9769425 120.2199472,22.9769424 120.2199564,22.9753078 120.2199565,22.9753041 120.2221666,22.9753111</coordinates></LinearRing></outerBoundaryIs>
        </Polygon>
        <Polygon>
          <outerBoundaryIs><LinearRing><coordinates>120.2265974,22.9753245 120.226599,22.9753246 120.2265987,22.9753624 120.2265988,22.9753846 120.2265986,22.9754336 120.2265983,22.9754996 120.2265981,22.9755048 120.2265976,22.9756192 120.2265975,22.9756888 120.2265969,22.9758439 120.2265965,22.975896 120.2265963,22.9759042 120.2265965,22.9759529 120.2265961,22.9760564 120.2265951,22.9761241 120.2265948,22.9761878 120.2265949,22.9763039 120.2265947,22.9763961 120.2265938,22.9764593 120.2265933,22.9765254 120.2265931,22.9765921 120.2265931,22.9766414 120.2265929,22.97669 120.2265924,22.9767395 120.2265923,22.976788 120.2265919,22.9768466 120.2265921,22.9768699 120.2265916,22.9769651 120.2243767,22.9769577 120.2243767,22.9769561 120.2242248,22.9769557 120.2241869,22.9769554 120.2239486,22.9769549 120.223893,22.9769551 120.2237689,22.9769542 120.2237287,22.9769549 120.2236016,22.9769538 120.2234762,22.9769532 120.2234139,22.9769534 120.2231752,22.976952 120.2230431,22.9769522 120.2229417,22.9769517 120.222529,22.9769505 120.2222628,22.9769501 120.2221631,22.9769496 120.222163,22.9769495 120.2221647,22.9767095 120.2221648,22.9766656 120.2221654,22.9766109 120.2221656,22.9765157 120.2221659,22.9764588 120.222166,22.9763849 120.2221672,22.9762927 120.2221677,22.9762023 120.2221677,22.976151 120.2221684,22.9760261 120.2221688,22.9759807 120.2221712,22.9754935 120.2221723,22.9753107 120.2243838,22.9753178 120.2243828,22.9756173 120.2243828,22.975681 120.2243818,22.9758695 120.2243819,22.9759288 120.2243817,22.9759863 120.2243812,22.9760443 120.2243808,22.9762764 120.2243808,22.9763269 120.2243799,22.9764411 120.2243799,22.9764893 120.2243858,22.9756188 120.224388,22.9753174 120.2265974,22.9753245</coordinates></LinearRing></outerBoundaryIs>
        </Polygon>
        <Polygon>
          <outerBoundaryIs><LinearRing><coordinates>120.2289224,22.9753312 120.2289225,22.9753313 120.2288178,22.9756425 120.2288176,22.9756425 120.2288194,22.9753309 120.2289224,22.9753312</coordinates></LinearRing></outerBoundaryIs>
        </Polygon>
        <Polygon>
          <outerBoundaryIs><LinearRing><coordinates>120.2199583,22.9736625 120.2199584,22.9736626 120.2199573,22.973893 120.2199564,22.9741498 120.2199527,22.9750099 120.2199522,22.9751697 120.2199516,22.975254 120.2199514,22.9753021 120.2197131,22.9753012 120.2196041,22.9753009 120.2195709,22.975301 120.2193257,22.9752999 120.2177615,22.9752945 120.2177396,22.9752945 120.2177395,22.9752971 120.2176052,22.9752965 120.216884,22.9752943 120.2168226,22.9752944 120.2168225,22.9752942 120.2168924,22.9750717 120.216942,22.9749156 120.2170628,22.9745296 120.2172408,22.9739478 120.2172917,22.9737905 120.2173327,22.9736545 120.2177307,22.9736557 120.2177434,22.9736559 120.217742,22.9742674 120.2177465,22.9736555 120.2199583,22.9736625</coordinates></LinearRing></outerBoundaryIs>
        </Polygon>
        <Polygon>
          <outerBoundaryIs><LinearRing><coordinates>120.2221747,22.9736692 120.2221748,22.9736693 120.2221738,22.9738017 120.2221659,22.9753095 120.2207018,22.9753047 120.2204643,22.9753037 120.2203153,22.9753032 120.2202785,22.9753032 120.2200246,22.9753022 120.2199531,22.9753019 120.2199538,22.9751715 120.2199544,22.9750938 120.2199596,22.9741494 120.2199597,22.974076 120.2199623,22.9736622 120.2221747,22.9736692</coordinates></LinearRing></outerBoundaryIs>
        </Polygon>
        <Polygon>
          <outerBoundaryIs><LinearRing><coordinates>120.2243895,22.9736758 120.2243895,22.9736759 120.2243883,22.9738819 120.2243871,22.9741243 120.2243867,22.9741774 120.2243866,22.9742309 120.2243863,22.9742843 120.2243855,22.974479 120.2243841,22.97471 120.2243838,22.9748029 120.2243841,22.9748693 120.2243831,22.9749384 120.2243815,22.9753154 120.2223089,22.975309 120.2221668,22.9753085 120.2221667,22.9753084 120.2221771,22.9738002 120.2221781,22.9736688 120.2243895,22.9736758</coordinates></LinearRing></outerBoundaryIs>
        </Polygon>
        <Polygon>
          <outerBoundaryIs><LinearRing><coordinates>120.2266047,22.9736825 120.2266048,22.9736826 120.2266041,22.9737813 120.2266028,22.9740604 120.2265979,22.9752687 120.2265975,22.9753237 120.2261968,22.9753221 120.2243827,22.9753145 120.2243826,22.9753144 120.2243936,22.9736858 120.2243938,22.9736754 120.2266047,22.9736825</coordinates></LinearRing></outerBoundaryIs>
        </Polygon>
        <Polygon>
          <outerBoundaryIs><LinearRing><coordinates>120.2294665,22.9736909 120.2294666,22.973691 120.2293041,22.9741777 120.2292084,22.9744629 120.2289187,22.9753303 120.2288145,22.9753301 120.2288144,22.9753293 120.2286101,22.975328 120.2285095,22.975328 120.2283268,22.9753267 120.2276983,22.9753247 120.2275963,22.9753243 120.2275514,22.9753239 120.2274826,22.9753235 120.2274143,22.9753234 120.2273447,22.9753229 120.2272763,22.9753228 120.2272066,22.9753223 120.2270924,22.9753221 120.2269666,22.9753213 120.2269083,22.9753213 120.2266495,22.97532 120.2265987,22.9753202 120.2265986,22.9753201 120.2265989,22.9752675 120.2266001,22.9751753 120.2266,22.9751222 120.2266006,22.9750217 120.2266016,22.9749683 120.2266016,22.9749051 120.2266023,22.9747646 120.2266067,22.9747189 120.2266042,22.9745516 120.2266096,22.973682 120.2288203,22.9736892 120.2288201,22.9738463 120.2288195,22.9738786 120.2288192,22.9739474 120.2288202,22.9739898 120.2288198,22.9740345 120.2288199,22.9740817 120.2288185,22.9741552 120.2288182,22.974222 120.2288186,22.9742647 120.2288181,22.9743911 120.2288182,22.9744046 120.2288169,22.974688 120.2288168,22.9747286 120.2288169,22.9747692 120.2288165,22.9748107 120.2288166,22.9748512 120.2288161,22.9748923 120.2288156,22.9750151 120.2288155,22.9750567 120.2288157,22.9750849 120.2288151,22.975227 120.2288199,22.9744865 120.2288208,22.9743935 120.2288208,22.9743509 120.2288252,22.9736889 120.2294665,22.9736909</coordinates></LinearRing></outerBoundaryIs>
        </Polygon>
        <Polygon>
          <outerBoundaryIs><LinearRing><coordinates>120.2310383,22.9736961 120.2310382,22.9737327 120.2310363,22.9742261 120.2310361,22.9742261 120.2299635,22.9736927 120.2299635,22.9736925 120.2310383,22.9736961</coordinates></LinearRing></outerBoundaryIs>
        </Polygon>
        <Polygon>
          <outerBoundaryIs><LinearRing><coordinates>120.2295876,22.973512 120.2311749,22.9742996 120.2311723,22.9742911 120.2310956,22.9742531 120.2310371,22.9742234 120.2310407,22.9736958 120.2315553,22.9736974 120.2315554,22.9736975 120.2315171,22.9737634 120.2315134,22.9737703 120.2314956,22.9738015 120.2314773,22.973833 120.2314561,22.9738684 120.2314002,22.9739662 120.2313821,22.9739987 120.2313631,22.974031 120.2313441,22.9740623 120.2313242,22.974096 120.2313061,22.9741286 120.2312877,22.9741611 120.2312697,22.9741921 120.2312652,22.9741986 120.2312032,22.9743073 120.2311948,22.9743216 120.231204,22.9743507 120.231049,22.9746221 120.2307971,22.975219 120.2308593,22.9752451 120.2304514,22.9762124 120.2303502,22.9767482 120.23035,22.9767483 120.2302593,22.9767223 120.2302521,22.976759 120.2302469,22.9767875 120.2302109,22.9769765 120.2298176,22.9769757 120.2297967,22.9769755 120.2288102,22.9769724 120.2288101,22.9769723 120.2288109,22.9768387 120.2288122,22.9766304 120.2288122,22.9766095 120.2288139,22.9763094 120.228811,22.9763086 120.228811,22.9764413 120.2288107,22.9764757 120.2288101,22.976837 120.2288098,22.9769698 120.2288097,22.9769699 120.2286999,22.9769694 120.228537,22.9769691 120.2284438,22.9769691 120.2279104,22.9769674 120.2278924,22.9769675 120.2277945,22.9769671 120.2276409,22.9769668 120.2275006,22.9769663 120.2274444,22.9769663 120.2273302,22.9769659 120.2272949,22.9769659 120.2271523,22.9769652 120.2269759,22.976965 120.2269294,22.9769651 120.2269143,22.9769647 120.2268522,22.9769647 120.2267891,22.9769643 120.2265948,22.9769639 120.2265947,22.9769638 120.2265954,22.9768692 120.2265956,22.9767883 120.2265961,22.9766904 120.2265965,22.976641 120.2265974,22.9764593 120.2265981,22.9763458 120.2265988,22.9761888 120.2265993,22.9761237 120.2265995,22.9760571 120.2265999,22.9760049 120.2266003,22.9759037 120.2266013,22.9757873 120.226601,22.9757354 120.2266015,22.9756879 120.2266017,22.9756407 120.2266016,22.9756198 120.2266025,22.9755003 120.2266027,22.9754346 120.2266033,22.9753849 120.2266036,22.9753263 120.2266037,22.975324 120.2288126,22.9753312 120.2288122,22.9756456 120.2287493,22.9758361 120.2286156,22.9762394 120.2286411,22.9762468 120.2292035,22.9745529 120.2295424,22.9735292 120.2295876,22.973512</coordinates></LinearRing></outerBoundaryIs>
        </Polygon>
        <Polygon>
          <outerBoundaryIs><LinearRing><coordinates>120.2199643,22.9720205 120.2199644,22.9720206 120.2199579,22.9733372 120.2199563,22.9736618 120.2199562,22.9736619 120.219685,22.9736605 120.2188863,22.9736572 120.2188065,22.9736571 120.2184778,22.9736557 120.2184522,22.9736553 120.2184003,22.9736549 120.2183492,22.9736547 120.2182956,22.9736545 120.2181963,22.9736545 120.2181836,22.9736546 120.218017,22.9736537 120.2179998,22.9736534 120.2177945,22.9736528 120.2177445,22.9736525 120.2177444,22.9736543 120.2173315,22.9736528 120.2173314,22.9736527 120.217502,22.9731016 120.2175843,22.9728415 120.2177221,22.9724153 120.2177488,22.9723013 120.217749,22.9723013 120.217748,22.9725874 120.2177504,22.9722954 120.2178163,22.9720138 120.2199643,22.9720205</coordinates></LinearRing></outerBoundaryIs>
        </Polygon>
        <Polygon>
          <outerBoundaryIs><LinearRing><coordinates>120.2266089,22.9720404 120.2266085,22.9721994 120.2266035,22.9735696 120.226603,22.9736794 120.2243881,22.9736719 120.224388,22.9736718 120.2243897,22.9735478 120.224393,22.9730373 120.2243943,22.972882 120.2243976,22.9723253 120.2243996,22.9720333 120.2266089,22.9720404</coordinates></LinearRing></outerBoundaryIs>
        </Polygon>
        <Polygon>
          <outerBoundaryIs><LinearRing><coordinates>120.2310415,22.9720539 120.2310412,22.9722162 120.2310403,22.9722945 120.2310404,22.9723681 120.2310402,22.9724134 120.2310394,22.9724596 120.2310397,22.9725055 120.2310389,22.9725515 120.2310391,22.9725715 120.2310383,22.9727218 120.2310385,22.9727613 120.2310377,22.972831 120.2310372,22.972989 120.2310362,22.9730676 120.2310363,22.9731475 120.2310361,22.9732195 120.2310354,22.9732879 120.2310347,22.9733828 120.2310348,22.9734265 120.2310346,22.9735076 120.2310341,22.9736442 120.2310338,22.9736829 120.2310336,22.9736951 120.2299551,22.97369 120.2295656,22.9734955 120.2295221,22.9735122 120.2294627,22.9736876 120.2288204,22.9736846 120.2288203,22.9736871 120.2283266,22.9736855 120.228243,22.9736854 120.2281114,22.9736847 120.2279358,22.9736842 120.2278801,22.9736839 120.2275522,22.9736828 120.2274055,22.9736825 120.227015,22.973681 120.2266059,22.9736797 120.2266058,22.9736797 120.2266094,22.97303 120.2266108,22.9728313 120.2266131,22.9723984 120.2266153,22.9720398 120.2288256,22.9720471 120.2288248,22.9723837 120.2288228,22.972915 120.2288223,22.9731013 120.2288308,22.9720465 120.2310415,22.9720539</coordinates></LinearRing></outerBoundaryIs>
        </Polygon>
        <Polygon>
          <outerBoundaryIs><LinearRing><coordinates>120.2324953,22.9720582 120.2324954,22.9720583 120.2322487,22.9724855 120.2321351,22.9726818 120.2315509,22.9736948 120.2314451,22.9736943 120.2313532,22.9736941 120.2311994,22.9736934 120.2310561,22.9736929 120.2310541,22.973692 120.2310536,22.9736929 120.2310349,22.9736928 120.2310348,22.9736822 120.2310353,22.9736427 120.2310376,22.9732864 120.2310398,22.9729874 120.2310406,22.972829 120.2310416,22.9727181 120.2310425,22.9725478 120.2310441,22.9723644 120.2310452,22.972213 120.2310461,22.9720536 120.2318068,22.972056 120.2318434,22.9720556 120.2320026,22.9720566 120.2324953,22.9720582</coordinates></LinearRing></outerBoundaryIs>
        </Polygon>
        <Polygon>
          <outerBoundaryIs><LinearRing><coordinates>120.2180088,22.9703724 120.2180332,22.9706556 120.2199693,22.9706652 120.2199656,22.9716459 120.2199719,22.9706646 120.2217713,22.9706737 120.2218056,22.9707059 120.2217951,22.9720259 120.2217992,22.972026 120.2217966,22.9723498 120.2217585,22.9723779 120.2217931,22.9723851 120.2218554,22.9724766 120.2218515,22.9724931 120.2221791,22.9725445 120.2221765,22.9731212 120.2221803,22.9725441 120.2221804,22.972544 120.2226629,22.9726236 120.2228153,22.9725053 120.2228235,22.9724985 120.2229139,22.9724289 120.2234273,22.9720307 120.2243946,22.9720338 120.2243947,22.9720338 120.2243937,22.9721773 120.2243939,22.9722138 120.2243932,22.9722691 120.2243931,22.9723287 120.224392,22.9725793 120.2243922,22.9726377 120.2243912,22.9727668 120.2243912,22.9728262 120.2243909,22.9728811 120.2243898,22.9730412 120.2243891,22.9732702 120.2243887,22.9733286 120.224388,22.973551 120.2243872,22.973673 120.2241141,22.9736723 120.2240535,22.9736718 120.2232922,22.9736692 120.2232354,22.9736698 120.2231617,22.9736696 120.2231323,22.9736689 120.2230906,22.9736685 120.2230493,22.9736686 120.2229669,22.9736682 120.2229265,22.9736685 120.2228839,22.9736681 120.2228064,22.973668 120.2221739,22.9736657 120.2221738,22.9736682 120.2215919,22.9736664 120.2215447,22.9736661 120.2199585,22.9736607 120.2199586,22.9736133 120.2199679,22.9720202 120.22065,22.9720223 120.2199633,22.9720193 120.2196761,22.9720192 120.2184645,22.9720154 120.2184165,22.9720147 120.2183678,22.9720145 120.2183191,22.9720139 120.2182713,22.9720137 120.2182211,22.9720141 120.218125,22.9720138 120.2180261,22.9720129 120.2179331,22.9720126 120.2179028,22.9720127 120.2178152,22.9720123 120.2178151,22.9720121 120.2178862,22.9717019 120.2178908,22.9715722 120.2179081,22.971125 120.2178906,22.970572 120.2178768,22.970372 120.2178769,22.9703719 120.2180088,22.9703724</coordinates></LinearRing></outerBoundaryIs>
        </Polygon>
        <Polygon>
          <outerBoundaryIs><LinearRing><coordinates>120.2332604,22.9704184 120.2332606,22.9704242 120.2332601,22.9704685 120.2332587,22.9707824 120.233258,22.9708625 120.2332322,22.9709019 120.2331777,22.9709839 120.2331271,22.9710585 120.2330781,22.9711323 120.2329889,22.9712642 120.2329849,22.9712694 120.2329631,22.9713022 120.2329401,22.9713377 120.232918,22.9713705 120.2328958,22.9714039 120.232889,22.9714134 120.232823,22.9715127 120.2327132,22.9716765 120.2326993,22.9716968 120.2326894,22.9717135 120.2326184,22.9718379 120.2325473,22.9719598 120.2324921,22.9720558 120.2320011,22.9720542 120.2318399,22.9720535 120.2318034,22.9720536 120.2317483,22.9720533 120.2316976,22.9720535 120.2316471,22.9720527 120.2314591,22.9720519 120.2314235,22.9720523 120.2313571,22.9720518 120.2312831,22.9720516 120.2312566,22.9720519 120.2312082,22.9720515 120.2311599,22.9720512 120.2310402,22.9720512 120.2310401,22.9720533 120.2305532,22.9720514 120.2303366,22.9720503 120.2300323,22.972049 120.2296103,22.9720474 120.2294189,22.9720466 120.229337,22.9720464 120.2292859,22.9720461 120.2291685,22.9720457 120.2288261,22.9720443 120.228826,22.9720453 120.2274173,22.9720412 120.226611,22.9720382 120.2266109,22.9720385 120.2254567,22.9720344 120.2250675,22.9720332 120.2249409,22.9720325 120.2248285,22.972032 120.224691,22.9720318 120.2245682,22.9720312 120.2243968,22.9720308 120.2243967,22.9720307 120.2243975,22.9719008 120.2243985,22.97169 120.224404,22.9706691 120.2244053,22.9703912 120.2266166,22.9703982 120.2266124,22.971674 120.2266115,22.9718389 120.2266113,22.9719187 120.2266119,22.9718369 120.2266127,22.9716752 120.2266211,22.9703977 120.2288319,22.9704049 120.228832,22.9704059 120.2288309,22.9706767 120.2288298,22.9710927 120.2288293,22.971165 120.2288288,22.9713715 120.2288276,22.9715893 120.2288275,22.9716806 120.2288269,22.9718411 120.2288363,22.9704071 120.2288364,22.9704043 120.231047,22.9704118 120.2310471,22.9704118 120.2310465,22.9705202 120.2310462,22.9706389 120.2310449,22.9709086 120.2310445,22.9709663 120.2310445,22.9710195 120.2310413,22.9717828 120.2310424,22.9716702 120.2310432,22.971533 120.231044,22.9714734 120.2310444,22.9713627 120.2310452,22.9713032 120.2310457,22.9711852 120.2310467,22.9711054 120.2310505,22.9705149 120.2310513,22.9704111 120.2332604,22.9704184</coordinates></LinearRing></outerBoundaryIs>
        </Polygon>
        <Polygon>
          <outerBoundaryIs><LinearRing><coordinates>120.2335619,22.9704189 120.2335619,22.970419 120.2334631,22.9705659 120.2334352,22.9706069 120.2333903,22.9706741 120.2333452,22.9707411 120.2332995,22.9708085 120.2332634,22.9708627 120.2332632,22.9708626 120.2332661,22.970418 120.2335619,22.9704189</coordinates></LinearRing></outerBoundaryIs>
        </Polygon>
        <Polygon>
          <outerBoundaryIs><LinearRing><coordinates>120.2178805,22.9687299 120.2178861,22.9689838 120.2180042,22.9703707 120.2180041,22.9703708 120.2178723,22.9703701 120.2178319,22.9697754 120.2178055,22.9692917 120.2178091,22.968796 120.2178479,22.9687945 120.2178441,22.9687299 120.2178442,22.9687298 120.2178805,22.9687299</coordinates></LinearRing></outerBoundaryIs>
        </Polygon>
        <Polygon>
          <outerBoundaryIs><LinearRing><coordinates>120.2244081,22.9687496 120.2244082,22.9687497 120.224407,22.9689205 120.2244057,22.9692135 120.2243996,22.9703917 120.2244019,22.9703918 120.2244003,22.9706706 120.2243945,22.9720336 120.2243944,22.9720336 120.2234246,22.9720296 120.2234245,22.9720295 120.2234338,22.9716898 120.2234344,22.9716879 120.2232208,22.9716532 120.2230727,22.9709426 120.2230001,22.9703874 120.2230002,22.9703873 120.2240394,22.9703905 120.2236916,22.9703892 120.222997,22.9703861 120.2229919,22.9703516 120.2230129,22.9703311 120.2231632,22.9701806 120.2235595,22.9696259 120.2236119,22.9695357 120.2239715,22.9689215 120.2239739,22.9689187 120.2240322,22.968876 120.2240713,22.9688465 120.2241983,22.968749 120.2244081,22.9687496</coordinates></LinearRing></outerBoundaryIs>
        </Polygon>
        <Polygon>
          <outerBoundaryIs><LinearRing><coordinates>120.2288365,22.9687628 120.2288366,22.9687628 120.2288346,22.9691504 120.2288283,22.9704035 120.2266181,22.9703948 120.226618,22.9703961 120.2244029,22.9703893 120.2244028,22.9703892 120.2244084,22.969211 120.224411,22.9687492 120.2266222,22.9687561 120.2266211,22.9692188 120.2266207,22.9694171 120.2266199,22.9696617 120.2266267,22.9687556 120.2288365,22.9687628</coordinates></LinearRing></outerBoundaryIs>
        </Polygon>
        <Polygon>
          <outerBoundaryIs><LinearRing><coordinates>120.2333903,22.9687762 120.2334805,22.968913 120.2335038,22.9689505 120.2335129,22.9689662 120.2335217,22.9689821 120.2335302,22.9689981 120.2335384,22.9690142 120.2335463,22.9690305 120.2335539,22.9690469 120.2335612,22.9690635 120.2335682,22.9690801 120.2335748,22.9690969 120.2335812,22.9691137 120.2335872,22.9691307 120.2335929,22.9691478 120.2335983,22.9691649 120.2336033,22.9691821 120.2336081,22.9691994 120.2336125,22.9692168 120.2336165,22.9692343 120.2336203,22.9692518 120.2336237,22.9692694 120.2336268,22.969287 120.2336295,22.9693047 120.233632,22.9693224 120.233634,22.9693401 120.2336358,22.9693579 120.2336372,22.9693757 120.2336383,22.9693935 120.2336394,22.9694304 120.2336264,22.9703175 120.2335593,22.9704169 120.233556,22.9704171 120.2334253,22.9704168 120.2333586,22.970417 120.2333005,22.9704167 120.2332631,22.9704167 120.233263,22.9704177 120.231046,22.9704098 120.2310459,22.9704097 120.2288322,22.970403 120.2288321,22.9704029 120.2288336,22.9701799 120.2288344,22.9700898 120.2288353,22.9698815 120.2288367,22.9696191 120.2288381,22.9694233 120.2288419,22.968762 120.2310529,22.9687696 120.231053,22.9687696 120.2310473,22.970208 120.2310477,22.970176 120.231048,22.9700804 120.2310565,22.9687688 120.2332679,22.9687762 120.2332674,22.9689166 120.2332677,22.9690237 120.2332661,22.9692207 120.2332652,22.9694359 120.2332656,22.9695975 120.2332651,22.9696605 120.2332639,22.9697611 120.2332638,22.9697812 120.2332643,22.9699866 120.233264,22.9700675 120.2332634,22.9701218 120.2332634,22.970182 120.2332631,22.9702292 120.2332637,22.9702736 120.2332643,22.9701116 120.2332647,22.9700686 120.2332682,22.9693659 120.2332698,22.9692148 120.2332711,22.9690244 120.2332713,22.9689783 120.2332704,22.9689159 120.2332711,22.9687759 120.2333903,22.9687762</coordinates></LinearRing></outerBoundaryIs>
          <innerBoundaryIs><LinearRing><coordinates>120.2332636,22.9702918 120.2332632,22.9703264 120.2332632,22.9703612 120.2332636,22.9702918</coordinates></LinearRing></innerBoundaryIs>
        </Polygon>
        <Polygon>
          <outerBoundaryIs><LinearRing><coordinates>120.2244069,22.9685887 120.2244065,22.9687491 120.2244064,22.9687492 120.2241958,22.9687485 120.2241957,22.9687483 120.2244069,22.9685887</coordinates></LinearRing></outerBoundaryIs>
        </Polygon>
        <Polygon>
          <outerBoundaryIs><LinearRing><coordinates>120.2332685,22.968595 120.2333873,22.9687756 120.2333872,22.9687757 120.2332675,22.9687756 120.2332674,22.9687755 120.2332685,22.968595</coordinates></LinearRing></outerBoundaryIs>
        </Polygon>
        <Polygon>
          <outerBoundaryIs><LinearRing><coordinates>120.2177781,22.9675837 120.2178263,22.9677746 120.2178681,22.9683664 120.2178756,22.9687281 120.2178755,22.9687281 120.2178384,22.9687279 120.2177781,22.9675837</coordinates></LinearRing></outerBoundaryIs>
        </Polygon>
        <Polygon>
          <outerBoundaryIs><LinearRing><coordinates>120.2177247,22.9673721 120.2177615,22.9675174 120.2177614,22.9675175 120.2177348,22.9675201 120.2177347,22.96752 120.2177247,22.9673721</coordinates></LinearRing></outerBoundaryIs>
        </Polygon>
        <Polygon>
          <outerBoundaryIs><LinearRing><coordinates>120.2266283,22.9671139 120.2266281,22.9672064 120.2266258,22.9676832 120.2266256,22.9677558 120.2266253,22.967767 120.2266239,22.9681592 120.2266232,22.9682613 120.2266214,22.9687543 120.2266213,22.9687544 120.22577,22.968751 120.2255946,22.9687508 120.2244066,22.9687467 120.2244065,22.9687466 120.2244079,22.9685864 120.2244152,22.9685798 120.2247817,22.9682251 120.2248062,22.9671083 120.2266283,22.9671139</coordinates></LinearRing></outerBoundaryIs>
        </Polygon>
        <Polygon>
          <outerBoundaryIs><LinearRing><coordinates>120.2310575,22.9671273 120.2310576,22.9671992 120.2310572,22.9672665 120.2310572,22.9672943 120.2310563,22.967385 120.2310561,22.9675739 120.2310559,22.9675778 120.2310553,22.9677147 120.2310548,22.9679914 120.2310544,22.9680807 120.231054,22.9680905 120.2310542,22.9681402 120.2310531,22.9684126 120.2310524,22.9685725 120.2310518,22.9687672 120.2310517,22.9687673 120.2310233,22.9687671 120.2309775,22.9687672 120.2308258,22.968767 120.230731,22.9687667 120.2288373,22.9687598 120.2288372,22.968762 120.2277965,22.968758 120.2275926,22.968757 120.2274172,22.9687566 120.2266227,22.9687536 120.2266226,22.9687535 120.2266316,22.9672051 120.2266323,22.9671134 120.2288434,22.9671206 120.2288435,22.9671207 120.2288427,22.9672824 120.2288424,22.9674848 120.2288414,22.9676879 120.2288408,22.9677605 120.2288399,22.9679576 120.2288394,22.9682189 120.2288413,22.9679569 120.2288432,22.9677586 120.2288473,22.9671198 120.2310575,22.9671273</coordinates></LinearRing></outerBoundaryIs>
        </Polygon>
        <Polygon>
          <outerBoundaryIs><LinearRing><coordinates>120.226629,22.966662 120.2266285,22.9668243 120.2266273,22.9671122 120.2263407,22.9671112 120.225776,22.9671087 120.224803,22.9671057 120.2248029,22.9671056 120.2248125,22.9667089 120.2250908,22.9666582 120.225602,22.9666592 120.226629,22.966662</coordinates></LinearRing></outerBoundaryIs>
        </Polygon>
        <Polygon>
          <outerBoundaryIs><LinearRing><coordinates>120.2175817,22.9654451 120.2176005,22.9657602 120.2176004,22.9657603 120.2175583,22.9656016 120.2175325,22.965445 120.2175326,22.9654449 120.2175817,22.9654451</coordinates></LinearRing></outerBoundaryIs>
        </Polygon>
        <Polygon>
          <outerBoundaryIs><LinearRing><coordinates>120.219988,22.9654523 120.2199881,22.9654524 120.2199857,22.9660217 120.2199856,22.9660218 120.2199371,22.9660211 120.2199387,22.9654522 120.219988,22.9654523</coordinates></LinearRing></outerBoundaryIs>
        </Polygon>
        <Polygon>
          <outerBoundaryIs><LinearRing><coordinates>120.221962,22.9654581 120.2219621,22.9654582 120.221951,22.9660544 120.2219509,22.9660544 120.2209223,22.9660376 120.2199862,22.9660214 120.2199902,22.9654521 120.221962,22.9654581</coordinates></LinearRing></outerBoundaryIs>
        </Polygon>
        <Polygon>
          <outerBoundaryIs><LinearRing><coordinates>120.2288491,22.9654784 120.2288492,22.9654784 120.2288485,22.9656118 120.2288483,22.9658012 120.228848,22.9658734 120.2288461,22.9660542 120.2288453,22.9662347 120.2288453,22.9663071 120.2288442,22.9665048 120.2288437,22.9667039 120.2288432,22.9667951 120.2288417,22.9670114 120.2288416,22.9671188 120.2288415,22.9671189 120.2288079,22.9671186 120.2287158,22.9671186 120.22863,22.9671183 120.2285859,22.9671183 120.2282975,22.9671171 120.2282194,22.9671171 120.2281766,22.967117 120.2280555,22.9671163 120.2280147,22.9671165 120.2279332,22.9671161 120.2278527,22.9671161 120.2277633,22.9671156 120.227567,22.9671149 120.2274211,22.9671141 120.2271775,22.9671136 120.2270426,22.9671129 120.2269085,22.9671127 120.2267507,22.9671124 120.2266474,22.9671125 120.2266276,22.9671123 120.2266284,22.9670302 120.2266296,22.9668234 120.2266309,22.9666625 120.2273896,22.9666638 120.227424,22.9666319 120.2274294,22.9654738 120.2288491,22.9654784</coordinates></LinearRing></outerBoundaryIs>
        </Polygon>
        <Polygon>
          <outerBoundaryIs><LinearRing><coordinates>120.2304266,22.9654829 120.2310626,22.9657839 120.2310615,22.9661278 120.231061,22.9662186 120.231061,22.9662516 120.2310607,22.9662928 120.2310606,22.9663647 120.2310649,22.9657837 120.2310651,22.9657836 120.2314354,22.9659602 120.2315875,22.966032 120.2326072,22.9665181 120.2326073,22.9665182 120.2322152,22.9669956 120.2323033,22.9671306 120.2323075,22.9671307 120.2332667,22.9685942 120.2332666,22.9687239 120.2332662,22.9687753 120.2310525,22.9687685 120.2310524,22.9687685 120.231053,22.9686695 120.2310535,22.9686218 120.2310538,22.9685735 120.2310539,22.9685091 120.2310615,22.9671265 120.2319004,22.9671292 120.2315085,22.9671273 120.2314109,22.9671275 120.23117,22.9671263 120.2310549,22.9671262 120.2310548,22.9671249 120.2309398,22.9671246 120.2308956,22.9671242 120.2308535,22.9671242 120.2306391,22.9671236 120.230553,22.9671233 120.2305078,22.9671229 120.2304615,22.9671228 120.2304197,22.9671229 120.2303323,22.9671225 120.2302458,22.9671223 120.2302022,22.9671223 120.2300495,22.9671216 120.2298799,22.9671212 120.2298434,22.9671209 120.2298011,22.967121 120.2297626,22.9671207 120.2296197,22.9671203 120.2294596,22.96712 120.2293801,22.9671192 120.2288427,22.9671178 120.2288426,22.9671177 120.2288446,22.9667933 120.2288449,22.9667032 120.2288483,22.9662334 120.2288491,22.9660532 120.2288505,22.9658731 120.2288507,22.9658011 120.2288525,22.9654776 120.2304266,22.9654829</coordinates></LinearRing></outerBoundaryIs>
        </Polygon>
        <Polygon>
          <outerBoundaryIs><LinearRing><coordinates>120.2199807,22.9649042 120.219987,22.9649044 120.2199849,22.9654515 120.2199369,22.9654514 120.2199387,22.9649422 120.2199807,22.9649042</coordinates></LinearRing></outerBoundaryIs>
        </Polygon>
        <Polygon>
          <outerBoundaryIs><LinearRing><coordinates>120.2199894,22.9649037 120.2219719,22.9649401 120.2219719,22.9649402 120.2219605,22.9654573 120.2199863,22.9654508 120.2199862,22.9654507 120.2199893,22.9649038 120.2199894,22.9649037</coordinates></LinearRing></outerBoundaryIs>
        </Polygon>
        <Polygon>
          <outerBoundaryIs><LinearRing><coordinates>120.2175044,22.9648468 120.2175397,22.9648529 120.2175754,22.9654448 120.2175753,22.9654448 120.2175263,22.9654446 120.2175259,22.9654391 120.2175042,22.9648469 120.2175044,22.9648468</coordinates></LinearRing></outerBoundaryIs>
        </Polygon>
        <Polygon>
          <outerBoundaryIs><LinearRing><coordinates>120.2266379,22.9648446 120.2288502,22.9648874 120.2288502,22.9649781 120.2288496,22.965088 120.228851,22.9648855 120.2288511,22.9648854 120.2292897,22.9648944 120.2302693,22.965405 120.2303584,22.9654508 120.2304236,22.9654821 120.2304236,22.9654823 120.2297211,22.9654794 120.2294613,22.9654786 120.2293828,22.965478 120.2288784,22.9654759 120.2288477,22.9654763 120.2288476,22.9654769 120.2286191,22.9654759 120.2283541,22.9654756 120.2274273,22.9654732 120.2274273,22.9649512 120.2266374,22.9649361 120.2266378,22.9648447 120.2266379,22.9648446</coordinates></LinearRing></outerBoundaryIs>
        </Polygon>
        <Polygon>
          <outerBoundaryIs><LinearRing><coordinates>120.2244209,22.9648042 120.2266333,22.9648461 120.2266329,22.9649374 120.2266328,22.9649375 120.2244203,22.9648958 120.2244208,22.9648043 120.2244209,22.9648042</coordinates></LinearRing></outerBoundaryIs>
        </Polygon>
        <Polygon>
          <outerBoundaryIs><LinearRing><coordinates>120.2222052,22.9647643 120.2244193,22.9648068 120.224419,22.9648974 120.2244189,22.9648975 120.2231298,22.9648729 120.2222048,22.9648555 120.2222051,22.9647643 120.2222052,22.9647643</coordinates></LinearRing></outerBoundaryIs>
        </Polygon>
        <Polygon>
          <outerBoundaryIs><LinearRing><coordinates>120.2199905,22.964724 120.2222039,22.9647651 120.2222037,22.9648557 120.2222036,22.9648558 120.2220879,22.9648534 120.2219738,22.9648517 120.2200138,22.9648151 120.2199899,22.9648149 120.2199904,22.9647241 120.2199905,22.964724</coordinates></LinearRing></outerBoundaryIs>
        </Polygon>
        <Polygon>
          <outerBoundaryIs><LinearRing><coordinates>120.2177738,22.9646838 120.2199877,22.9647245 120.2199874,22.9648152 120.2199873,22.9648153 120.2199401,22.9648145 120.2189132,22.9647946 120.2183805,22.9647853 120.2177737,22.9647741 120.2177737,22.9646839 120.2177738,22.9646838</coordinates></LinearRing></outerBoundaryIs>
        </Polygon>
        <Polygon>
          <outerBoundaryIs><LinearRing><coordinates>120.2175073,22.9646793 120.2177713,22.9646848 120.2177709,22.9647753 120.2177708,22.9647754 120.2175015,22.9647699 120.2175014,22.9647698 120.2175073,22.9646793</coordinates></LinearRing></outerBoundaryIs>
        </Polygon>
      </MultiGeometry>
  </Placemark>
  <Placemark>
	<Style><LineStyle><color>ff0000ff</color></LineStyle><PolyStyle><fill>0</fill></PolyStyle></Style>
	<ExtendedData><SchemaData schemaUrl="#114SEC_DCTBLPD">
		<SimpleData name="段碼">1502</SimpleData>
		<SimpleData name="段名">虎尾寮段</SimpleData>
		<SimpleData name="行政區">東區</SimpleData>
	</SchemaData></ExtendedData>
      <MultiGeometry>
        <Polygon>
          <outerBoundaryIs><LinearRing><coordinates>120.2384131,22.9828841 120.2383927,22.9842945 120.2383487,22.9842947 120.2383494,22.984493 120.2383554,22.984493 120.2383623,22.9844866 120.2383625,22.9844867 120.2383498,22.9845653 120.2383155,22.9845653 120.2383147,22.9847825 120.2383145,22.9847826 120.2381502,22.9847265 120.2378886,22.9846647 120.2378897,22.9845603 120.2375719,22.9845578 120.2375718,22.9845577 120.2376542,22.9830037 120.2377564,22.9829915 120.2378805,22.9830208 120.2379966,22.9830087 120.2381695,22.9829379 120.238338,22.9829028 120.2384131,22.9828841</coordinates></LinearRing></outerBoundaryIs>
        </Polygon>
        <Polygon>
          <outerBoundaryIs><LinearRing><coordinates>120.2293066,22.9813361 120.2294269,22.9813443 120.2305919,22.9826896 120.2304311,22.9828144 120.2304323,22.9828724 120.2303461,22.9829392 120.2303409,22.982984 120.2304074,22.9830637 120.2303863,22.9831044 120.2303424,22.9831041 120.2302877,22.9830387 120.2302393,22.9830338 120.2301496,22.9831033 120.2297472,22.9831016 120.2291673,22.9830835 120.2291672,22.9830834 120.2291861,22.9825873 120.2292108,22.9825875 120.2292318,22.9825469 120.2291895,22.9824994 120.2292318,22.9813914 120.2293066,22.9813361</coordinates></LinearRing></outerBoundaryIs>
        </Polygon>
        <Polygon>
          <outerBoundaryIs><LinearRing><coordinates>120.2303189,22.98026 120.230319,22.9802601 120.2302444,22.9803147 120.2302346,22.9803225 120.2300134,22.980486 120.2299385,22.9805419 120.2299144,22.9805601 120.2298949,22.9805744 120.2297608,22.9806737 120.2296935,22.9807229 120.2296309,22.9807682 120.2294697,22.9808868 120.2294695,22.9808867 120.2295266,22.9805904 120.2295898,22.9802578 120.2298865,22.9802587 120.2301368,22.9802598 120.2302445,22.9802598 120.2303189,22.98026</coordinates></LinearRing></outerBoundaryIs>
        </Polygon>
        <Polygon>
          <outerBoundaryIs><LinearRing><coordinates>120.2310198,22.9786212 120.2310199,22.9786213 120.2310137,22.97978 120.2307611,22.9799661 120.2306077,22.9800792 120.2305495,22.9800887 120.2303203,22.9802581 120.2295904,22.9802552 120.2295903,22.9802551 120.2296118,22.9801423 120.2296705,22.9798307 120.2297079,22.9796369 120.2297842,22.9792331 120.229903,22.9786174 120.2299712,22.9786176 120.2299713,22.9786177 120.2299281,22.9788438 120.229995,22.9788565 120.2300359,22.97883 120.2302052,22.9788566 120.2307124,22.9789353 120.2307292,22.978846 120.2308987,22.9788729 120.2309412,22.978621 120.2310198,22.9786212</coordinates></LinearRing></outerBoundaryIs>
        </Polygon>
        <Polygon>
          <outerBoundaryIs><LinearRing><coordinates>120.2309651,22.978463 120.231017,22.9784695 120.2310158,22.9786198 120.2309393,22.9786196 120.2309392,22.9786195 120.2309651,22.978463</coordinates></LinearRing></outerBoundaryIs>
        </Polygon>
        <Polygon>
          <outerBoundaryIs><LinearRing><coordinates>120.2324668,22.9782296 120.2324669,22.9782297 120.2324648,22.9782489 120.2326959,22.9785259 120.232563,22.9786246 120.2310754,22.9786205 120.2316524,22.9786224 120.231756,22.9786231 120.2317885,22.978623 120.2320576,22.9786241 120.2322658,22.978625 120.2323929,22.9786255 120.232568,22.9786257 120.2325681,22.9786258 120.2323008,22.9788236 120.2322362,22.978871 120.2321255,22.9789538 120.2318238,22.9791774 120.231793,22.9792017 120.2316054,22.9793403 120.2314792,22.9794332 120.2313546,22.9795262 120.231306,22.9795631 120.231018,22.979773 120.2310179,22.9797729 120.2310227,22.9786203 120.2310213,22.9786202 120.231022,22.9784674 120.2310221,22.9784673 120.2315815,22.9785412 120.2315873,22.978533 120.2316024,22.9785066 120.2316054,22.978501 120.2316105,22.9784883 120.2316137,22.9784809 120.2316187,22.9784673 120.2316209,22.9784585 120.231623,22.9784492 120.231624,22.9784393 120.2316507,22.9782755 120.2316509,22.9782754 120.2317505,22.9782902 120.2321337,22.9782579 120.2321437,22.9782564 120.2324668,22.9782296</coordinates></LinearRing></outerBoundaryIs>
        </Polygon>
        <Polygon>
          <outerBoundaryIs><LinearRing><coordinates>120.2300978,22.977935 120.2300979,22.9779351 120.229968,22.9786165 120.2298982,22.9786163 120.2298981,22.9786162 120.2299901,22.9781255 120.2300141,22.9779956 120.2300978,22.977935</coordinates></LinearRing></outerBoundaryIs>
        </Polygon>
        <Polygon>
          <outerBoundaryIs><LinearRing><coordinates>120.2349496,22.9762626 120.2349622,22.9766091 120.2350951,22.9767456 120.2350951,22.9767457 120.2347665,22.9769905 120.2347672,22.9769905 120.2347672,22.9769907 120.2346132,22.9771054 120.2344669,22.9772122 120.2344668,22.9772121 120.2344724,22.9770918 120.234474,22.9770483 120.2344784,22.9769897 120.2344764,22.9769897 120.2344763,22.9769896 120.2344785,22.9769606 120.2344788,22.9769272 120.2344792,22.9769238 120.2344919,22.9765832 120.2344982,22.976506 120.2345006,22.9764689 120.2345021,22.9764311 120.2345024,22.9764101 120.2345041,22.9763559 120.2345042,22.9763558 120.2345827,22.9763593 120.2349496,22.9762626</coordinates></LinearRing></outerBoundaryIs>
        </Polygon>
      </MultiGeometry>
  </Placemark>
  <Placemark>
	<Style><LineStyle><color>ff0000ff</color></LineStyle><PolyStyle><fill>0</fill></PolyStyle></Style>
	<ExtendedData><SchemaData schemaUrl="#114SEC_DCTBLPD">
		<SimpleData name="段碼">1508</SimpleData>
		<SimpleData name="段名">德高段</SimpleData>
		<SimpleData name="行政區">東區</SimpleData>
	</SchemaData></ExtendedData>
      <MultiGeometry>
        <Polygon>
          <outerBoundaryIs><LinearRing><coordinates>120.2274806,22.9594631 120.2275515,22.959469 120.227685,22.9595183 120.2278113,22.95952 120.2279241,22.9595645 120.2279242,22.9595678 120.2279695,22.9595859 120.2280737,22.9595991 120.2281886,22.9595901 120.2282986,22.9596309 120.2283107,22.9596332 120.228409,22.9596527 120.2285224,22.9596414 120.2285515,22.9596458 120.2285527,22.9596457 120.2286898,22.9596654 120.2287614,22.9596648 120.2288482,22.9596816 120.2288585,22.9596827 120.228917,22.9596847 120.2289756,22.9596878 120.2293307,22.9597097 120.2295426,22.9597691 120.229654,22.9597694 120.2297948,22.9598189 120.2298105,22.9598251 120.2298191,22.9598281 120.22987,22.9598283 120.2298701,22.9598302 120.2299279,22.9598315 120.2299381,22.9598336 120.2300002,22.9598472 120.2301042,22.9598702 120.2301495,22.9598804 120.2302702,22.9599067 120.2303568,22.9599045 120.2304932,22.9599627 120.2306539,22.9599799 120.2307101,22.9599862 120.2307141,22.959987 120.2307597,22.9599838 120.2309209,22.9600298 120.2310573,22.9600353 120.2311444,22.9600275 120.2312673,22.9600706 120.2313229,22.9600904 120.2313749,22.9601082 120.2314495,22.9600962 120.2315095,22.9600906 120.2315841,22.9601028 120.2316875,22.9601422 120.2318199,22.9601594 120.2318199,22.9601597 120.2319713,22.9601814 120.2320919,22.9602014 120.2321227,22.9602144 120.2321554,22.9602255 120.2323777,22.9602606 120.232637,22.9603049 120.232684,22.9603128 120.2328337,22.9603513 120.2329651,22.9603834 120.2329813,22.9603843 120.2331118,22.9603998 120.2332583,22.9604166 120.2334058,22.9604327 120.2337669,22.9604914 120.2338239,22.9605005 120.2343698,22.9606257 120.2344366,22.9606406 120.2344363,22.9606095 120.2344364,22.9606094 120.2358684,22.9608905 120.2358971,22.9609009 120.2360623,22.9609312 120.2360623,22.9609313 120.2360515,22.9609571 120.2360706,22.960964 120.2360949,22.9609069 120.2362056,22.9609274 120.2362585,22.9609077 120.2368258,22.9609668 120.2369501,22.9610027 120.2369501,22.9610028 120.2369309,22.961028 120.2369461,22.9610323 120.2370986,22.9610664 120.2370987,22.9610665 120.2370396,22.9611446 120.2369841,22.9612176 120.2369848,22.9612176 120.2369849,22.9612177 120.2366021,22.9617261 120.2363877,22.962012 120.2373262,22.9623193 120.2373509,22.9623584 120.2373428,22.9624014 120.2372942,22.962471 120.2372703,22.9625382 120.2372711,22.9626155 120.2372612,22.9627091 120.2372266,22.9628154 120.2372145,22.9629556 120.2372322,22.962991 120.2372052,22.9631349 120.2370313,22.9639275 120.2370301,22.9639276 120.2370087,22.9640253 120.2369016,22.9640186 120.2367431,22.9640032 120.2364162,22.9639718 120.2364085,22.9640236 120.2361433,22.9640172 120.2361101,22.9640153 120.2361602,22.9642044 120.2361318,22.9642863 120.2363967,22.9652799 120.2363966,22.96528 120.236393,22.96528 120.2365694,22.9659517 120.2365535,22.9659975 120.2364571,22.9660626 120.2363668,22.9661981 120.2362771,22.966334 120.2361744,22.9664311 120.2360618,22.9665112 120.2360025,22.9666327 120.2360021,22.9666328 120.2359789,22.9666799 120.2359277,22.9667847 120.2358424,22.9669082 120.2358302,22.9669256 120.2358272,22.9669309 120.2358199,22.9669446 120.2358012,22.9669812 120.2357741,22.9670166 120.235715,22.9670934 120.2356782,22.9671414 120.2356782,22.9671416 120.2356559,22.96717 120.2355601,22.9673123 120.2354413,22.9674655 120.2354076,22.9675083 120.2353318,22.9676053 120.2353169,22.9676275 120.2352505,22.9677015 120.2351461,22.9678182 120.2351438,22.9678198 120.2351186,22.9678873 120.2350831,22.9679173 120.2350678,22.967981 120.235071,22.967981 120.2350711,22.9679812 120.2350472,22.968085 120.2350231,22.9681274 120.2348281,22.9684691 120.2347863,22.968543 120.2347576,22.9685931 120.2347204,22.9686589 120.234717,22.9686654 120.2345507,22.9689568 120.2345294,22.968995 120.2344903,22.9690546 120.2344412,22.9691275 120.2343044,22.9693329 120.2342889,22.9693557 120.2341205,22.9696085 120.2339555,22.9698571 120.2339269,22.969901 120.2339224,22.969907 120.2338794,22.9699718 120.233711,22.970227 120.2337108,22.9702269 120.2337108,22.9702213 120.2336221,22.9703548 120.2336219,22.9703548 120.233622,22.9703465 120.2336228,22.9703029 120.2336248,22.970229 120.2336247,22.9701801 120.2336312,22.9697019 120.2336314,22.9696486 120.2336338,22.9695001 120.2336336,22.9694681 120.2336318,22.9693957 120.2336281,22.9693648 120.2336229,22.9693286 120.2336217,22.9693285 120.2336207,22.9693212 120.2336107,22.9692689 120.2335978,22.969219 120.2335787,22.9691593 120.2335638,22.9691161 120.2335454,22.9690755 120.2335262,22.9690372 120.2335061,22.9689993 120.2332453,22.9686019 120.2331667,22.9684825 120.2330662,22.9683293 120.23306,22.9683196 120.2329802,22.9681989 120.2329161,22.9681013 120.2328301,22.9679715 120.2328278,22.9679714 120.2327511,22.9678552 120.2325929,22.9676145 120.2325603,22.9675645 120.2323904,22.9673053 120.2323397,22.9672282 120.2322597,22.9671059 120.2322127,22.9670339 120.2324857,22.9666975 120.2325535,22.9666142 120.2325552,22.9666142 120.2326044,22.9665541 120.2321196,22.9663252 120.231782,22.9661652 120.2317336,22.966142 120.2313196,22.9659459 120.2308723,22.9657341 120.2303594,22.9654915 120.2302115,22.9654142 120.2301124,22.9653628 120.2300089,22.9653086 120.2298942,22.9652489 120.22989,22.9652489 120.2298398,22.9652229 120.2298397,22.9652213 120.2296493,22.9651234 120.2292849,22.9649351 120.2290941,22.9649321 120.2278906,22.9649122 120.2278905,22.9649098 120.2273658,22.9649007 120.2259408,22.964875 120.2259407,22.9648722 120.2239904,22.9648375 120.2239903,22.9648359 120.223684,22.9648311 120.223095,22.9648211 120.2220401,22.964801 120.2220401,22.9647995 120.2219484,22.964798 120.2208635,22.9647783 120.2200895,22.9647641 120.2200895,22.9647615 120.219721,22.9647558 120.2184192,22.9647338 120.2181395,22.9647287 120.2181395,22.9647262 120.2174899,22.9647149 120.2174671,22.9644247 120.2174213,22.9638313 120.2174219,22.9638312 120.2174202,22.9637984 120.2174178,22.9637645 120.2174106,22.96359 120.217401,22.963405 120.2174012,22.963405 120.2174303,22.9638312 120.2174308,22.9638313 120.2174847,22.9646238 120.217955,22.9646323 120.2181437,22.9646364 120.2181437,22.9646384 120.2184055,22.9646417 120.2186712,22.9646457 120.2194511,22.9646595 120.2196706,22.964663 120.2198704,22.964667 120.2199411,22.9646687 120.219945,22.9645066 120.2199603,22.9638434 120.2199627,22.9638433 120.2199915,22.9624903 120.2199892,22.9624902 120.2200037,22.9618154 120.2201078,22.9618171 120.2201079,22.9618186 120.2210539,22.9618356 120.2211121,22.9618698 120.2211626,22.9619445 120.2212826,22.9620429 120.221357,22.9620513 120.2214211,22.9620657 120.2215219,22.9620569 120.2216226,22.9620476 120.2217265,22.9620468 120.2218158,22.9620512 120.2219362,22.9620269 120.222057,22.9620296 120.2220571,22.9620314 120.2220995,22.9620326 120.2222669,22.9619934 120.2224296,22.9619801 120.2225984,22.9619792 120.2226716,22.9619492 120.2228338,22.961906 120.222888,22.9618953 120.2229376,22.9618908 120.2230285,22.9618907 120.2230944,22.9618771 120.2232288,22.9618482 120.2233026,22.9618352 120.2233815,22.9618235 120.223472,22.961839 120.2234852,22.9618409 120.2235618,22.9618389 120.2236861,22.9618079 120.2237784,22.9617976 120.2238539,22.9618022 120.2239121,22.9618081 120.2240092,22.9617898 120.2240093,22.9617899 120.2240093,22.9617906 120.2240508,22.9617828 120.2242312,22.9617542 120.224359,22.961712 120.2244179,22.9617076 120.2244966,22.9616962 120.2245733,22.9616682 120.2246299,22.9616566 120.224782,22.9616524 120.2249328,22.9616081 120.225019,22.9615882 120.2251323,22.9615771 120.2251324,22.9615772 120.2251674,22.962072 120.2251574,22.9625159 120.2251552,22.962516 120.2251243,22.963871 120.2251202,22.9638711 120.2251103,22.9642914 120.2251,22.9647588 120.2254193,22.9647727 120.2259427,22.9647813 120.2259428,22.9647849 120.226917,22.9648021 120.2269186,22.9642603 120.2269187,22.9642603 120.227372,22.9642683 120.227406,22.9643004 120.2274072,22.9638801 120.2274093,22.9638801 120.2274107,22.9637659 120.2274124,22.9635884 120.2274139,22.9633245 120.2274158,22.9631313 120.2274162,22.9626983 120.227416,22.9625253 120.2274176,22.9625252 120.2274204,22.9618629 120.2274195,22.9618608 120.22742,22.9617409 120.2273861,22.9617086 120.2263593,22.9616858 120.2262771,22.9616198 120.2262809,22.9613307 120.2266367,22.9612418 120.2266735,22.9612157 120.2266852,22.9612079 120.2267132,22.9612082 120.2267509,22.9611735 120.2267515,22.9611675 120.2267525,22.9611674 120.2267628,22.9610657 120.2267183,22.9609746 120.2267143,22.960909 120.2267345,22.9608102 120.2267678,22.9607411 120.2267879,22.960629 120.2268347,22.9605352 120.2270099,22.9604692 120.2270808,22.9603667 120.2271108,22.9602839 120.2271777,22.9602177 120.2272532,22.9601878 120.2272575,22.9601875 120.2273644,22.9601105 120.2273955,22.9599077 120.2273914,22.9598963 120.2273796,22.9598594 120.227374,22.95984 120.2273803,22.9598159 120.2273855,22.9598158 120.2274034,22.9597443 120.2273947,22.9596762 120.2273715,22.9595906 120.2273913,22.9595215 120.2274246,22.9594856 120.2274806,22.9594631</coordinates></LinearRing></outerBoundaryIs>
          <innerBoundaryIs><LinearRing><coordinates>120.2279163,22.9601152 120.2279143,22.960496 120.2279118,22.9610185 120.2279112,22.9611726 120.2278556,22.9611726 120.2278928,22.9611729 120.2279122,22.9611733 120.227913,22.9609118 120.2279163,22.9601152</coordinates></LinearRing></innerBoundaryIs>
          <innerBoundaryIs><LinearRing><coordinates>120.2344106,22.9606366 120.2344142,22.960857 120.234439,22.9608568 120.2344366,22.9606412 120.2344106,22.9606366</coordinates></LinearRing></innerBoundaryIs>
          <innerBoundaryIs><LinearRing><coordinates>120.2343895,22.9608829 120.2343756,22.9608832 120.2343758,22.9608931 120.2343895,22.9608829</coordinates></LinearRing></innerBoundaryIs>
          <innerBoundaryIs><LinearRing><coordinates>120.2298653,22.9608714 120.2298641,22.9611821 120.2297951,22.9611821 120.2298593,22.9611829 120.2298582,22.9613114 120.2298559,22.9616374 120.2298532,22.9620982 120.2298515,22.9624208 120.2298509,22.9625019 120.2298509,22.9625373 120.2298538,22.9625373 120.2298541,22.9625035 120.2298541,22.9624224 120.2298553,22.9622222 120.229856,22.962017 120.2298563,22.9619666 120.2298597,22.9613119 120.2298602,22.9611829 120.2298646,22.9611828 120.2298653,22.9608714</coordinates></LinearRing></innerBoundaryIs>
          <innerBoundaryIs><LinearRing><coordinates>120.2343223,22.96094 120.2343012,22.9609556 120.2342537,22.9610711 120.2343305,22.9610825 120.2344442,22.961099 120.2344566,22.9611017 120.2345461,22.9611204 120.2345667,22.9611599 120.2345677,22.9611748 120.2345652,22.9612054 120.2345672,22.9612054 120.2345673,22.9612055 120.2345604,22.9612842 120.2345571,22.9613253 120.2345571,22.961491 120.2345566,22.9615238 120.2345612,22.9615773 120.2345888,22.961651 120.2345739,22.9617301 120.2348053,22.9617304 120.2349556,22.96173 120.235283,22.9617303 120.235414,22.9617297 120.2354706,22.9617296 120.2357085,22.9617297 120.2357086,22.9617293 120.2357597,22.9617294 120.2358636,22.9617299 120.2359124,22.9617448 120.235987,22.9617693 120.2360289,22.9617816 120.2361564,22.9618219 120.2362564,22.9618537 120.2363024,22.9618401 120.2363166,22.9618211 120.2362814,22.9618316 120.2358881,22.9617064 120.2346089,22.9617056 120.2346088,22.9617055 120.2346241,22.9616263 120.2345966,22.9615527 120.2345819,22.9614987 120.2345824,22.9613003 120.2346,22.9611429 120.2345722,22.9610928 120.2344706,22.9610727 120.2342792,22.9610449 120.2342791,22.9610448 120.2343223,22.96094</coordinates></LinearRing></innerBoundaryIs>
          <innerBoundaryIs><LinearRing><coordinates>120.2337616,22.961188 120.2337614,22.961201 120.2335465,22.9612004 120.2335809,22.9612009 120.2336637,22.9612011 120.2337014,22.9612015 120.2337616,22.9612017 120.2337616,22.961188</coordinates></LinearRing></innerBoundaryIs>
          <innerBoundaryIs><LinearRing><coordinates>120.2318112,22.9611905 120.2316507,22.9611902 120.2316166,22.9611903 120.2315683,22.96119 120.2318111,22.9611923 120.2318112,22.9611905</coordinates></LinearRing></innerBoundaryIs>
          <innerBoundaryIs><LinearRing><coordinates>120.2335331,22.9612004 120.2332244,22.961199 120.2330032,22.9611983 120.2331077,22.9611989 120.233147,22.9611993 120.2332636,22.9611996 120.2334972,22.9612005 120.2335331,22.9612004</coordinates></LinearRing></innerBoundaryIs>
          <innerBoundaryIs><LinearRing><coordinates>120.2312355,22.9611892 120.2311977,22.9611891 120.2312319,22.9611895 120.2312596,22.9611895 120.2312355,22.9611892</coordinates></LinearRing></innerBoundaryIs>
          <innerBoundaryIs><LinearRing><coordinates>120.2318051,22.9624253 120.2318042,22.9625463 120.2314813,22.9625447 120.2312887,22.9625443 120.2313485,22.9625446 120.2314562,22.9625449 120.2314809,22.9625452 120.2315797,22.9625456 120.2318041,22.9625468 120.2318042,22.9625477 120.2318044,22.9625477 120.2318051,22.9624253</coordinates></LinearRing></innerBoundaryIs>
          <innerBoundaryIs><LinearRing><coordinates>120.2337553,22.9624543 120.2337548,22.9625559 120.2335714,22.9625551 120.233467,22.962555 120.233036,22.9625534 120.2334662,22.9625554 120.233479,22.9625552 120.233755,22.9625562 120.2337553,22.9624543</coordinates></LinearRing></innerBoundaryIs>
          <innerBoundaryIs><LinearRing><coordinates>120.2357048,22.9625634 120.2355791,22.9625643 120.2355322,22.9625641 120.2354684,22.9625642 120.235348,22.9625629 120.2351761,22.9625631 120.235308,22.9625644 120.2354812,22.9625645 120.2356033,22.9625652 120.2357048,22.9625656 120.2357048,22.9625634</coordinates></LinearRing></innerBoundaryIs>
          <innerBoundaryIs><LinearRing><coordinates>120.2326557,22.9625516 120.232643,22.9625516 120.2326821,22.9625517 120.2326557,22.9625516</coordinates></LinearRing></innerBoundaryIs>
          <innerBoundaryIs><LinearRing><coordinates>120.2279014,22.9625263 120.2274486,22.9625254 120.2279014,22.9625278 120.2279014,22.9625263</coordinates></LinearRing></innerBoundaryIs>
          <innerBoundaryIs><LinearRing><coordinates>120.2337472,22.9638154 120.2337467,22.9639107 120.2337469,22.9639107 120.2337472,22.9638154</coordinates></LinearRing></innerBoundaryIs>
          <innerBoundaryIs><LinearRing><coordinates>120.2356972,22.9639199 120.2355633,22.9639194 120.2355998,22.9639199 120.2356972,22.9639202 120.2356972,22.9639199</coordinates></LinearRing></innerBoundaryIs>
          <innerBoundaryIs><LinearRing><coordinates>120.2298462,22.9638908 120.2297973,22.963891 120.2296087,22.9638906 120.229751,22.9638912 120.2298463,22.9638918 120.2298462,22.9638908</coordinates></LinearRing></innerBoundaryIs>
          <innerBoundaryIs><LinearRing><coordinates>120.2278987,22.9638816 120.2278386,22.9638817 120.2276613,22.963881 120.2278386,22.9638824 120.2278987,22.9638824 120.2278987,22.9638816</coordinates></LinearRing></innerBoundaryIs>
          <innerBoundaryIs><LinearRing><coordinates>120.2294518,22.9638898 120.2294846,22.9638902 120.2295269,22.9638903 120.2294518,22.9638898</coordinates></LinearRing></innerBoundaryIs>
          <innerBoundaryIs><LinearRing><coordinates>120.2353454,22.9639186 120.2352968,22.9639184 120.2353171,22.9639186 120.2353454,22.9639186</coordinates></LinearRing></innerBoundaryIs>
          <innerBoundaryIs><LinearRing><coordinates>120.235203,22.963918 120.2351529,22.9639178 120.2351752,22.963918 120.235203,22.963918</coordinates></LinearRing></innerBoundaryIs>
          <innerBoundaryIs><LinearRing><coordinates>120.2337439,22.9643346 120.2337418,22.9646264 120.2337425,22.9645439 120.2337439,22.9643346</coordinates></LinearRing></innerBoundaryIs>
          <innerBoundaryIs><LinearRing><coordinates>120.2337417,22.9646292 120.2337387,22.9650654 120.2337379,22.9651559 120.2337375,22.9652653 120.2337394,22.9652653 120.23374,22.9650659 120.2337417,22.9646292</coordinates></LinearRing></innerBoundaryIs>
          <innerBoundaryIs><LinearRing><coordinates>120.2356933,22.9646486 120.2356898,22.9652737 120.2356307,22.9652736 120.2355765,22.9652736 120.2353472,22.9652725 120.2350705,22.9652717 120.2356299,22.9652744 120.2356299,22.9652747 120.2356304,22.9652744 120.2356925,22.9652747 120.2356925,22.9649725 120.2356933,22.9646486</coordinates></LinearRing></innerBoundaryIs>
          <innerBoundaryIs><LinearRing><coordinates>120.2239979,22.9637456 120.2239972,22.9638633 120.2239976,22.9638633 120.2239979,22.9637456</coordinates></LinearRing></innerBoundaryIs>
          <innerBoundaryIs><LinearRing><coordinates>120.2317868,22.9652548 120.2316241,22.9652545 120.2313617,22.9652536 120.231377,22.9652539 120.23162,22.9652546 120.231635,22.9652549 120.2317868,22.9652558 120.2317868,22.9652548</coordinates></LinearRing></innerBoundaryIs>
          <innerBoundaryIs><LinearRing><coordinates>120.2350674,22.9652717 120.2348177,22.9652707 120.2349195,22.9652713 120.2350674,22.9652717</coordinates></LinearRing></innerBoundaryIs>
          <innerBoundaryIs><LinearRing><coordinates>120.23568,22.9666279 120.2354771,22.9666273 120.2352835,22.9666266 120.2353099,22.9666272 120.2354775,22.9666286 120.23568,22.9666292 120.23568,22.9666279</coordinates></LinearRing></innerBoundaryIs>
          <innerBoundaryIs><LinearRing><coordinates>120.2352728,22.9666266 120.2349206,22.9666253 120.2351832,22.9666269 120.2352285,22.9666268 120.2352728,22.9666266</coordinates></LinearRing></innerBoundaryIs>
          <innerBoundaryIs><LinearRing><coordinates>120.2337308,22.9666192 120.2335074,22.9666189 120.233357,22.9666181 120.2332878,22.9666179 120.233544,22.9666192 120.2337308,22.9666198 120.2337308,22.9666192</coordinates></LinearRing></innerBoundaryIs>
          <innerBoundaryIs><LinearRing><coordinates>120.2337255,22.96766 120.2337235,22.9679743 120.233724,22.9679743 120.2337255,22.96766</coordinates></LinearRing></innerBoundaryIs>
        </Polygon>
      </MultiGeometry>
  </Placemark>
  <Placemark>
	<Style><LineStyle><color>ff0000ff</color></LineStyle><PolyStyle><fill>0</fill></PolyStyle></Style>
	<ExtendedData><SchemaData schemaUrl="#114SEC_DCTBLPD">
		<SimpleData name="段碼">1509</SimpleData>
		<SimpleData name="段名">仁和段</SimpleData>
		<SimpleData name="行政區">東區</SimpleData>
	</SchemaData></ExtendedData>
      <MultiGeometry>
        <Polygon>
          <outerBoundaryIs><LinearRing><coordinates>120.2302584,22.9767547 120.2303242,22.9767729 120.2300931,22.977993 120.230012,22.9780528 120.2300118,22.9780527 120.2301286,22.9774411 120.2301284,22.977441 120.2302583,22.9767548 120.2302584,22.9767547</coordinates></LinearRing></outerBoundaryIs>
        </Polygon>
        <Polygon>
          <outerBoundaryIs><LinearRing><coordinates>120.2365695,22.9659563 120.2365745,22.9659743 120.2367604,22.9666346 120.2367625,22.9666347 120.237141,22.9679904 120.2371428,22.9679905 120.2371814,22.9681299 120.2375791,22.968413 120.2376229,22.9684075 120.237623,22.9684076 120.237623,22.9684091 120.2376456,22.9684064 120.2380694,22.9687104 120.2381497,22.9687678 120.238158,22.9687843 120.2381868,22.969012 120.238219,22.9692112 120.2381999,22.9693508 120.2382041,22.9693508 120.2382042,22.9693509 120.2382034,22.9693578 120.2382157,22.9696153 120.2382396,22.9698359 120.2382291,22.9699451 120.2381499,22.9701575 120.2380973,22.9703657 120.2381035,22.9704051 120.2381289,22.9705094 120.2381386,22.9707066 120.2381376,22.9707067 120.2381415,22.9707885 120.238125,22.9709133 120.2380767,22.9711292 120.2380683,22.9711685 120.2380693,22.9712803 120.2380142,22.9714344 120.2380153,22.9714735 120.2380319,22.9715615 120.2380275,22.9717199 120.2380264,22.9717653 120.2379848,22.9718728 120.2379931,22.9720586 120.2379936,22.9720586 120.2379937,22.9720587 120.2379932,22.9720605 120.237993,22.9720605 120.2379435,22.9721865 120.2379156,22.972463 120.2379116,22.9726026 120.2378945,22.9728316 120.2379032,22.9729844 120.2378592,22.9731538 120.2378492,22.9732821 120.2378141,22.9733778 120.2378101,22.973412 120.2378108,22.9734121 120.2377863,22.9736164 120.2377571,22.9738618 120.237724,22.9741356 120.2377092,22.9742621 120.2377035,22.9743134 120.2378189,22.9743007 120.237819,22.9743008 120.2378407,22.974511 120.2378666,22.9747686 120.2378665,22.9747687 120.2378653,22.9747687 120.2378879,22.9750009 120.2379251,22.9753573 120.2379443,22.9755449 120.2379481,22.9755813 120.2376896,22.9757414 120.2375793,22.9757834 120.2375792,22.9757859 120.2375036,22.9758151 120.2373491,22.9758577 120.237138,22.9759183 120.2369989,22.975919 120.2369382,22.9759198 120.2369202,22.9759245 120.2368575,22.9759405 120.2367072,22.9759783 120.2366584,22.9759899 120.2365135,22.9760258 120.2364607,22.97604 120.2364086,22.9760526 120.2364085,22.9760525 120.2364077,22.9760173 120.2363183,22.9760383 120.2361683,22.9760476 120.2361507,22.9760636 120.2361102,22.976056 120.2360002,22.9760591 120.2359473,22.9760541 120.2359473,22.9760463 120.2359319,22.9760481 120.2358767,22.9760559 120.2358359,22.976061 120.2358358,22.9760606 120.2358053,22.976065 120.2356888,22.9760844 120.2356753,22.9760863 120.2356267,22.9760938 120.2356266,22.9760936 120.2355338,22.9761097 120.2352099,22.9761086 120.2355325,22.9761103 120.2355326,22.9761104 120.2355074,22.9761143 120.235375,22.9761472 120.2353027,22.9761642 120.2352825,22.9761689 120.2350871,22.9762074 120.2350434,22.9762178 120.2348834,22.9762589 120.2347105,22.9762875 120.2346654,22.9762947 120.2345183,22.976338 120.2344468,22.9763594 120.2344037,22.97636 120.2341557,22.9763653 120.2339688,22.976382 120.233782,22.9763998 120.2337392,22.9764035 120.2336781,22.9764091 120.233678,22.9764092 120.2335478,22.9764213 120.2335188,22.9764242 120.2335069,22.9764236 120.2334652,22.9764185 120.2333591,22.9764073 120.2333573,22.9764067 120.2333577,22.9764609 120.233436,22.9764619 120.2335956,22.9764517 120.2335957,22.9764518 120.2335759,22.9767224 120.2335539,22.9770607 120.2335554,22.9770609 120.2335428,22.9772334 120.2337081,22.9772479 120.2338435,22.9772539 120.233852,22.9772546 120.2338521,22.9772547 120.2337809,22.9777674 120.2327261,22.9785488 120.232726,22.9785488 120.2325763,22.9783709 120.2324913,22.9782688 120.2324939,22.9782501 120.2324503,22.9782538 120.2321709,22.9782756 120.2321599,22.9782777 120.2317759,22.9783086 120.2317491,22.9783046 120.2316743,22.9782946 120.2316487,22.9784584 120.2316471,22.978467 120.2316443,22.9784796 120.231642,22.9784879 120.231638,22.9785002 120.2316349,22.9785083 120.2316298,22.9785203 120.231626,22.9785281 120.2316197,22.9785396 120.2316128,22.9785508 120.2316067,22.9785595 120.2309903,22.9784826 120.2309225,22.9788916 120.2309224,22.9788917 120.2307551,22.9788662 120.2307392,22.9789553 120.2302394,22.978879 120.2300574,22.9788514 120.2300159,22.9788777 120.2299494,22.9788643 120.2300971,22.9780834 120.2301216,22.9779559 120.2304512,22.9762124 120.231111,22.9746485 120.231278,22.9743585 120.231267,22.9743536 120.2310821,22.9746735 120.2310563,22.9747343 120.2310628,22.9747343 120.2310629,22.9747344 120.2309669,22.9749589 120.2308359,22.9752695 120.2308358,22.9752695 120.230773,22.9752427 120.2307932,22.9751954 120.2307931,22.9751952 120.2309884,22.9747344 120.2309827,22.9747344 120.2309826,22.9747343 120.2310195,22.974647 120.2311423,22.9744338 120.2312403,22.9742641 120.2317416,22.9733936 120.2317479,22.973383 120.2317504,22.9733829 120.2317646,22.9733562 120.2320157,22.9729201 120.2321722,22.9726471 120.2322749,22.9724673 120.232526,22.9720325 120.2325282,22.9720325 120.2325834,22.9719373 120.2326985,22.9717345 120.2327019,22.9717306 120.2331586,22.9710479 120.2332823,22.9708655 120.2334041,22.9706825 120.2334022,22.9706825 120.2334021,22.9706824 120.2336224,22.970353 120.2337117,22.9702188 120.2337119,22.9702188 120.2337119,22.9702194 120.2337374,22.9701811 120.2337628,22.9701424 120.2337792,22.9701187 120.2338037,22.9700808 120.2339067,22.9699261 120.2339107,22.969921 120.2339336,22.969887 120.2340263,22.9697458 120.2342024,22.9694812 120.2342492,22.9694122 120.2343035,22.9693316 120.2343012,22.9693316 120.2343011,22.9693315 120.2343255,22.9692957 120.2343746,22.9692226 120.2343978,22.9691887 120.2344206,22.9691537 120.2344361,22.969131 120.2344978,22.9690395 120.2344983,22.9690396 120.2345292,22.9689939 120.2348623,22.9684055 120.2348983,22.9683414 120.2350261,22.9681167 120.2350463,22.968081 120.2350695,22.9679814 120.235067,22.9679814 120.2350669,22.9679813 120.2350827,22.9679153 120.235117,22.9678867 120.2351456,22.9678138 120.2351552,22.9678039 120.2353163,22.9676266 120.2353176,22.9676238 120.2353314,22.9676039 120.2353326,22.9676019 120.235441,22.9674646 120.2355499,22.9673259 120.2356047,22.967244 120.2356298,22.9672078 120.2356549,22.9671691 120.235679,22.967139 120.2356792,22.9671391 120.2356791,22.967143 120.2357982,22.9669873 120.2358053,22.9669789 120.2358307,22.9669308 120.2359207,22.9667998 120.2360044,22.966634 120.2360041,22.966634 120.236004,22.9666339 120.2360654,22.9665098 120.2361637,22.9664403 120.2361798,22.9664285 120.236278,22.9663344 120.2364596,22.9660624 120.2365564,22.9659953 120.2365593,22.965986 120.2365695,22.9659563</coordinates></LinearRing></outerBoundaryIs>
          <innerBoundaryIs><LinearRing><coordinates>120.2356738,22.9679563 120.2356736,22.9679836 120.2356026,22.9679832 120.2356255,22.9679835 120.2356738,22.9679837 120.2356738,22.9679563</coordinates></LinearRing></innerBoundaryIs>
          <innerBoundaryIs><LinearRing><coordinates>120.2353426,22.9679817 120.2352947,22.9679817 120.2353506,22.9679823 120.2354545,22.9679823 120.2353426,22.9679817</coordinates></LinearRing></innerBoundaryIs>
          <innerBoundaryIs><LinearRing><coordinates>120.2356657,22.9693367 120.2352232,22.9693351 120.2352368,22.9693356 120.2352846,22.9693357 120.2352966,22.9693399 120.235298,22.9693357 120.2353207,22.9693364 120.2354313,22.9693372 120.2354978,22.9693376 120.2355407,22.9693373 120.235542,22.9693377 120.2355423,22.9693373 120.2355865,22.9693371 120.2356326,22.9693376 120.2356657,22.9693382 120.2356657,22.9693367</coordinates></LinearRing></innerBoundaryIs>
          <innerBoundaryIs><LinearRing><coordinates>120.2376156,22.9693465 120.2373675,22.9693459 120.2376144,22.9693477 120.2376046,22.9707015 120.2374927,22.9707013 120.2372031,22.9707001 120.2375166,22.9707019 120.2375169,22.9707021 120.237517,22.9707019 120.2376092,22.9707021 120.2376095,22.9706205 120.2376158,22.9693498 120.2376156,22.9693497 120.2376156,22.9693465</coordinates></LinearRing></innerBoundaryIs>
          <innerBoundaryIs><LinearRing><coordinates>120.2351988,22.969335 120.2351344,22.9693348 120.2351757,22.9693352 120.2351988,22.969335</coordinates></LinearRing></innerBoundaryIs>
          <innerBoundaryIs><LinearRing><coordinates>120.2351343,22.9693348 120.2346988,22.9693332 120.2350738,22.9693348 120.2351343,22.9693348</coordinates></LinearRing></innerBoundaryIs>
          <innerBoundaryIs><LinearRing><coordinates>120.2346027,22.9693326 120.2344567,22.9693323 120.2346143,22.9693329 120.2346027,22.9693326</coordinates></LinearRing></innerBoundaryIs>
          <innerBoundaryIs><LinearRing><coordinates>120.2356627,22.9694461 120.2356612,22.9694505 120.2356644,22.9694513 120.2356644,22.9694466 120.2356627,22.9694461</coordinates></LinearRing></innerBoundaryIs>
          <innerBoundaryIs><LinearRing><coordinates>120.2356546,22.9706912 120.2351579,22.9706898 120.2349076,22.9706892 120.2356546,22.9706927 120.2356546,22.9706912</coordinates></LinearRing></innerBoundaryIs>
          <innerBoundaryIs><LinearRing><coordinates>120.2370222,22.9706994 120.2369507,22.9706991 120.2370047,22.9706995 120.2370222,22.9706994</coordinates></LinearRing></innerBoundaryIs>
          <innerBoundaryIs><LinearRing><coordinates>120.2337029,22.9716079 120.233702,22.9717491 120.2337006,22.9720378 120.2337015,22.9720378 120.2337018,22.9719301 120.2337021,22.9719141 120.2337022,22.9718023 120.2337029,22.9716079</coordinates></LinearRing></innerBoundaryIs>
          <innerBoundaryIs><LinearRing><coordinates>120.237601,22.9720551 120.2372883,22.9720542 120.2375486,22.9720561 120.237601,22.9720567 120.237601,22.9720551</coordinates></LinearRing></innerBoundaryIs>
          <innerBoundaryIs><LinearRing><coordinates>120.2356512,22.972046 120.2352957,22.9720448 120.2351265,22.9720444 120.2352974,22.9720454 120.2356512,22.9720473 120.2356512,22.972046</coordinates></LinearRing></innerBoundaryIs>
          <innerBoundaryIs><LinearRing><coordinates>120.233697,22.9727552 120.2336935,22.9732239 120.2336933,22.9733922 120.2336871,22.9733923 120.233692,22.9733923 120.2336921,22.9733928 120.2336945,22.9733927 120.233697,22.9727552</coordinates></LinearRing></innerBoundaryIs>
          <innerBoundaryIs><LinearRing><coordinates>120.2375942,22.9729761 120.237591,22.9734101 120.2373591,22.9734096 120.2369797,22.973408 120.2373686,22.9734099 120.2375924,22.9734112 120.2375942,22.9729761</coordinates></LinearRing></innerBoundaryIs>
          <innerBoundaryIs><LinearRing><coordinates>120.2356414,22.9734013 120.2354952,22.973401 120.235142,22.9733998 120.2354955,22.9734019 120.2356426,22.973403 120.2356426,22.9734023 120.2356414,22.9734022 120.2356414,22.9734013</coordinates></LinearRing></innerBoundaryIs>
          <innerBoundaryIs><LinearRing><coordinates>120.236078,22.9734044 120.2361507,22.9734053 120.236177,22.9734049 120.236078,22.9734044</coordinates></LinearRing></innerBoundaryIs>
          <innerBoundaryIs><LinearRing><coordinates>120.2332529,22.9733902 120.233164,22.97339 120.2333067,22.9733906 120.2332529,22.9733902</coordinates></LinearRing></innerBoundaryIs>
          <innerBoundaryIs><LinearRing><coordinates>120.2375928,22.9734133 120.2375925,22.9734555 120.237593,22.9734133 120.2375928,22.9734133</coordinates></LinearRing></innerBoundaryIs>
          <innerBoundaryIs><LinearRing><coordinates>120.2336917,22.973482 120.2336892,22.9739746 120.233683,22.9747457 120.2335265,22.9747456 120.2333518,22.9747448 120.2330965,22.9747442 120.2331565,22.9747446 120.2332889,22.9747453 120.2333528,22.9747461 120.233684,22.9747469 120.2336841,22.9747469 120.2336813,22.9753171 120.2336775,22.9759013 120.2336781,22.9759406 120.233677,22.9759801 120.2336761,22.9761014 120.2336785,22.9761014 120.2336803,22.9755825 120.2336813,22.9753698 120.2336845,22.974747 120.2336857,22.9747469 120.2336917,22.973482</coordinates></LinearRing></innerBoundaryIs>
          <innerBoundaryIs><LinearRing><coordinates>120.2375878,22.9742657 120.2375854,22.9746024 120.2375849,22.9747224 120.2375842,22.9747647 120.2374798,22.9747646 120.2372453,22.9747637 120.2371212,22.9747635 120.2372463,22.9747643 120.2372923,22.9747641 120.2374799,22.9747649 120.237586,22.9747657 120.2375878,22.9742657</coordinates></LinearRing></innerBoundaryIs>
          <innerBoundaryIs><LinearRing><coordinates>120.2317383,22.9739168 120.2317357,22.9742563 120.2317334,22.9745223 120.2317353,22.9745231 120.231736,22.9743498 120.2317364,22.9743489 120.231736,22.9743487 120.2317364,22.9742549 120.2317383,22.9739168</coordinates></LinearRing></innerBoundaryIs>
          <innerBoundaryIs><LinearRing><coordinates>120.2327724,22.9747427 120.2329085,22.9747438 120.2329531,22.9747439 120.2329954,22.9747439 120.2327724,22.9747427</coordinates></LinearRing></innerBoundaryIs>
          <innerBoundaryIs><LinearRing><coordinates>120.2336553,22.9761014 120.2335466,22.9761012 120.2333547,22.9761003 120.2333547,22.9761005 120.2336101,22.9761015 120.2336553,22.9761014</coordinates></LinearRing></innerBoundaryIs>
        </Polygon>
      </MultiGeometry>
  </Placemark>
  <Placemark>
	<Style><LineStyle><color>ff0000ff</color></LineStyle><PolyStyle><fill>0</fill></PolyStyle></Style>
	<ExtendedData><SchemaData schemaUrl="#114SEC_DCTBLPD">
		<SimpleData name="段碼">1510</SimpleData>
		<SimpleData name="段名">新東段</SimpleData>
		<SimpleData name="行政區">東區</SimpleData>
	</SchemaData></ExtendedData>
      <MultiGeometry>
        <Polygon>
          <outerBoundaryIs><LinearRing><coordinates>120.224592,22.9909571 120.2247948,22.9909581 120.2247949,22.9909583 120.224694,22.9909898 120.2246544,22.9910017 120.2245993,22.990977 120.2245919,22.9909573 120.224592,22.9909571</coordinates></LinearRing></outerBoundaryIs>
        </Polygon>
        <Polygon>
          <outerBoundaryIs><LinearRing><coordinates>120.2241042,22.9848683 120.2246853,22.9850883 120.2248351,22.9851777 120.22522,22.9853252 120.2251746,22.985264 120.2251747,22.9852639 120.2257484,22.9854806 120.2258226,22.9855065 120.2258224,22.9855442 120.2258223,22.9855443 120.2257979,22.9855441 120.225715,22.985544 120.2258207,22.9855444 120.2258208,22.9855445 120.2258198,22.9857482 120.2258192,22.9858239 120.2258192,22.985901 120.2258187,22.9859432 120.2258186,22.985985 120.2258185,22.9860273 120.2258186,22.9860693 120.225818,22.9861123 120.2258182,22.9861544 120.2258177,22.9862571 120.225816,22.9864753 120.2258153,22.9867601 120.2258143,22.9868973 120.2257151,22.9868968 120.2251505,22.9868949 120.2250819,22.9868952 120.2250124,22.9868945 120.2247063,22.9868935 120.224638,22.986893 120.2245704,22.986893 120.2243089,22.9868922 120.2258132,22.9868997 120.2258133,22.9868995 120.2258152,22.9868995 120.2258209,22.9855451 120.2258233,22.985545 120.2258238,22.9855065 120.225824,22.9855064 120.22594,22.9855456 120.2259419,22.9855456 120.2261819,22.9856271 120.2263586,22.985703 120.2264798,22.9857545 120.2266053,22.9858073 120.2267017,22.9858506 120.2268732,22.9859271 120.2268752,22.9859394 120.2268891,22.9859445 120.2269508,22.9859684 120.2269734,22.9859775 120.2269778,22.9860019 120.2270018,22.9860132 120.2270237,22.9860233 120.2270584,22.9860245 120.2271393,22.9860603 120.2272073,22.9860507 120.2273258,22.9860953 120.2274714,22.9861627 120.2277697,22.986302 120.2277697,22.986303 120.2283626,22.9865785 120.2289459,22.9868504 120.2289393,22.9868633 120.2289819,22.9868823 120.2290254,22.986902 120.2290537,22.9869138 120.2290537,22.9869139 120.2290192,22.9869137 120.2289135,22.9869134 120.2287041,22.9869126 120.2286434,22.9869122 120.2285492,22.986912 120.228471,22.9869117 120.2284137,22.9869113 120.2284104,22.9869112 120.2283476,22.9869114 120.2283028,22.9869113 120.2282902,22.986911 120.2282688,22.9869109 120.2281087,22.9869105 120.2279255,22.9869095 120.2278421,22.9869094 120.2290547,22.9869156 120.2294109,22.9870749 120.2294631,22.987098 120.2295492,22.9871366 120.2295551,22.9871096 120.2295552,22.9871096 120.2297123,22.9871802 120.2297066,22.9882715 120.229032,22.9882692 120.2290189,22.9882688 120.2289149,22.9882689 120.2288099,22.9882684 120.2283016,22.9882667 120.228525,22.9882675 120.2288112,22.9882693 120.2289184,22.9882695 120.2290347,22.9882702 120.2290438,22.9882705 120.2290933,22.9882707 120.2292301,22.9882712 120.2292813,22.9882716 120.2295441,22.9882728 120.2297065,22.9882738 120.2297064,22.9883703 120.2297068,22.9882731 120.2297092,22.9882731 120.2297133,22.9873086 120.2297132,22.9872119 120.2297133,22.9871819 120.2297134,22.9871818 120.230068,22.9873434 120.2303166,22.987448 120.230314,22.9874782 120.2304875,22.9875548 120.2305907,22.9875546 120.2312444,22.987854 120.2316601,22.988044 120.2316599,22.988128 120.2316602,22.9880452 120.2316604,22.9880451 120.2319965,22.9881983 120.232002,22.9882291 120.2320536,22.9882518 120.2321272,22.9882847 120.2321294,22.9882848 120.2321634,22.9882999 120.2322232,22.9883034 120.2326517,22.9885045 120.2326517,22.9885046 120.2325596,22.9885336 120.2323794,22.9885898 120.2321755,22.9886538 120.23194,22.988728 120.2316561,22.9888179 120.231656,22.9888178 120.2316575,22.9882955 120.2316544,22.9888147 120.2314142,22.9888904 120.2312724,22.9889345 120.2310395,22.9890072 120.2307709,22.9890917 120.2306856,22.9891187 120.2306364,22.9891339 120.2302675,22.9892496 120.2301441,22.9892887 120.2301035,22.989301 120.2299822,22.9893391 120.2299418,22.9893519 120.2299004,22.9893649 120.2298591,22.9893777 120.2298186,22.9893907 120.2297024,22.9894271 120.2297022,22.989427 120.2297021,22.9894108 120.2297033,22.9891968 120.229704,22.9890152 120.229704,22.988952 120.2297044,22.9888874 120.2297061,22.9884334 120.2297048,22.9886312 120.229704,22.9887331 120.2297039,22.9887838 120.2297032,22.9888348 120.2297015,22.9891234 120.2297009,22.989196 120.2296996,22.9894073 120.2296992,22.989426 120.2294373,22.9895076 120.2293984,22.98952 120.2292752,22.9895588 120.2291066,22.9896114 120.2290649,22.9896242 120.2290656,22.9896242 120.2290657,22.9896244 120.2289217,22.9896697 120.2288392,22.9896952 120.2288072,22.9897053 120.228768,22.9897174 120.2286547,22.9897534 120.2284984,22.9898024 120.2284131,22.9898293 120.2279224,22.9899838 120.2277467,22.9900393 120.2277466,22.9900392 120.2277471,22.9898924 120.2277485,22.9896181 120.2277487,22.989618 120.2277487,22.9896153 120.2275534,22.9896148 120.2273319,22.9896146 120.2269636,22.9896135 120.2269096,22.9896136 120.2267945,22.9896132 120.2277481,22.9896176 120.2277461,22.990038 120.2268877,22.9903082 120.2268311,22.9903262 120.2267493,22.9903518 120.2260193,22.9905816 120.2258965,22.9906205 120.2258814,22.9906255 120.2258046,22.9906493 120.2257931,22.9906527 120.225793,22.9906526 120.225793,22.9906469 120.2257686,22.9906544 120.2257316,22.9906664 120.2247997,22.9909571 120.2247726,22.9909575 120.2245965,22.990957 120.2243537,22.9903145 120.2240838,22.9896012 120.2240823,22.9896011 120.2240684,22.9895642 120.2239395,22.989221 120.2239013,22.9891179 120.2238841,22.9890728 120.2238515,22.9889856 120.2238515,22.9889842 120.2238146,22.9888869 120.2237915,22.9888252 120.2237806,22.9887947 120.2237688,22.9887633 120.2237618,22.9887453 120.2237574,22.9887325 120.2237319,22.9886656 120.2236943,22.9885637 120.2235743,22.9882432 120.2235744,22.9882431 120.2238547,22.9882445 120.2238547,22.9882432 120.2235738,22.9882427 120.2235614,22.988207 120.2235252,22.9881064 120.2235132,22.9880713 120.2234464,22.9878852 120.2233948,22.9877395 120.2232195,22.9872479 120.2231902,22.987165 120.2231793,22.9871356 120.2231522,22.9870591 120.2231306,22.9869984 120.2230903,22.986886 120.2230904,22.9868859 120.2238645,22.9868895 120.2238686,22.9859278 120.2238698,22.9857587 120.2238698,22.9856588 120.2238703,22.9855355 120.2238708,22.9855354 120.2238724,22.9852296 120.2238705,22.9855343 120.2237372,22.9855338 120.22387,22.9855345 120.2238641,22.9868884 120.2231866,22.986886 120.2230888,22.9868852 120.223022,22.9866963 120.2229993,22.9866306 120.2229758,22.9865659 120.2229397,22.9864638 120.2228847,22.9863077 120.2227999,22.9860682 120.2227564,22.9859464 120.2226333,22.9855994 120.2226612,22.9855523 120.2226008,22.9855712 120.2225515,22.9855286 120.2225515,22.9855285 120.2225523,22.9855285 120.222457,22.9854469 120.222457,22.9854467 120.2230108,22.9852746 120.223058,22.9852598 120.2234536,22.9851367 120.2235636,22.9850985 120.2237068,22.9850454 120.2238739,22.9849758 120.223874,22.9849759 120.223874,22.9849767 120.2239634,22.9849368 120.2240644,22.9848875 120.2241042,22.9848683</coordinates></LinearRing></outerBoundaryIs>
          <innerBoundaryIs><LinearRing><coordinates>120.2256291,22.9855435 120.2256192,22.9855435 120.2256679,22.9855437 120.2256291,22.9855435</coordinates></LinearRing></innerBoundaryIs>
          <innerBoundaryIs><LinearRing><coordinates>120.2258067,22.9882536 120.2258065,22.9882536 120.2258065,22.988254 120.2258067,22.988254 120.2258067,22.9882536</coordinates></LinearRing></innerBoundaryIs>
          <innerBoundaryIs><LinearRing><coordinates>120.2277567,22.9882632 120.2269585,22.98826 120.2277558,22.9882642 120.227756,22.9882952 120.227756,22.9883156 120.227756,22.9882958 120.227756,22.9882952 120.2277562,22.9882636 120.2277567,22.9882635 120.2277567,22.9882632</coordinates></LinearRing></innerBoundaryIs>
          <innerBoundaryIs><LinearRing><coordinates>120.2258021,22.9892872 120.2258012,22.9895456 120.2258007,22.9896067 120.2256143,22.9896062 120.2255071,22.9896057 120.2254738,22.9896058 120.2253719,22.9896054 120.22535,22.9896054 120.2252695,22.9896049 120.2251883,22.989605 120.2257992,22.9896077 120.2257993,22.9896085 120.2258015,22.9896085 120.2258021,22.9892872</coordinates></LinearRing></innerBoundaryIs>
          <innerBoundaryIs><LinearRing><coordinates>120.2316592,22.9882806 120.2308365,22.9882781 120.230584,22.988277 120.2303951,22.9882764 120.2316572,22.9882826 120.2316575,22.9882888 120.2316575,22.9882826 120.2316592,22.9882825 120.2316592,22.9882806</coordinates></LinearRing></innerBoundaryIs>
          <innerBoundaryIs><LinearRing><coordinates>120.2277645,22.9869076 120.2276409,22.9869071 120.2268736,22.9869046 120.2264288,22.986903 120.2277639,22.9869105 120.2277639,22.9869091 120.2277645,22.986909 120.2277645,22.9869076</coordinates></LinearRing></innerBoundaryIs>
        </Polygon>
      </MultiGeometry>
  </Placemark>
  <Placemark>
	<Style><LineStyle><color>ff0000ff</color></LineStyle><PolyStyle><fill>0</fill></PolyStyle></Style>
	<ExtendedData><SchemaData schemaUrl="#114SEC_DCTBLPD">
		<SimpleData name="段碼">1511</SimpleData>
		<SimpleData name="段名">光明段</SimpleData>
		<SimpleData name="行政區">東區</SimpleData>
	</SchemaData></ExtendedData>
      <MultiGeometry>
        <Polygon>
          <outerBoundaryIs><LinearRing><coordinates>120.2284202,22.9898268 120.2284203,22.9898269 120.228355,22.9900379 120.2283756,22.990032 120.2284433,22.9900694 120.228447,22.9900876 120.2284767,22.9902142 120.2285003,22.9903182 120.2285063,22.9903441 120.2285087,22.9903537 120.2285205,22.990405 120.2285404,22.9904941 120.2286056,22.9907749 120.2286174,22.9908274 120.2286244,22.990857 120.228652,22.9909771 120.2286519,22.9909772 120.2284653,22.9909764 120.2286502,22.9909775 120.2286618,22.9910296 120.228694,22.9911675 120.2287261,22.9913032 120.2288084,22.9916553 120.2288443,22.9918104 120.2289505,22.9922669 120.2289579,22.9922991 120.2289657,22.9923319 120.2289657,22.992332 120.2287102,22.9923312 120.228579,22.992331 120.2284695,22.9923303 120.2282877,22.9923298 120.2289659,22.9923332 120.2289827,22.9924081 120.2290781,22.9928117 120.2291603,22.9931619 120.2292131,22.9933822 120.2292839,22.9936871 120.2292838,22.9936872 120.2291947,22.9936868 120.2291112,22.9936868 120.228914,22.9936858 120.2287096,22.9936854 120.2284785,22.9936846 120.2283945,22.9936842 120.2283078,22.9936842 120.2281562,22.9936835 120.228058,22.9936832 120.2292838,22.9936892 120.2292894,22.9937132 120.2292936,22.9937291 120.2293005,22.9937609 120.2293231,22.993859 120.2294056,22.9942093 120.229416,22.9942546 120.22943,22.9943129 120.2294995,22.9946097 120.2295391,22.9947842 120.2295599,22.9948741 120.2295663,22.9949006 120.2295981,22.9950428 120.229598,22.9950429 120.2294806,22.9950426 120.2293801,22.9950422 120.2293345,22.9950424 120.2292913,22.995042 120.2286249,22.99504 120.2286081,22.9950397 120.2284131,22.9950392 120.2283507,22.9950387 120.2282543,22.9950386 120.2281805,22.9950382 120.2295934,22.9950449 120.2295978,22.995063 120.2296499,22.9952694 120.229666,22.9953343 120.2296632,22.9958711 120.2296624,22.9959777 120.2296621,22.9960479 120.2296619,22.9960619 120.2296618,22.9961024 120.2296599,22.9963969 120.2292942,22.9963957 120.2286888,22.9963932 120.228663,22.9963933 120.2285164,22.9963928 120.2277504,22.9963901 120.2277116,22.9963899 120.2277115,22.9963882 120.2257627,22.9963806 120.2257657,22.9954075 120.225762,22.9959946 120.2257599,22.9963811 120.2277076,22.9963917 120.2277076,22.9963918 120.227707,22.9964472 120.2277068,22.9964998 120.2277024,22.9969744 120.2276989,22.997406 120.2276988,22.997461 120.227696,22.9977451 120.2277028,22.9977451 120.22771,22.9963907 120.2277101,22.9963906 120.2277472,22.9963909 120.2285159,22.9963941 120.2286612,22.9963952 120.2296586,22.9964001 120.2296583,22.9964857 120.2296585,22.9965768 120.2296556,22.9971562 120.2296608,22.9964002 120.2296629,22.9964001 120.2296674,22.9953308 120.2296676,22.9953308 120.2297097,22.9954892 120.2297215,22.995544 120.2297371,22.9956098 120.2297483,22.9956556 120.2297718,22.9957569 120.2297824,22.9958056 120.2298507,22.9961005 120.2298583,22.9961319 120.2298772,22.9962139 120.2299001,22.9963109 120.2299215,22.9964026 120.2299214,22.9964027 120.2299193,22.9964027 120.2299402,22.9964908 120.2299549,22.9964913 120.2301386,22.9964936 120.230448,22.9964991 120.230561,22.9965752 120.2305609,22.9965754 120.2304939,22.9965975 120.2304713,22.9966192 120.2304574,22.9966321 120.2304122,22.9967427 120.2303826,22.9968164 120.2303539,22.9968866 120.230352,22.9969089 120.2303494,22.9969595 120.2303477,22.9969878 120.2303968,22.9970401 120.2303917,22.9970632 120.2303877,22.9970828 120.2302726,22.997134 120.2302633,22.9972257 120.2302548,22.9972504 120.2302231,22.9973385 120.2301105,22.9974043 120.2300518,22.997459 120.2299527,22.9975556 120.2299127,22.9975942 120.2298678,22.9976582 120.2298103,22.9976948 120.2297373,22.9976968 120.2296899,22.9976978 120.2296592,22.99774 120.2296517,22.9977493 120.2296516,22.9977493 120.2296516,22.9977465 120.2296473,22.9977522 120.2282451,22.9977478 120.2296461,22.9977546 120.2296462,22.9977547 120.2296205,22.9977912 120.2295777,22.9978488 120.2296109,22.9979427 120.229609,22.9979468 120.2295869,22.9979905 120.2295571,22.9980493 120.2295588,22.9980766 120.2295611,22.9981192 120.2295637,22.9981627 120.2295667,22.9982074 120.2295452,22.998403 120.22938,22.9985918 120.2294576,22.9986231 120.2294656,22.9986895 120.2294606,22.998748 120.2294605,22.9987481 120.2293541,22.9987296 120.2293375,22.9988963 120.229336,22.99891 120.229326,22.9990111 120.2293245,22.999031 120.2293172,22.9991049 120.2286234,22.9991029 120.2285706,22.9991025 120.2285403,22.9991025 120.2284503,22.999102 120.2282087,22.9991013 120.2280715,22.9991004 120.2277961,22.9990994 120.2278821,22.9991004 120.2280475,22.9991009 120.2280654,22.9991012 120.2282098,22.9991017 120.2283575,22.9991027 120.2285409,22.9991037 120.2293198,22.9991071 120.2293199,22.9991072 120.2293069,22.9992452 120.229279,22.999253 120.2291989,22.9992771 120.2291438,22.9992942 120.2291423,22.9993047 120.2291125,22.9994944 120.2276892,22.9999257 120.227689,22.9999256 120.2276901,22.999718 120.2276916,22.9995931 120.2276922,22.9993907 120.2276928,22.9992939 120.2276931,22.9992578 120.2276937,22.9992219 120.2276935,22.9991859 120.2276938,22.9991693 120.2276934,22.9990988 120.2276944,22.9990987 120.2276945,22.9990936 120.2276945,22.9990782 120.2276958,22.9988582 120.2276956,22.9988081 120.2276958,22.9987722 120.2276962,22.9987331 120.2276963,22.9986968 120.2276966,22.9986634 120.2276958,22.9986971 120.2276956,22.9987339 120.227695,22.9987728 120.2276949,22.998809 120.2276943,22.9988709 120.2276943,22.9989428 120.2276938,22.9989787 120.2276929,22.9990983 120.2276926,22.9990984 120.2276924,22.99912 120.2276917,22.9992955 120.2276912,22.9993309 120.2276914,22.9993669 120.2276912,22.9993879 120.2276912,22.9994336 120.2276905,22.9994594 120.2276902,22.9995098 120.2276897,22.9995489 120.227689,22.9997158 120.2276886,22.999734 120.2276874,22.9999236 120.2275847,22.9999554 120.2275251,22.9999736 120.2274728,22.9999898 120.2273701,23.000021 120.2272457,23.0000595 120.2272038,23.0000722 120.227123,23.0000965 120.2270816,23.0001092 120.2270418,23.0001217 120.2270035,23.0001329 120.2269615,23.0001456 120.2269214,23.0001582 120.2268823,23.00017 120.2264764,23.0002932 120.2263724,23.0001354 120.2263307,23.0000716 120.2263307,23.0000715 120.226467,23.0000389 120.2264813,22.9999927 120.2265093,22.9998985 120.2264994,22.9997892 120.2264677,22.9996874 120.2264535,22.9996701 120.2263292,22.9995142 120.2262802,22.9993977 120.2260923,22.9992093 120.2259432,22.9991223 120.2258899,22.9991106 120.2258168,22.9991986 120.2258167,22.9991986 120.2257653,22.9991034 120.2257575,22.9990895 120.2257576,22.9990894 120.2257591,22.9990894 120.2257433,22.9990621 120.2257433,22.9990557 120.2256789,22.9989475 120.225673,22.9988861 120.2257128,22.998782 120.2257215,22.9986708 120.2256827,22.9985695 120.2256414,22.9985698 120.2256259,22.9985282 120.2255296,22.9984872 120.2255312,22.9983526 120.2255226,22.9983301 120.2254608,22.9982999 120.2254231,22.9981641 120.2254476,22.9980736 120.2254654,22.9980182 120.2255291,22.9978278 120.2255849,22.99774 120.2255854,22.9977392 120.2255841,22.9977349 120.2255841,22.9977348 120.2257473,22.9977355 120.2257473,22.9977348 120.2255843,22.9977342 120.2254749,22.997398 120.2255182,22.9971282 120.2255203,22.9970438 120.2254703,22.9969515 120.2254703,22.996951 120.2253805,22.9968954 120.2251986,22.9968197 120.2250287,22.9966838 120.2249093,22.9964302 120.2248969,22.9963781 120.2248964,22.9963781 120.2248752,22.99628 120.2248169,22.9961669 120.2246931,22.9960428 120.2246574,22.9959692 120.2246571,22.9958575 120.2247165,22.9958128 120.2247006,22.9957359 120.2246871,22.9955674 120.2245881,22.9954427 120.2244743,22.9953356 120.224374,22.9951366 120.2243602,22.9950209 120.2243597,22.9950208 120.2243489,22.9949316 120.2243805,22.9947133 120.2243323,22.9945992 120.2242601,22.9945258 120.2242399,22.9944833 120.2242185,22.9942914 120.2241782,22.9941546 120.2241687,22.9941215 120.2241668,22.9940297 120.2241316,22.9939579 120.2241536,22.9938552 120.2241543,22.9938506 120.2241792,22.9938025 120.2242032,22.9937575 120.2242777,22.9937049 120.2243006,22.9936648 120.2243028,22.9936647 120.2243388,22.9936023 120.2244625,22.9935031 120.2244722,22.9934847 120.2245231,22.9933546 120.224554,22.9932246 120.2246772,22.9930006 120.22479,22.9928786 120.2249363,22.9927605 120.2249664,22.992691 120.2249648,22.9926262 120.224863,22.9925079 120.2248403,22.9923941 120.2248055,22.9923716 120.2247392,22.9923708 120.2246147,22.9923788 120.2245159,22.9923708 120.2244326,22.9923805 120.2244325,22.9923804 120.2244245,22.9923146 120.2244245,22.9923121 120.224424,22.992312 120.2244269,22.992229 120.2244462,22.9921411 120.2244868,22.9920681 120.2245906,22.9919346 120.2245654,22.9918751 120.2245347,22.9918378 120.2245331,22.9917482 120.2245533,22.9916677 120.224537,22.9915819 120.2247061,22.9911786 120.2247481,22.9911681 120.2248065,22.9911432 120.2248213,22.9910455 120.2247781,22.9910098 120.2247376,22.9909739 120.2247377,22.9909737 120.2247882,22.9909585 120.2247978,22.9909585 120.2257912,22.9906508 120.2257913,22.9906498 120.2258117,22.9906437 120.225923,22.9906092 120.2267178,22.9903604 120.2267972,22.9903361 120.2274526,22.9901314 120.2277449,22.9900398 120.227745,22.9900399 120.227739,22.9909729 120.2263126,22.9909663 120.2265636,22.9909676 120.2265785,22.9909678 120.2267856,22.990969 120.2269808,22.9909699 120.2271617,22.9909715 120.2277382,22.9909744 120.2277377,22.9910971 120.2277377,22.9911428 120.2277369,22.9912672 120.2277318,22.9923264 120.2275032,22.9923256 120.2274426,22.9923253 120.2273843,22.9923249 120.2271657,22.9923239 120.2270648,22.9923237 120.2269722,22.9923231 120.2264314,22.9923207 120.2277322,22.9923271 120.2277283,22.9931635 120.2277278,22.9932208 120.227727,22.9933848 120.2277253,22.9936791 120.227717,22.9936792 120.2275144,22.9936784 120.2273934,22.9936782 120.227311,22.9936778 120.2269816,22.9936769 120.2267964,22.9936765 120.2267405,22.9936761 120.2267323,22.9936762 120.2264027,22.9936751 120.2277245,22.9936816 120.2277246,22.9936817 120.2277241,22.9937405 120.2277233,22.9939569 120.2277227,22.9940283 120.2277217,22.994238 120.2277218,22.994245 120.2277205,22.9944586 120.2277196,22.9946959 120.2277186,22.9948174 120.2277177,22.9950333 120.2272135,22.9950317 120.2271673,22.9950317 120.2270368,22.9950311 120.2258848,22.9950271 120.2277176,22.9950361 120.2277176,22.9950562 120.2277177,22.9950362 120.2277202,22.9950361 120.2277254,22.9936817 120.227728,22.9936816 120.227733,22.9923278 120.227739,22.9912633 120.2277404,22.9910508 120.2277408,22.9909727 120.2277415,22.9909726 120.2277437,22.9905544 120.2277452,22.9903066 120.2277454,22.990229 120.2277464,22.9900393 120.2278999,22.9899908 120.2279216,22.9899841 120.2279715,22.9899682 120.2284202,22.9898268</coordinates></LinearRing></outerBoundaryIs>
          <innerBoundaryIs><LinearRing><coordinates>120.2257893,22.9909628 120.2252833,22.990961 120.2257893,22.9909637 120.2257893,22.9909628</coordinates></LinearRing></innerBoundaryIs>
          <innerBoundaryIs><LinearRing><coordinates>120.2257816,22.9923172 120.2254619,22.992316 120.2257816,22.9923175 120.2257816,22.9923172</coordinates></LinearRing></innerBoundaryIs>
          <innerBoundaryIs><LinearRing><coordinates>120.2257762,22.9936703 120.2247455,22.9936668 120.225774,22.9936717 120.2257674,22.9950254 120.2248086,22.9950224 120.2257669,22.9950275 120.225767,22.9950266 120.2257681,22.9950266 120.2257729,22.9940635 120.2257746,22.9936721 120.2257762,22.9936721 120.2257762,22.9936703</coordinates></LinearRing></innerBoundaryIs>
          <innerBoundaryIs><LinearRing><coordinates>120.225371,22.996379 120.2253249,22.9963789 120.225446,22.9963795 120.225371,22.996379</coordinates></LinearRing></innerBoundaryIs>
          <innerBoundaryIs><LinearRing><coordinates>120.2269571,22.9967903 120.2271607,22.9967974 120.2271145,22.9967953 120.2269571,22.9967903</coordinates></LinearRing></innerBoundaryIs>
          <innerBoundaryIs><LinearRing><coordinates>120.2271795,22.9967982 120.2271799,22.9972293 120.2271795,22.9973508 120.2271801,22.9973502 120.2271806,22.9970939 120.2271809,22.9970549 120.2271805,22.9970186 120.2271813,22.9969684 120.2271819,22.9968376 120.2271819,22.9967984 120.2271795,22.9967982</coordinates></LinearRing></innerBoundaryIs>
          <innerBoundaryIs><LinearRing><coordinates>120.2268661,22.997212 120.2268661,22.9972122 120.2270151,22.9972169 120.2270151,22.9972167 120.2268661,22.997212</coordinates></LinearRing></innerBoundaryIs>
          <innerBoundaryIs><LinearRing><coordinates>120.2257499,22.9982484 120.2257484,22.9984336 120.2257479,22.9985182 120.225749,22.9985182 120.2257499,22.9982484</coordinates></LinearRing></innerBoundaryIs>
          <innerBoundaryIs><LinearRing><coordinates>120.2276978,22.9984735 120.2276969,22.998628 120.2276977,22.998511 120.2276978,22.9984735</coordinates></LinearRing></innerBoundaryIs>
          <innerBoundaryIs><LinearRing><coordinates>120.2259348,22.9984799 120.2259177,22.99848 120.2259191,22.9985181 120.2259364,22.9985181 120.2259348,22.9984799</coordinates></LinearRing></innerBoundaryIs>
          <innerBoundaryIs><LinearRing><coordinates>120.226824,22.9990942 120.2267623,22.9990941 120.2267555,22.9990942 120.2268088,22.9990944 120.2268244,22.9990948 120.2270284,22.9990952 120.226824,22.9990942</coordinates></LinearRing></innerBoundaryIs>
          <innerBoundaryIs><LinearRing><coordinates>120.2265402,22.9990928 120.2260021,22.9990905 120.2261264,22.9990911 120.2263038,22.9990922 120.2265632,22.9990929 120.2265402,22.9990928</coordinates></LinearRing></innerBoundaryIs>
        </Polygon>
      </MultiGeometry>
  </Placemark>
  <Placemark>
	<Style><LineStyle><color>ff0000ff</color></LineStyle><PolyStyle><fill>0</fill></PolyStyle></Style>
	<ExtendedData><SchemaData schemaUrl="#114SEC_DCTBLPD">
		<SimpleData name="段碼">1513</SimpleData>
		<SimpleData name="段名">東寧段</SimpleData>
		<SimpleData name="行政區">東區</SimpleData>
	</SchemaData></ExtendedData>
      <MultiGeometry>
        <Polygon>
          <outerBoundaryIs><LinearRing><coordinates>120.2219176,22.9856131 120.2219177,22.9856132 120.2219166,22.9858523 120.2219164,22.9858523 120.2218802,22.9857324 120.2218799,22.9856249 120.2219176,22.9856131</coordinates></LinearRing></outerBoundaryIs>
        </Polygon>
        <Polygon>
          <outerBoundaryIs><LinearRing><coordinates>120.2224498,22.9854464 120.2225452,22.9855285 120.2225451,22.9855286 120.2223259,22.9855278 120.2225474,22.985529 120.2225977,22.9855729 120.222661,22.9855531 120.2226611,22.9855533 120.2226317,22.9856014 120.2227539,22.9859469 120.2228294,22.9861617 120.2230855,22.9868864 120.2230879,22.9868864 120.2230939,22.9869039 120.223187,22.9871639 120.223571,22.9882431 120.2235733,22.9882431 120.2237105,22.98861 120.2238516,22.9889857 120.2238515,22.988996 120.2238995,22.989124 120.2239352,22.9892204 120.2240772,22.9896 120.2240791,22.9896001 120.2243407,22.9902968 120.2245269,22.9907919 120.2245635,22.9908902 120.2245888,22.9909571 120.2245933,22.9909572 120.2245998,22.9909749 120.2246526,22.9909986 120.2247335,22.9909731 120.2248194,22.9910458 120.2248033,22.9911426 120.2247449,22.9911668 120.2247053,22.9911772 120.2245339,22.9915803 120.2245487,22.9916677 120.2245326,22.9917382 120.2245317,22.9918375 120.2245645,22.9918758 120.2245885,22.9919347 120.2244839,22.9920678 120.2244439,22.9921396 120.2244238,22.9922327 120.2244217,22.9923109 120.2244232,22.9923109 120.2244233,22.992311 120.224423,22.9923157 120.224431,22.9923818 120.2245176,22.9923719 120.2246089,22.9923799 120.224735,22.9923727 120.2248046,22.9923735 120.2248377,22.9923943 120.2248607,22.9925082 120.2249617,22.9926253 120.2249623,22.9926906 120.2249351,22.9927617 120.2247827,22.9928838 120.2247161,22.9929562 120.2246737,22.993002 120.2245508,22.9932272 120.2245501,22.9932271 120.2245225,22.9933461 120.2244599,22.9935043 120.2243537,22.993589 120.2243341,22.9936043 120.2243001,22.993665 120.2242773,22.9937043 120.2242008,22.9937588 120.2241797,22.9937993 120.224154,22.9938507 120.2241515,22.9938597 120.2241445,22.9938925 120.2241307,22.9939584 120.2241634,22.9940241 120.2241663,22.9941199 120.2241737,22.9941427 120.2242142,22.9942823 120.2242352,22.9944737 120.2242367,22.9944837 120.2242569,22.994525 120.2243287,22.9945978 120.2243762,22.9947125 120.2243459,22.9949372 120.2243551,22.9950196 120.2243579,22.9950197 120.2243724,22.9951365 120.2244731,22.995335 120.2245905,22.9954467 120.224684,22.9955659 120.2246994,22.9957374 120.2247154,22.9958115 120.2246549,22.9958575 120.2246548,22.9959668 120.2246908,22.9960435 120.2248118,22.9961627 120.2248712,22.9962774 120.2248933,22.9963768 120.224895,22.9963769 120.2249066,22.9964262 120.2249067,22.9964283 120.2250263,22.9966848 120.2251949,22.9968194 120.2253769,22.9968944 120.2254691,22.9969523 120.2255174,22.9970415 120.2255165,22.9971271 120.225473,22.9974 120.2255829,22.9977361 120.2255827,22.9977362 120.2255836,22.9977394 120.2255251,22.9978286 120.2255228,22.9978366 120.2254477,22.9980628 120.2254209,22.9981632 120.2254592,22.9983005 120.2255197,22.9983304 120.225529,22.9983505 120.2255291,22.9984369 120.2255529,22.9984368 120.2256473,22.998475 120.2256631,22.9985179 120.2257217,22.9986707 120.225713,22.998782 120.2256732,22.9988861 120.2256791,22.9989475 120.2257443,22.999057 120.2257443,22.9990636 120.2257593,22.9990895 120.2257593,22.9990896 120.2257431,22.9990895 120.225743,22.9990879 120.2244343,22.9990834 120.2245921,22.9990841 120.225488,22.9990883 120.2257455,22.9990896 120.2257455,22.9990906 120.2257596,22.9990907 120.2257675,22.9991047 120.2258188,22.9991997 120.2258919,22.9991118 120.2259453,22.9991235 120.2260944,22.9992105 120.2262824,22.999399 120.2263314,22.9995154 120.2264557,22.9996713 120.2264699,22.9996887 120.2265016,22.9997905 120.2265115,22.9998999 120.2264835,22.9999941 120.2264692,23.0000404 120.2263329,23.000073 120.2263746,23.0001366 120.2264802,23.000297 120.2264801,23.0002971 120.2264341,23.0003112 120.2263692,23.0003306 120.226328,23.0003407 120.2262612,23.0003574 120.2261892,23.0003744 120.2261341,23.0003858 120.2260733,23.0003967 120.2260298,23.0004035 120.2259104,23.00042 120.2258217,23.0004297 120.2257361,23.0004368 120.225736,23.0004367 120.2257364,23.0003255 120.2257356,23.0004352 120.2256432,23.000442 120.2237856,23.0004337 120.2237861,23.0003075 120.2237854,23.0003931 120.223785,23.0004334 120.2232341,23.0004314 120.222369,23.0004272 120.2232075,23.0004313 120.223788,23.0004343 120.2237881,23.000435 120.225636,23.0004441 120.225636,23.0004442 120.2253637,23.0004642 120.2247853,23.0005045 120.2243266,23.0005368 120.2237826,23.0005759 120.2237825,23.0005758 120.2237825,23.0005737 120.22245,23.0006662 120.2221567,23.000691 120.2218324,23.0007142 120.2218323,23.0007141 120.2218323,23.0007122 120.2216875,23.0007228 120.2216282,23.0007274 120.2215496,23.0007319 120.2198817,23.0008502 120.2198816,23.0008501 120.2198816,23.0008462 120.2197353,23.0008562 120.218659,23.0009326 120.2184202,23.0009547 120.2179885,23.0010004 120.2179294,23.0010069 120.2179293,23.0010068 120.2179293,23.0010027 120.2176285,23.0010345 120.2176285,23.0010344 120.2176527,23.0010275 120.2176624,23.0010116 120.2179283,23.0009682 120.2179295,23.0009659 120.2179296,23.0009645 120.2180087,23.0008154 120.2182572,23.0007885 120.2184189,23.0007717 120.2184575,23.0007273 120.2184299,23.0004087 120.21843,23.0004086 120.2218375,23.0004254 120.2219511,23.0004257 120.2218344,23.0004251 120.2218376,22.9998037 120.2218331,23.0004227 120.2198859,23.0004151 120.2198877,22.9998311 120.2198829,23.000414 120.2184316,23.0004083 120.218421,23.0002841 120.2183597,22.9995468 120.2183307,22.9995365 120.2182921,22.9990547 120.2182911,22.9990546 120.2182641,22.9987153 120.2182603,22.9986723 120.2182561,22.9986206 120.2181823,22.997699 120.2181795,22.9976989 120.2180717,22.9963444 120.21807,22.9963443 120.2180616,22.9962172 120.2179662,22.9949891 120.2179607,22.994989 120.2179591,22.9949725 120.2179597,22.9949095 120.2179136,22.9943421 120.2177566,22.9924021 120.2177465,22.992281 120.2177448,22.9922809 120.2177166,22.9919316 120.2177096,22.9918347 120.2176782,22.9914431 120.2176783,22.991443 120.2178508,22.9914859 120.2179182,22.991509 120.2179826,22.9915309 120.2179828,22.9915306 120.2180314,22.9915469 120.2181039,22.9915722 120.2181885,22.991619 120.2182432,22.9916503 120.2184379,22.9914104 120.2184786,22.9914352 120.218912,22.9909293 120.2189145,22.9909292 120.2192934,22.9904868 120.2192633,22.9904497 120.2194565,22.9901298 120.2195744,22.9899351 120.2195887,22.9899116 120.2195895,22.9899091 120.2195367,22.9898709 120.2196799,22.9896467 120.2197229,22.9895787 120.2197244,22.9895787 120.2197593,22.9895232 120.2197663,22.9894914 120.2197666,22.9894892 120.2197668,22.9894683 120.2197674,22.9893855 120.2199455,22.9892656 120.2199456,22.9892639 120.2201187,22.9891473 120.2201963,22.9891727 120.220368,22.9889835 120.2203752,22.988986 120.2204481,22.9890123 120.2205288,22.9889049 120.2205808,22.9889219 120.2206203,22.9889345 120.2207143,22.9889649 120.2207425,22.9889736 120.2208211,22.9889305 120.220885,22.9888302 120.2210588,22.9886909 120.2215725,22.9883298 120.2216256,22.9882336 120.2216301,22.9882335 120.2216965,22.9881174 120.2218034,22.9879293 120.2219056,22.9877501 120.2219057,22.9877447 120.2221723,22.9872818 120.2222321,22.9871687 120.2221637,22.9868822 120.2221609,22.9868821 120.222135,22.9867687 120.2221009,22.9866229 120.2220921,22.9865846 120.2220556,22.986428 120.2220431,22.9863749 120.2219742,22.9860385 120.2219175,22.9858513 120.2219191,22.9856134 120.2221942,22.9855273 120.2221943,22.9855272 120.2224498,22.9854464</coordinates></LinearRing></outerBoundaryIs>
          <innerBoundaryIs><LinearRing><coordinates>120.2199454,22.9895816 120.2199449,22.9896779 120.2199446,22.9897033 120.2199439,22.9898247 120.2199457,22.9895816 120.2199454,22.9895816</coordinates></LinearRing></innerBoundaryIs>
          <innerBoundaryIs><LinearRing><coordinates>120.2218958,22.9895926 120.221895,22.9897749 120.2218964,22.9895926 120.2218958,22.9895926</coordinates></LinearRing></innerBoundaryIs>
          <innerBoundaryIs><LinearRing><coordinates>120.2218886,22.9909455 120.2218865,22.9909455 120.2218842,22.991398 120.2218831,22.9916638 120.2218845,22.9914955 120.221885,22.9914117 120.2218853,22.9914019 120.2218858,22.9913396 120.2218869,22.991171 120.2218886,22.9909455</coordinates></LinearRing></innerBoundaryIs>
          <innerBoundaryIs><LinearRing><coordinates>120.2199298,22.9922896 120.2199215,22.9936433 120.2199219,22.9936433 120.2199302,22.9922896 120.2199298,22.9922896</coordinates></LinearRing></innerBoundaryIs>
          <innerBoundaryIs><LinearRing><coordinates>120.2179794,22.9922823 120.2179792,22.9922823 120.2179779,22.992469 120.2179794,22.9922823</coordinates></LinearRing></innerBoundaryIs>
          <innerBoundaryIs><LinearRing><coordinates>120.2199224,22.9936447 120.2199222,22.9936447 120.2199213,22.9937363 120.2199203,22.9939151 120.2199224,22.9936447</coordinates></LinearRing></innerBoundaryIs>
          <innerBoundaryIs><LinearRing><coordinates>120.2238227,22.9936649 120.2238192,22.9942777 120.2238239,22.9936649 120.2238227,22.9936649</coordinates></LinearRing></innerBoundaryIs>
          <innerBoundaryIs><LinearRing><coordinates>120.2224048,22.9950101 120.2223963,22.99501 120.2224112,22.9950101 120.2224048,22.9950101</coordinates></LinearRing></innerBoundaryIs>
          <innerBoundaryIs><LinearRing><coordinates>120.2218654,22.9950077 120.2218652,22.9950077 120.2218652,22.9950096 120.2218642,22.9950097 120.2218626,22.9953646 120.2218654,22.9950077</coordinates></LinearRing></innerBoundaryIs>
          <innerBoundaryIs><LinearRing><coordinates>120.2238084,22.9963723 120.223807,22.9963723 120.223807,22.9963737 120.2238068,22.9963738 120.2237999,22.9975289 120.2238084,22.9963723</coordinates></LinearRing></innerBoundaryIs>
          <innerBoundaryIs><LinearRing><coordinates>120.2189205,22.9986297 120.2188924,22.9986311 120.2189295,22.9990566 120.2189315,22.9990567 120.2189659,22.9994706 120.2189937,22.9994849 120.2189577,22.999057 120.2189578,22.9990569 120.2198902,22.9990613 120.2198903,22.9990611 120.2198935,22.9990611 120.2198935,22.9990587 120.2189599,22.9990561 120.2189205,22.9986297</coordinates></LinearRing></innerBoundaryIs>
          <innerBoundaryIs><LinearRing><coordinates>120.2218419,22.9990696 120.221073,22.999067 120.2218427,22.9990709 120.2220642,22.9990717 120.2237915,22.9990805 120.2237916,22.9990802 120.2237925,22.9990802 120.2237925,22.99908 120.2222593,22.9990717 120.2220623,22.999071 120.221842,22.9990698 120.2218419,22.9990696</coordinates></LinearRing></innerBoundaryIs>
          <innerBoundaryIs><LinearRing><coordinates>120.2184567,22.9992689 120.2184779,22.9995327 120.218506,22.9995429 120.2184842,22.9992831 120.2184567,22.9992689</coordinates></LinearRing></innerBoundaryIs>
        </Polygon>
      </MultiGeometry>
  </Placemark>
  <Placemark>
	<Style><LineStyle><color>ff0000ff</color></LineStyle><PolyStyle><fill>0</fill></PolyStyle></Style>
	<ExtendedData><SchemaData schemaUrl="#114SEC_DCTBLPD">
		<SimpleData name="段碼">1514</SimpleData>
		<SimpleData name="段名">東光段</SimpleData>
		<SimpleData name="行政區">東區</SimpleData>
	</SchemaData></ExtendedData>
      <MultiGeometry>
        <Polygon>
          <outerBoundaryIs><LinearRing><coordinates>120.2293198,22.9991071 120.2294179,22.9991076 120.2294495,22.9991082 120.2303596,22.9991128 120.2303597,22.9991129 120.2302944,22.9991326 120.2302541,22.9991445 120.2301609,22.9991731 120.230116,22.9991864 120.2300764,22.9991989 120.2300349,22.9992107 120.2299973,22.9992225 120.2299619,22.9992329 120.2299211,22.9992454 120.2298858,22.9992566 120.2298307,22.999273 120.2297737,22.9992904 120.2297354,22.9993018 120.2296967,22.9993144 120.2296445,22.99933 120.2296444,22.9993333 120.2291125,22.9994944 120.2291124,22.9994943 120.2291421,22.9993047 120.2291436,22.9992941 120.2291989,22.999277 120.229279,22.9992528 120.2293068,22.999245 120.2293093,22.9992168 120.2293198,22.9991071</coordinates></LinearRing></outerBoundaryIs>
        </Polygon>
        <Polygon>
          <outerBoundaryIs><LinearRing><coordinates>120.2344845,22.9980422 120.2344846,22.9980423 120.2344908,22.9980943 120.2344996,22.9981758 120.2345134,22.9982959 120.2345295,22.9984347 120.2345294,22.9984348 120.2335515,22.9984263 120.2335515,22.9983903 120.233554,22.9983678 120.2335537,22.9982689 120.233553,22.998169 120.2335532,22.9981386 120.2336101,22.9981328 120.2336699,22.9981265 120.233788,22.9981147 120.2339661,22.9980963 120.2340259,22.9980905 120.234134,22.9980792 120.2341594,22.9980771 120.2341837,22.9980748 120.234224,22.9980704 120.2342252,22.9980704 120.2343643,22.9980562 120.2344845,22.9980422</coordinates></LinearRing></outerBoundaryIs>
        </Polygon>
        <Polygon>
          <outerBoundaryIs><LinearRing><coordinates>120.2326501,22.9885056 120.2326551,22.9885077 120.2326596,22.9885246 120.2326747,22.9885784 120.2327024,22.9886033 120.2327024,22.9886034 120.2326052,22.9886904 120.2330592,22.9885486 120.2331064,22.9885854 120.2331181,22.9886348 120.2331234,22.9886512 120.2331288,22.9886661 120.2331348,22.9886808 120.2331414,22.9886954 120.2331485,22.9887097 120.2331562,22.9887238 120.2331643,22.9887376 120.233173,22.9887511 120.2331776,22.9887578 120.233187,22.9887709 120.2331969,22.9887837 120.2332074,22.9887962 120.2332182,22.9888083 120.2332295,22.9888201 120.2332413,22.9888315 120.2332535,22.9888425 120.2332661,22.9888531 120.2332791,22.9888633 120.2332857,22.9888682 120.2332992,22.9888777 120.2333131,22.9888869 120.2333274,22.9888955 120.2333419,22.9889037 120.2333567,22.9889114 120.2333719,22.9889186 120.2333872,22.9889254 120.233395,22.9889285 120.2334108,22.9889345 120.2334515,22.9889483 120.2334642,22.9889614 120.2334683,22.9889654 120.233472,22.9889694 120.2334882,22.9889855 120.2334924,22.989016 120.2337272,22.991131 120.2338991,22.9926648 120.2338618,22.9927066 120.2324773,22.9928171 120.2312522,22.9929269 120.2312069,22.9928926 120.2309641,22.9906702 120.2308111,22.9892713 120.2307852,22.9892793 120.2308238,22.9896331 120.2308233,22.9896332 120.2308926,22.9902555 120.2308997,22.9903213 120.2309731,22.9909883 120.2309742,22.9909884 120.2309837,22.9910707 120.2310569,22.9917276 120.2310961,22.9920877 120.2311137,22.992246 120.2311242,22.9923434 120.2311248,22.9923435 120.2311394,22.9924758 120.2311629,22.9927039 120.2311864,22.9929174 120.2312315,22.9929521 120.2316322,22.9929173 120.2316323,22.9929172 120.2327013,22.9928245 120.2328261,22.9928138 120.2335838,22.9927549 120.2335838,22.9927545 120.233584,22.9927545 120.233584,22.9927549 120.2335871,22.9927546 120.2335872,22.9927549 120.2338408,22.9927345 120.233864,22.9927069 120.2338771,22.9926922 120.2338772,22.9926923 120.2338803,22.9927201 120.2338956,22.992852 120.233899,22.9928865 120.233962,22.9934475 120.2339924,22.9937119 120.2339928,22.993712 120.2340003,22.9937759 120.2340141,22.9939021 120.2340206,22.9939571 120.2340252,22.9940019 120.2340409,22.9941363 120.2340456,22.9941812 120.2340505,22.9942208 120.2340592,22.9943023 120.2340777,22.9944636 120.2340887,22.994565 120.2340945,22.9946138 120.2341016,22.9946769 120.234111,22.9947574 120.2341451,22.995067 120.2341459,22.9950671 120.2342163,22.9956946 120.2342179,22.9957045 120.2342337,22.9958501 120.2342684,22.996158 120.2342979,22.9964222 120.2342983,22.9964223 120.2343212,22.9966341 120.2343325,22.9967359 120.2343343,22.9967465 120.2343476,22.99686 120.2343668,22.996873 120.2344722,22.9977773 120.2344721,22.9977774 120.2340798,22.9977757 120.2335593,22.9977736 120.2336298,22.9977743 120.2337368,22.997775 120.2340019,22.9977762 120.2344729,22.9977788 120.2344845,22.9978773 120.2344921,22.9979457 120.2345004,22.9980139 120.2343808,22.998028 120.2341749,22.9980487 120.2340314,22.9980638 120.2337924,22.9980878 120.2335535,22.9981125 120.2335534,22.9981124 120.2335536,22.9980477 120.2335532,22.9981126 120.2334394,22.9981241 120.2334399,22.9981289 120.2333148,22.9981421 120.2333147,22.9981421 120.2332696,22.9977727 120.2332665,22.9977726 120.2332547,22.9976742 120.2331827,22.9970634 120.2331705,22.9970792 120.2331915,22.9972609 120.2332271,22.997564 120.233242,22.9976992 120.2332503,22.997772 120.2332502,22.9977721 120.2330187,22.9977711 120.233107,22.9977716 120.2332521,22.9977726 120.2332749,22.997965 120.2332834,22.9980322 120.2332851,22.9980479 120.2332926,22.9981076 120.2332999,22.9981689 120.2334235,22.9981561 120.2334232,22.9981511 120.2334881,22.9981442 120.2335527,22.9981378 120.2335528,22.9981379 120.2335507,22.9983646 120.2335509,22.9983901 120.2335506,22.9984248 120.2332227,22.998423 120.233183,22.9984176 120.2331562,22.9984146 120.2331391,22.9984119 120.2331129,22.9984143 120.2331092,22.9984341 120.2330686,22.9986162 120.23201,22.9987215 120.2318316,22.9987862 120.231601,22.9988327 120.2316009,22.9988335 120.2310746,22.998942 120.2310669,22.9989414 120.2309535,22.9989317 120.23036,22.9991115 120.2297451,22.999109 120.2296475,22.9991084 120.2296473,22.9990376 120.2296479,22.9989351 120.2296489,22.9987272 120.2296488,22.9987271 120.2296488,22.9987249 120.2296472,22.9987246 120.2296473,22.9987338 120.229647,22.9987406 120.2296454,22.9989355 120.2296448,22.9990342 120.2296439,22.999106 120.2295369,22.9991058 120.2294926,22.9991055 120.2294459,22.9991055 120.2294152,22.9991052 120.2293172,22.9991049 120.2293171,22.9991048 120.2293243,22.999031 120.2293258,22.9990111 120.2293358,22.99891 120.2293373,22.9988963 120.229356,22.9987088 120.2293237,22.9986709 120.2293238,22.9986708 120.2293815,22.9986803 120.2294829,22.9986976 120.2294832,22.9986949 120.2294683,22.9986922 120.2294601,22.9986232 120.229382,22.9985922 120.229382,22.998592 120.2293828,22.9985905 120.2294827,22.9984769 120.22953,22.9984223 120.2295468,22.9984032 120.2295684,22.9982079 120.2295656,22.9981606 120.2295628,22.998117 120.2295589,22.9980488 120.2295893,22.9979871 120.2296123,22.9979407 120.2295799,22.9978472 120.2296221,22.9977893 120.2296408,22.9977633 120.2296394,22.9977633 120.2296393,22.9977632 120.2296469,22.9977521 120.2296471,22.9977521 120.2296471,22.9977547 120.2296474,22.9977543 120.2296527,22.9977545 120.2296526,22.9977488 120.2296902,22.9976987 120.2298086,22.997695 120.2298679,22.997657 120.2299108,22.9975969 120.2300589,22.9974524 120.2301133,22.9974028 120.2301645,22.9973708 120.230224,22.9973368 120.2302554,22.9972502 120.2302637,22.9972267 120.2302745,22.9971326 120.2303206,22.9971117 120.230375,22.9970862 120.2303883,22.9970804 120.2303982,22.9970378 120.230368,22.9970068 120.2303485,22.9969865 120.2303548,22.9968833 120.2303653,22.9968588 120.2304475,22.9966563 120.2304567,22.9966346 120.2304571,22.9966326 120.2304952,22.9965957 120.2304991,22.996595 120.230562,22.996574 120.230559,22.9965719 120.2304482,22.9964983 120.2303895,22.9964968 120.2303356,22.9964956 120.2302336,22.9964946 120.2299424,22.9964914 120.2299205,22.9964016 120.2299206,22.9964015 120.2299226,22.9964015 120.229723,22.9955519 120.2297038,22.9954715 120.2295987,22.9950461 120.2295988,22.995046 120.2296695,22.9950465 120.2296695,22.9950447 120.2296036,22.9950447 120.229503,22.9946099 120.2294189,22.9942528 120.2294081,22.9942076 120.2292865,22.99369 120.2292846,22.9936899 120.229256,22.993565 120.2291862,22.9932633 120.2290957,22.992878 120.2290509,22.9926837 120.2289684,22.992333 120.2289685,22.9923329 120.2289175,22.9921128 120.2288921,22.9920006 120.2288863,22.991976 120.2287895,22.9915582 120.2286518,22.9909772 120.2286519,22.9909771 120.2288015,22.9909777 120.2288945,22.9909784 120.2291344,22.9909794 120.2291719,22.99098 120.229349,22.9909806 120.2296772,22.9909822 120.2296915,22.9909821 120.2296915,22.9909809 120.2289695,22.9909781 120.2287998,22.9909777 120.2286515,22.9909768 120.2284392,22.990057 120.2283851,22.9900294 120.2283479,22.990041 120.2283478,22.9900409 120.2284103,22.9898294 120.2290625,22.9896246 120.2290741,22.9896246 120.2294563,22.9895058 120.2297011,22.9894293 120.2297012,22.9894262 120.2297304,22.9894172 120.2297578,22.9894083 120.2310482,22.9890069 120.2316555,22.9888156 120.2316556,22.9888157 120.2316556,22.9888173 120.2326303,22.9885121 120.2326501,22.9885056</coordinates></LinearRing></outerBoundaryIs>
          <innerBoundaryIs><LinearRing><coordinates>120.2305044,22.9896315 120.230495,22.9896316 120.2305216,22.9896317 120.2305044,22.9896315</coordinates></LinearRing></innerBoundaryIs>
          <innerBoundaryIs><LinearRing><coordinates>120.2301486,22.9896301 120.2301475,22.9896301 120.2301521,22.9896301 120.2301486,22.9896301</coordinates></LinearRing></innerBoundaryIs>
          <innerBoundaryIs><LinearRing><coordinates>120.2302373,22.9896307 120.2302182,22.9896306 120.23023,22.9896308 120.2302373,22.9896307</coordinates></LinearRing></innerBoundaryIs>
          <innerBoundaryIs><LinearRing><coordinates>120.2296983,22.9896289 120.2296978,22.9896871 120.2296967,22.9899609 120.2296954,22.9903694 120.2296964,22.9901545 120.2296975,22.9900027 120.2296972,22.989996 120.2296975,22.9899619 120.2296979,22.9899468 120.2296986,22.9896951 120.2296991,22.9896289 120.2296983,22.9896289</coordinates></LinearRing></innerBoundaryIs>
          <innerBoundaryIs><LinearRing><coordinates>120.2296949,22.9905108 120.2296949,22.9905328 120.2296941,22.9905621 120.2296941,22.9906273 120.2296949,22.9905342 120.2296949,22.9905108</coordinates></LinearRing></innerBoundaryIs>
          <innerBoundaryIs><LinearRing><coordinates>120.2296791,22.9934364 120.2296771,22.9936902 120.229678,22.9936902 120.2296781,22.9936911 120.2296783,22.9936911 120.2296791,22.9934364</coordinates></LinearRing></innerBoundaryIs>
          <innerBoundaryIs><LinearRing><coordinates>120.23163,22.9934702 120.2316282,22.9937006 120.2316285,22.9937006 120.2316297,22.993568 120.2316295,22.9935514 120.23163,22.9934702</coordinates></LinearRing></innerBoundaryIs>
          <innerBoundaryIs><LinearRing><coordinates>120.2335795,22.9937094 120.2332013,22.9937082 120.2335231,22.9937099 120.2335795,22.99371 120.2335795,22.9937094</coordinates></LinearRing></innerBoundaryIs>
          <innerBoundaryIs><LinearRing><coordinates>120.2316201,22.9950541 120.2314718,22.9950542 120.2312528,22.9950532 120.2316192,22.9950552 120.2316193,22.9950551 120.2316201,22.9950551 120.2316201,22.9950541</coordinates></LinearRing></innerBoundaryIs>
          <innerBoundaryIs><LinearRing><coordinates>120.2333293,22.9950626 120.2332514,22.995063 120.233211,22.9950628 120.2331322,22.9950621 120.2330926,22.9950619 120.2329816,22.9950621 120.2330902,22.9950624 120.2331295,22.9950627 120.2331692,22.9950632 120.2332488,22.995063 120.2333239,22.9950637 120.2334631,22.9950645 120.2335697,22.9950645 120.2335697,22.9950643 120.2334653,22.9950635 120.2333293,22.9950626</coordinates></LinearRing></innerBoundaryIs>
          <innerBoundaryIs><LinearRing><coordinates>120.2335685,22.9952977 120.2335678,22.9954026 120.2335675,22.9954864 120.2335681,22.9954026 120.2335682,22.9953467 120.2335685,22.9952977</coordinates></LinearRing></innerBoundaryIs>
          <innerBoundaryIs><LinearRing><coordinates>120.2335653,22.9958035 120.2335653,22.9958505 120.2335655,22.9958293 120.2335653,22.9958035</coordinates></LinearRing></innerBoundaryIs>
          <innerBoundaryIs><LinearRing><coordinates>120.233565,22.9958829 120.2335642,22.9959209 120.2335644,22.9959551 120.2335646,22.9959206 120.233565,22.9958829</coordinates></LinearRing></innerBoundaryIs>
          <innerBoundaryIs><LinearRing><coordinates>120.2335633,22.9961037 120.2335622,22.9961349 120.2335621,22.9962075 120.2335611,22.9962877 120.233561,22.9963292 120.233562,22.996329 120.2335627,22.9962069 120.2335629,22.9961342 120.2335633,22.9961037</coordinates></LinearRing></innerBoundaryIs>
          <innerBoundaryIs><LinearRing><coordinates>120.2335642,22.9963488 120.2335622,22.9963491 120.2335617,22.996419 120.2335624,22.9964191 120.2335638,22.9964191 120.2335642,22.9963488</coordinates></LinearRing></innerBoundaryIs>
          <innerBoundaryIs><LinearRing><coordinates>120.2331037,22.9964141 120.233087,22.9964167 120.2329344,22.9964161 120.2327961,22.9964161 120.2329361,22.9964169 120.2329426,22.9964171 120.2330899,22.9964176 120.2331054,22.9965452 120.2331093,22.9965793 120.2331141,22.9966158 120.2331187,22.9966543 120.2331238,22.9966924 120.233128,22.9967292 120.2331327,22.9967675 120.2331376,22.9968048 120.2331416,22.9968421 120.2331496,22.9969073 120.2331989,22.9969415 120.2332068,22.9969465 120.2335329,22.9968969 120.2335586,22.9968931 120.2335604,22.9968932 120.2335605,22.9968939 120.2339168,22.9968406 120.2339133,22.9968137 120.2335604,22.9968676 120.2335603,22.9968675 120.2335619,22.9965713 120.2335623,22.9964318 120.233561,22.9965744 120.2335589,22.9968717 120.2335085,22.996879 120.2332194,22.9969224 120.2331605,22.9968826 120.2331482,22.9967802 120.2331052,22.9964174 120.2331041,22.9964174 120.2331037,22.9964141</coordinates></LinearRing></innerBoundaryIs>
          <innerBoundaryIs><LinearRing><coordinates>120.2316089,22.9964081 120.2315716,22.9964082 120.231423,22.9964076 120.2311012,22.9964059 120.2310424,22.9964061 120.2309436,22.9964061 120.2309042,22.9964059 120.2308661,22.9964061 120.2308265,22.9964059 120.2307875,22.9964053 120.2306448,22.996405 120.230613,22.9964046 120.2305647,22.9964048 120.2309444,22.9964067 120.2311023,22.9964076 120.2314233,22.9964087 120.2315712,22.9964097 120.2316089,22.9964096 120.2316089,22.9964081</coordinates></LinearRing></innerBoundaryIs>
          <innerBoundaryIs><LinearRing><coordinates>120.2327203,22.9964156 120.2327186,22.9964156 120.2327234,22.9964156 120.2327203,22.9964156</coordinates></LinearRing></innerBoundaryIs>
          <innerBoundaryIs><LinearRing><coordinates>120.233559,22.9969747 120.2335582,22.9969749 120.2335575,22.9970678 120.233557,22.9971883 120.2335546,22.9974666 120.2335534,22.9976421 120.2335528,22.9977735 120.233555,22.9977736 120.2335555,22.9977492 120.2335562,22.9976395 120.2335597,22.9969754 120.233559,22.9969754 120.233559,22.9969747</coordinates></LinearRing></innerBoundaryIs>
          <innerBoundaryIs><LinearRing><coordinates>120.231571,22.9977638 120.2311024,22.9977619 120.2312677,22.997763 120.2312858,22.9977627 120.2314007,22.9977634 120.2315174,22.9977637 120.2316039,22.9977641 120.231571,22.9977638</coordinates></LinearRing></innerBoundaryIs>
          <innerBoundaryIs><LinearRing><coordinates>120.2310305,22.9977613 120.2310115,22.9977613 120.2310314,22.9977614 120.2310305,22.9977613</coordinates></LinearRing></innerBoundaryIs>
        </Polygon>
      </MultiGeometry>
  </Placemark>
  <Placemark>
	<Style><LineStyle><color>ff0000ff</color></LineStyle><PolyStyle><fill>0</fill></PolyStyle></Style>
	<ExtendedData><SchemaData schemaUrl="#114SEC_DCTBLPD">
		<SimpleData name="段碼">1515</SimpleData>
		<SimpleData name="段名">龍山段</SimpleData>
		<SimpleData name="行政區">東區</SimpleData>
	</SchemaData></ExtendedData>
      <MultiGeometry>
        <Polygon>
          <outerBoundaryIs><LinearRing><coordinates>120.2132345,22.9866632 120.2133105,22.9867077 120.212712,22.9886113 120.2124002,22.9887082 120.2124001,22.9887081 120.2124842,22.9884481 120.2125062,22.9883818 120.2125382,22.9883709 120.2125563,22.9883149 120.2129766,22.986972 120.2131349,22.9869667 120.2132345,22.9866632</coordinates></LinearRing></outerBoundaryIs>
        </Polygon>
      </MultiGeometry>
  </Placemark>
  <Placemark>
	<Style><LineStyle><color>ff0000ff</color></LineStyle><PolyStyle><fill>0</fill></PolyStyle></Style>
	<ExtendedData><SchemaData schemaUrl="#114SEC_DCTBLPD">
		<SimpleData name="段碼">1516</SimpleData>
		<SimpleData name="段名">東安段</SimpleData>
		<SimpleData name="行政區">東區</SimpleData>
	</SchemaData></ExtendedData>
      <MultiGeometry>
        <Polygon>
          <outerBoundaryIs><LinearRing><coordinates>120.2179873,22.9909247 120.2189118,22.9909299 120.2189119,22.99093 120.2187369,22.991136 120.2186898,22.9911918 120.2185631,22.9913402 120.2185096,22.991404 120.2184806,22.9914379 120.2184423,22.991412 120.2183886,22.9914765 120.2182436,22.9916514 120.2181123,22.9915754 120.2179841,22.9915309 120.2179872,22.9909247 120.2179873,22.9909247</coordinates></LinearRing></outerBoundaryIs>
        </Polygon>
        <Polygon>
          <outerBoundaryIs><LinearRing><coordinates>120.2176391,22.9909229 120.2177785,22.9909238 120.2179862,22.9909249 120.2179859,22.9909918 120.217986,22.9910202 120.2179845,22.9911702 120.2179847,22.9912438 120.2179833,22.9915291 120.2179832,22.9915292 120.2178253,22.9914753 120.2178221,22.9914748 120.2176812,22.9914609 120.2176658,22.9912717 120.217639,22.990923 120.2176391,22.9909229</coordinates></LinearRing></outerBoundaryIs>
        </Polygon>
        <Polygon>
          <outerBoundaryIs><LinearRing><coordinates>120.2179951,22.9895702 120.2197195,22.9895795 120.2197195,22.9895797 120.2195374,22.9898697 120.2195883,22.989909 120.2192646,22.9904502 120.2192942,22.9904848 120.2189113,22.9909278 120.2179887,22.9909239 120.2179903,22.9907143 120.2179919,22.9903315 120.2179914,22.990267 120.2179926,22.9901582 120.217995,22.9895702 120.2179951,22.9895702</coordinates></LinearRing></outerBoundaryIs>
        </Polygon>
        <Polygon>
          <outerBoundaryIs><LinearRing><coordinates>120.2179942,22.9895699 120.2179943,22.98957 120.2179869,22.9907127 120.2179851,22.9909214 120.2176351,22.99092 120.2175828,22.9902436 120.2175297,22.9895682 120.2175298,22.9895681 120.2179942,22.9895699</coordinates></LinearRing></outerBoundaryIs>
        </Polygon>
        <Polygon>
          <outerBoundaryIs><LinearRing><coordinates>120.2199525,22.9882252 120.2199526,22.9882276 120.2199522,22.9882663 120.2199503,22.9885883 120.2199497,22.9886669 120.2199494,22.9886671 120.2199497,22.9886687 120.2199495,22.9886963 120.2199488,22.9887812 120.2199472,22.9890528 120.2199456,22.9892587 120.2198716,22.989309 120.2197655,22.9893805 120.2197641,22.9894648 120.2197633,22.9894876 120.219758,22.9895191 120.2197211,22.9895753 120.2196442,22.9895752 120.2193135,22.9895739 120.2192685,22.9895736 120.2191727,22.9895734 120.2191392,22.9895731 120.2190131,22.9895725 120.2188479,22.989572 120.2183485,22.9895698 120.2180185,22.9895686 120.2179967,22.9895683 120.2180028,22.9882161 120.2180029,22.988216 120.2189722,22.9882204 120.2199525,22.9882252</coordinates></LinearRing></outerBoundaryIs>
        </Polygon>
        <Polygon>
          <outerBoundaryIs><LinearRing><coordinates>120.2216273,22.9882323 120.2216273,22.9882324 120.2215777,22.9883191 120.2210456,22.9886951 120.2208849,22.9888258 120.2208523,22.9888773 120.2208215,22.9889255 120.2207421,22.9889699 120.2205283,22.9889013 120.2204476,22.9890095 120.2203674,22.9889796 120.2201953,22.9891709 120.2201177,22.9891457 120.2200202,22.9892122 120.2199478,22.9892614 120.2199477,22.9892613 120.2199483,22.9891641 120.2199488,22.9890539 120.2199497,22.9890526 120.2199488,22.989052 120.2199535,22.9882254 120.2199536,22.9882253 120.220199,22.9882262 120.22024,22.9882265 120.2202818,22.9882266 120.220449,22.9882275 120.220705,22.9882284 120.2209135,22.9882294 120.221026,22.9882298 120.221192,22.9882306 120.221385,22.9882313 120.2214241,22.9882316 120.2214335,22.9882314 120.2216054,22.9882323 120.2216273,22.9882323</coordinates></LinearRing></outerBoundaryIs>
        </Polygon>
        <Polygon>
          <outerBoundaryIs><LinearRing><coordinates>120.21756,22.988212 120.2179991,22.9882143 120.2179992,22.9882144 120.217991,22.9894427 120.2179908,22.9895251 120.2179904,22.9895677 120.217527,22.9895661 120.2175226,22.9895058 120.2174614,22.9887414 120.2174181,22.9882117 120.2174182,22.9882116 120.2174792,22.9882119 120.21756,22.988212</coordinates></LinearRing></outerBoundaryIs>
        </Polygon>
        <Polygon>
          <outerBoundaryIs><LinearRing><coordinates>120.2180049,22.9871583 120.218005,22.9871583 120.2180047,22.9872624 120.218004,22.9873373 120.2180041,22.9873806 120.2180034,22.9874258 120.2179988,22.9882131 120.2174182,22.9882105 120.2173546,22.987422 120.2173155,22.9873977 120.2173155,22.9873976 120.217346,22.9873877 120.2175098,22.9873363 120.2176046,22.9873069 120.2177135,22.9872724 120.2177662,22.9872564 120.2178114,22.9872421 120.2179023,22.9872138 120.2179204,22.9872073 120.2179454,22.9871962 120.2179506,22.9871937 120.2179556,22.987191 120.2179631,22.9871867 120.2179801,22.9871757 120.2179881,22.9871703 120.2180049,22.9871583</coordinates></LinearRing></outerBoundaryIs>
        </Polygon>
        <Polygon>
          <outerBoundaryIs><LinearRing><coordinates>120.2221616,22.9868815 120.2222293,22.9871669 120.2221803,22.9872629 120.2221774,22.9872698 120.2221298,22.9873524 120.2219064,22.9877458 120.2219063,22.9877458 120.2219119,22.9868805 120.2221616,22.9868815</coordinates></LinearRing></outerBoundaryIs>
        </Polygon>
        <Polygon>
          <outerBoundaryIs><LinearRing><coordinates>120.2184836,22.9868634 120.2199592,22.9868713 120.2199585,22.9870184 120.2199576,22.9870768 120.2199575,22.987187 120.2199567,22.9872352 120.2199563,22.9873399 120.2199551,22.9874096 120.219955,22.9874579 120.2199517,22.9879781 120.2199498,22.9882236 120.219793,22.9882229 120.2194854,22.9882219 120.2193644,22.9882209 120.2192798,22.9882207 120.2180029,22.9882144 120.2180044,22.9878123 120.218006,22.9876841 120.2180059,22.9876768 120.218006,22.9876269 120.2180073,22.9874673 120.218007,22.9873803 120.2180078,22.9872634 120.2180089,22.9871587 120.2180261,22.9871427 120.2180418,22.987126 120.218059,22.9871074 120.2180653,22.9870979 120.2180797,22.9870711 120.218083,22.9870645 120.2180874,22.9870549 120.21809,22.9870483 120.2180935,22.9870382 120.2180982,22.9870228 120.2181015,22.9870094 120.2181026,22.9870015 120.2181042,22.9869941 120.2181064,22.9869868 120.2181091,22.9869793 120.2181104,22.9869764 120.2181117,22.9869742 120.2181132,22.9869721 120.2181148,22.98697 120.218117,22.9869676 120.218119,22.9869659 120.2181216,22.9869638 120.2181238,22.9869623 120.2181264,22.9869609 120.2182573,22.9869213 120.2183713,22.9868861 120.2184063,22.9868751 120.2184408,22.9868647 120.218446,22.9868634 120.2184836,22.9868634</coordinates></LinearRing></outerBoundaryIs>
        </Polygon>
        <Polygon>
          <outerBoundaryIs><LinearRing><coordinates>120.2199615,22.9863901 120.2199605,22.9866754 120.219959,22.9868679 120.2197906,22.9868674 120.2196474,22.9868667 120.2194281,22.9868659 120.2193963,22.9868655 120.2193476,22.9868655 120.218443,22.9868622 120.2184429,22.986862 120.2184794,22.9868505 120.2187188,22.9867761 120.2187224,22.9867752 120.2192997,22.9865958 120.2193392,22.9865833 120.2194945,22.986535 120.2195367,22.9865222 120.2195782,22.9865091 120.2199615,22.9863901</coordinates></LinearRing></outerBoundaryIs>
        </Polygon>
        <Polygon>
          <outerBoundaryIs><LinearRing><coordinates>120.2219182,22.9858526 120.2219742,22.9860342 120.2219783,22.9860519 120.2220504,22.9864025 120.2221638,22.9868808 120.2221637,22.9868809 120.222115,22.9868809 120.2219134,22.9868798 120.2219139,22.986805 120.2219146,22.9866334 120.2219152,22.9865501 120.2219151,22.9865099 120.2219162,22.9862767 120.2219169,22.9862347 120.2219171,22.9861915 120.2219168,22.9861402 120.2219182,22.9858526</coordinates></LinearRing></outerBoundaryIs>
        </Polygon>
        <Polygon>
          <outerBoundaryIs><LinearRing><coordinates>120.2218988,22.9857896 120.2219163,22.9858467 120.2219109,22.9868793 120.2210993,22.9868761 120.2219086,22.98688 120.2219047,22.9877471 120.2216285,22.9882322 120.221608,22.9882319 120.2199539,22.9882243 120.2199538,22.9882242 120.2199603,22.9870769 120.2199613,22.9868709 120.2199633,22.9868708 120.2199655,22.9863929 120.2201549,22.9863332 120.2202282,22.9863103 120.2202831,22.9862933 120.2203049,22.9862867 120.220481,22.9862318 120.2205184,22.9862199 120.2205541,22.986209 120.2206063,22.9861928 120.220676,22.9861709 120.2207052,22.9861615 120.2207376,22.9861514 120.2207711,22.9861413 120.2208033,22.986131 120.2208506,22.9861165 120.2209835,22.9860751 120.2210196,22.9860634 120.2210596,22.9860514 120.2212316,22.9859976 120.2212949,22.9859779 120.2213762,22.9859524 120.2214156,22.9859394 120.2214666,22.9859239 120.2217021,22.9858504 120.2217384,22.9858393 120.2218134,22.9858158 120.2218988,22.9857896</coordinates></LinearRing></outerBoundaryIs>
          <innerBoundaryIs><LinearRing><coordinates>120.220429,22.9868734 120.2204281,22.9868734 120.220428,22.9868737 120.220429,22.9868734</coordinates></LinearRing></innerBoundaryIs>
        </Polygon>
      </MultiGeometry>
  </Placemark>
  <Placemark>
	<Style><LineStyle><color>ff0000ff</color></LineStyle><PolyStyle><fill>0</fill></PolyStyle></Style>
	<ExtendedData><SchemaData schemaUrl="#114SEC_DCTBLPD">
		<SimpleData name="段碼">1517</SimpleData>
		<SimpleData name="段名">光華段</SimpleData>
		<SimpleData name="行政區">東區</SimpleData>
	</SchemaData></ExtendedData>
      <MultiGeometry>
        <Polygon>
          <outerBoundaryIs><LinearRing><coordinates>120.2116183,22.9908934 120.21213,22.9908961 120.2121301,22.9908962 120.2121288,22.9910584 120.2121273,22.9914078 120.2121265,22.9914484 120.2121264,22.9914704 120.2121259,22.9915008 120.212006,22.9915092 120.2118279,22.9915224 120.2116938,22.9915318 120.2116575,22.9914996 120.2116405,22.9912426 120.2116182,22.9908935 120.2116183,22.9908934</coordinates></LinearRing></outerBoundaryIs>
        </Polygon>
        <Polygon>
          <outerBoundaryIs><LinearRing><coordinates>120.2140839,22.9909048 120.214082,22.9912839 120.214082,22.9913433 120.2140817,22.9913712 120.2135683,22.9914056 120.2128909,22.9914509 120.2127693,22.9914585 120.2124461,22.9914798 120.2122629,22.9914916 120.2121315,22.9915004 120.2121314,22.9915003 120.2121315,22.9914694 120.2121343,22.9910575 120.2121352,22.9908956 120.2140839,22.9909048</coordinates></LinearRing></outerBoundaryIs>
        </Polygon>
        <Polygon>
          <outerBoundaryIs><LinearRing><coordinates>120.2176367,22.9909214 120.2176393,22.9909552 120.2176435,22.991001 120.2176517,22.9910967 120.2176182,22.9911342 120.2174636,22.9911445 120.2173762,22.9911501 120.2169695,22.9911775 120.2166226,22.9912003 120.2165458,22.9912056 120.2163827,22.9912179 120.2162771,22.9912254 120.2162418,22.9912278 120.216048,22.9912419 120.2160355,22.9912427 120.2160354,22.9912427 120.2160365,22.9909151 120.2160366,22.990915 120.2176367,22.9909214</coordinates></LinearRing></outerBoundaryIs>
        </Polygon>
        <Polygon>
          <outerBoundaryIs><LinearRing><coordinates>120.2140938,22.9895508 120.2160403,22.9895612 120.2160401,22.9896507 120.2160392,22.9898516 120.2160374,22.9900808 120.2160362,22.9903133 120.2160326,22.9909147 120.2160338,22.9909148 120.2160324,22.9911175 120.2160319,22.9912151 120.2160316,22.9912419 120.2154734,22.9912795 120.2153587,22.9912869 120.2153307,22.9912889 120.2152208,22.9912959 120.2141042,22.9913704 120.2140828,22.9913718 120.2140827,22.9913717 120.2140859,22.9909053 120.2152838,22.9909111 120.2140848,22.9909045 120.2140847,22.9909044 120.2140924,22.9897263 120.2140938,22.9895508</coordinates></LinearRing></outerBoundaryIs>
        </Polygon>
        <Polygon>
          <outerBoundaryIs><LinearRing><coordinates>120.2121442,22.988815 120.2121398,22.9895399 120.212141,22.98954 120.212141,22.989551 120.2121373,22.9901883 120.2121373,22.9902331 120.2121359,22.9905105 120.2121431,22.9895411 120.2140882,22.9895506 120.2140879,22.9896442 120.2140806,22.9909039 120.2140805,22.990904 120.2121332,22.9908941 120.2121331,22.990894 120.2121115,22.9908938 120.2116479,22.9908919 120.2116204,22.9908916 120.2115814,22.9902739 120.2115758,22.9901893 120.211572,22.9901422 120.2115562,22.9898976 120.2115516,22.9898231 120.2115392,22.9896385 120.211547,22.9896332 120.2115379,22.9896235 120.2115327,22.9895375 120.211532,22.9895374 120.2115285,22.9894812 120.2115349,22.9894724 120.2115361,22.9894712 120.2115383,22.9894694 120.2115406,22.9894678 120.2115431,22.9894663 120.2115458,22.989465 120.2115502,22.9894635 120.2115822,22.9894551 120.2116022,22.9894492 120.2116185,22.9894441 120.2116345,22.9894385 120.2116503,22.9894324 120.2116581,22.9894291 120.211677,22.9894206 120.2116933,22.989413 120.2117012,22.9894091 120.2117176,22.9894004 120.2117387,22.9893882 120.2117582,22.9893757 120.2117697,22.9893674 120.2117751,22.9893633 120.2117885,22.9893526 120.2117978,22.9893457 120.2118024,22.9893421 120.2118115,22.9893346 120.2118202,22.9893269 120.2118244,22.9893229 120.2118327,22.9893148 120.2118407,22.9893064 120.2118597,22.9892848 120.211882,22.98926 120.211889,22.9892511 120.2118932,22.9892455 120.2119014,22.989234 120.2119093,22.9892219 120.2119339,22.9891803 120.2119403,22.9891676 120.2119442,22.9891595 120.2119479,22.9891513 120.2119554,22.9891336 120.2119658,22.9891036 120.2119694,22.9890912 120.211971,22.9890852 120.2119738,22.9890736 120.2119834,22.9890148 120.2119845,22.9890054 120.2119872,22.9889798 120.211987,22.9889331 120.211953,22.9888763 120.211953,22.9888761 120.2120047,22.9888594 120.2120099,22.9888583 120.2120428,22.9888474 120.2120791,22.9888357 120.2121152,22.9888241 120.2121442,22.988815</coordinates></LinearRing></outerBoundaryIs>
          <innerBoundaryIs><LinearRing><coordinates>120.2115602,22.9895374 120.2115478,22.9895375 120.2115682,22.9895375 120.2115602,22.9895374</coordinates></LinearRing></innerBoundaryIs>
        </Polygon>
        <Polygon>
          <outerBoundaryIs><LinearRing><coordinates>120.2140971,22.9882104 120.2140958,22.9884958 120.2140902,22.9895495 120.2140901,22.9895495 120.2137053,22.9895475 120.2126409,22.9895426 120.2123272,22.9895408 120.2121673,22.9895404 120.2121419,22.9895402 120.2121426,22.9894748 120.2121429,22.9893862 120.2121437,22.9893053 120.2121442,22.9892171 120.2121441,22.9892042 120.2121449,22.9891108 120.2121448,22.9890954 120.2121451,22.989077 120.2121452,22.9890325 120.2121457,22.9889613 120.212146,22.988885 120.2121464,22.988865 120.212147,22.9888159 120.2121915,22.988802 120.21222,22.9887933 120.2122596,22.988781 120.2123491,22.9887526 120.2125377,22.9886944 120.2126527,22.9886586 120.2127815,22.988619 120.2128826,22.9885877 120.2129084,22.9885794 120.2129449,22.9885681 120.2129862,22.9885551 120.2130245,22.9885435 120.2130718,22.9885284 120.2131972,22.98849 120.2132356,22.9884781 120.2134081,22.9884239 120.2135008,22.9883949 120.2135629,22.9883761 120.2135946,22.9883661 120.2136271,22.9883562 120.2137012,22.9883328 120.2137278,22.9883248 120.2137692,22.9883117 120.2138107,22.9882994 120.213843,22.9882891 120.2140971,22.9882104</coordinates></LinearRing></outerBoundaryIs>
        </Polygon>
        <Polygon>
          <outerBoundaryIs><LinearRing><coordinates>120.216048,22.9882059 120.2160481,22.988206 120.2160476,22.9882932 120.2160462,22.9885309 120.2160462,22.9885696 120.2160458,22.9886498 120.2160449,22.9887465 120.2160443,22.9888749 120.2160424,22.9891748 120.2160412,22.9894092 120.2160401,22.98956 120.2159901,22.9895597 120.2159574,22.9895594 120.215883,22.9895591 120.2157273,22.9895581 120.2156471,22.9895578 120.2154915,22.989557 120.2154558,22.9895566 120.2154191,22.9895565 120.215351,22.989556 120.2152837,22.9895558 120.2151953,22.9895553 120.2149817,22.9895546 120.2148664,22.9895536 120.2147826,22.9895534 120.2147644,22.9895536 120.2146896,22.9895526 120.2146175,22.9895525 120.2145638,22.9895525 120.214512,22.9895523 120.2142691,22.9895504 120.2142323,22.9895504 120.2140913,22.9895501 120.2140912,22.98955 120.2141015,22.9882096 120.2141351,22.9881993 120.2141446,22.9881965 120.2142524,22.9881971 120.2142787,22.9881974 120.2142976,22.9881973 120.2143153,22.9881974 120.216048,22.9882059</coordinates></LinearRing></outerBoundaryIs>
        </Polygon>
        <Polygon>
          <outerBoundaryIs><LinearRing><coordinates>120.2174177,22.9882126 120.2174271,22.9883271 120.2174413,22.9885063 120.2174611,22.9887476 120.2175121,22.9893791 120.217519,22.9894607 120.2175223,22.9895049 120.2175275,22.9895662 120.2175274,22.9895663 120.2172673,22.9895657 120.2166681,22.9895631 120.2175296,22.9895674 120.2175319,22.989608 120.2175523,22.9898583 120.2175633,22.989987 120.2175695,22.9900704 120.2175767,22.9901632 120.2175867,22.9902832 120.2175909,22.9903384 120.2175963,22.9904012 120.2176127,22.9906034 120.2176305,22.9908247 120.2176377,22.99092 120.2176376,22.9909201 120.2160383,22.9909142 120.2160383,22.9908932 120.2160387,22.99083 120.2160391,22.9906988 120.2160411,22.9903144 120.2160421,22.9900649 120.2160424,22.9900464 120.2160444,22.9895606 120.2160445,22.9895605 120.2162814,22.9895619 120.2163697,22.9895623 120.2164246,22.989562 120.2160446,22.9895603 120.2160445,22.9895602 120.2160459,22.9892916 120.2160467,22.9891905 120.216049,22.988755 120.2160501,22.9886093 120.2160503,22.9885701 120.2160503,22.9885304 120.2160522,22.9882061 120.2174177,22.9882126</coordinates></LinearRing></outerBoundaryIs>
        </Polygon>
        <Polygon>
          <outerBoundaryIs><LinearRing><coordinates>120.2168861,22.9873521 120.2169016,22.9873557 120.216925,22.9873697 120.216965,22.987396 120.2169956,22.9874113 120.2170231,22.9874216 120.2170278,22.9874226 120.2170722,22.9874349 120.2170886,22.9874366 120.2171075,22.9874394 120.2171261,22.987441 120.217147,22.9874384 120.2171916,22.9874315 120.2172403,22.9874187 120.2173138,22.9873962 120.2173534,22.9874205 120.2173647,22.9875633 120.2173821,22.9877873 120.217392,22.9879057 120.2173964,22.9879576 120.217403,22.9880388 120.2174072,22.9880884 120.2174153,22.98819 120.2174167,22.9882101 120.2174166,22.9882102 120.2169712,22.9882083 120.2169108,22.9882079 120.2168414,22.9882078 120.2167663,22.9882072 120.2166074,22.9882064 120.2164583,22.9882059 120.2163272,22.9882051 120.2161561,22.9882046 120.2160509,22.9882039 120.2160508,22.9882044 120.2159527,22.9882041 120.2158951,22.9882045 120.2141459,22.9881958 120.2141459,22.9881957 120.2141711,22.9881876 120.2142123,22.9881748 120.214285,22.9881528 120.2144542,22.9880998 120.2146076,22.9880523 120.2146439,22.9880407 120.2147715,22.9880011 120.2148403,22.98798 120.2149983,22.9879305 120.2151372,22.987887 120.2151446,22.9878845 120.2151536,22.987882 120.2151623,22.987879 120.215275,22.9878441 120.2153141,22.9878324 120.2153343,22.9878261 120.215374,22.9878131 120.2158312,22.9876706 120.2160537,22.9876006 120.2160538,22.9876007 120.2160538,22.9876056 120.2160514,22.9881139 120.2160533,22.9878433 120.2160538,22.9878067 120.216055,22.9876009 120.2160623,22.9875983 120.216088,22.9875905 120.2161903,22.9875586 120.2162161,22.9875509 120.2162453,22.9875419 120.2162923,22.9875273 120.2164158,22.9874894 120.216486,22.9874676 120.2165557,22.9874463 120.2166105,22.9874294 120.216661,22.9874136 120.2167622,22.9873825 120.2168497,22.9873553 120.2168684,22.9873521 120.2168861,22.9873521</coordinates></LinearRing></outerBoundaryIs>
        </Polygon>
      </MultiGeometry>
  </Placemark>
  <Placemark>
	<Style><LineStyle><color>ff0000ff</color></LineStyle><PolyStyle><fill>0</fill></PolyStyle></Style>
	<ExtendedData><SchemaData schemaUrl="#114SEC_DCTBLPD">
		<SimpleData name="段碼">1518</SimpleData>
		<SimpleData name="段名">育樂段</SimpleData>
		<SimpleData name="行政區">東區</SimpleData>
	</SchemaData></ExtendedData>
      <MultiGeometry>
        <Polygon>
          <outerBoundaryIs><LinearRing><coordinates>120.2179328,23.0004062 120.2184067,23.0004092 120.2184368,23.0007812 120.2184004,23.0008227 120.2179855,23.0008657 120.2179302,23.0009711 120.21793,23.0009711 120.2179327,23.0004063 120.2179328,23.0004062</coordinates></LinearRing></outerBoundaryIs>
        </Polygon>
        <Polygon>
          <outerBoundaryIs><LinearRing><coordinates>120.2179406,22.9990517 120.2182952,22.9990535 120.2183346,22.9995375 120.218406,23.0004082 120.2184059,23.0004083 120.2179328,23.0004059 120.2179405,22.9990518 120.2179406,22.9990517</coordinates></LinearRing></outerBoundaryIs>
        </Polygon>
        <Polygon>
          <outerBoundaryIs><LinearRing><coordinates>120.2179484,22.9976972 120.2181829,22.9976984 120.2182575,22.9986183 120.2182936,22.9990532 120.2182935,22.9990533 120.217941,22.9990516 120.2179483,22.9976973 120.2179484,22.9976972</coordinates></LinearRing></outerBoundaryIs>
        </Polygon>
        <Polygon>
          <outerBoundaryIs><LinearRing><coordinates>120.2159976,22.9976875 120.2179474,22.9976972 120.2179475,22.9976973 120.2179383,22.9990505 120.2159888,22.9990412 120.2159887,22.9990411 120.2159976,22.9976875</coordinates></LinearRing></outerBoundaryIs>
        </Polygon>
        <Polygon>
          <outerBoundaryIs><LinearRing><coordinates>120.2140546,22.9963234 120.2153247,22.9963296 120.2158715,22.9963332 120.2160037,22.996333 120.2160038,22.9963331 120.2159951,22.9976864 120.2140471,22.9976769 120.2140527,22.9966386 120.2140546,22.9963234</coordinates></LinearRing></outerBoundaryIs>
        </Polygon>
        <Polygon>
          <outerBoundaryIs><LinearRing><coordinates>120.2120608,22.9963134 120.2121028,22.9963136 120.2121029,22.9963137 120.2121013,22.9964414 120.2121016,22.9964816 120.2121015,22.9964937 120.2121013,22.9964937 120.2120607,22.9963135 120.2120608,22.9963134</coordinates></LinearRing></outerBoundaryIs>
        </Polygon>
        <Polygon>
          <outerBoundaryIs><LinearRing><coordinates>120.2179639,22.994993 120.2179926,22.9953417 120.2180021,22.9954553 120.2180051,22.9954881 120.2180101,22.9955487 120.2180136,22.9955911 120.2180194,22.9956659 120.2180258,22.9957401 120.2180308,22.9958022 120.2180366,22.9958696 120.2180418,22.995936 120.218043,22.9959538 120.2180472,22.9960013 120.2180587,22.9961412 120.2180617,22.9961724 120.2180613,22.9961728 120.218072,22.9963123 120.2180742,22.9963432 120.2180741,22.9963433 120.2180555,22.9963432 120.2180722,22.9963434 120.2180746,22.996375 120.2181249,22.9969913 120.2181819,22.9976974 120.2181818,22.9976974 120.2179483,22.9976962 120.2179558,22.9963564 120.2179561,22.9963428 120.2179576,22.9963427 120.2179639,22.994993</coordinates></LinearRing></outerBoundaryIs>
        </Polygon>
        <Polygon>
          <outerBoundaryIs><LinearRing><coordinates>120.2160132,22.9949785 120.2179603,22.9949882 120.2179606,22.9949922 120.2179606,22.9950162 120.2179528,22.9963408 120.2172411,22.9963381 120.2172024,22.9963382 120.2171915,22.9963379 120.2170951,22.9963375 120.2170441,22.9963374 120.2170226,22.9963375 120.21701,22.9963373 120.2170076,22.9963375 120.2163711,22.9963348 120.217172,22.9963388 120.2171918,22.996339 120.2172049,22.996339 120.2179545,22.9963427 120.2179546,22.9963428 120.2179543,22.9963575 120.217946,22.9976961 120.215998,22.9976866 120.2160053,22.9963333 120.2160041,22.9963332 120.216005,22.99622 120.2160082,22.9956851 120.2160086,22.9956033 120.2160098,22.9954429 120.2160109,22.995347 120.2160126,22.9950857 120.2160127,22.9950537 120.2160132,22.9949785</coordinates></LinearRing></outerBoundaryIs>
        </Polygon>
        <Polygon>
          <outerBoundaryIs><LinearRing><coordinates>120.2140624,22.9949689 120.2160119,22.9949805 120.216012,22.9949806 120.216011,22.9950881 120.2160037,22.9963329 120.2160036,22.996333 120.2158713,22.9963322 120.2149128,22.9963274 120.2148244,22.9963271 120.2140546,22.9963232 120.2140567,22.9959225 120.2140578,22.9957697 120.2140588,22.9955733 120.214061,22.9952387 120.2140623,22.9949689 120.2140624,22.9949689</coordinates></LinearRing></outerBoundaryIs>
        </Polygon>
        <Polygon>
          <outerBoundaryIs><LinearRing><coordinates>120.216021,22.993624 120.2178524,22.9936335 120.2178667,22.9938138 120.2178828,22.9940197 120.2179096,22.9943531 120.217913,22.9944018 120.2179503,22.9948697 120.2179595,22.9949866 120.2179594,22.9949867 120.2178539,22.9949862 120.2177396,22.9949859 120.217507,22.9949848 120.2173265,22.9949837 120.2171184,22.9949829 120.2170831,22.9949829 120.2169893,22.9949823 120.2160127,22.9949775 120.2160126,22.9949774 120.216021,22.993624</coordinates></LinearRing></outerBoundaryIs>
        </Polygon>
        <Polygon>
          <outerBoundaryIs><LinearRing><coordinates>120.2121195,22.9936046 120.2140684,22.9936143 120.2140685,22.9936144 120.2140639,22.9943477 120.2140598,22.9949674 120.2138913,22.9949669 120.2135448,22.9949653 120.213364,22.9949647 120.2133174,22.9949642 120.2132556,22.9949641 120.2131859,22.9949638 120.213186,22.9949645 120.213188,22.9949645 120.2131883,22.9949653 120.2140603,22.9949703 120.2140588,22.9951375 120.2140582,22.9952386 120.2140573,22.9953416 120.2140559,22.9954423 120.2140552,22.9955739 120.2140539,22.9957127 120.2140495,22.9963221 120.2135989,22.9963199 120.2135743,22.9963196 120.2135206,22.9963196 120.2134601,22.9963193 120.2134236,22.9963188 120.2134238,22.9963199 120.2134247,22.9963199 120.2134249,22.9963207 120.214054,22.996324 120.2140541,22.9963241 120.2140508,22.9967811 120.2140507,22.996868 120.2140501,22.9969576 120.2140444,22.9976777 120.2138733,22.997677 120.2140459,22.9976779 120.214046,22.9976779 120.2140387,22.9986754 120.2140363,22.9990308 120.2139439,22.9990304 120.2139442,22.9990319 120.2140361,22.9990324 120.2140347,22.9994105 120.2140357,22.9994149 120.2140349,22.9995438 120.2140348,22.9995857 120.214036,22.999413 120.2140362,22.9994129 120.2142648,23.0003866 120.214266,23.0003867 120.2143319,23.0006698 120.2144704,23.0012688 120.2145002,23.001397 120.2145018,23.001397 120.2144721,23.0012713 120.2143328,23.0006702 120.2142671,23.0003881 120.2142673,23.000388 120.2140958,22.999665 120.2140373,22.9994166 120.2140389,22.9990325 120.2140396,22.9990324 120.2140467,22.9976779 120.2140468,22.9976779 120.2159969,22.9976886 120.215997,22.9976887 120.2159875,22.9990417 120.2155337,22.9990398 120.2179396,22.9990517 120.2179397,22.9990518 120.2179344,22.9997917 120.2179306,23.0004049 120.2169124,23.0004005 120.2163254,23.0003982 120.2179324,23.0004062 120.2179325,23.0004063 120.2179287,23.0009708 120.2179029,23.00102 120.2176362,23.0010633 120.2176287,23.001079 120.2175361,23.0011055 120.21733,23.0011202 120.2167363,23.0012245 120.2160217,23.0012376 120.2159773,23.0012465 120.2159772,23.0012464 120.2159774,23.0012121 120.215977,23.001212 120.215977,23.0012076 120.2159759,23.0012077 120.2159755,23.0012465 120.2154011,23.0013618 120.2150858,23.0014272 120.2147968,23.0014535 120.2145139,23.0014479 120.2145092,23.0014284 120.2145076,23.0014287 120.2145115,23.0014454 120.2145114,23.0014455 120.2144128,23.0014434 120.2140262,23.0015031 120.2140261,23.0015031 120.2140264,23.0014349 120.2140241,23.0014349 120.2140241,23.0014371 120.2140238,23.0014372 120.2140237,23.0014698 120.2140233,23.0015023 120.2139054,23.0015205 120.2139085,23.0015355 120.2139084,23.0015356 120.2131946,23.0016541 120.2130985,23.0016699 120.2130702,23.0015259 120.2130589,23.0015335 120.2130372,23.0015397 120.2130371,23.0015396 120.212977,23.0012409 120.2128032,23.0003807 120.2128016,23.0003807 120.2125274,22.9990248 120.212526,22.9990248 120.2122657,22.9977322 120.2122658,22.9977321 120.2123385,22.9977202 120.2123288,22.9976693 120.2123285,22.9976692 120.2121607,22.9967525 120.2121026,22.9964948 120.2121038,22.9963133 120.2121039,22.9963132 120.2121207,22.9963135 120.2122404,22.9963142 120.2124015,22.9963147 120.2128312,22.9963169 120.2125434,22.9963151 120.2121035,22.9963128 120.2121034,22.9963134 120.2120613,22.9963131 120.2119714,22.9959357 120.2119184,22.9954818 120.211899,22.9951731 120.2118849,22.9949582 120.2118836,22.9949581 120.2118729,22.9947841 120.211862,22.9946133 120.2119315,22.9946082 120.2121128,22.9945953 120.212115,22.9943464 120.2121193,22.993623 120.2121195,22.9936046</coordinates></LinearRing></outerBoundaryIs>
          <innerBoundaryIs><LinearRing><coordinates>120.2121115,22.9947988 120.2121101,22.9949588 120.2120138,22.9949586 120.2121099,22.994959 120.2121098,22.9950692 120.2121084,22.9953608 120.2121074,22.9955062 120.2121067,22.99568 120.2121077,22.9955061 120.2121111,22.995069 120.2121118,22.9949587 120.2121222,22.9949586 120.2121105,22.9949585 120.2121115,22.9947988</coordinates></LinearRing></innerBoundaryIs>
          <innerBoundaryIs><LinearRing><coordinates>120.2134689,22.9965784 120.2134931,22.9967155 120.2134762,22.9966161 120.2134689,22.9965784</coordinates></LinearRing></innerBoundaryIs>
          <innerBoundaryIs><LinearRing><coordinates>120.2135311,22.9969375 120.2135362,22.9969759 120.2135325,22.996946 120.2135311,22.9969375</coordinates></LinearRing></innerBoundaryIs>
          <innerBoundaryIs><LinearRing><coordinates>120.2136398,22.9976756 120.2136399,22.9976758 120.2137428,22.9976763 120.213689,22.9976761 120.2136398,22.9976756</coordinates></LinearRing></innerBoundaryIs>
          <innerBoundaryIs><LinearRing><coordinates>120.2137045,22.9990313 120.2139435,22.9990327 120.2139434,22.9990325 120.2137045,22.9990313</coordinates></LinearRing></innerBoundaryIs>
          <innerBoundaryIs><LinearRing><coordinates>120.2159877,22.9994232 120.2159811,23.0003958 120.2152827,23.0003931 120.215981,23.0003965 120.2159811,23.0003966 120.2159759,23.0011994 120.2159772,23.0011991 120.2159774,23.0011992 120.2159773,23.0012021 120.2159774,23.0011992 120.2159774,23.0011992 120.2159819,23.0003966 120.2159823,23.0003965 120.2159861,22.9997563 120.2159877,22.9994232</coordinates></LinearRing></innerBoundaryIs>
        </Polygon>
        <Polygon>
          <outerBoundaryIs><LinearRing><coordinates>120.2158161,22.993623 120.2160177,22.9936241 120.2160172,22.9937172 120.2160171,22.9937636 120.2160099,22.9949773 120.2158222,22.9949764 120.2157877,22.9949764 120.2157117,22.9949761 120.2155597,22.9949753 120.2155561,22.994975 120.2152144,22.9949735 120.2151692,22.9949731 120.2151673,22.9949729 120.2151672,22.9949731 120.2146912,22.9949709 120.2143245,22.9949689 120.2141706,22.9949684 120.2140616,22.9949678 120.214063,22.994736 120.2140646,22.9945895 120.2140702,22.9936144 120.2140703,22.9936144 120.2158161,22.993623</coordinates></LinearRing></outerBoundaryIs>
        </Polygon>
        <Polygon>
          <outerBoundaryIs><LinearRing><coordinates>120.2117105,22.9922498 120.2121269,22.9922523 120.212127,22.9922524 120.2121157,22.9936037 120.2121181,22.9936038 120.2121168,22.9937987 120.2121152,22.9939858 120.2121134,22.9942756 120.2121131,22.9943594 120.2121117,22.9945074 120.2121111,22.9945947 120.2118389,22.9946138 120.2118307,22.9945183 120.2117873,22.9936045 120.2117829,22.9936044 120.211774,22.9934195 120.2117501,22.9928879 120.2117397,22.992718 120.2117104,22.9922499 120.2117105,22.9922498</coordinates></LinearRing></outerBoundaryIs>
        </Polygon>
        <Polygon>
          <outerBoundaryIs><LinearRing><coordinates>120.212235,22.9922507 120.2140749,22.9922598 120.214075,22.9922599 120.2140727,22.9926041 120.2140684,22.9931444 120.2140656,22.9936134 120.2131585,22.9936088 120.2131093,22.9936083 120.2131005,22.9936086 120.2130117,22.9936082 120.212756,22.9936067 120.2125955,22.993606 120.212118,22.9936035 120.2121186,22.9934927 120.2121201,22.9933253 120.2121238,22.9927108 120.2121262,22.992432 120.2121266,22.9923766 120.2121268,22.9923229 120.2121273,22.9922662 120.2121273,22.9922502 120.2121274,22.9922501 120.212235,22.9922507</coordinates></LinearRing></outerBoundaryIs>
        </Polygon>
        <Polygon>
          <outerBoundaryIs><LinearRing><coordinates>120.2116598,22.9914983 120.211697,22.9915312 120.2120104,22.9915096 120.2121291,22.991501 120.2121292,22.9915011 120.2121243,22.9922475 120.2117232,22.992246 120.2117082,22.9922458 120.2116708,22.9916681 120.211669,22.9916474 120.2116597,22.9914984 120.2116598,22.9914983</coordinates></LinearRing></outerBoundaryIs>
        </Polygon>
        <Polygon>
          <outerBoundaryIs><LinearRing><coordinates>120.2140794,22.9913713 120.2140795,22.9913714 120.2140774,22.9916074 120.2140763,22.9917475 120.2140753,22.9919235 120.2140748,22.9919641 120.2140733,22.9921911 120.2140726,22.9922576 120.2139249,22.9922563 120.2137267,22.9922558 120.213178,22.9922533 120.2130914,22.9922527 120.2126209,22.9922506 120.2123632,22.9922494 120.2122674,22.9922487 120.2121256,22.9922482 120.2121255,22.9922481 120.2121303,22.9915832 120.2121312,22.9915006 120.2122266,22.9914944 120.21226,22.9914926 120.212561,22.9914726 120.2127508,22.9914611 120.2128772,22.9914515 120.2140794,22.9913713</coordinates></LinearRing></outerBoundaryIs>
        </Polygon>
        <Polygon>
          <outerBoundaryIs><LinearRing><coordinates>120.2160345,22.9912417 120.2160346,22.9912418 120.2160338,22.9913513 120.21603,22.9919899 120.2160276,22.9922685 120.2160275,22.9922686 120.2154466,22.9922659 120.2144242,22.9922616 120.2160257,22.9922695 120.2160258,22.9922696 120.2160232,22.9926434 120.2160212,22.9929915 120.2160173,22.9936233 120.2158151,22.9936224 120.2156977,22.9936217 120.2155206,22.9936211 120.215433,22.9936206 120.2140712,22.9936141 120.2140716,22.9935065 120.2140764,22.9926047 120.2140768,22.9925021 120.2140779,22.9923064 120.214078,22.9922599 120.2140791,22.9922598 120.2140801,22.9920758 120.2140805,22.9919645 120.2140808,22.9919244 120.2140816,22.9917467 120.2140829,22.9914806 120.214083,22.9914535 120.2140836,22.9913724 120.2141059,22.9913711 120.2149061,22.9913174 120.215344,22.9912893 120.2154903,22.9912801 120.2160345,22.9912417</coordinates></LinearRing></outerBoundaryIs>
          <innerBoundaryIs><LinearRing><coordinates>120.214108,22.9922599 120.2141047,22.99226 120.2141186,22.99226 120.214108,22.9922599</coordinates></LinearRing></innerBoundaryIs>
        </Polygon>
        <Polygon>
          <outerBoundaryIs><LinearRing><coordinates>120.2176532,22.9910965 120.2176533,22.9910966 120.2176664,22.9912463 120.2176707,22.9913043 120.2177039,22.9917097 120.2177183,22.9919079 120.2177302,22.9920567 120.2177337,22.9920955 120.2177366,22.9921338 120.2177459,22.9922421 120.2177474,22.9922746 120.2177473,22.9922747 120.2177159,22.9922745 120.2175197,22.9922742 120.2161711,22.9922702 120.2177454,22.992278 120.2177635,22.992498 120.2178525,22.99363 120.2178524,22.9936301 120.2177187,22.9936297 120.2175174,22.9936291 120.2163041,22.9936247 120.2160222,22.9936238 120.2160221,22.9936237 120.216023,22.9934517 120.2160244,22.993255 120.2160247,22.9931412 120.2160245,22.9931263 120.216025,22.9930218 120.2160249,22.9930127 120.2160269,22.9926413 120.2160276,22.9924595 120.2160279,22.9924206 120.2160287,22.9922696 120.2160313,22.9922695 120.2160338,22.9916257 120.2160339,22.9915213 120.2160351,22.991241 120.2161252,22.9912345 120.2161559,22.991232 120.2165431,22.9912071 120.2167752,22.9911914 120.21702,22.9911754 120.217061,22.9911725 120.2175021,22.9911427 120.2176188,22.9911345 120.2176532,22.9910965</coordinates></LinearRing></outerBoundaryIs>
        </Polygon>
      </MultiGeometry>
  </Placemark>
  <Placemark>
	<Style><LineStyle><color>ff0000ff</color></LineStyle><PolyStyle><fill>0</fill></PolyStyle></Style>
	<ExtendedData><SchemaData schemaUrl="#114SEC_DCTBLPD">
		<SimpleData name="段碼">1551</SimpleData>
		<SimpleData name="段名">裕東段</SimpleData>
		<SimpleData name="行政區">東區</SimpleData>
	</SchemaData></ExtendedData>
      <MultiGeometry>
        <Polygon>
          <outerBoundaryIs><LinearRing><coordinates>120.2471948,22.9758023 120.2476821,22.975805 120.2477626,22.9758341 120.2478669,22.9759706 120.2481975,22.976295 120.248188,22.9763311 120.2482271,22.9765379 120.2483804,22.9767642 120.2483913,22.9766405 120.2483914,22.9766404 120.2487099,22.9770001 120.2487373,22.9770791 120.248867,22.977209 120.248947,22.9772572 120.2490188,22.97716 120.249084,22.9770355 120.2491009,22.9769899 120.2491306,22.9769338 120.2491514,22.9769365 120.2491515,22.9769366 120.2490144,22.9774914 120.2490537,22.9779953 120.2490535,22.9779954 120.2490041,22.977992 120.249045,22.9781679 120.2490228,22.9781847 120.2490285,22.978205 120.2490298,22.9782295 120.2490715,22.9782298 120.2491445,22.9787189 120.2492179,22.9790961 120.2492779,22.9795165 120.2492688,22.9801919 120.2493826,22.9806747 120.2492496,22.9808612 120.2492625,22.9808899 120.2492727,22.9809306 120.2492494,22.9809904 120.2492658,22.9812258 120.2492105,22.9815835 120.249197,22.9818457 120.2491894,22.9820977 120.2491818,22.9824203 120.2491793,22.9824685 120.2491443,22.9828174 120.249132,22.9834339 120.2491488,22.9837801 120.2491065,22.9839663 120.2490712,22.9841605 120.2490661,22.9841782 120.2490108,22.9846177 120.2489767,22.9850165 120.2489554,22.9853007 120.2489285,22.9854551 120.2489922,22.9856081 120.2490213,22.9856515 120.2490761,22.9858474 120.2490954,22.9860861 120.2491038,22.9861218 120.2492127,22.9867505 120.2492186,22.9869446 120.2491571,22.9870284 120.2491365,22.9871721 120.2490498,22.9872358 120.249013,22.9872946 120.2490159,22.9874251 120.2493644,22.9877763 120.2493643,22.9877764 120.2491151,22.9879737 120.2488478,22.9881237 120.2487196,22.9881973 120.2485638,22.9882559 120.2485553,22.9882618 120.2485551,22.9883658 120.2485422,22.9883724 120.2485576,22.9884649 120.2485585,22.9886425 120.2482504,22.9892516 120.2482561,22.9893707 120.2482145,22.9894318 120.2481858,22.9894984 120.2481701,22.9895702 120.248019,22.9897507 120.2478363,22.9898466 120.2478275,22.989838 120.2476971,22.9897083 120.2476765,22.9897601 120.2476955,22.9898803 120.2477842,22.9901835 120.2478204,22.9903043 120.2478179,22.9907272 120.2478178,22.9907273 120.247623,22.9906916 120.2476211,22.9910185 120.247621,22.9910186 120.2472356,22.9909702 120.2402925,22.9909785 120.2402821,22.9908052 120.2403398,22.9906303 120.2403795,22.9905871 120.2404262,22.9905015 120.2404501,22.990394 120.2404909,22.990323 120.2405002,22.9902793 120.2405003,22.9902792 120.2405556,22.9902906 120.2405629,22.9902604 120.240591,22.9902542 120.2405974,22.9902049 120.2406926,22.9902087 120.2407388,22.9897945 120.2406427,22.9897701 120.2406631,22.9896444 120.2407362,22.989292 120.2397069,22.9890943 120.23945,22.9890574 120.2394233,22.9890473 120.2393027,22.9890218 120.2381957,22.9888724 120.2383065,22.9876045 120.2383604,22.9870834 120.2383838,22.985026 120.2384148,22.9828275 120.2387118,22.9827999 120.2393385,22.9826734 120.239197,22.9800979 120.2392112,22.9800858 120.2392892,22.9800586 120.2395392,22.9799228 120.2399528,22.9798792 120.2401704,22.9798747 120.2402079,22.9798905 120.2402671,22.9798697 120.2402432,22.9798534 120.2402432,22.9798532 120.2404618,22.9797322 120.240619,22.9795311 120.2409478,22.9793048 120.2410714,22.9792973 120.2411809,22.9793009 120.2414178,22.9793177 120.2416106,22.9792754 120.2416616,22.9792886 120.2417321,22.9792895 120.2419395,22.9794837 120.2421643,22.9795084 120.2422207,22.9794809 120.2422755,22.9794943 120.2424011,22.9791606 120.2424791,22.9790771 120.2426605,22.9790752 120.2426951,22.9790385 120.2427881,22.97899 120.2427969,22.978803 120.242895,22.9780683 120.2429178,22.9776459 120.2427586,22.9775016 120.2427684,22.977393 120.2429592,22.9773896 120.2430678,22.9774545 120.2431679,22.9774541 120.2435521,22.9771822 120.2436965,22.9770966 120.2437605,22.9770189 120.2439773,22.9768957 120.2440508,22.9769581 120.2446559,22.9767175 120.2447982,22.9766617 120.2452549,22.9764735 120.2455675,22.9763584 120.2461004,22.9761705 120.2464363,22.9760762 120.2464231,22.9759664 120.2464626,22.9759087 120.2466486,22.9758401 120.2471948,22.9758023</coordinates></LinearRing></outerBoundaryIs>
        </Polygon>
      </MultiGeometry>
  </Placemark>
  <Placemark>
	<Style><LineStyle><color>ff0000ff</color></LineStyle><PolyStyle><fill>0</fill></PolyStyle></Style>
	<ExtendedData><SchemaData schemaUrl="#114SEC_DCTBLPD">
		<SimpleData name="段碼">1552</SimpleData>
		<SimpleData name="段名">大同段</SimpleData>
		<SimpleData name="行政區">東區</SimpleData>
	</SchemaData></ExtendedData>
      <MultiGeometry>
        <Polygon>
          <outerBoundaryIs><LinearRing><coordinates>120.2168419,22.9604515 120.2171193,22.9604663 120.2171519,22.9604676 120.2173079,22.9604661 120.2173288,22.9604684 120.2174147,22.9604725 120.2174356,22.9604736 120.2176172,22.9604889 120.2176173,22.960489 120.2174566,22.9617203 120.2174322,22.9619315 120.2174201,22.9620651 120.2174105,22.9621989 120.2174034,22.9623329 120.2173988,22.9624669 120.2173968,22.962601 120.2173973,22.9627351 120.2174003,22.9628692 120.2174116,22.9631032 120.2174294,22.9633763 120.2174365,22.9635626 120.2174434,22.9637368 120.2174459,22.9637707 120.2174469,22.963805 120.2174916,22.9643984 120.2175138,22.9646886 120.2175195,22.9647812 120.2175452,22.9654579 120.2175724,22.9656199 120.2176199,22.9657986 120.2177205,22.9673003 120.2177383,22.9673707 120.2177493,22.9675384 120.2177799,22.9675359 120.2177902,22.9675767 120.2178598,22.9688126 120.2178597,22.9688127 120.217821,22.9688142 120.2178189,22.9693102 120.2178467,22.9697944 120.2179027,22.97059 120.2179214,22.9711435 120.2179051,22.9715912 120.2179007,22.971721 120.2178219,22.9720556 120.2177358,22.9724256 120.2175571,22.9729863 120.2171587,22.9742747 120.2170692,22.9745674 120.2167296,22.9756492 120.2165315,22.9755962 120.2165315,22.9755961 120.2166726,22.9751635 120.216615,22.9751532 120.2165843,22.9752474 120.2165508,22.9752661 120.214401,22.9748802 120.2143737,22.9748427 120.2143946,22.9747441 120.2144028,22.9747068 120.2145474,22.9740753 120.2146086,22.9738074 120.2149351,22.9723737 120.2149518,22.972377 120.214983,22.972266 120.2155885,22.9697258 120.2158479,22.9685885 120.2158566,22.9685438 120.2159053,22.9682627 120.2160609,22.967338 120.2163489,22.9656416 120.216482,22.965024 120.2165699,22.9646071 120.2167784,22.9638615 120.2168258,22.9636719 120.2168603,22.9635287 120.2169154,22.9632225 120.216946,22.9628907 120.2168455,22.9605409 120.2168418,22.9604516 120.2168419,22.9604515</coordinates></LinearRing></outerBoundaryIs>
          <innerBoundaryIs><LinearRing><coordinates>120.2169591,22.9619527 120.2169588,22.9619591 120.216958,22.9620061 120.2169591,22.9619527</coordinates></LinearRing></innerBoundaryIs>
        </Polygon>
      </MultiGeometry>
  </Placemark>
  <Placemark>
	<Style><LineStyle><color>ff0000ff</color></LineStyle><PolyStyle><fill>0</fill></PolyStyle></Style>
	<ExtendedData><SchemaData schemaUrl="#114SEC_DCTBLPD">
		<SimpleData name="段碼">1553</SimpleData>
		<SimpleData name="段名">立德段</SimpleData>
		<SimpleData name="行政區">東區</SimpleData>
	</SchemaData></ExtendedData>
      <MultiGeometry>
        <Polygon>
          <outerBoundaryIs><LinearRing><coordinates>120.2143738,22.9748426 120.2144011,22.9748801 120.2165508,22.9752659 120.2165841,22.9752473 120.2166149,22.9751531 120.2166727,22.9751634 120.2166728,22.9751635 120.2165317,22.9755961 120.2167296,22.9756491 120.2167297,22.9756492 120.2158441,22.9784708 120.2156025,22.978431 120.2136645,22.9781068 120.2136644,22.9781067 120.2136727,22.9780748 120.213685,22.9780252 120.2136944,22.977985 120.2137006,22.9779579 120.2139788,22.9766808 120.2140015,22.9765648 120.2141555,22.9758576 120.2141641,22.9758199 120.2142622,22.9753638 120.2143738,22.9748426</coordinates></LinearRing></outerBoundaryIs>
        </Polygon>
      </MultiGeometry>
  </Placemark>
  <Placemark>
	<Style><LineStyle><color>ff0000ff</color></LineStyle><PolyStyle><fill>0</fill></PolyStyle></Style>
	<ExtendedData><SchemaData schemaUrl="#114SEC_DCTBLPD">
		<SimpleData name="段碼">1554</SimpleData>
		<SimpleData name="段名">路東段</SimpleData>
		<SimpleData name="行政區">東區</SimpleData>
	</SchemaData></ExtendedData>
      <MultiGeometry>
        <Polygon>
          <outerBoundaryIs><LinearRing><coordinates>120.2136646,22.9781067 120.2156025,22.9784308 120.2158441,22.9784706 120.2158442,22.9784708 120.2156767,22.9790154 120.2153992,22.9799197 120.2148807,22.9816272 120.2148806,22.9816273 120.2124199,22.9808627 120.2123967,22.9808129 120.2128454,22.9799205 120.2130848,22.9794475 120.2133723,22.9788767 120.213424,22.9787607 120.2134781,22.9786489 120.2134959,22.9786066 120.2135099,22.9785723 120.2135263,22.978531 120.2135369,22.9785036 120.2135558,22.9784529 120.2135722,22.978407 120.2135889,22.9783586 120.2135977,22.9783316 120.2136067,22.9783046 120.2136226,22.9782538 120.2136367,22.9782066 120.213646,22.9781743 120.2136575,22.9781314 120.2136646,22.9781067</coordinates></LinearRing></outerBoundaryIs>
        </Polygon>
      </MultiGeometry>
  </Placemark>
  <Placemark>
	<Style><LineStyle><color>ff0000ff</color></LineStyle><PolyStyle><fill>0</fill></PolyStyle></Style>
	<ExtendedData><SchemaData schemaUrl="#114SEC_DCTBLPD">
		<SimpleData name="段碼">1555</SimpleData>
		<SimpleData name="段名">富裕段</SimpleData>
		<SimpleData name="行政區">東區</SimpleData>
	</SchemaData></ExtendedData>
      <MultiGeometry>
        <Polygon>
          <outerBoundaryIs><LinearRing><coordinates>120.2264788,22.9831622 120.2265517,22.9831782 120.2266263,22.9833824 120.2266769,22.9834107 120.2266841,22.9834063 120.2267329,22.9834334 120.2269237,22.9834739 120.2269714,22.9835018 120.2270255,22.9835128 120.2271607,22.9836128 120.2272992,22.983694 120.2273553,22.9837566 120.2275075,22.9838692 120.2275715,22.9838933 120.2275919,22.9839257 120.2276108,22.9839373 120.2276346,22.9839402 120.2276566,22.9839423 120.2278369,22.9839533 120.2281457,22.9840996 120.2286582,22.9840477 120.2287196,22.984051 120.2287197,22.9840511 120.2286734,22.9845462 120.2286628,22.9846905 120.2286291,22.9850516 120.2285652,22.9850537 120.2285622,22.9850815 120.2286426,22.9850805 120.2286427,22.9850806 120.228631,22.9852377 120.2286232,22.9853188 120.2285743,22.9858522 120.2285568,22.9860273 120.2283603,22.9860309 120.2281513,22.9860333 120.2277761,22.9860175 120.2274267,22.9860079 120.2273684,22.9860068 120.2272432,22.9859762 120.2272017,22.9859536 120.2269408,22.9858145 120.2269439,22.9858421 120.2269438,22.9858422 120.2268863,22.9858236 120.2268768,22.98582 120.226892,22.9858999 120.2268919,22.9859 120.2266246,22.98578 120.2262016,22.985599 120.2257746,22.9854549 120.225201,22.9852364 120.2252462,22.9852975 120.2252461,22.9852976 120.2248603,22.9851523 120.2247077,22.9850605 120.2241242,22.9848428 120.2241242,22.9848426 120.2241741,22.9848177 120.2242563,22.9847751 120.224391,22.9847008 120.2244621,22.9846594 120.2245324,22.9846168 120.2246019,22.9845731 120.2247329,22.984486 120.2248097,22.9844321 120.2249247,22.9843476 120.225297,22.9840714 120.225513,22.9838476 120.2263329,22.98327 120.2264788,22.9831622</coordinates></LinearRing></outerBoundaryIs>
        </Polygon>
      </MultiGeometry>
  </Placemark>
  <Placemark>
	<Style><LineStyle><color>ff0000ff</color></LineStyle><PolyStyle><fill>0</fill></PolyStyle></Style>
	<ExtendedData><SchemaData schemaUrl="#114SEC_DCTBLPD">
		<SimpleData name="段碼">1556</SimpleData>
		<SimpleData name="段名">富強段</SimpleData>
		<SimpleData name="行政區">東區</SimpleData>
	</SchemaData></ExtendedData>
      <MultiGeometry>
        <Polygon>
          <outerBoundaryIs><LinearRing><coordinates>120.2301946,22.9850251 120.230253,22.9850528 120.2304702,22.9850306 120.230719,22.9850871 120.2307391,22.9850878 120.2308093,22.9851075 120.2308551,22.9851179 120.2310236,22.9851242 120.2313192,22.9850874 120.2316118,22.9850983 120.2319641,22.9850942 120.2319902,22.9851538 120.2319647,22.9852641 120.2319863,22.9852689 120.2320216,22.9852501 120.2326435,22.9853648 120.2326631,22.9853681 120.2326831,22.9853708 120.2326932,22.9853719 120.2327033,22.9853729 120.2327235,22.9853743 120.2327336,22.9853747 120.2327539,22.9853752 120.2327742,22.9853749 120.2327843,22.9853746 120.2328046,22.9853734 120.2328214,22.9853718 120.2328319,22.9853529 120.2328558,22.9853524 120.2328996,22.9854275 120.2328999,22.9854448 120.2329086,22.9854429 120.2329176,22.9854583 120.2329615,22.9855426 120.2329814,22.9855835 120.2330215,22.9856728 120.2330364,22.9857083 120.233049,22.98574 120.2330572,22.9857611 120.2330668,22.9857867 120.2330761,22.9858123 120.2330839,22.9858347 120.2330941,22.9858647 120.2331017,22.9858881 120.2331098,22.985914 120.2331176,22.98594 120.2331233,22.9859596 120.2331306,22.9859857 120.2331368,22.9860086 120.2331454,22.9860426 120.2331518,22.9860689 120.2331581,22.9860962 120.2331638,22.9861226 120.2331698,22.9861516 120.2331732,22.9861692 120.2331786,22.986198 120.2331829,22.9862231 120.2331865,22.9862453 120.2331904,22.9862709 120.2331948,22.9863021 120.2331971,22.9863196 120.2332003,22.9863464 120.2333309,22.9875254 120.2333881,22.9880394 120.2333369,22.9881269 120.2333264,22.9881329 120.2333103,22.9881428 120.2333033,22.9881474 120.2332897,22.9881568 120.233283,22.9881616 120.2332699,22.9881717 120.2332572,22.9881822 120.2332449,22.9881931 120.2332389,22.9881987 120.2332272,22.9882101 120.233216,22.988222 120.2332106,22.988228 120.2332,22.9882404 120.2331899,22.9882531 120.2331803,22.9882661 120.2331757,22.9882727 120.2331713,22.9882794 120.2331627,22.988293 120.2331546,22.9883069 120.2331508,22.9883139 120.2331435,22.9883282 120.2331367,22.9883427 120.2331284,22.988367 120.2331164,22.9884106 120.2331094,22.9884468 120.2329713,22.9884391 120.2329314,22.988433 120.2327765,22.9884006 120.2327221,22.9883971 120.2325842,22.9883382 120.2322588,22.9881924 120.2318864,22.9880383 120.2315847,22.9879158 120.2313466,22.9877996 120.2310225,22.9876404 120.2304764,22.9873652 120.2303968,22.9873293 120.2300276,22.987206 120.2296139,22.9870179 120.2294014,22.9869315 120.2292991,22.9868873 120.2283776,22.9864686 120.2279123,22.9862699 120.227619,22.9861483 120.2274047,22.9860582 120.2272432,22.9859762 120.2272433,22.9859761 120.2273685,22.9860066 120.2274267,22.9860077 120.2277761,22.9860173 120.2281513,22.9860331 120.2283603,22.9860307 120.2285567,22.9860272 120.2285741,22.9858522 120.228623,22.9853187 120.2286308,22.9852376 120.2286426,22.9850805 120.2289772,22.9850788 120.2292479,22.9850832 120.2295608,22.9850871 120.2298942,22.9850923 120.2299055,22.9850938 120.2301715,22.9850811 120.2301946,22.9850251</coordinates></LinearRing></outerBoundaryIs>
        </Polygon>
      </MultiGeometry>
  </Placemark>
  <Placemark>
	<Style><LineStyle><color>ff0000ff</color></LineStyle><PolyStyle><fill>0</fill></PolyStyle></Style>
	<ExtendedData><SchemaData schemaUrl="#114SEC_DCTBLPD">
		<SimpleData name="段碼">1557</SimpleData>
		<SimpleData name="段名">關帝段</SimpleData>
		<SimpleData name="行政區">東區</SimpleData>
	</SchemaData></ExtendedData>
      <MultiGeometry>
        <Polygon>
          <outerBoundaryIs><LinearRing><coordinates>120.2290908,22.9811942 120.2293009,22.9812865 120.2293874,22.9812869 120.2293875,22.981287 120.2292398,22.9813964 120.2292325,22.9816199 120.2292165,22.9820324 120.2291978,22.9825038 120.22924,22.9825513 120.2292189,22.982592 120.2291943,22.9825918 120.2291749,22.9830879 120.2297547,22.9831063 120.2301569,22.9831084 120.2302468,22.9830388 120.2302953,22.9830437 120.2303501,22.9831093 120.2303939,22.9831095 120.2304148,22.9830691 120.2303483,22.9829893 120.2303535,22.9829444 120.23044,22.9828774 120.2304388,22.9828197 120.2306007,22.9826943 120.2306009,22.9826943 120.2326045,22.9850077 120.2326612,22.9850758 120.2326912,22.9851138 120.2327205,22.9851523 120.2327491,22.9851913 120.2328014,22.9852665 120.2328306,22.985311 120.2328437,22.9853316 120.2328481,22.9853378 120.232848,22.985338 120.2328393,22.9853396 120.2328216,22.985372 120.2328046,22.9853735 120.2327844,22.9853747 120.2327641,22.9853753 120.2327438,22.9853752 120.2327235,22.9853744 120.2327033,22.985373 120.2326831,22.985371 120.232663,22.9853683 120.2326435,22.985365 120.2320216,22.9852503 120.2319864,22.985269 120.2319645,22.9852642 120.23199,22.9851538 120.231964,22.9850944 120.2316118,22.9850984 120.2313192,22.9850876 120.2310236,22.9851244 120.2308551,22.9851181 120.2308092,22.9851077 120.2307391,22.985088 120.230719,22.9850872 120.2304702,22.9850308 120.230253,22.985053 120.2301946,22.9850253 120.2301716,22.9850812 120.2299055,22.985094 120.2298942,22.9850924 120.2295607,22.9850873 120.2292479,22.9850834 120.2289772,22.9850789 120.2286426,22.9850807 120.2285621,22.9850816 120.228562,22.9850815 120.2285651,22.9850536 120.2286289,22.9850515 120.2286626,22.9846905 120.2286732,22.9845462 120.2287195,22.9840512 120.2286582,22.9840478 120.2281457,22.9840998 120.2278368,22.9839534 120.2276566,22.9839425 120.2276345,22.9839404 120.2276107,22.9839375 120.2275917,22.9839258 120.2275714,22.9838934 120.2275074,22.9838693 120.2273552,22.9837568 120.2272991,22.9836941 120.2271606,22.9836129 120.2270254,22.983513 120.2269713,22.9835019 120.2269237,22.983474 120.2267328,22.9834335 120.2266841,22.9834065 120.2266769,22.9834109 120.2266262,22.9833825 120.2266356,22.9833184 120.2267093,22.9832579 120.2267095,22.983258 120.2267102,22.9832684 120.2268996,22.9831282 120.2269035,22.9831286 120.2269742,22.983054 120.2268621,22.9829985 120.2268449,22.9829951 120.2268286,22.9829033 120.2280478,22.9820009 120.2280867,22.9819374 120.2290908,22.9811942</coordinates></LinearRing></outerBoundaryIs>
        </Polygon>
      </MultiGeometry>
  </Placemark>
  <Placemark>
	<Style><LineStyle><color>ff0000ff</color></LineStyle><PolyStyle><fill>0</fill></PolyStyle></Style>
	<ExtendedData><SchemaData schemaUrl="#114SEC_DCTBLPD">
		<SimpleData name="段碼">1558</SimpleData>
		<SimpleData name="段名">自由段</SimpleData>
		<SimpleData name="行政區">東區</SimpleData>
	</SchemaData></ExtendedData>
      <MultiGeometry>
        <Polygon>
          <outerBoundaryIs><LinearRing><coordinates>120.2372565,22.9629748 120.2372782,22.963018 120.2373182,22.9630625 120.2373282,22.963161 120.2373478,22.96321 120.2373888,22.9633074 120.237422,22.9633036 120.2375403,22.9633828 120.2375869,22.9634496 120.2375944,22.9634916 120.2376253,22.9636576 120.2376632,22.9638588 120.2376824,22.9639743 120.2376895,22.9640119 120.2377391,22.9641073 120.2378278,22.9642795 120.2378586,22.9643388 120.237861,22.9643701 120.2378732,22.9645575 120.2378715,22.9646534 120.2378667,22.9648854 120.237832,22.9649768 120.2378259,22.9650254 120.2378209,22.9651118 120.2378742,22.9652481 120.2378924,22.9652951 120.2379061,22.965351 120.2379322,22.965486 120.2379413,22.9655411 120.2379819,22.9657839 120.2379995,22.9658822 120.2380055,22.965932 120.2380392,22.9661472 120.2380533,22.9662358 120.2381507,22.9668235 120.2381667,22.9669483 120.2381729,22.9672299 120.2381625,22.9676011 120.2381938,22.9678472 120.2381877,22.9679292 120.2381352,22.968061 120.2381483,22.9681503 120.2381424,22.9682729 120.2381086,22.9683058 120.2381126,22.9684698 120.2380999,22.9685348 120.2380797,22.9685494 120.2381757,22.9687396 120.2381755,22.9687397 120.2376668,22.9683777 120.237601,22.9683879 120.2372,22.9681026 120.2366021,22.9659427 120.2361528,22.9642576 120.2361813,22.964176 120.236132,22.9639869 120.2361321,22.9639868 120.2361655,22.9639888 120.2364305,22.963996 120.2364384,22.9639443 120.237013,22.9640015 120.2370312,22.9640024 120.2372303,22.9631109 120.2372565,22.9629748</coordinates></LinearRing></outerBoundaryIs>
        </Polygon>
        <Polygon>
          <outerBoundaryIs><LinearRing><coordinates>120.2371375,22.9610387 120.2371533,22.961042 120.2372472,22.9610793 120.2375386,22.9611945 120.2376461,22.9611987 120.2376805,22.9611854 120.237715,22.9611701 120.2378856,22.9610988 120.2378858,22.9610989 120.2379008,22.9611785 120.2378746,22.9612921 120.2377949,22.9614412 120.2377232,22.9616469 120.2377027,22.9618399 120.2376532,22.9620055 120.2375789,22.9621134 120.2375195,22.9622039 120.237474,22.9622895 120.2373693,22.962386 120.2373692,22.9623859 120.2373791,22.9623341 120.2373547,22.9622951 120.2364156,22.9619841 120.2364156,22.961984 120.2371375,22.9610387</coordinates></LinearRing></outerBoundaryIs>
        </Polygon>
      </MultiGeometry>
  </Placemark>
  <Placemark>
	<Style><LineStyle><color>ff0000ff</color></LineStyle><PolyStyle><fill>0</fill></PolyStyle></Style>
	<ExtendedData><SchemaData schemaUrl="#114SEC_DCTBLPD">
		<SimpleData name="段碼">1559</SimpleData>
		<SimpleData name="段名">府連段</SimpleData>
		<SimpleData name="行政區">東區</SimpleData>
	</SchemaData></ExtendedData>
      <MultiGeometry>
        <Polygon>
          <outerBoundaryIs><LinearRing><coordinates>120.2123907,22.9808066 120.2124139,22.9808563 120.2146398,22.981548 120.2144635,22.9820647 120.2144278,22.9821909 120.2144646,22.9822144 120.2142618,22.9828656 120.2140475,22.9835184 120.2138508,22.9841173 120.2138421,22.9841442 120.213818,22.9842245 120.213816,22.9842307 120.2137471,22.9844332 120.2135259,22.9852297 120.2112005,22.9847231 120.21116,22.9840149 120.21114,22.9834597 120.2111488,22.9833055 120.2111694,22.9830847 120.2112843,22.9830484 120.2113003,22.9829852 120.2113086,22.9829563 120.2113174,22.9829275 120.2113267,22.9828988 120.211349,22.9828367 120.211358,22.9828137 120.2113642,22.9827985 120.2113733,22.9827768 120.2113804,22.9827605 120.2113937,22.9827311 120.2114041,22.9827092 120.211423,22.9826716 120.2114433,22.9826325 120.2121052,22.9813698 120.2122064,22.981173 120.2123907,22.9808066</coordinates></LinearRing></outerBoundaryIs>
        </Polygon>
      </MultiGeometry>
  </Placemark>
  <Placemark>
	<Style><LineStyle><color>ff0000ff</color></LineStyle><PolyStyle><fill>0</fill></PolyStyle></Style>
	<ExtendedData><SchemaData schemaUrl="#114SEC_DCTBLPD">
		<SimpleData name="段碼">1560</SimpleData>
		<SimpleData name="段名">府東段</SimpleData>
		<SimpleData name="行政區">東區</SimpleData>
	</SchemaData></ExtendedData>
      <MultiGeometry>
        <Polygon>
          <outerBoundaryIs><LinearRing><coordinates>120.2112006,22.984723 120.2134361,22.9852099 120.2135259,22.9852295 120.213526,22.9852296 120.2132766,22.986036 120.2130802,22.9866453 120.2129759,22.9869841 120.2129772,22.9869841 120.2129773,22.9869842 120.2125398,22.988384 120.2125137,22.9883928 120.2124055,22.9887179 120.2119788,22.9888504 120.2118864,22.9886968 120.2118864,22.9886967 120.2119452,22.9886723 120.2119341,22.9886593 120.2119292,22.9886518 120.211924,22.9886538 120.2118911,22.9886525 120.2118231,22.9885664 120.2117976,22.9885164 120.2117893,22.9885105 120.2117762,22.9885016 120.2117599,22.9884913 120.2117516,22.9884864 120.2117341,22.9884765 120.2117181,22.9884683 120.2117,22.9884596 120.2116911,22.9884556 120.2116727,22.9884479 120.2116548,22.9884411 120.2116363,22.9884348 120.2116133,22.9884278 120.2115985,22.9884238 120.211589,22.9884215 120.2115636,22.9884159 120.21156,22.9884149 120.2115554,22.9884132 120.211552,22.9884117 120.2115476,22.9884096 120.2115445,22.9884077 120.2115414,22.9884058 120.2115356,22.9884014 120.211533,22.988399 120.2115304,22.9883965 120.211528,22.9883939 120.2115258,22.9883911 120.2115217,22.9883853 120.21152,22.9883823 120.2115182,22.9883788 120.211517,22.988376 120.2115154,22.9883716 120.2115141,22.9883672 120.2115134,22.9883638 120.2115125,22.9883563 120.2114115,22.9866775 120.2113128,22.9866602 120.2112951,22.9863615 120.2112118,22.9848977 120.2112005,22.9847231 120.2112006,22.984723</coordinates></LinearRing></outerBoundaryIs>
        </Polygon>
      </MultiGeometry>
  </Placemark>
  <Placemark>
	<Style><LineStyle><color>ff0000ff</color></LineStyle><PolyStyle><fill>0</fill></PolyStyle></Style>
	<ExtendedData><SchemaData schemaUrl="#114SEC_DCTBLPD">
		<SimpleData name="段碼">1561</SimpleData>
		<SimpleData name="段名">新都心段</SimpleData>
		<SimpleData name="行政區">東區</SimpleData>
	</SchemaData></ExtendedData>
      <MultiGeometry>
        <Polygon>
          <outerBoundaryIs><LinearRing><coordinates>120.2175135,22.9647781 120.2274375,22.9649607 120.2274412,22.9650892 120.2274364,22.9666361 120.2273949,22.9666744 120.2251012,22.9666694 120.2248238,22.9667195 120.2247924,22.9682365 120.2244266,22.9685911 120.2240819,22.9688577 120.2240428,22.9688872 120.2239846,22.9689296 120.2236226,22.969547 120.2231741,22.970192 120.2230028,22.9703629 120.22305,22.9706755 120.2230872,22.9709537 120.2232375,22.9716638 120.2234506,22.9717001 120.2234316,22.9720381 120.2226694,22.9726335 120.2218581,22.9725038 120.2218581,22.9725037 120.2218621,22.9724873 120.2218002,22.9723953 120.2217695,22.9723889 120.2217695,22.9723887 120.2218076,22.9723606 120.221817,22.9707158 120.2217828,22.9706837 120.2180442,22.9706652 120.2178974,22.9689935 120.2178795,22.9683747 120.2178378,22.9677842 120.2177143,22.9672942 120.2175514,22.9648626 120.2175164,22.9648566 120.2175134,22.9647782 120.2175135,22.9647781</coordinates></LinearRing></outerBoundaryIs>
          <innerBoundaryIs><LinearRing><coordinates>120.2199977,22.9649144 120.2199559,22.9649521 120.2199498,22.9660296 120.2219625,22.966064 120.2219826,22.9649509 120.2199977,22.9649144</coordinates></LinearRing></innerBoundaryIs>
        </Polygon>
        <Polygon>
          <outerBoundaryIs><LinearRing><coordinates>120.2263022,22.9613167 120.2262995,22.9615998 120.2263818,22.9616655 120.2274106,22.9616857 120.2274447,22.9617181 120.2274437,22.962057 120.2274343,22.9641157 120.2274335,22.9642699 120.2274333,22.9642699 120.2273993,22.9642376 120.226946,22.9642293 120.2269438,22.9647711 120.2269437,22.9647712 120.2251218,22.9647377 120.2251217,22.9647376 120.225187,22.9620367 120.2251527,22.9615499 120.2254829,22.9615108 120.2258482,22.9614652 120.2260522,22.9614339 120.2262183,22.9613606 120.2263022,22.9613167</coordinates></LinearRing></outerBoundaryIs>
        </Polygon>
        <Polygon>
          <outerBoundaryIs><LinearRing><coordinates>120.2176112,22.9604828 120.2176402,22.9604852 120.2177973,22.9605043 120.2180464,22.9605171 120.2181804,22.9605134 120.2182097,22.9605128 120.218378,22.9605417 120.2185168,22.9605396 120.2185787,22.9605642 120.2186298,22.9605848 120.2188049,22.9605859 120.2188899,22.9605973 120.2190032,22.9606358 120.2191804,22.9606525 120.2193243,22.9606273 120.219501,22.9606192 120.2195831,22.960618 120.2197081,22.9606636 120.2199241,22.9606473 120.2201856,22.9606673 120.2203025,22.9606789 120.2204733,22.960889 120.2205652,22.9611338 120.2206107,22.9612227 120.2206608,22.9612587 120.2207432,22.9613009 120.2208402,22.9613355 120.2208544,22.9613927 120.2208768,22.9614112 120.2208828,22.961528 120.220899,22.9616124 120.2209428,22.9617153 120.2209932,22.961767 120.2210705,22.9618059 120.2210705,22.9618061 120.2200248,22.961787 120.2199608,22.9646043 120.2199598,22.9646427 120.2175029,22.9645974 120.2174054,22.963097 120.2173941,22.9628629 120.2173911,22.9627289 120.2173906,22.9625948 120.2173926,22.9624607 120.2173972,22.9623267 120.2174042,22.9621928 120.2174139,22.9620591 120.217426,22.9619255 120.2174504,22.9617141 120.2176112,22.9604828</coordinates></LinearRing></outerBoundaryIs>
        </Polygon>
      </MultiGeometry>
  </Placemark>
  <Placemark>
	<Style><LineStyle><color>ff0000ff</color></LineStyle><PolyStyle><fill>0</fill></PolyStyle></Style>
	<ExtendedData><SchemaData schemaUrl="#114SEC_DCTBLPD">
		<SimpleData name="段碼">1562</SimpleData>
		<SimpleData name="段名">泉南段</SimpleData>
		<SimpleData name="行政區">東區</SimpleData>
	</SchemaData></ExtendedData>
      <MultiGeometry>
        <Polygon>
          <outerBoundaryIs><LinearRing><coordinates>120.2146397,22.9815479 120.2148746,22.9816209 120.2148223,22.9817951 120.216216,22.9822281 120.21991,22.9834265 120.2199713,22.9834475 120.2200017,22.9834588 120.2200319,22.9834705 120.2200619,22.9834828 120.2200916,22.9834955 120.2201211,22.9835087 120.2201751,22.9835344 120.2201751,22.9835346 120.2180582,22.9841631 120.2178739,22.984222 120.2178354,22.9842346 120.2166459,22.9846365 120.214234,22.9853839 120.2135259,22.9852297 120.2135258,22.9852295 120.2137469,22.9844332 120.2138158,22.9842306 120.2138178,22.9842244 120.2138419,22.9841441 120.2138506,22.9841173 120.2140473,22.9835184 120.2142616,22.9828656 120.2144644,22.9822144 120.2144276,22.9821909 120.2144633,22.9820646 120.2146397,22.9815479</coordinates></LinearRing></outerBoundaryIs>
        </Polygon>
      </MultiGeometry>
  </Placemark>
  <Placemark>
	<Style><LineStyle><color>ff0000ff</color></LineStyle><PolyStyle><fill>0</fill></PolyStyle></Style>
	<ExtendedData><SchemaData schemaUrl="#114SEC_DCTBLPD">
		<SimpleData name="段碼">1563</SimpleData>
		<SimpleData name="段名">龍泉段</SimpleData>
		<SimpleData name="行政區">東區</SimpleData>
	</SchemaData></ExtendedData>
      <MultiGeometry>
        <Polygon>
          <outerBoundaryIs><LinearRing><coordinates>120.220175,22.9835344 120.2202366,22.9835663 120.2202647,22.9835818 120.2202925,22.9835978 120.2203415,22.9836274 120.2204007,22.9836661 120.220427,22.9836843 120.2204843,22.9837264 120.2205146,22.98375 120.2205529,22.9837815 120.2205769,22.983802 120.2206005,22.983823 120.2206237,22.9838444 120.2206466,22.9838661 120.220669,22.9838882 120.2207126,22.9839335 120.2207337,22.9839566 120.2207598,22.9839865 120.2215499,22.9849086 120.222091,22.9855385 120.222091,22.9855386 120.2219062,22.9855961 120.221906,22.985707 120.2219231,22.9857623 120.2181566,22.9869323 120.218153,22.9869338 120.2181495,22.9869356 120.2181456,22.9869381 120.2181426,22.9869405 120.2181398,22.986943 120.2181373,22.9869459 120.218135,22.9869489 120.2181327,22.9869527 120.2181306,22.9869574 120.2181293,22.9869616 120.2181269,22.9869741 120.2181246,22.9869846 120.2181234,22.9869898 120.2181205,22.9870001 120.218119,22.9870052 120.2181155,22.9870154 120.2181117,22.9870255 120.2181075,22.9870354 120.218103,22.9870452 120.218098,22.9870549 120.2180928,22.9870644 120.2180871,22.9870737 120.2180826,22.9870806 120.2180739,22.9870917 120.2180673,22.9870994 120.2180605,22.9871069 120.2180534,22.9871141 120.218046,22.9871212 120.2180387,22.9871276 120.2180304,22.9871345 120.2180222,22.9871407 120.2180139,22.9871467 120.2180053,22.9871524 120.2179946,22.987159 120.2179874,22.987163 120.2179782,22.9871679 120.2179688,22.9871725 120.2179593,22.9871767 120.2179496,22.9871807 120.2179397,22.9871843 120.2179298,22.9871876 120.217915,22.9871918 120.2172486,22.987397 120.2172347,22.9874009 120.2172242,22.9874035 120.2172137,22.9874057 120.2171978,22.9874083 120.2171817,22.9874102 120.2171655,22.9874113 120.2171547,22.9874116 120.2171493,22.9874116 120.2171439,22.9874116 120.2171332,22.9874112 120.217117,22.9874099 120.217101,22.9874079 120.2170851,22.987405 120.2170746,22.9874027 120.2170694,22.9874015 120.2170539,22.9873971 120.2170386,22.9873921 120.2170237,22.9873862 120.2170139,22.987382 120.2170043,22.9873774 120.2169949,22.9873725 120.2169857,22.9873673 120.2169767,22.9873618 120.2169722,22.987359 120.2169593,22.98735 120.2169509,22.9873436 120.2169444,22.9873384 120.2169378,22.9873349 120.2169313,22.9873321 120.2169245,22.9873298 120.2169189,22.9873284 120.2169118,22.9873271 120.2169046,22.9873265 120.2168974,22.9873264 120.2168911,22.9873268 120.2168845,22.9873277 120.2168775,22.9873292 120.2127161,22.9886214 120.212716,22.9886213 120.213766,22.9852818 120.214234,22.9853837 120.2166458,22.9846363 120.2178353,22.9842344 120.2178738,22.9842218 120.2180582,22.9841629 120.220175,22.9835344</coordinates></LinearRing></outerBoundaryIs>
        </Polygon>
      </MultiGeometry>
  </Placemark>
  <Placemark>
	<Style><LineStyle><color>ff0000ff</color></LineStyle><PolyStyle><fill>0</fill></PolyStyle></Style>
	<ExtendedData><SchemaData schemaUrl="#114SEC_DCTBLPD">
		<SimpleData name="段碼">1564</SimpleData>
		<SimpleData name="段名">平實段</SimpleData>
		<SimpleData name="行政區">東區</SimpleData>
	</SchemaData></ExtendedData>
      <MultiGeometry>
        <Polygon>
          <outerBoundaryIs><LinearRing><coordinates>120.2374973,22.9909984 120.2396382,22.9910311 120.2397018,22.9910322 120.239716,22.9929149 120.2399217,22.992922 120.2399182,22.9930085 120.2399148,22.9931093 120.2398632,22.993114 120.2398575,22.9931146 120.2398121,22.9931338 120.2398165,22.9933529 120.2398022,22.9935945 120.2398219,22.9940665 120.2398446,22.9941589 120.2398449,22.9942633 120.239828,22.9943674 120.2398065,22.9944322 120.2397833,22.9945523 120.2397981,22.9948991 120.2398219,22.9954279 120.2398513,22.9956842 120.2398448,22.9957789 120.2398197,22.9959081 120.2397984,22.9960591 120.2397852,22.9962539 120.2397782,22.996344 120.239767,22.9963815 120.2397585,22.9965717 120.2397634,22.9966579 120.2397694,22.9967747 120.239786,22.9970853 120.2398615,22.9976278 120.2398643,22.9977504 120.239898,22.9980573 120.2399392,22.9983161 120.2399391,22.9983162 120.2398376,22.9983149 120.2398376,22.9983148 120.2398796,22.9982771 120.2398826,22.9981506 120.2398829,22.998089 120.2398822,22.9980575 120.2398809,22.998026 120.239879,22.9979946 120.2398765,22.9979631 120.2398734,22.9979318 120.2398697,22.9979004 120.2398655,22.9978692 120.2398606,22.997838 120.2398552,22.9978069 120.2398446,22.9977545 120.2397718,22.997419 120.2397503,22.9973119 120.2397389,22.9972472 120.2397288,22.9971823 120.23972,22.9971173 120.2397123,22.9970522 120.2397059,22.9969869 120.2397007,22.9969215 120.2396947,22.9968107 120.2396599,22.9967792 120.2388566,22.9967754 120.2388549,22.9978441 120.2388511,22.9983025 120.238851,22.9983026 120.2364064,22.9982721 120.2348918,22.9982529 120.2348197,22.9981919 120.2342021,22.9927448 120.2340677,22.9915264 120.2340678,22.9915263 120.2340717,22.9915273 120.2341014,22.9915536 120.2342334,22.9915579 120.2343222,22.991561 120.2343573,22.991528 120.2343591,22.991406 120.2343592,22.9914059 120.2346269,22.9914122 120.2346606,22.9912517 120.2346851,22.9910939 120.234694,22.9910278 120.2353428,22.9910222 120.2353801,22.9910133 120.2357724,22.9910071 120.2374973,22.9909984</coordinates></LinearRing></outerBoundaryIs>
        </Polygon>
      </MultiGeometry>
  </Placemark>
  <Placemark>
	<Style><LineStyle><color>ff0000ff</color></LineStyle><PolyStyle><fill>0</fill></PolyStyle></Style>
	<ExtendedData><SchemaData schemaUrl="#114SEC_DCTBLPD">
		<SimpleData name="段碼">1565</SimpleData>
		<SimpleData name="段名">富農段</SimpleData>
		<SimpleData name="行政區">東區</SimpleData>
	</SchemaData></ExtendedData>
      <MultiGeometry>
        <Polygon>
          <outerBoundaryIs><LinearRing><coordinates>120.2345388,22.9771897 120.2345389,22.9771898 120.2345388,22.9772403 120.2345384,22.9772815 120.2345332,22.9773882 120.2344855,22.9774236 120.2344851,22.9774743 120.2344199,22.9775244 120.2344172,22.9775533 120.2344078,22.9775604 120.2343629,22.9780897 120.2343483,22.9781186 120.2342934,22.9781506 120.234287,22.9781491 120.2342187,22.9789211 120.2342181,22.9789306 120.2342179,22.9789385 120.234218,22.9789468 120.2342184,22.9789545 120.2342191,22.9789625 120.2342201,22.9789705 120.2342214,22.9789783 120.234223,22.9789862 120.2342249,22.978994 120.2342271,22.9790017 120.2342309,22.9790132 120.2342337,22.9790204 120.234237,22.9790281 120.2342405,22.9790354 120.2342442,22.9790426 120.2342482,22.9790497 120.2342525,22.9790566 120.2342579,22.9790646 120.234262,22.9790702 120.2342667,22.9790764 120.2342717,22.9790824 120.2342796,22.979091 120.2342858,22.9790972 120.2343104,22.9791197 120.2343936,22.9791942 120.2343991,22.9791994 120.2344038,22.9792041 120.2344084,22.9792091 120.2344128,22.9792141 120.234417,22.9792194 120.234421,22.9792247 120.2344248,22.9792302 120.2344284,22.9792358 120.2344317,22.9792415 120.2344364,22.9792502 120.2344392,22.9792562 120.2344418,22.9792622 120.2344441,22.9792681 120.2344473,22.9792777 120.2344491,22.979284 120.2344506,22.9792903 120.2344519,22.9792967 120.234453,22.9793031 120.2344538,22.9793096 120.2344546,22.9793193 120.2344548,22.979329 120.2344545,22.9793388 120.2344536,22.9793485 120.2344523,22.9793572 120.2343431,22.9799969 120.2343037,22.9800234 120.2342882,22.9801125 120.2343182,22.9801489 120.234299,22.9802673 120.2342862,22.9803839 120.2342821,22.9805003 120.2342919,22.9806191 120.2342981,22.9806603 120.2343075,22.9807059 120.2343184,22.9807505 120.2343308,22.980795 120.2343676,22.9809142 120.2344158,22.9810554 120.2346439,22.9817948 120.2346877,22.9819468 120.2350794,22.98321 120.2351724,22.9834849 120.2355713,22.9847969 120.2355399,22.9848316 120.2350141,22.9847813 120.2348622,22.9847704 120.2346809,22.9847516 120.2344792,22.9847302 120.2329008,22.9845794 120.2327441,22.9846774 120.2326865,22.9846693 120.2327048,22.9846905 120.2327047,22.9846906 120.2326822,22.9846878 120.2326787,22.9847187 120.2323446,22.9847079 120.2307063,22.9828163 120.2294358,22.9813489 120.2293156,22.9813407 120.2293155,22.9813406 120.2293872,22.9812871 120.2293008,22.9812867 120.2291193,22.981207 120.2291193,22.9812068 120.2294752,22.9809432 120.2294832,22.9809037 120.2295629,22.9808428 120.2296427,22.9807841 120.2297071,22.9807375 120.2297739,22.9806883 120.229952,22.9805563 120.230027,22.9805006 120.2305665,22.9801013 120.2306266,22.9800915 120.2313699,22.979541 120.2332598,22.978142 120.2343128,22.9773618 120.2343697,22.9773151 120.2345388,22.9771897</coordinates></LinearRing></outerBoundaryIs>
        </Polygon>
      </MultiGeometry>
  </Placemark>
  <Placemark>
	<Style><LineStyle><color>ff0000ff</color></LineStyle><PolyStyle><fill>0</fill></PolyStyle></Style>
	<ExtendedData><SchemaData schemaUrl="#114SEC_DCTBLPD">
		<SimpleData name="段碼">1566</SimpleData>
		<SimpleData name="段名">虎尾段</SimpleData>
		<SimpleData name="行政區">東區</SimpleData>
	</SchemaData></ExtendedData>
      <MultiGeometry>
        <Polygon>
          <outerBoundaryIs><LinearRing><coordinates>120.2383498,22.9754437 120.2383717,22.9754774 120.2383901,22.9755177 120.2385014,22.9757671 120.2385808,22.9760987 120.2385786,22.9761217 120.2385214,22.9765998 120.2384412,22.9772817 120.2384229,22.9774318 120.2383995,22.9776338 120.2384727,22.9778653 120.2384408,22.9779037 120.2384364,22.9779174 120.2384274,22.9780175 120.2385815,22.978524 120.2386647,22.9786866 120.2387705,22.9789369 120.2387919,22.9791566 120.2388356,22.9792607 120.2388183,22.9793682 120.2388818,22.9794976 120.2388891,22.9796313 120.2389152,22.9798073 120.2389124,22.9799785 120.2389324,22.9801053 120.2389081,22.980161 120.2388735,22.9801638 120.2387192,22.9801856 120.2384289,22.9802291 120.2383695,22.9802302 120.2381632,22.9802644 120.2381325,22.9802344 120.2381267,22.9802345 120.2380471,22.9802571 120.2380397,22.9802589 120.2380103,22.9802879 120.2379013,22.9802936 120.2378484,22.9803069 120.2376195,22.9803568 120.237482,22.9803603 120.2374817,22.9803619 120.2365027,22.9803075 120.2360931,22.9802823 120.2358145,22.9802572 120.2355017,22.9802228 120.235257,22.9801689 120.2351176,22.9801811 120.2348515,22.9801761 120.2344827,22.9801685 120.2343917,22.9800876 120.2342946,22.9800752 120.2342945,22.9800751 120.2343035,22.9800234 120.2343429,22.9799968 120.2344521,22.9793572 120.234453,22.9793517 120.2344537,22.9793452 120.2344544,22.9793355 120.2344546,22.9793258 120.2344542,22.9793161 120.2344536,22.9793096 120.2344528,22.9793031 120.2344507,22.9792912 120.234449,22.9792836 120.2344475,22.9792786 120.2344459,22.9792736 120.2344439,22.9792681 120.2344416,22.9792623 120.234439,22.9792562 120.2344362,22.9792503 120.2344316,22.9792416 120.2344282,22.9792358 120.2344246,22.9792303 120.2344208,22.9792248 120.2344168,22.9792195 120.2344126,22.9792143 120.234406,22.9792067 120.2343989,22.9791995 120.2343934,22.9791944 120.2343103,22.9791198 120.2342856,22.9790973 120.2342768,22.9790883 120.2342716,22.9790825 120.2342666,22.9790765 120.2342618,22.9790703 120.2342578,22.9790647 120.2342502,22.9790532 120.234246,22.9790462 120.2342422,22.9790391 120.2342369,22.9790282 120.2342336,22.9790205 120.2342308,22.9790132 120.2342269,22.9790018 120.2342247,22.978994 120.2342228,22.9789862 120.2342212,22.9789784 120.2342199,22.9789705 120.2342189,22.9789625 120.2342182,22.9789546 120.2342178,22.9789468 120.2342177,22.9789385 120.2342179,22.9789306 120.2342185,22.9789211 120.2342868,22.978149 120.234287,22.9781489 120.2342933,22.9781504 120.2343482,22.9781184 120.2343627,22.9780896 120.2344076,22.9775604 120.234417,22.9775532 120.2344197,22.9775243 120.234485,22.9774742 120.2344854,22.9774235 120.234533,22.9773881 120.2345383,22.9772815 120.2345386,22.9772403 120.2345387,22.9771898 120.2351123,22.9767642 120.2349798,22.9766256 120.2349707,22.9762769 120.234602,22.9763729 120.2345236,22.9763692 120.2344891,22.9772268 120.2343699,22.9773153 120.2343129,22.9773619 120.2337747,22.9777607 120.2337745,22.9777606 120.2338456,22.9772485 120.2338372,22.9772478 120.2337017,22.9772418 120.2335362,22.9772272 120.2335489,22.9770547 120.2335474,22.9770545 120.2335694,22.9767161 120.2335891,22.9764456 120.2334297,22.9764558 120.2333513,22.9764548 120.2333505,22.9763728 120.2333507,22.9763727 120.2333732,22.9763797 120.2335334,22.9763966 120.2336925,22.9763817 120.2337128,22.97638 120.2341732,22.9763382 120.2344647,22.9763318 120.234625,22.9762846 120.2346831,22.9762687 120.2347332,22.9762595 120.2349014,22.9762313 120.2350614,22.9761901 120.2351051,22.9761797 120.2353005,22.9761412 120.2353207,22.9761366 120.235393,22.9761195 120.2355253,22.9760867 120.2355515,22.9760828 120.2356472,22.9760662 120.2356961,22.9760587 120.2357098,22.9760567 120.2358261,22.9760374 120.2358563,22.976033 120.2358564,22.9760335 120.2359045,22.9760275 120.235962,22.9760192 120.2359622,22.9760193 120.2359622,22.9760283 120.2360201,22.9760327 120.2361284,22.9760285 120.2361712,22.9760373 120.2361904,22.9760214 120.2364253,22.9760072 120.2364254,22.9760073 120.2364258,22.9760278 120.2370266,22.9759223 120.2374271,22.9758476 120.2375941,22.9758005 120.2379733,22.9755956 120.238152,22.9754969 120.2383498,22.9754437</coordinates></LinearRing></outerBoundaryIs>
        </Polygon>
      </MultiGeometry>
  </Placemark>
  <Placemark>
	<Style><LineStyle><color>ff0000ff</color></LineStyle><PolyStyle><fill>0</fill></PolyStyle></Style>
	<ExtendedData><SchemaData schemaUrl="#114SEC_DCTBLPD">
		<SimpleData name="段碼">1567</SimpleData>
		<SimpleData name="段名">裕南段</SimpleData>
		<SimpleData name="行政區">東區</SimpleData>
	</SchemaData></ExtendedData>
      <MultiGeometry>
        <Polygon>
          <outerBoundaryIs><LinearRing><coordinates>120.2329008,22.9845792 120.2344792,22.98473 120.2346809,22.9847514 120.2348622,22.9847703 120.2350141,22.9847811 120.2355398,22.9848314 120.2355711,22.9847968 120.2355713,22.9847969 120.2356063,22.9849094 120.2356092,22.9849094 120.2356216,22.9849475 120.236107,22.9850175 120.2373909,22.9850979 120.2383921,22.9850947 120.2383922,22.9850948 120.2383696,22.9870879 120.2383158,22.987609 120.2382097,22.9888239 120.2382096,22.988824 120.2376846,22.9887552 120.2376536,22.9887435 120.2372277,22.9886849 120.2364735,22.9885902 120.2362622,22.9885757 120.2355924,22.9885457 120.235508,22.9885555 120.2348436,22.9885242 120.2339463,22.9884981 120.2331094,22.9884468 120.2331093,22.9884467 120.2331162,22.9884105 120.2331282,22.988367 120.2331366,22.9883426 120.2331433,22.9883281 120.2331469,22.9883209 120.2331544,22.9883068 120.2331625,22.9882929 120.2331711,22.9882793 120.2331756,22.9882726 120.2331802,22.988266 120.2331898,22.988253 120.2331948,22.9882466 120.2332051,22.988234 120.2332159,22.9882218 120.2332271,22.98821 120.2332388,22.9881985 120.2332448,22.988193 120.2332509,22.9881875 120.2332634,22.9881768 120.2332763,22.9881665 120.2332896,22.9881566 120.2333032,22.9881472 120.2333102,22.9881427 120.2333263,22.9881328 120.2333367,22.9881268 120.2333879,22.9880394 120.2333307,22.9875254 120.2332001,22.9863464 120.2331968,22.986319 120.2331939,22.9862966 120.2331898,22.9862682 120.2331861,22.9862437 120.2331815,22.9862158 120.233178,22.9861958 120.233173,22.9861693 120.2331675,22.9861414 120.2331636,22.9861226 120.2331586,22.9860996 120.2331537,22.9860777 120.2331488,22.9860572 120.2331424,22.9860313 120.2331378,22.9860132 120.2331304,22.9859857 120.2331261,22.98597 120.2331138,22.9859277 120.2331073,22.9859067 120.2330994,22.9858815 120.2330906,22.985855 120.2330834,22.9858336 120.2330696,22.9857949 120.2330579,22.9857635 120.2330483,22.9857386 120.233036,22.985708 120.2330213,22.9856728 120.2329812,22.9855836 120.2329613,22.9855427 120.2329174,22.9854584 120.2329085,22.9854431 120.2328998,22.985445 120.2328997,22.9854449 120.2328994,22.9854276 120.2328556,22.9853525 120.2328319,22.9853531 120.2328318,22.985353 120.2328391,22.9853395 120.2328478,22.9853378 120.2328435,22.9853317 120.23283,22.9853105 120.2328012,22.9852666 120.232749,22.9851914 120.2327204,22.9851524 120.232691,22.9851139 120.232661,22.9850759 120.2326044,22.9850079 120.2323445,22.9847078 120.2323446,22.9847077 120.2326787,22.9847186 120.2326821,22.9846877 120.2326822,22.9846876 120.2327045,22.9846904 120.2326862,22.9846693 120.2326862,22.9846691 120.2327441,22.9846772 120.2329008,22.9845792</coordinates></LinearRing></outerBoundaryIs>
        </Polygon>
      </MultiGeometry>
  </Placemark>
  <Placemark>
	<Style><LineStyle><color>ff0000ff</color></LineStyle><PolyStyle><fill>0</fill></PolyStyle></Style>
	<ExtendedData><SchemaData schemaUrl="#114SEC_DCTBLPD">
		<SimpleData name="段碼">1568</SimpleData>
		<SimpleData name="段名">新後甲段</SimpleData>
		<SimpleData name="行政區">東區</SimpleData>
	</SchemaData></ExtendedData>
      <MultiGeometry>
        <Polygon>
          <outerBoundaryIs><LinearRing><coordinates>120.2329314,22.9884328 120.2329714,22.9884389 120.2331094,22.9884467 120.2339463,22.9884979 120.2348436,22.988524 120.235508,22.9885553 120.2355924,22.9885455 120.2362622,22.9885756 120.2364735,22.98859 120.2372277,22.9886847 120.2376537,22.9887433 120.2376846,22.9887551 120.2382096,22.9888238 120.2382051,22.9888768 120.2393115,22.9890259 120.2394323,22.9890513 120.239459,22.9890614 120.2395943,22.9890808 120.2397158,22.9890984 120.2407455,22.9892961 120.2406724,22.9896487 120.2406521,22.9897743 120.2407482,22.9897987 120.240702,22.990213 120.2406067,22.9902093 120.2406005,22.9902585 120.2405724,22.9902647 120.240565,22.990295 120.2405096,22.9902837 120.2405004,22.9903273 120.2404595,22.9903983 120.2404356,22.9905058 120.240389,22.9905915 120.2403492,22.9906346 120.2402916,22.9908095 120.2403019,22.9909825 120.2472446,22.9909738 120.24763,22.9910222 120.2476319,22.9906953 120.247632,22.9906952 120.2478267,22.9907309 120.2478286,22.9904071 120.2478288,22.9904071 120.2480652,22.9906627 120.2481034,22.990685 120.2481361,22.9906832 120.2481368,22.9906807 120.248137,22.9906807 120.2481915,22.9907264 120.2482288,22.9907626 120.2482626,22.9907933 120.2484328,22.9909796 120.2484658,22.9909818 120.2487623,22.9915012 120.2490283,22.9920658 120.2491109,22.9922562 120.2491751,22.9923719 120.2492337,22.9923999 120.2492737,22.9924764 120.2492736,22.9924765 120.2491032,22.9924837 120.248876,22.9924468 120.2488265,22.9924383 120.2485405,22.9923921 120.24854,22.9924873 120.2485399,22.9924874 120.2482981,22.9924677 120.2476879,22.9924979 120.2474445,22.9924264 120.2473387,22.9924337 120.247154,22.9924618 120.2471539,22.9924617 120.2471493,22.9923995 120.2471428,22.9923501 120.247013,22.992424 120.2469504,22.9924413 120.2469006,22.9924791 120.2467928,22.9925094 120.2467859,22.9925395 120.2467588,22.9925737 120.2466597,22.9925953 120.2465502,22.9926022 120.2464914,22.9925804 120.2464524,22.9925975 120.2459197,22.9924388 120.2458163,22.9924349 120.2457436,22.9924332 120.2456046,22.9923582 120.2454877,22.9924899 120.2454618,22.9925058 120.2454194,22.9924712 120.2453546,22.9924372 120.2453362,22.9923193 120.2452968,22.9922565 120.2451986,22.992234 120.2451537,22.9921908 120.2451298,22.9921444 120.2450234,22.9920671 120.2450345,22.9919268 120.2449716,22.9918182 120.2448491,22.9916852 120.2444126,22.9913541 120.2443499,22.9913874 120.2441311,22.9916045 120.2440922,22.9915969 120.243736,22.9914922 120.2437315,22.9914724 120.2437004,22.9914601 120.2436565,22.9914542 120.2434842,22.9915036 120.2433548,22.9915621 120.2432543,22.9915901 120.2432706,22.9917711 120.2432345,22.9918345 120.2431741,22.9918904 120.2431274,22.9919108 120.2431412,22.9920067 120.2430134,22.9922833 120.2429926,22.9925114 120.2429504,22.9926901 120.2429229,22.992755 120.2428346,22.9929605 120.242724,22.9932837 120.2422965,22.9932243 120.2422117,22.9932274 120.2420399,22.9932314 120.2419225,22.9931991 120.2419246,22.9931891 120.2410723,22.9930477 120.2405738,22.9933131 120.2402099,22.9932086 120.2401202,22.9931723 120.2400335,22.9931005 120.2399147,22.9931114 120.2399145,22.9931114 120.239918,22.9930085 120.2399215,22.9929221 120.2397158,22.992915 120.2397016,22.9910322 120.2374978,22.9909986 120.2357724,22.9910073 120.2353802,22.9910135 120.2353428,22.9910224 120.2346941,22.991028 120.2346853,22.9910939 120.2346608,22.9912517 120.2346271,22.9914123 120.2343593,22.9914061 120.2343575,22.991528 120.2343223,22.9915611 120.2342334,22.9915581 120.2341013,22.9915538 120.2340716,22.9915274 120.2340679,22.9915265 120.2342023,22.9927448 120.2348199,22.9981918 120.2348919,22.9982527 120.2364064,22.9982719 120.2388509,22.9983024 120.2388547,22.9978441 120.2388564,22.9967753 120.2388565,22.9967752 120.2396599,22.9967791 120.2396949,22.9968107 120.2397009,22.9969215 120.2397061,22.9969869 120.23972,22.9971163 120.2397291,22.9971825 120.2397362,22.9972295 120.239772,22.997419 120.2398448,22.9977545 120.2398554,22.9978069 120.2398608,22.997838 120.2398657,22.9978692 120.2398699,22.9979004 120.2398736,22.9979317 120.2398767,22.9979631 120.2398792,22.9979945 120.2398811,22.998026 120.2398824,22.9980575 120.2398831,22.998089 120.2398828,22.9981506 120.2398798,22.9982772 120.2398379,22.9983147 120.2399392,22.9983161 120.239942,22.9983319 120.2399499,22.9984578 120.2399498,22.9984579 120.23976,22.9984497 120.2393328,22.998441 120.2345499,22.9984066 120.2339108,22.9927706 120.2339021,22.9926915 120.233899,22.9926648 120.233727,22.991131 120.2334922,22.989016 120.233488,22.9889855 120.2334718,22.9889695 120.2334514,22.9889484 120.2334107,22.9889347 120.2333949,22.9889287 120.2333872,22.9889255 120.2333718,22.9889188 120.2333566,22.9889116 120.2333418,22.9889038 120.2333272,22.9888957 120.233313,22.988887 120.2332991,22.9888779 120.2332856,22.9888683 120.2332789,22.9888634 120.2332659,22.9888532 120.2332534,22.9888426 120.2332412,22.9888316 120.2332294,22.9888202 120.2332181,22.9888084 120.2332072,22.9887963 120.2331968,22.9887838 120.2331869,22.988771 120.2331774,22.9887579 120.2331729,22.9887512 120.2331642,22.9887377 120.233156,22.9887238 120.2331484,22.9887098 120.2331412,22.9886954 120.2331347,22.9886809 120.2331287,22.9886662 120.2331232,22.9886512 120.2331179,22.9886349 120.2331063,22.9885854 120.2330592,22.9885488 120.2325926,22.9886945 120.2325925,22.9886944 120.2327247,22.9885772 120.2326987,22.988551 120.2326837,22.9884971 120.2326792,22.9884803 120.2326742,22.9884782 120.2326743,22.988478 120.2329314,22.9884328</coordinates></LinearRing></outerBoundaryIs>
        </Polygon>
      </MultiGeometry>
  </Placemark>
  <Placemark>
	<Style><LineStyle><color>ff0000ff</color></LineStyle><PolyStyle><fill>0</fill></PolyStyle></Style>
	<ExtendedData><SchemaData schemaUrl="#114SEC_DCTBLPD">
		<SimpleData name="段碼">1569</SimpleData>
		<SimpleData name="段名">復興段</SimpleData>
		<SimpleData name="行政區">東區</SimpleData>
	</SchemaData></ExtendedData>
      <MultiGeometry>
        <Polygon>
          <outerBoundaryIs><LinearRing><coordinates>120.2392197,22.9800905 120.2392198,22.9800907 120.2392057,22.9801027 120.2393474,22.9826781 120.2387206,22.9828047 120.2384235,22.9828323 120.2384229,22.982885 120.2383479,22.9829037 120.2381793,22.9829389 120.2380065,22.9830097 120.2378903,22.9830218 120.2377662,22.9829926 120.2376642,22.9830048 120.2375827,22.9845582 120.2379004,22.9845608 120.2379005,22.9845645 120.2378995,22.9846654 120.238161,22.9847271 120.2383251,22.9847847 120.238326,22.9845659 120.2383603,22.9845659 120.2383729,22.9844876 120.238366,22.9844938 120.2383598,22.9844938 120.2383591,22.9842953 120.2384031,22.984295 120.2384032,22.9842951 120.2383939,22.9849548 120.2383922,22.9850948 120.2373909,22.985098 120.236107,22.9850177 120.2356215,22.9849477 120.2356091,22.9849095 120.2356061,22.9849095 120.2355697,22.9847924 120.2351723,22.9834849 120.2350792,22.98321 120.2346875,22.9819468 120.2346437,22.9817948 120.2344156,22.9810555 120.2343674,22.9809143 120.2343306,22.9807951 120.2343182,22.9807506 120.2343073,22.980706 120.2342979,22.9806603 120.2342917,22.9806192 120.2342819,22.9805003 120.234286,22.9803839 120.2342988,22.9802673 120.234318,22.9801489 120.234288,22.9801126 120.2342945,22.9800751 120.2343918,22.9800875 120.2344827,22.9801683 120.2348515,22.9801759 120.2351176,22.980181 120.235257,22.9801687 120.2355018,22.9802227 120.2358145,22.9802571 120.2360932,22.9802821 120.2365027,22.9803074 120.2374816,22.9803617 120.2374819,22.9803602 120.2376195,22.9803566 120.2378483,22.9803067 120.2379013,22.9802935 120.2380103,22.9802877 120.2380397,22.9802588 120.2380471,22.9802569 120.2381267,22.9802343 120.2381326,22.9802342 120.2381632,22.9802642 120.2383695,22.98023 120.2384289,22.980229 120.2387192,22.9801854 120.2388734,22.9801637 120.238908,22.9801609 120.2390086,22.980189 120.2390378,22.9801418 120.2390648,22.9801336 120.2391498,22.9801148 120.2392197,22.9800905</coordinates></LinearRing></outerBoundaryIs>
        </Polygon>
      </MultiGeometry>
  </Placemark>
  <Placemark>
	<Style><LineStyle><color>ff0000ff</color></LineStyle><PolyStyle><fill>0</fill></PolyStyle></Style>
	<ExtendedData><SchemaData schemaUrl="#114SEC_DCTBLPD">
		<SimpleData name="段碼">1801</SimpleData>
		<SimpleData name="段名">桶盤淺段</SimpleData>
		<SimpleData name="行政區">南區</SimpleData>
	</SchemaData></ExtendedData>
      <MultiGeometry>
        <Polygon>
          <outerBoundaryIs><LinearRing><coordinates>120.1925951,22.9617798 120.1930044,22.9618597 120.1931379,22.9618856 120.1932547,22.9619087 120.1932987,22.9619167 120.193413,22.9619394 120.1934131,22.961944 120.1934237,22.9619461 120.1934482,22.961929 120.1935612,22.9618707 120.1935975,22.9618413 120.1941773,22.9619532 120.1949004,22.9620911 120.1949004,22.9620913 120.1948458,22.9620913 120.1949105,22.9620916 120.1954321,22.9621949 120.1954301,22.9626265 120.1954298,22.9626266 120.195428,22.9631798 120.1954254,22.9637326 120.1953503,22.9637327 120.1951659,22.9637326 120.1948108,22.9637319 120.1947544,22.9637321 120.1949536,22.9637331 120.195421,22.9637338 120.1954211,22.9637339 120.1954185,22.9640703 120.1954144,22.965 120.1954132,22.9653754 120.1953404,22.9653755 120.1951047,22.9653752 120.19506,22.9653749 120.1949714,22.9653747 120.1949281,22.9653748 120.1948859,22.9653744 120.1947593,22.9653746 120.1946312,22.9653745 120.1948263,22.9653755 120.1949252,22.9653753 120.1951073,22.9653762 120.1953446,22.9653767 120.1954158,22.9653771 120.1954141,22.9661979 120.1954134,22.9670183 120.1953708,22.9670184 120.1954115,22.9670188 120.1954116,22.9670189 120.1954085,22.9672335 120.1954084,22.9672336 120.19537,22.9672292 120.1953193,22.9672337 120.1952532,22.9672159 120.1949457,22.9671814 120.1947377,22.9671582 120.1945694,22.9671388 120.1945191,22.9671328 120.1945219,22.9670163 120.194523,22.9670162 120.194516,22.966707 120.1945058,22.9662932 120.1944673,22.966292 120.1940919,22.9662873 120.1936347,22.9662821 120.1936089,22.9658047 120.1935849,22.965372 120.1935814,22.9653718 120.1935595,22.9649548 120.1935459,22.9646699 120.1935309,22.9643856 120.1934221,22.9643841 120.193411,22.9643838 120.1934038,22.9643833 120.1934039,22.9643301 120.1934044,22.9642459 120.1934042,22.9641814 120.1934052,22.9637287 120.1934062,22.9637286 120.1934062,22.9637278 120.1933173,22.9637275 120.1934039,22.9637287 120.193402,22.9640882 120.1934012,22.964381 120.1934011,22.9643811 120.1929718,22.9643686 120.1925425,22.9643573 120.1925481,22.9640953 120.192556,22.9637568 120.1925562,22.9637253 120.1925861,22.9637253 120.1925573,22.9637251 120.1925572,22.963725 120.1925657,22.9632445 120.1925885,22.9620838 120.1927173,22.9620829 120.1927783,22.9620828 120.1927173,22.9620826 120.1925884,22.9620826 120.1925883,22.9620825 120.192595,22.9617799 120.1925951,22.9617798</coordinates></LinearRing></outerBoundaryIs>
          <innerBoundaryIs><LinearRing><coordinates>120.1934099,22.9620852 120.1932489,22.9620846 120.1931873,22.9620842 120.1931132,22.9620839 120.1931872,22.9620852 120.1932938,22.962086 120.1933355,22.962086 120.1934099,22.9620865 120.1934099,22.9620852</coordinates></LinearRing></innerBoundaryIs>
          <innerBoundaryIs><LinearRing><coordinates>120.1934101,22.9623343 120.1934093,22.9624447 120.1934087,22.9626599 120.1934087,22.9627859 120.1934084,22.9628289 120.1934074,22.9631751 120.1934074,22.9633288 120.1934077,22.9631767 120.1934094,22.9628222 120.1934092,22.9627867 120.19341,22.962607 120.1934101,22.9623343</coordinates></LinearRing></innerBoundaryIs>
          <innerBoundaryIs><LinearRing><coordinates>120.194357,22.9653733 120.1943176,22.9653733 120.1942774,22.9653731 120.1941917,22.9653731 120.19432,22.9653736 120.1943833,22.9653735 120.194357,22.9653733</coordinates></LinearRing></innerBoundaryIs>
        </Polygon>
      </MultiGeometry>
  </Placemark>
  <Placemark>
	<Style><LineStyle><color>ff0000ff</color></LineStyle><PolyStyle><fill>0</fill></PolyStyle></Style>
	<ExtendedData><SchemaData schemaUrl="#114SEC_DCTBLPD">
		<SimpleData name="段碼">1802</SimpleData>
		<SimpleData name="段名">公英段</SimpleData>
		<SimpleData name="行政區">南區</SimpleData>
	</SchemaData></ExtendedData>
      <MultiGeometry>
        <Polygon>
          <outerBoundaryIs><LinearRing><coordinates>120.2111758,22.9732696 120.2113203,22.973277 120.2114352,22.9732832 120.2115178,22.9732836 120.2115179,22.9732837 120.2115176,22.9732888 120.211499,22.9732879 120.2114612,22.9732853 120.211422,22.9732838 120.2111762,22.9732825 120.2111757,22.9732697 120.2111758,22.9732696</coordinates></LinearRing></outerBoundaryIs>
        </Polygon>
        <Polygon>
          <outerBoundaryIs><LinearRing><coordinates>120.2122488,22.9712445 120.2124378,22.9714025 120.2125019,22.9714555 120.2125999,22.9715362 120.2125827,22.9716435 120.212569,22.971731 120.2125576,22.9718078 120.2125492,22.9718649 120.2125472,22.9719334 120.2122448,22.971932 120.2122447,22.9719319 120.2122449,22.971898 120.212245,22.9718336 120.2122468,22.97156 120.212248,22.9713496 120.2122487,22.9712446 120.2122488,22.9712445</coordinates></LinearRing></outerBoundaryIs>
        </Polygon>
        <Polygon>
          <outerBoundaryIs><LinearRing><coordinates>120.2098389,22.9692467 120.2101314,22.9694905 120.2103067,22.9696372 120.2103062,22.9697312 120.2103069,22.9696383 120.2103071,22.9696382 120.2103094,22.9696389 120.2103731,22.9696916 120.2104373,22.969745 120.2106233,22.9699004 120.2106726,22.9699414 120.2107006,22.9699644 120.2107423,22.9699994 120.2108711,22.9701064 120.2110806,22.970281 120.2111308,22.970322 120.2112078,22.9703854 120.2112138,22.9703905 120.2112795,22.9704448 120.211384,22.9705315 120.2114356,22.9705739 120.2114355,22.9705741 120.2109416,22.9705714 120.2105414,22.9705688 120.2103471,22.9705686 120.211284,22.9705739 120.2114376,22.9705745 120.2114561,22.9705901 120.2115263,22.9706478 120.211562,22.9706776 120.2115947,22.9707043 120.2116288,22.9707325 120.2117294,22.9708162 120.211864,22.9709273 120.2118713,22.970933 120.211984,22.9710262 120.21199,22.971031 120.212048,22.9710796 120.2121367,22.9711532 120.2121703,22.971181 120.2122035,22.9712089 120.2122067,22.9712118 120.2122367,22.9712367 120.212248,22.9712466 120.212247,22.97147 120.212244,22.9719325 120.2122441,22.9719326 120.2122429,22.9720918 120.2122388,22.9727162 120.2122019,22.972724 120.2119651,22.9727726 120.21185,22.9727954 120.2117925,22.9728072 120.2116518,22.9728354 120.2114745,22.9729338 120.2114756,22.972935 120.2116525,22.972837 120.2118403,22.9727985 120.2121048,22.9727445 120.2122397,22.9727169 120.2122398,22.9727156 120.2123996,22.9726831 120.2122397,22.9727152 120.2122396,22.9727151 120.2122403,22.9725877 120.2122449,22.9719326 120.2123983,22.9719332 120.2125475,22.9719341 120.2125476,22.9719342 120.2125428,22.9721077 120.2125451,22.9720333 120.2125486,22.9719355 120.2125481,22.9719354 120.2125499,22.9718709 120.2125664,22.9717622 120.2125748,22.9717101 120.2125796,22.9716779 120.2125861,22.971636 120.2126016,22.971538 120.2126017,22.971538 120.2126226,22.9715557 120.2127416,22.9716553 120.2127887,22.9716951 120.2128516,22.9717469 120.2128693,22.9717617 120.2129622,22.9718363 120.213101,22.9719377 120.2131009,22.9719379 120.2131005,22.9719379 120.2131244,22.9719544 120.2131564,22.9719768 120.2131903,22.9719983 120.2132829,22.9720526 120.2133376,22.9720834 120.2133913,22.9721133 120.2134202,22.972129 120.2134596,22.9721497 120.2135178,22.9721788 120.2135591,22.9721988 120.2135843,22.9722106 120.2136911,22.9722565 120.2137481,22.9722799 120.2138363,22.9723138 120.2138675,22.9723251 120.2138991,22.9723355 120.2139771,22.9723608 120.2140248,22.9723748 120.2140727,22.9723882 120.2141095,22.9723982 120.2141511,22.972409 120.2141914,22.9724192 120.2141889,22.9728921 120.2141863,22.9732961 120.214097,22.9732958 120.2140643,22.9732955 120.2140296,22.9732957 120.2137618,22.9732942 120.2134375,22.9732929 120.2140362,22.9732959 120.2141874,22.9732968 120.2141832,22.9739662 120.214183,22.9740392 120.214179,22.9746363 120.2141787,22.9746504 120.2122643,22.9746414 120.2122642,22.9746418 120.2133692,22.9746479 120.2140142,22.9746508 120.2141814,22.9746513 120.2141827,22.9743311 120.2141875,22.9732968 120.214189,22.9732968 120.2141913,22.9727828 120.2141915,22.972697 120.2141929,22.9724202 120.2141931,22.9724201 120.2142691,22.9724377 120.2144031,22.9724663 120.2144246,22.9724705 120.2146463,22.9725161 120.214677,22.9725624 120.2147958,22.9725947 120.2148647,22.9726136 120.2148451,22.9727017 120.2147537,22.9730983 120.2147265,22.9732187 120.2147076,22.9733016 120.2147069,22.9733017 120.2145542,22.9739759 120.2144028,22.9746524 120.2144047,22.9746524 120.2144048,22.9746525 120.2143445,22.9749245 120.214254,22.975335 120.2141764,22.9756896 120.2141762,22.9756896 120.2141772,22.975322 120.2141788,22.9749084 120.2141729,22.975685 120.2141589,22.9757484 120.2141353,22.9758588 120.214112,22.9759633 120.2141029,22.9760055 120.2141086,22.9760055 120.2141087,22.9760056 120.2140366,22.9763421 120.2140157,22.9764369 120.2139643,22.9766785 120.2138924,22.9770103 120.2138178,22.97736 120.2138174,22.97736 120.2137817,22.9775231 120.2137463,22.9776874 120.2137048,22.9778697 120.2136558,22.9781001 120.2136485,22.978133 120.2135562,22.9784044 120.2135244,22.9784993 120.2134932,22.9785945 120.2134351,22.9787124 120.2134338,22.9787124 120.213257,22.9790645 120.213164,22.9792493 120.2131222,22.9793336 120.2130137,22.979546 120.212967,22.9796405 120.2128609,22.9798514 120.2127962,22.9799821 120.2127558,22.9800631 120.2127546,22.9800632 120.2127249,22.980123 120.2125927,22.9803839 120.2124383,22.9806921 120.2124078,22.9807519 120.2122184,22.9811285 120.2120005,22.9811318 120.2115567,22.9811399 120.2108997,22.9811504 120.2107261,22.9811543 120.2105049,22.9811579 120.2102425,22.9811626 120.2102424,22.9811625 120.2102454,22.9804885 120.2102414,22.9811608 120.209997,22.9811644 120.2098049,22.9811684 120.2097417,22.9811693 120.2097416,22.9811806 120.2094283,22.9811856 120.2094252,22.981034 120.2094839,22.9808344 120.2094412,22.9800228 120.2094204,22.9797466 120.2093943,22.9793581 120.2093885,22.9792227 120.2093789,22.9787621 120.2093669,22.9781461 120.2093627,22.9779662 120.2093628,22.9779661 120.2096141,22.9779668 120.2098035,22.9779681 120.2101769,22.9779683 120.2103579,22.9779692 120.2104407,22.977969 120.2105105,22.9779692 120.2105053,22.9779573 120.2104226,22.9779577 120.2103964,22.9779576 120.2102604,22.9779582 120.2102603,22.9779581 120.2102603,22.9779371 120.2102608,22.9778393 120.2102625,22.9775177 120.2102629,22.977391 120.2102622,22.9775166 120.2102589,22.9779565 120.2102588,22.9779566 120.2101638,22.977956 120.2100328,22.9779555 120.2099018,22.9779557 120.2096128,22.9779542 120.2094788,22.9779544 120.209345,22.9779541 120.2093453,22.9779759 120.2093464,22.9779978 120.2093466,22.9780209 120.2093493,22.9781213 120.2093542,22.9783397 120.209356,22.9783397 120.2093568,22.9784373 120.2093583,22.9785348 120.2093603,22.9786909 120.2093615,22.978691 120.2093623,22.9787592 120.2093678,22.9790704 120.2093718,22.9792567 120.2094029,22.9797336 120.2094235,22.9800067 120.2094254,22.9800456 120.2094253,22.9800457 120.2091976,22.9800447 120.2092532,22.9800455 120.2094268,22.9800463 120.2094664,22.9808227 120.2094095,22.9810196 120.2094152,22.9811741 120.2094151,22.9811742 120.2092169,22.9811776 120.2091094,22.9811798 120.2090707,22.9811803 120.2089934,22.9811816 120.2087741,22.981186 120.2087294,22.9811863 120.208582,22.9811887 120.2082923,22.9811942 120.2082922,22.9811941 120.208293,22.9809539 120.2082946,22.9805674 120.2082951,22.9804955 120.208296,22.9802244 120.2082968,22.9800402 120.2082982,22.9800401 120.2082993,22.9797687 120.2083048,22.9786856 120.2083036,22.9786856 120.2082999,22.9792919 120.2082958,22.9800395 120.2082957,22.9800396 120.2081604,22.9800387 120.2077631,22.980037 120.2077286,22.980037 120.2075872,22.9800362 120.2071063,22.9800341 120.2075874,22.980037 120.2077885,22.9800376 120.2079624,22.9800387 120.2082964,22.9800402 120.2082961,22.9800958 120.208296,22.9801506 120.2082949,22.9802872 120.2082935,22.9804955 120.2082931,22.9805625 120.2082932,22.9805702 120.2082894,22.9811949 120.2081189,22.9811977 120.2079002,22.981201 120.2072212,22.9812122 120.2071729,22.9812133 120.2071136,22.9812138 120.2069826,22.9812155 120.2066292,22.9812208 120.2063389,22.9812261 120.2063388,22.9812261 120.2063447,22.9802861 120.2063423,22.9805755 120.2063377,22.9812249 120.206192,22.9812265 120.2060463,22.9812294 120.2056629,22.9812361 120.2055855,22.9812376 120.2052712,22.981242 120.2048531,22.9812494 120.2047322,22.9812508 120.2046128,22.9812537 120.2043956,22.9812576 120.2043892,22.9812573 120.2043899,22.9810789 120.20439,22.9809728 120.2043877,22.981258 120.2041083,22.9812632 120.2037669,22.9812674 120.2036137,22.9812696 120.2033717,22.9812737 120.2029814,22.9812809 120.2027611,22.9812846 120.2024691,22.9812891 120.2024369,22.9812899 120.2024368,22.9812898 120.2024441,22.9802166 120.202436,22.9812877 120.2023485,22.9812888 120.2020821,22.9812932 120.2014729,22.981304 120.2012468,22.981307 120.2009009,22.9813132 120.2008651,22.9813135 120.2007854,22.9813153 120.2007411,22.9812772 120.2007346,22.9808663 120.2007314,22.9806273 120.2007267,22.9803296 120.2007234,22.9801095 120.2007222,22.9800024 120.2007241,22.9800024 120.200717,22.9795067 120.2007479,22.979506 120.2007572,22.979506 120.2012498,22.9794974 120.2013812,22.9794955 120.2015127,22.9794942 120.2023165,22.9794816 120.2024483,22.9794791 120.2024484,22.9794788 120.2024989,22.9794782 120.2025994,22.9794761 120.2035202,22.9794653 120.2035591,22.9794269 120.2035448,22.9786618 120.2035449,22.9786617 120.2035435,22.9785653 120.203539,22.9782724 120.2035353,22.9780085 120.2035327,22.9777796 120.203528,22.9775745 120.2035248,22.9773077 120.2035197,22.9770246 120.2035163,22.9768128 120.2034757,22.9768516 120.2024639,22.9768692 120.2024638,22.9768686 120.2019933,22.9768769 120.201991,22.976806 120.2019836,22.9765323 120.2019789,22.9763983 120.2019562,22.97564 120.2019563,22.9756399 120.2024699,22.9756494 120.2024676,22.9759471 120.2020843,22.9759453 120.2024699,22.9759472 120.2024711,22.9756787 120.2024713,22.9756502 120.2024714,22.9756502 120.2025948,22.9756521 120.2026852,22.9756695 120.2027016,22.9756725 120.2027214,22.9756753 120.2030332,22.9757294 120.2032061,22.9757497 120.2035331,22.9757512 120.2033107,22.97523 120.2032711,22.9752021 120.2032264,22.9751968 120.2032188,22.9751955 120.2028464,22.9751507 120.2024743,22.9751047 120.2024748,22.9750015 120.202474,22.9751046 120.2024739,22.9751047 120.202448,22.9751014 120.2024044,22.9751008 120.2016707,22.9750932 120.2013895,22.9750907 120.2010581,22.9750863 120.2009564,22.9750853 120.2009125,22.975085 120.2006507,22.9750823 120.2006487,22.9749203 120.2006488,22.9749202 120.2010182,22.974924 120.2012976,22.9749276 120.2015252,22.9749298 120.2020008,22.9749348 120.2020138,22.9749348 120.2021405,22.9749359 120.2021756,22.9749368 120.2024528,22.9749385 120.2024751,22.9749415 120.2024752,22.9749423 120.2031281,22.9750212 120.2033007,22.9750425 120.2033217,22.9750447 120.2038506,22.9751098 120.203854,22.9751094 120.203874,22.9751028 120.2040052,22.9751978 120.2040629,22.9751981 120.2042748,22.9749783 120.2044255,22.9748231 120.2044255,22.9748202 120.2044262,22.97482 120.2046345,22.9746034 120.2046359,22.9746034 120.204692,22.9745454 120.2048012,22.9744308 120.2049414,22.9742848 120.2052703,22.9739416 120.2053197,22.9738894 120.2055132,22.973687 120.2055434,22.9736549 120.2055741,22.9736231 120.2056043,22.9735911 120.2056662,22.9735273 120.2059129,22.9732709 120.2059282,22.9732558 120.2063876,22.9732578 120.2063887,22.9729911 120.206401,22.9729845 120.2063874,22.9729908 120.2063873,22.9730167 120.206386,22.9732566 120.205927,22.9732546 120.2059269,22.9732545 120.2059748,22.9732053 120.2059745,22.9732053 120.2059744,22.9732052 120.206387,22.9727784 120.2063871,22.972776 120.2066848,22.9724668 120.2069663,22.9721726 120.2072214,22.9719076 120.2072222,22.9719076 120.2075428,22.9715743 120.2076439,22.9714688 120.2078891,22.9712126 120.20835,22.9707323 120.2083502,22.9707324 120.2083488,22.9710073 120.2083512,22.9707317 120.2084231,22.9706565 120.2085174,22.9705595 120.209487,22.9705643 120.2087371,22.97056 120.2085139,22.9705589 120.2085138,22.9705588 120.2089672,22.9700902 120.2092413,22.9698064 120.2092668,22.9697803 120.2096106,22.9694255 120.2097817,22.9692495 120.2098389,22.9692467</coordinates></LinearRing></outerBoundaryIs>
          <innerBoundaryIs><LinearRing><coordinates>120.2103024,22.9705685 120.2103017,22.9705685 120.2102963,22.9713331 120.210296,22.9714037 120.2102942,22.9716457 120.210294,22.9717091 120.2102927,22.971967 120.2102897,22.9724208 120.210288,22.9727285 120.2102864,22.9729393 120.2102861,22.9729686 120.2102857,22.9730347 120.2102851,22.9732576 120.2102879,22.9729383 120.2102945,22.9719229 120.210358,22.9719231 120.2106798,22.971925 120.2108756,22.9719256 120.2102932,22.9719227 120.2102931,22.9719226 120.2103024,22.9705685</coordinates></LinearRing></innerBoundaryIs>
          <innerBoundaryIs><LinearRing><coordinates>120.2109727,22.9719261 120.211062,22.9719268 120.2118075,22.971931 120.2119473,22.9719316 120.2109727,22.9719261</coordinates></LinearRing></innerBoundaryIs>
          <innerBoundaryIs><LinearRing><coordinates>120.2115198,22.9732633 120.2115189,22.9732834 120.2114564,22.9732831 120.2111901,22.9732688 120.2111741,22.9732682 120.2111746,22.9732813 120.2111745,22.9732814 120.2105447,22.9732785 120.2103759,22.9732776 120.2103563,22.9732616 120.2102952,22.9732647 120.2102943,22.9732642 120.2102963,22.9732654 120.2103569,22.973263 120.2103756,22.9732778 120.2103772,22.9732778 120.2103775,22.9732781 120.210432,22.9732781 120.2110256,22.9732811 120.2110973,22.9732812 120.2111741,22.9732819 120.2111794,22.9734621 120.211124,22.9734712 120.2111805,22.973463 120.2111758,22.9732827 120.2111758,22.9732826 120.2112732,22.9732832 120.2113663,22.9732841 120.2114266,22.9732841 120.2115194,22.9732893 120.2115195,22.9732844 120.2115204,22.9732843 120.2115213,22.9732633 120.2115198,22.9732633</coordinates></LinearRing></innerBoundaryIs>
          <innerBoundaryIs><LinearRing><coordinates>120.2115627,22.9732655 120.2115508,22.973433 120.2115526,22.9734331 120.2115628,22.9732836 120.2115642,22.9732656 120.2115627,22.9732655</coordinates></LinearRing></innerBoundaryIs>
          <innerBoundaryIs><LinearRing><coordinates>120.2132777,22.9732921 120.2132655,22.9732921 120.2133319,22.9732924 120.2132777,22.9732921</coordinates></LinearRing></innerBoundaryIs>
          <innerBoundaryIs><LinearRing><coordinates>120.2122212,22.9732871 120.2120553,22.9732864 120.2121956,22.9732871 120.2122212,22.9732871</coordinates></LinearRing></innerBoundaryIs>
          <innerBoundaryIs><LinearRing><coordinates>120.2086668,22.9719144 120.2085447,22.971914 120.2089345,22.9719164 120.2097914,22.9719205 120.2086668,22.9719144</coordinates></LinearRing></innerBoundaryIs>
          <innerBoundaryIs><LinearRing><coordinates>120.2083537,22.971913 120.2083441,22.9719129 120.2083441,22.9719132 120.2084531,22.9719135 120.2083537,22.971913</coordinates></LinearRing></innerBoundaryIs>
          <innerBoundaryIs><LinearRing><coordinates>120.2085415,22.971914 120.2085417,22.9719141 120.2085418,22.971914 120.2085415,22.971914</coordinates></LinearRing></innerBoundaryIs>
          <innerBoundaryIs><LinearRing><coordinates>120.2083441,22.9719137 120.2083434,22.9719137 120.2083423,22.9721048 120.2083441,22.9719137</coordinates></LinearRing></innerBoundaryIs>
          <innerBoundaryIs><LinearRing><coordinates>120.2072934,22.9724388 120.2071819,22.972465 120.2071063,22.9725203 120.2070412,22.9725957 120.2068467,22.9727512 120.206843,22.9727546 120.2066418,22.9728306 120.2066055,22.9728759 120.206585,22.9729008 120.2065139,22.9729331 120.2065367,22.972923 120.206588,22.9728996 120.2066452,22.9728296 120.2068464,22.9727537 120.2068624,22.9727406 120.2070451,22.9725941 120.2071068,22.9725217 120.2071807,22.9724663 120.2072934,22.9724388</coordinates></LinearRing></innerBoundaryIs>
          <innerBoundaryIs><LinearRing><coordinates>120.2063324,22.9730185 120.2063311,22.9730191 120.2062705,22.9730538 120.2063324,22.9730185</coordinates></LinearRing></innerBoundaryIs>
          <innerBoundaryIs><LinearRing><coordinates>120.2095216,22.9730751 120.2095187,22.9730751 120.2094322,22.9730966 120.2094019,22.9731044 120.2093867,22.9731079 120.2093196,22.9731245 120.2093008,22.9731297 120.2093011,22.9731298 120.2095216,22.9730751</coordinates></LinearRing></innerBoundaryIs>
          <innerBoundaryIs><LinearRing><coordinates>120.2102859,22.9732596 120.2102857,22.9732773 120.2101937,22.9732768 120.2102877,22.9732773 120.2102878,22.9732607 120.2102859,22.9732596</coordinates></LinearRing></innerBoundaryIs>
          <innerBoundaryIs><LinearRing><coordinates>120.2087643,22.9732692 120.2084219,22.973268 120.2090012,22.9732706 120.2087643,22.9732692</coordinates></LinearRing></innerBoundaryIs>
          <innerBoundaryIs><LinearRing><coordinates>120.2083374,22.9732672 120.2079101,22.9732651 120.2071285,22.9732618 120.2083374,22.9732676 120.2083374,22.9732672</coordinates></LinearRing></innerBoundaryIs>
          <innerBoundaryIs><LinearRing><coordinates>120.208336,22.9733159 120.2083343,22.9734874 120.2083315,22.9738711 120.2083265,22.9746213 120.2076635,22.9746182 120.2069669,22.9746154 120.2076166,22.9746193 120.2083293,22.9746221 120.2083312,22.9741979 120.208336,22.9733159</coordinates></LinearRing></innerBoundaryIs>
          <innerBoundaryIs><LinearRing><coordinates>120.2116449,22.9740295 120.2116429,22.9741536 120.2116428,22.9741537 120.2113895,22.9741453 120.2112048,22.9741397 120.2108972,22.9741315 120.2108839,22.9742199 120.2108568,22.9744039 120.2108231,22.9746345 120.2108007,22.9746345 120.2108246,22.9746346 120.2108247,22.9746347 120.2107927,22.9748425 120.2107826,22.9749124 120.2107706,22.9749934 120.2107572,22.9750805 120.2107445,22.9751676 120.210734,22.9752347 120.2107287,22.9752696 120.2107446,22.9752754 120.2109137,22.9741431 120.2116566,22.9741662 120.2116592,22.9740419 120.2116594,22.9740418 120.212314,22.9740985 120.2123651,22.9741036 120.2123689,22.9740863 120.2123017,22.9740805 120.2122992,22.9740861 120.2122322,22.97408 120.212232,22.9740812 120.2121824,22.9740774 120.2118367,22.9740464 120.2116449,22.9740295</coordinates></LinearRing></innerBoundaryIs>
          <innerBoundaryIs><LinearRing><coordinates>120.2102794,22.9746315 120.2100726,22.9746307 120.2102794,22.9746318 120.2102794,22.9746315</coordinates></LinearRing></innerBoundaryIs>
          <innerBoundaryIs><LinearRing><coordinates>120.2063781,22.9746119 120.2061001,22.9746108 120.2063781,22.9746123 120.2063781,22.9746119</coordinates></LinearRing></innerBoundaryIs>
          <innerBoundaryIs><LinearRing><coordinates>120.2063767,22.974848 120.206369,22.975966 120.2063689,22.9759661 120.2061488,22.9759649 120.2050492,22.9759605 120.2061545,22.9759661 120.2063709,22.9759668 120.2063767,22.974848</coordinates></LinearRing></innerBoundaryIs>
          <innerBoundaryIs><LinearRing><coordinates>120.210277,22.9749734 120.2102765,22.9750323 120.210276,22.975078 120.2102696,22.9759852 120.2102695,22.9759853 120.2101853,22.9759847 120.209253,22.9759804 120.2088866,22.9759786 120.208715,22.9759775 120.2085568,22.9759768 120.2083274,22.9759766 120.2096045,22.9759834 120.2097064,22.9759842 120.2099432,22.9759849 120.2100655,22.9759856 120.2102713,22.9759863 120.2102712,22.9759763 120.210277,22.9749734</coordinates></LinearRing></innerBoundaryIs>
          <innerBoundaryIs><LinearRing><coordinates>120.2083236,22.9755193 120.208323,22.9755954 120.2083211,22.9759752 120.2083236,22.9755193</coordinates></LinearRing></innerBoundaryIs>
          <innerBoundaryIs><LinearRing><coordinates>120.2044211,22.9757611 120.2044198,22.9759571 120.2044203,22.9759571 120.2044211,22.9757611</coordinates></LinearRing></innerBoundaryIs>
          <innerBoundaryIs><LinearRing><coordinates>120.2122197,22.9763926 120.2122146,22.9771218 120.2122135,22.9773506 120.2122156,22.9773506 120.2122178,22.9768144 120.2122197,22.9763926</coordinates></LinearRing></innerBoundaryIs>
          <innerBoundaryIs><LinearRing><coordinates>120.2063681,22.9764068 120.2063612,22.977322 120.2063527,22.9786754 120.2055518,22.9786725 120.2063565,22.9786759 120.2063595,22.9778987 120.2063621,22.9773214 120.2063642,22.9773214 120.2063681,22.9764068</coordinates></LinearRing></innerBoundaryIs>
          <innerBoundaryIs><LinearRing><coordinates>120.2083132,22.9773307 120.207042,22.9773246 120.2069246,22.9773242 120.2077968,22.9773286 120.2079195,22.9773295 120.2083132,22.9773311 120.2083132,22.9773307</coordinates></LinearRing></innerBoundaryIs>
          <innerBoundaryIs><LinearRing><coordinates>120.2102627,22.9773408 120.2088975,22.977334 120.2087749,22.9773335 120.2089273,22.9773342 120.2090645,22.9773354 120.2092283,22.9773364 120.2093976,22.9773367 120.2102627,22.9773408</coordinates></LinearRing></innerBoundaryIs>
          <innerBoundaryIs><LinearRing><coordinates>120.2044153,22.976731 120.2044114,22.9773115 120.20441,22.9773116 120.2044125,22.9773116 120.204414,22.9769634 120.2044153,22.976731</coordinates></LinearRing></innerBoundaryIs>
          <innerBoundaryIs><LinearRing><coordinates>120.2044073,22.978106 120.2044037,22.9786661 120.2044038,22.9786661 120.2044073,22.978106</coordinates></LinearRing></innerBoundaryIs>
          <innerBoundaryIs><LinearRing><coordinates>120.2044012,22.9791528 120.2043965,22.9798137 120.2043954,22.9800206 120.204397,22.9800206 120.2043972,22.9799341 120.2044012,22.9791528</coordinates></LinearRing></innerBoundaryIs>
          <innerBoundaryIs><LinearRing><coordinates>120.2063513,22.9791806 120.2063454,22.9800294 120.2058611,22.980028 120.2063542,22.9800304 120.2063464,22.9800302 120.2063513,22.9791806</coordinates></LinearRing></innerBoundaryIs>
          <innerBoundaryIs><LinearRing><coordinates>120.2043212,22.9800201 120.2042353,22.9800198 120.2043273,22.9800202 120.2043212,22.9800201</coordinates></LinearRing></innerBoundaryIs>
          <innerBoundaryIs><LinearRing><coordinates>120.2022036,22.9800101 120.2013715,22.9800061 120.2016607,22.9800077 120.2020531,22.9800096 120.2022036,22.9800101</coordinates></LinearRing></innerBoundaryIs>
          <innerBoundaryIs><LinearRing><coordinates>120.2043917,22.9807232 120.2043902,22.9809414 120.2043911,22.9808971 120.2043912,22.9808389 120.2043917,22.9807232</coordinates></LinearRing></innerBoundaryIs>
          <innerBoundaryIs><LinearRing><coordinates>120.2122047,22.9789445 120.212196,22.9800596 120.2122,22.9800596 120.2122047,22.9789445</coordinates></LinearRing></innerBoundaryIs>
          <innerBoundaryIs><LinearRing><coordinates>120.2102467,22.9800494 120.2101781,22.9800491 120.210178,22.9800496 120.2102467,22.9800499 120.2102467,22.9800494</coordinates></LinearRing></innerBoundaryIs>
          <innerBoundaryIs><LinearRing><coordinates>120.2126026,22.9724513 120.2126062,22.972641 120.2126065,22.9726409 120.2126026,22.9724513</coordinates></LinearRing></innerBoundaryIs>
          <innerBoundaryIs><LinearRing><coordinates>120.2117446,22.9728375 120.2115601,22.9729955 120.2115359,22.9729955 120.2115363,22.9729958 120.2115611,22.9729958 120.2117451,22.9728377 120.2117446,22.9728375</coordinates></LinearRing></innerBoundaryIs>
        </Polygon>
      </MultiGeometry>
  </Placemark>
  <Placemark>
	<Style><LineStyle><color>ff0000ff</color></LineStyle><PolyStyle><fill>0</fill></PolyStyle></Style>
	<ExtendedData><SchemaData schemaUrl="#114SEC_DCTBLPD">
		<SimpleData name="段碼">1803</SimpleData>
		<SimpleData name="段名">鹽埕段</SimpleData>
		<SimpleData name="行政區">南區</SimpleData>
	</SchemaData></ExtendedData>
      <MultiGeometry>
        <Polygon>
          <outerBoundaryIs><LinearRing><coordinates>120.1889192,22.9789157 120.1889291,22.9790384 120.1889416,22.9792024 120.1889179,22.979204 120.1889178,22.9792039 120.1889192,22.9789157</coordinates></LinearRing></outerBoundaryIs>
        </Polygon>
        <Polygon>
          <outerBoundaryIs><LinearRing><coordinates>120.1887167,22.9784928 120.1889169,22.978494 120.1889163,22.9787608 120.1889047,22.9787617 120.1889154,22.9789001 120.1889149,22.9792044 120.1887752,22.9792131 120.188753,22.9792148 120.1885868,22.9792233 120.1884935,22.9792304 120.1882028,22.9792518 120.1882216,22.9794936 120.1882215,22.9794937 120.1875464,22.9793762 120.1875443,22.9793618 120.1875427,22.9793528 120.187539,22.9793349 120.187534,22.9793136 120.1875285,22.9792944 120.1874383,22.9789969 120.1872911,22.9784877 120.1872911,22.9784876 120.1875374,22.9784883 120.1875937,22.9784893 120.1877163,22.9784897 120.1878329,22.9784896 120.1879504,22.9784906 120.1880727,22.9784911 120.1887167,22.9784928</coordinates></LinearRing></outerBoundaryIs>
        </Polygon>
        <Polygon>
          <outerBoundaryIs><LinearRing><coordinates>120.1907814,22.9784987 120.1910149,22.9785002 120.1911329,22.9785008 120.1911331,22.9785815 120.1911323,22.9787562 120.1911323,22.9788303 120.1911309,22.9791673 120.1909412,22.9791806 120.1908757,22.9791855 120.1907754,22.9791922 120.1905737,22.9792065 120.1905205,22.9792104 120.1903584,22.9792215 120.1901284,22.979237 120.190082,22.978684 120.1899929,22.9786889 120.189794,22.9787025 120.189504,22.9787208 120.1892298,22.9787396 120.18892,22.9787607 120.1889199,22.9787606 120.1889208,22.9784934 120.1891405,22.9784936 120.1892389,22.978494 120.1894315,22.9784944 120.1895537,22.9784945 120.1896766,22.9784952 120.1897569,22.9784955 120.1898097,22.9784955 120.1899023,22.9784958 120.1903256,22.9784977 120.1907814,22.9784987</coordinates></LinearRing></outerBoundaryIs>
        </Polygon>
        <Polygon>
          <outerBoundaryIs><LinearRing><coordinates>120.19081,22.9752156 120.1909106,22.9752944 120.1910131,22.9753803 120.1910113,22.9753579 120.1910114,22.9753578 120.1911621,22.9754596 120.1912423,22.9755148 120.1912935,22.9755507 120.1915418,22.9757221 120.1918947,22.9759665 120.1920244,22.9760567 120.1924433,22.9763472 120.1925512,22.9764224 120.1926113,22.976464 120.1927404,22.9765555 120.1936321,22.9771781 120.1937343,22.9772491 120.1937909,22.9772887 120.1939497,22.9773994 120.1941108,22.9775114 120.1944139,22.9777224 120.1945592,22.9778226 120.1946095,22.9778579 120.1946798,22.9779069 120.1947347,22.9779448 120.1949121,22.9780683 120.1949934,22.9781241 120.1951829,22.978256 120.1950697,22.9814416 120.195035,22.9823652 120.1950046,22.9831582 120.1949564,22.9844552 120.1946822,22.9844552 120.1942271,22.9831003 120.1932726,22.9819371 120.1932614,22.9814771 120.1914988,22.9815115 120.1914019,22.9802857 120.1913227,22.9802648 120.1913126,22.9801432 120.1913127,22.9801431 120.1913906,22.9801432 120.1913905,22.9801425 120.1913109,22.9801423 120.1912324,22.979163 120.1911334,22.9791699 120.1911333,22.9791698 120.191134,22.9790774 120.1911368,22.9785008 120.191178,22.9785006 120.1912604,22.9785009 120.1912604,22.9784996 120.1911344,22.9784989 120.1911343,22.9784975 120.1910769,22.9784976 120.1909004,22.9784967 120.1906611,22.9784965 120.190587,22.9784961 120.1905327,22.9784965 120.1904812,22.978496 120.1902764,22.9784957 120.1899074,22.9784944 120.1898587,22.9784944 120.1895576,22.9784933 120.1893511,22.9784929 120.1891453,22.9784924 120.1889229,22.9784921 120.1889226,22.978404 120.1889235,22.9782047 120.1889236,22.9780369 120.1889255,22.9773318 120.188926,22.9772097 120.1889265,22.977033 120.1889267,22.9769115 120.188927,22.9768513 120.1892491,22.976852 120.1895842,22.9768524 120.1897735,22.9768531 120.1899872,22.9768541 120.190527,22.9768561 120.1911303,22.9768587 120.1911301,22.9768562 120.1910604,22.9768564 120.1901445,22.9768531 120.1900942,22.9768526 120.1897809,22.9768513 120.1889663,22.9768486 120.188925,22.9768488 120.1889249,22.9768487 120.1889263,22.9764358 120.1889301,22.9756656 120.1889307,22.9755624 120.1889316,22.9754724 120.1889329,22.9752092 120.1889847,22.9752088 120.1893135,22.9752099 120.1894022,22.9752099 120.1894213,22.9752102 120.1900699,22.9752135 120.19081,22.9752156</coordinates></LinearRing></outerBoundaryIs>
          <innerBoundaryIs><LinearRing><coordinates>120.1911415,22.9770004 120.1911412,22.9770304 120.19114,22.9773878 120.1911421,22.9770303 120.1911421,22.9770082 120.1911415,22.9770004</coordinates></LinearRing></innerBoundaryIs>
        </Polygon>
        <Polygon>
          <outerBoundaryIs><LinearRing><coordinates>120.2000119,22.9749133 120.2003338,22.9749163 120.2006564,22.9749201 120.2006591,22.9750814 120.200659,22.9750815 120.2004775,22.9750801 120.2004776,22.9750802 120.2004775,22.9750804 120.2000113,22.9750767 120.2000118,22.9749134 120.2000119,22.9749133</coordinates></LinearRing></outerBoundaryIs>
        </Polygon>
        <Polygon>
          <outerBoundaryIs><LinearRing><coordinates>120.1869668,22.9747163 120.187284,22.9747545 120.187482,22.9747778 120.1876734,22.9747999 120.1878063,22.9748161 120.187878,22.9748246 120.1879339,22.9748318 120.1881754,22.9748608 120.1882151,22.9748647 120.1883366,22.9748795 120.1883802,22.9748846 120.1884219,22.9748903 120.188467,22.9748946 120.1884946,22.9748983 120.1885059,22.9748989 120.1885231,22.9749013 120.1885465,22.9749041 120.1885624,22.9749063 120.1887296,22.9749263 120.1887755,22.9749312 120.1889134,22.9749474 120.1889336,22.9749499 120.1889337,22.9749525 120.1892865,22.9749944 120.1895185,22.9750217 120.1896926,22.9750427 120.1902533,22.9751092 120.1903705,22.9751227 120.1904346,22.9751304 120.1907608,22.9751686 120.1908141,22.9752124 120.1908141,22.9752126 120.1904546,22.9752125 120.1899306,22.9752105 120.1894066,22.9752091 120.1890697,22.975208 120.1889326,22.9752079 120.1889325,22.975207 120.1886219,22.9752061 120.1877825,22.9752042 120.1867179,22.9752006 120.1867178,22.9752005 120.1867186,22.9751479 120.1867187,22.9751478 120.1868332,22.9751555 120.18689,22.9749583 120.1869001,22.9749115 120.1869216,22.9749139 120.1869668,22.9747163</coordinates></LinearRing></outerBoundaryIs>
        </Polygon>
        <Polygon>
          <outerBoundaryIs><LinearRing><coordinates>120.1911508,22.9735745 120.1911498,22.9741122 120.1911495,22.9743552 120.1911492,22.9745062 120.1911489,22.9746136 120.1911485,22.9749795 120.1911116,22.9749796 120.1910728,22.9750196 120.190868,22.9750192 120.1908116,22.9746618 120.1907906,22.9745108 120.1907729,22.9743806 120.1907239,22.9740134 120.1907057,22.9738752 120.1906923,22.9737716 120.1906864,22.9737354 120.1906768,22.9736632 120.190665,22.973573 120.1906651,22.9735729 120.1911508,22.9735745</coordinates></LinearRing></outerBoundaryIs>
        </Polygon>
        <Polygon>
          <outerBoundaryIs><LinearRing><coordinates>120.2000229,22.9722548 120.200129,22.972465 120.20012,22.9727365 120.2001178,22.9728102 120.2000188,22.9731481 120.2000186,22.9731481 120.2000229,22.9722548</coordinates></LinearRing></outerBoundaryIs>
        </Polygon>
        <Polygon>
          <outerBoundaryIs><LinearRing><coordinates>120.1909823,22.9719314 120.1911575,22.9719325 120.1911574,22.9719403 120.1911577,22.9719606 120.1911564,22.9722445 120.1911561,22.9722687 120.1911562,22.9723331 120.1911559,22.9723956 120.1911557,22.9725759 120.1911551,22.9727618 120.1911543,22.9732457 120.1911532,22.9735738 120.1911531,22.9735739 120.1909185,22.9735727 120.1907543,22.9735724 120.1906668,22.9735721 120.1906569,22.9735049 120.1906075,22.9731935 120.1905853,22.9730528 120.1905849,22.9730477 120.1905373,22.9728054 120.1905374,22.9728053 120.1906001,22.9728808 120.1906038,22.9728841 120.1906737,22.9729671 120.1906735,22.9729656 120.1906737,22.9729656 120.1906854,22.9730521 120.1906185,22.9724244 120.1906152,22.9723918 120.1906134,22.9723784 120.1906015,22.9722613 120.1905896,22.9721484 120.1905792,22.9720454 120.1905715,22.9719637 120.1905681,22.9719299 120.1905682,22.9719298 120.1909656,22.9719316 120.1909823,22.9719314</coordinates></LinearRing></outerBoundaryIs>
        </Polygon>
        <Polygon>
          <outerBoundaryIs><LinearRing><coordinates>120.1934024,22.9643793 120.1934095,22.9643798 120.1934207,22.9643801 120.1935297,22.9643816 120.1935447,22.964666 120.1935584,22.9649508 120.1935804,22.9653679 120.1935803,22.965368 120.1934,22.9653676 120.1933999,22.9653675 120.1934003,22.9652925 120.1934007,22.9650242 120.1934017,22.9645875 120.1934023,22.9643794 120.1934024,22.9643793</coordinates></LinearRing></outerBoundaryIs>
        </Polygon>
        <Polygon>
          <outerBoundaryIs><LinearRing><coordinates>120.191197,22.9613764 120.1935956,22.9618403 120.1935957,22.9618405 120.1935595,22.9618699 120.1934465,22.9619282 120.1934219,22.9619453 120.1925905,22.9617846 120.1925839,22.9620838 120.1925891,22.9620839 120.1925662,22.9632446 120.1925576,22.9637251 120.1925029,22.963725 120.1925568,22.9637255 120.1925566,22.963757 120.1925487,22.9640955 120.1925431,22.9643574 120.1929723,22.9643686 120.1934016,22.9643812 120.1934006,22.9647768 120.1934002,22.9651833 120.1933996,22.9653678 120.1932883,22.9653675 120.1931931,22.9653676 120.1931498,22.9653678 120.1931065,22.9653676 120.1927409,22.9653676 120.1927285,22.9653677 120.192929,22.9653684 120.1933983,22.9653709 120.1933984,22.965371 120.1933969,22.9655369 120.1933957,22.9657998 120.1933938,22.9663328 120.1933929,22.9666761 120.193393,22.9667299 120.1933918,22.9670128 120.1933976,22.9670127 120.1933991,22.9660231 120.1933989,22.9659678 120.1933992,22.9658059 120.193399,22.9656972 120.1933991,22.96554 120.1933996,22.9653708 120.1934324,22.9653707 120.193585,22.9653709 120.1936091,22.9658048 120.193635,22.9662821 120.194092,22.9662872 120.1944674,22.9662919 120.1945061,22.9662931 120.1945163,22.966707 120.1945234,22.9670184 120.1945222,22.9670185 120.1945195,22.9671297 120.1945843,22.967137 120.1948142,22.9671637 120.1950494,22.9671887 120.1951868,22.9672239 120.1953198,22.9672585 120.1954769,22.9672468 120.1956086,22.9672364 120.1956087,22.9672365 120.1956086,22.967259 120.1956089,22.9672354 120.1957493,22.9672254 120.1958312,22.9672401 120.1958716,22.9672474 120.1961591,22.9671858 120.1962454,22.9672087 120.1963496,22.9672837 120.1963912,22.967314 120.1968421,22.9674036 120.1969116,22.9674141 120.1971287,22.9674488 120.1971583,22.9674681 120.1972904,22.9675555 120.1976147,22.9675422 120.1977512,22.9675904 120.1978226,22.9676527 120.1978226,22.9676512 120.1978228,22.9676511 120.1980293,22.96783 120.1983311,22.9678445 120.1985262,22.9679012 120.1988326,22.9682789 120.198876,22.9685341 120.1988759,22.9685352 120.1988352,22.9686722 120.1988352,22.9686723 120.1987256,22.969043 120.1985772,22.9693404 120.1986775,22.9696265 120.1987776,22.9699133 120.1989876,22.970002 120.1990822,22.9700922 120.1991486,22.9703149 120.1991485,22.970315 120.1984366,22.9703132 120.1991504,22.9703159 120.1991548,22.9703307 120.1991485,22.9705357 120.199196,22.9708432 120.1992614,22.9709504 120.1993721,22.9711328 120.1994499,22.9713952 120.1995277,22.971656 120.1996786,22.9718084 120.199829,22.9719592 120.1998289,22.9719594 120.1996852,22.9719591 120.1991228,22.9719569 120.1993919,22.9719582 120.1998271,22.9719596 120.1999119,22.9720437 120.1999158,22.9720505 120.2000193,22.9722548 120.2000167,22.9731494 120.1999382,22.9734201 120.1999351,22.9734329 120.1998886,22.9736026 120.1998877,22.9736027 120.1998572,22.9737185 120.1997586,22.9739592 120.1997116,22.9740733 120.1996857,22.974382 120.1996799,22.9744538 120.1997455,22.9746701 120.1997958,22.9748345 120.1998592,22.9749119 120.2000094,22.9749135 120.2000087,22.9750766 120.2000086,22.9750767 120.1999944,22.9750765 120.1999944,22.9750768 120.1995329,22.9750726 120.1990711,22.9750673 120.1983847,22.9750597 120.1978643,22.9750548 120.1977964,22.9750547 120.1977963,22.9750546 120.1977973,22.9748921 120.1978006,22.9741108 120.1978025,22.9735954 120.1984589,22.9735974 120.1986986,22.9735983 120.1989408,22.9735988 120.1984581,22.9735967 120.1980655,22.9735954 120.1978414,22.9735942 120.1978,22.9735942 120.1977999,22.9735941 120.1978049,22.9725942 120.1978083,22.9719532 120.1985615,22.9719554 120.1988316,22.9719566 120.1991071,22.9719568 120.1988336,22.9719558 120.1978073,22.9719512 120.1978153,22.9703117 120.1978129,22.9703117 120.1978121,22.970378 120.1978107,22.9710363 120.1978067,22.9719556 120.1978028,22.9719557 120.1977995,22.9735956 120.1977981,22.9735956 120.1977958,22.9741128 120.1977934,22.9750558 120.1977933,22.9750559 120.1975688,22.9750534 120.1974035,22.9750519 120.19736,22.9750513 120.1971082,22.9750487 120.1970667,22.9750488 120.196982,22.9750473 120.1967885,22.9750451 120.1967737,22.9750448 120.1966896,22.9750437 120.1966486,22.9750435 120.1965694,22.9750425 120.1964214,22.975041 120.1963301,22.97504 120.1957591,22.9750332 120.1956755,22.9750321 120.1955785,22.975031 120.1955784,22.9750306 120.1953097,22.9750277 120.1952595,22.9750269 120.1952542,22.975027 120.195132,22.975026 120.1949634,22.9750239 120.1949585,22.9750242 120.1947086,22.9750212 120.1945942,22.9750196 120.1945255,22.9750192 120.1943493,22.9750165 120.1942091,22.9750153 120.1940989,22.975014 120.1940236,22.9750126 120.1938277,22.9750108 120.1936889,22.9750087 120.1936313,22.9750086 120.1934716,22.9750064 120.1933652,22.9750051 120.1933651,22.9750029 120.1932879,22.9750017 120.1932203,22.975001 120.1931788,22.9750016 120.1931293,22.9750017 120.1931265,22.9750025 120.1928803,22.9749991 120.1928315,22.9749986 120.1927879,22.9749987 120.1925657,22.9749965 120.1925259,22.9749956 120.1923384,22.9749938 120.191831,22.9749886 120.1916626,22.9749864 120.1914576,22.9749843 120.1911511,22.9749805 120.1911519,22.974557 120.1911542,22.973854 120.1911547,22.9735742 120.1912844,22.9735738 120.1916863,22.9735751 120.1911535,22.9735733 120.1911534,22.9735732 120.1911543,22.9734926 120.1911556,22.9732447 120.1911571,22.9728278 120.1911582,22.9725741 120.1911606,22.9719321 120.1912919,22.9719323 120.1913671,22.9719327 120.1914493,22.9719328 120.1914951,22.9719326 120.1915817,22.9719325 120.1919504,22.9719342 120.1920557,22.9719343 120.1921968,22.9719351 120.1923256,22.9719356 120.1914465,22.9719311 120.191289,22.9719304 120.1912423,22.9719305 120.1911586,22.9719305 120.1911585,22.9719304 120.1911639,22.9708528 120.1911665,22.97029 120.1909145,22.9702894 120.1911607,22.9702903 120.1911599,22.9708506 120.1911581,22.9713988 120.1911563,22.9718749 120.1911567,22.9719306 120.1911566,22.9719307 120.1910666,22.9719304 120.1909686,22.9719299 120.1907443,22.9719297 120.1905672,22.9719292 120.1905629,22.9718835 120.1905568,22.9718256 120.1905505,22.9717688 120.1905242,22.9715177 120.1905207,22.9714812 120.1904912,22.9711987 120.1904538,22.9708384 120.1904419,22.9707288 120.190431,22.9706244 120.1904246,22.9705578 120.1903982,22.9703052 120.1903958,22.9702876 120.1903959,22.9702875 120.1904008,22.9702875 120.1903898,22.9701888 120.1903801,22.9701115 120.1903566,22.9698767 120.1903521,22.9698334 120.1903427,22.9697485 120.1903391,22.9697057 120.1903349,22.9696632 120.1903298,22.9696218 120.1903165,22.9694892 120.1902949,22.9693068 120.1902853,22.969201 120.1902679,22.9690367 120.1902629,22.9689877 120.1902522,22.9688965 120.1902258,22.968644 120.1902262,22.9686439 120.1901929,22.9683223 120.1901388,22.9678195 120.1901314,22.9677464 120.1901175,22.9676164 120.1900932,22.9673824 120.1900883,22.9673375 120.1900895,22.9673373 120.1900777,22.9672589 120.1900731,22.9672299 120.1900732,22.9672298 120.1901624,22.9672232 120.1901715,22.9672802 120.1901731,22.9672801 120.1901334,22.9670016 120.1901335,22.9670015 120.1901361,22.9670015 120.190056,22.9664849 120.1900146,22.9662161 120.1899924,22.96607 120.1899424,22.9657453 120.1899039,22.9654971 120.1898827,22.9653598 120.1898787,22.9653597 120.1897437,22.9644731 120.1897119,22.9642678 120.1896285,22.9637162 120.1896265,22.9637161 120.1894499,22.9625679 120.1893731,22.9620731 120.1893732,22.962073 120.1894888,22.9620739 120.1895466,22.9620729 120.1898448,22.9620749 120.1906544,22.9620773 120.1907327,22.9620769 120.1909645,22.9620774 120.1910889,22.9620779 120.1911944,22.9620796 120.1911932,22.9622367 120.191192,22.9625021 120.1911913,22.9627887 120.1911914,22.962846 120.1911907,22.9631349 120.1911901,22.9632502 120.19119,22.9633971 120.1911896,22.9635371 120.1911883,22.9637193 120.1910409,22.963719 120.1908403,22.9637192 120.1909988,22.9637207 120.1911896,22.9637217 120.1911897,22.9637215 120.1912786,22.9637217 120.1913698,22.9637213 120.191565,22.9637213 120.1919567,22.9637226 120.192212,22.9637231 120.1923845,22.9637241 120.1921666,22.9637222 120.191678,22.9637211 120.1911894,22.9637189 120.1911932,22.9627345 120.1911956,22.9622338 120.1911958,22.9621232 120.1911953,22.9620802 120.1911948,22.9620801 120.1911949,22.9617817 120.1911959,22.9615969 120.1911969,22.9613765 120.191197,22.9613764</coordinates></LinearRing></outerBoundaryIs>
          <innerBoundaryIs><LinearRing><coordinates>120.1911888,22.9640636 120.1911883,22.9641838 120.1911877,22.9643454 120.1911874,22.9643863 120.1911874,22.9644271 120.1911869,22.9645591 120.1911864,22.96482 120.1911849,22.9650869 120.1911849,22.9651291 120.1911842,22.9653628 120.1908952,22.9653626 120.1909917,22.9653629 120.1911248,22.9653636 120.1911839,22.9653638 120.191184,22.9653636 120.191186,22.9653636 120.1911869,22.9651293 120.1911875,22.9648204 120.1911877,22.9645597 120.191188,22.9644691 120.1911876,22.964429 120.1911883,22.9643888 120.1911883,22.9643481 120.1911888,22.9640636</coordinates></LinearRing></innerBoundaryIs>
          <innerBoundaryIs><LinearRing><coordinates>120.1906244,22.9653618 120.1905471,22.9653615 120.1904983,22.9653617 120.1905519,22.9653619 120.1906244,22.9653618</coordinates></LinearRing></innerBoundaryIs>
          <innerBoundaryIs><LinearRing><coordinates>120.1911779,22.9670047 120.1909548,22.9670046 120.1910384,22.9670049 120.1911363,22.9670059 120.1911771,22.9670058 120.1911772,22.9670059 120.1911767,22.9672235 120.1911757,22.9672237 120.1911755,22.9673201 120.1911747,22.9675023 120.191175,22.9675206 120.1911745,22.9678232 120.1911749,22.9677247 120.1911755,22.9676593 120.1911775,22.9672237 120.1911779,22.9670047</coordinates></LinearRing></innerBoundaryIs>
          <innerBoundaryIs><LinearRing><coordinates>120.1933936,22.9671051 120.1933919,22.9671052 120.1933903,22.9675135 120.1933876,22.9684744 120.1933873,22.9685408 120.1933873,22.9685837 120.1933871,22.9686557 120.1933838,22.9686558 120.1933841,22.9687092 120.1933835,22.9688353 120.1933813,22.9698486 120.1933805,22.9702973 120.1933791,22.9702974 120.1933782,22.9706431 120.1933775,22.9710844 120.1933767,22.9712885 120.1933762,22.9715845 120.1933772,22.9713772 120.1933771,22.9713408 120.193378,22.9711512 120.1933781,22.9710801 120.1933823,22.9702971 120.193978,22.9702985 120.1941214,22.970299 120.1940595,22.9702985 120.1939761,22.9702982 120.1933813,22.9702963 120.1933812,22.9702962 120.1933826,22.9700565 120.1933826,22.9698928 120.1933834,22.9698485 120.1933854,22.9693083 120.1933877,22.9688364 120.1933876,22.9687531 120.1933881,22.9686565 120.1933877,22.9686564 120.1933877,22.9686254 120.1933882,22.9685831 120.1933939,22.9671633 120.1933936,22.9671051</coordinates></LinearRing></innerBoundaryIs>
          <innerBoundaryIs><LinearRing><coordinates>120.1974757,22.9686681 120.1972702,22.9686676 120.1974759,22.9686684 120.1975209,22.9686683 120.1974757,22.9686681</coordinates></LinearRing></innerBoundaryIs>
          <innerBoundaryIs><LinearRing><coordinates>120.1970537,22.968667 120.1968255,22.9686663 120.196895,22.9686668 120.1970537,22.968667</coordinates></LinearRing></innerBoundaryIs>
          <innerBoundaryIs><LinearRing><coordinates>120.1956019,22.968661 120.1951278,22.9686602 120.1950914,22.9686607 120.1949884,22.9686605 120.1950958,22.9686608 120.1951245,22.9686604 120.1953262,22.9686613 120.1956019,22.9686622 120.1956019,22.968661</coordinates></LinearRing></innerBoundaryIs>
          <innerBoundaryIs><LinearRing><coordinates>120.1958516,22.968663 120.1957943,22.9686628 120.1958296,22.968663 120.1958516,22.968663</coordinates></LinearRing></innerBoundaryIs>
          <innerBoundaryIs><LinearRing><coordinates>120.195604,22.9686622 120.1956024,22.9686622 120.1956023,22.9687134 120.1956012,22.9688394 120.1956009,22.9688948 120.1956007,22.9690222 120.1956009,22.9691052 120.1955994,22.9697483 120.1955988,22.9701859 120.1955994,22.9701338 120.1956002,22.9697256 120.1956005,22.969601 120.1956016,22.9693294 120.1956018,22.969252 120.1956025,22.9691543 120.1956043,22.9687141 120.195604,22.9686622</coordinates></LinearRing></innerBoundaryIs>
          <innerBoundaryIs><LinearRing><coordinates>120.1978194,22.9687644 120.1978189,22.9688229 120.1978182,22.9689815 120.1978194,22.9687644</coordinates></LinearRing></innerBoundaryIs>
          <innerBoundaryIs><LinearRing><coordinates>120.1964932,22.9703066 120.1961876,22.9703052 120.1960298,22.970305 120.1958938,22.9703046 120.1955986,22.9703032 120.1955985,22.9703039 120.1952795,22.9703025 120.1947155,22.9703012 120.1946647,22.9703008 120.1943926,22.9702998 120.1942545,22.9702996 120.1944179,22.9703004 120.1947195,22.9703015 120.1949068,22.9703019 120.195322,22.970303 120.1955982,22.9703043 120.1955983,22.970304 120.1958933,22.9703052 120.1961878,22.9703056 120.1964932,22.9703066</coordinates></LinearRing></innerBoundaryIs>
          <innerBoundaryIs><LinearRing><coordinates>120.1911008,22.9672281 120.1909525,22.9672369 120.1906464,22.9672536 120.1904554,22.9672648 120.1908128,22.967246 120.1909941,22.9672351 120.1911008,22.9672281</coordinates></LinearRing></innerBoundaryIs>
          <innerBoundaryIs><LinearRing><coordinates>120.1911708,22.9686472 120.1907865,22.9686462 120.1910552,22.9686471 120.1911708,22.9686481 120.1911708,22.9686472</coordinates></LinearRing></innerBoundaryIs>
          <innerBoundaryIs><LinearRing><coordinates>120.1911723,22.9686483 120.1911709,22.9686483 120.1911708,22.9687847 120.1911709,22.9688269 120.1911706,22.9689394 120.1911707,22.9689568 120.1911715,22.9688174 120.1911715,22.9687821 120.1911723,22.9686483</coordinates></LinearRing></innerBoundaryIs>
          <innerBoundaryIs><LinearRing><coordinates>120.1932755,22.970297 120.1930883,22.9702961 120.1929644,22.970296 120.1927175,22.970295 120.1929611,22.9702961 120.1930891,22.9702963 120.1932755,22.970297</coordinates></LinearRing></innerBoundaryIs>
          <innerBoundaryIs><LinearRing><coordinates>120.1916568,22.9702907 120.1911669,22.9702885 120.1911669,22.9702899 120.1916568,22.9702907</coordinates></LinearRing></innerBoundaryIs>
          <innerBoundaryIs><LinearRing><coordinates>120.1959048,22.9719475 120.1957727,22.9719469 120.1957292,22.971947 120.1956201,22.9719464 120.1957476,22.9719474 120.1959048,22.9719475</coordinates></LinearRing></innerBoundaryIs>
          <innerBoundaryIs><LinearRing><coordinates>120.1952094,22.9719451 120.1952011,22.9719451 120.195214,22.9719451 120.1952094,22.9719451</coordinates></LinearRing></innerBoundaryIs>
          <innerBoundaryIs><LinearRing><coordinates>120.194454,22.9719423 120.1943284,22.9719422 120.19456,22.9719433 120.194454,22.9719423</coordinates></LinearRing></innerBoundaryIs>
          <innerBoundaryIs><LinearRing><coordinates>120.1941673,22.9719411 120.1940577,22.971941 120.1943194,22.9719422 120.1941673,22.9719411</coordinates></LinearRing></innerBoundaryIs>
          <innerBoundaryIs><LinearRing><coordinates>120.1933756,22.9719384 120.1933756,22.9719398 120.1933746,22.9719399 120.193374,22.9721705 120.1933727,22.9724595 120.1933726,22.972501 120.1933728,22.9725322 120.1933727,22.972564 120.1933723,22.9726049 120.1933702,22.9734505 120.1933697,22.9735822 120.1933684,22.9735822 120.1933667,22.9739827 120.1933653,22.9749137 120.1933673,22.9744238 120.1933685,22.9741967 120.1933705,22.9735814 120.1934054,22.9735813 120.1933711,22.9735811 120.1933764,22.9719392 120.1936146,22.9719396 120.1933756,22.9719384</coordinates></LinearRing></innerBoundaryIs>
          <innerBoundaryIs><LinearRing><coordinates>120.1977439,22.9735954 120.1971597,22.9735933 120.1971959,22.973594 120.1977439,22.9735954</coordinates></LinearRing></innerBoundaryIs>
          <innerBoundaryIs><LinearRing><coordinates>120.1968418,22.9735921 120.1955852,22.9735874 120.1955851,22.9735867 120.1954761,22.9735865 120.19546,22.9735863 120.1953125,22.9735859 120.1950896,22.9735858 120.194946,22.9735853 120.194599,22.9735847 120.1945035,22.9735841 120.1943705,22.9735838 120.194594,22.9735851 120.195093,22.9735867 120.1953085,22.9735877 120.1954716,22.973588 120.1955838,22.9735886 120.1955836,22.9736642 120.1955826,22.9738075 120.1955823,22.9738976 120.195582,22.9741238 120.1955816,22.9741399 120.1955817,22.9742948 120.1955812,22.9744384 120.1955854,22.9736674 120.1955866,22.9735883 120.1957444,22.9735884 120.1959347,22.9735896 120.1960167,22.9735893 120.1968418,22.9735921</coordinates></LinearRing></innerBoundaryIs>
          <innerBoundaryIs><LinearRing><coordinates>120.1940141,22.973583 120.1939532,22.9735829 120.1940173,22.9735831 120.1940141,22.973583</coordinates></LinearRing></innerBoundaryIs>
        </Polygon>
        <Polygon>
          <outerBoundaryIs><LinearRing><coordinates>120.1897584,22.9612353 120.1905932,22.9613965 120.1905603,22.9612519 120.1905604,22.9612518 120.191195,22.9613736 120.1911942,22.9615122 120.1911915,22.9620764 120.1910789,22.9620764 120.1906488,22.9620755 120.1893697,22.9620718 120.1893072,22.9616641 120.189245,22.9612565 120.1892451,22.9612564 120.1897584,22.9612353</coordinates></LinearRing></outerBoundaryIs>
        </Polygon>
        <Polygon>
          <outerBoundaryIs><LinearRing><coordinates>120.1845924,22.9598643 120.1849384,22.9598666 120.1851137,22.9598995 120.1854291,22.9599027 120.1855012,22.959903 120.1856065,22.9599712 120.1857121,22.9600389 120.1857421,22.9600505 120.1857796,22.9600544 120.1858023,22.9600411 120.185806,22.9600326 120.1858062,22.9600326 120.185887,22.9600842 120.1859216,22.9601065 120.186002,22.9601808 120.1860504,22.9602252 120.1861788,22.9603678 120.1862043,22.9603903 120.1862407,22.9604216 120.1862406,22.9604218 120.1861809,22.9604214 120.1861267,22.9604215 120.1862454,22.9604219 120.1863249,22.9604903 120.1863522,22.960514 120.1863944,22.9605498 120.18648,22.9606417 120.1865049,22.9606705 120.186589,22.9607083 120.1867353,22.9607745 120.1867685,22.96079 120.1867686,22.9607889 120.1867687,22.9607888 120.1869191,22.9608574 120.1869722,22.9608531 120.1869756,22.9608419 120.1870928,22.9604263 120.1870909,22.9604262 120.1870908,22.9604261 120.1871334,22.9602762 120.1876556,22.9603042 120.1878257,22.9604271 120.1878297,22.9604272 120.1880022,22.9605521 120.1880635,22.9605961 120.1881517,22.9606598 120.1882405,22.9607229 120.1887367,22.9610811 120.1888212,22.9610693 120.1888548,22.9612395 120.188878,22.9613761 120.1889,22.9615095 120.1886962,22.9615697 120.1885211,22.9616212 120.1880114,22.9617099 120.1876587,22.9617715 120.187668,22.9617725 120.187678,22.9617751 120.1876811,22.9617763 120.1876869,22.961779 120.1876924,22.961782 120.1876988,22.961786 120.1877043,22.96179 120.1877133,22.9617977 120.1877204,22.9618068 120.1877234,22.9618116 120.1877253,22.9618156 120.1877261,22.9618175 120.187727,22.9618205 120.1877282,22.9618252 120.1877286,22.9618278 120.1877466,22.9620685 120.1877511,22.9620686 120.1877604,22.9621926 120.1877602,22.9621926 120.187754,22.9621846 120.1877459,22.9621763 120.1877261,22.9621707 120.1877387,22.9621805 120.1877489,22.9621962 120.1877536,22.9622082 120.1877552,22.9622242 120.1877634,22.9623263 120.1877633,22.9623264 120.1876211,22.9623256 120.187621,22.9623268 120.1877644,22.9623277 120.1877957,22.9627137 120.1877956,22.9627138 120.1876184,22.9627123 120.1876184,22.9627204 120.1878111,22.9627223 120.187849,22.963179 120.1878489,22.9631791 120.1878182,22.9631758 120.1878803,22.9634121 120.1878802,22.9634123 120.1876943,22.9633923 120.1870471,22.9633238 120.1871087,22.9637091 120.1871112,22.9637091 120.1871428,22.9639109 120.1872108,22.9645104 120.1872403,22.9645568 120.1872933,22.9646427 120.1873059,22.9646776 120.1873189,22.9648022 120.1873486,22.9650975 120.1873485,22.9650976 120.1871376,22.9651075 120.1870065,22.9649951 120.1867706,22.9650056 120.18677,22.9650209 120.1867557,22.9651032 120.1867557,22.9651261 120.1867206,22.9653315 120.1867093,22.9653466 120.1867024,22.9653501 120.1867045,22.9653501 120.1867046,22.9653503 120.1866945,22.9653559 120.1866237,22.9653569 120.1866062,22.9653616 120.1865986,22.9653696 120.1865737,22.9654368 120.186559,22.9654507 120.1863779,22.9654458 120.1864089,22.9656247 120.1866011,22.9656688 120.1866156,22.9656798 120.1866201,22.9656962 120.1865964,22.9659164 120.1865781,22.9660825 120.1865512,22.9663289 120.1865222,22.9665977 120.1865173,22.9667284 120.1865138,22.9668043 120.1865074,22.9668384 120.186452,22.9669656 120.1864416,22.9669919 120.1864402,22.9669919 120.1863415,22.9672397 120.1864888,22.9672028 120.1866184,22.9671714 120.1867463,22.9671417 120.1867463,22.9671404 120.1867479,22.96714 120.1867641,22.9671493 120.1868124,22.9673017 120.1869538,22.9677527 120.1870161,22.9679543 120.187112,22.968267 120.18716,22.9684373 120.187176,22.968451 120.1871915,22.9684652 120.187225,22.9685209 120.1872343,22.9685443 120.187242,22.9685682 120.1872549,22.9686362 120.1872558,22.9686362 120.1872806,22.9687675 120.1873094,22.9689787 120.1873062,22.9690903 120.1873048,22.9691316 120.1872807,22.9691863 120.1872109,22.9693649 120.1871583,22.969486 120.1870662,22.9696371 120.1869816,22.9697438 120.1868794,22.9698449 120.1867677,22.9699351 120.1867375,22.9699575 120.1867375,22.9699596 120.1866981,22.9699894 120.1865023,22.9701006 120.1863214,22.9701806 120.1863032,22.9701963 120.1862931,22.9702139 120.1862934,22.970252 120.1863021,22.9702748 120.1863055,22.9702749 120.1864983,22.9707361 120.1865124,22.9707588 120.1865258,22.9707683 120.1865454,22.9707866 120.1865765,22.9708176 120.1866486,22.9708876 120.1866653,22.9709042 120.1867278,22.9710018 120.186735,22.9710222 120.186735,22.9710296 120.1867587,22.9710971 120.1868159,22.9712531 120.1868721,22.9714094 120.186906,22.9714972 120.1869075,22.971534 120.1868926,22.9715586 120.1868729,22.9715672 120.1867017,22.97159 120.1865179,22.9716068 120.1864997,22.9716166 120.1864959,22.971625 120.1864947,22.9716385 120.1865244,22.9718683 120.1865305,22.9719173 120.1865337,22.9719174 120.1865604,22.9721912 120.1865637,22.9722085 120.1865719,22.9722213 120.1865869,22.9722304 120.1865977,22.9722269 120.1866125,22.9722227 120.1866126,22.9722228 120.186618,22.9722632 120.1866558,22.9722958 120.1867286,22.9722962 120.1867287,22.9722933 120.1867907,22.9722936 120.186811,22.97231 120.1869395,22.9723335 120.1870688,22.9723566 120.1870804,22.9723535 120.1870934,22.9722989 120.1872934,22.9722993 120.1872935,22.9722994 120.187288,22.9723466 120.1872175,22.972908 120.1872039,22.9733149 120.1872019,22.9733975 120.1871888,22.9735616 120.18719,22.9735616 120.1871901,22.9735617 120.1871877,22.973588 120.1871773,22.9736861 120.1871609,22.9737566 120.1871039,22.9740082 120.1870867,22.9740802 120.1870733,22.9741414 120.1870463,22.9742564 120.1869932,22.9744887 120.186951,22.974669 120.1869521,22.9746723 120.1868895,22.9749579 120.186833,22.9751543 120.1867172,22.9751459 120.1867181,22.9748937 120.1867195,22.9745715 120.1867181,22.9748917 120.1867163,22.9751458 120.1867162,22.9751459 120.1864179,22.9751242 120.1864186,22.9751298 120.1865973,22.9751426 120.1866558,22.975147 120.186716,22.9751512 120.1867159,22.9752022 120.1867174,22.9752022 120.1867175,22.9752019 120.1868548,22.9752021 120.1870426,22.9752027 120.1870959,22.9752026 120.1878199,22.9752055 120.1878628,22.9752062 120.1889283,22.9752097 120.1889245,22.9766119 120.1889247,22.9767311 120.1889241,22.9768502 120.18892,22.9768503 120.1886857,22.9768493 120.1880146,22.9768473 120.1877475,22.9768461 120.187507,22.9768454 120.187507,22.9768455 120.187832,22.9768467 120.1886858,22.9768504 120.1888715,22.9768514 120.1889244,22.9768519 120.1889252,22.9769135 120.188924,22.9771571 120.1889217,22.977755 120.1889197,22.9784932 120.1889196,22.9784933 120.1886875,22.9784919 120.188073,22.9784895 120.1879501,22.9784886 120.1877162,22.9784877 120.1875937,22.9784877 120.1875368,22.9784874 120.1872908,22.9784867 120.1872574,22.9783715 120.1872599,22.9780038 120.1869834,22.9779838 120.186708,22.9779628 120.1863725,22.9779377 120.1863425,22.9779354 120.1863206,22.9779341 120.1862767,22.9779306 120.186058,22.9779145 120.1860356,22.9779125 120.1860131,22.9779127 120.185973,22.9779125 120.185933,22.977914 120.1858953,22.9779187 120.1858719,22.9779218 120.1852594,22.9780144 120.1848426,22.9780768 120.1848086,22.9781206 120.1848223,22.9781973 120.1848229,22.9781973 120.1848366,22.9782729 120.184836,22.9782731 120.1848435,22.9783112 120.1848507,22.978351 120.1848501,22.9783512 120.1848642,22.9784293 120.1848677,22.9784471 120.1848759,22.97848 120.1848802,22.9784801 120.1849075,22.9785909 120.1849191,22.9786307 120.1849309,22.97867 120.1849441,22.9787073 120.185066,22.9790451 120.1850795,22.979083 120.185093,22.97912 120.1851196,22.9791943 120.1851605,22.9793071 120.185215,22.9794587 120.1852823,22.979645 120.1853092,22.9797199 120.1853364,22.9797945 120.185375,22.9799019 120.1854243,22.9800382 120.1854556,22.9801239 120.1854555,22.980124 120.1851479,22.9801235 120.1845919,22.9801217 120.1851497,22.9801241 120.1854579,22.9801253 120.1855969,22.9805046 120.1856931,22.9807682 120.1859688,22.9807212 120.1860511,22.9809462 120.186051,22.9809464 120.1857447,22.9809939 120.1854576,22.9810379 120.1854273,22.9810432 120.1851084,22.981093 120.1844778,22.9811898 120.1844777,22.9811897 120.1844782,22.9810998 120.1844775,22.9811922 120.1833688,22.981366 120.182258,22.9815392 120.1822579,22.9815391 120.1822579,22.9815375 120.1814429,22.9816759 120.1811802,22.9817198 120.1804636,22.9815855 120.1804622,22.9815849 120.1800463,22.981315 120.1800462,22.9813122 120.1796176,22.9810363 120.1793105,22.9808381 120.1790541,22.980673 120.1788668,22.9805518 120.1785992,22.9803791 120.1783316,22.9802054 120.1782497,22.9801517 120.1781707,22.980101 120.1781708,22.9801008 120.1781732,22.9801008 120.1780058,22.9799935 120.1778349,22.9798826 120.1778349,22.9798822 120.1775128,22.9796746 120.1774325,22.9796226 120.1772436,22.9794997 120.1769926,22.9793375 120.1762664,22.9788687 120.1761721,22.978453 120.1761667,22.9784529 120.1761023,22.9781674 120.1760135,22.9777707 120.1758959,22.9772476 120.1757965,22.9768102 120.1757943,22.9768102 120.1756342,22.9760876 120.1756343,22.9760762 120.1754826,22.9754022 120.1754296,22.9751657 120.1754297,22.9751656 120.1756394,22.9751662 120.1756394,22.9751658 120.1754316,22.9751647 120.1752462,22.9743437 120.1750622,22.9735245 120.1750581,22.9735244 120.1746897,22.9718796 120.1746881,22.9718795 120.1745588,22.9713109 120.1734431,22.9707466 120.1734431,22.9707444 120.1729331,22.9704873 120.1727793,22.9704108 120.1726956,22.9703694 120.1726073,22.9703245 120.172421,22.970231 120.1724082,22.970231 120.1723395,22.970196 120.1721986,22.9701239 120.1720251,22.9700352 120.1717594,22.9699002 120.1717254,22.9697678 120.1716902,22.9696335 120.1716051,22.9691736 120.1715208,22.9687117 120.1717002,22.9685849 120.1717008,22.9685849 120.1718018,22.9685129 120.1719473,22.9683238 120.1721228,22.9680967 120.1725653,22.9675225 120.173007,22.9669484 120.1730065,22.9669484 120.1730065,22.9669482 120.1730664,22.9668715 120.1731149,22.9668078 120.1731505,22.9667615 120.1731555,22.9667535 120.1732527,22.9666136 120.1733284,22.9665021 120.1733678,22.9664448 120.1734592,22.9663106 120.1734593,22.966301 120.1734918,22.9662545 120.173499,22.9662455 120.1740224,22.9653135 120.1740187,22.9653135 120.1740186,22.9653133 120.1741268,22.9651211 120.174412,22.9646122 120.1745774,22.9643179 120.174731,22.9640952 120.1749702,22.9636711 120.1751263,22.9636714 120.1749653,22.9636709 120.1749653,22.9636708 120.1750078,22.9635954 120.1750808,22.9634641 120.1751925,22.9632642 120.1751961,22.9632571 120.1752232,22.9632084 120.1752913,22.9630905 120.1753318,22.9630274 120.1753567,22.9629921 120.1753909,22.9629491 120.1754332,22.9629006 120.1754844,22.9628519 120.1755346,22.9628025 120.17558,22.962768 120.1756261,22.9627324 120.1756869,22.9626892 120.1756869,22.9626873 120.1757366,22.9626568 120.175799,22.9626239 120.1758591,22.9625943 120.175939,22.9625601 120.1759923,22.9625408 120.1760384,22.9625279 120.1760845,22.9625147 120.1760962,22.9625079 120.1762832,22.9625172 120.1767585,22.9625423 120.1767639,22.9625476 120.1767729,22.9625522 120.1779007,22.9625884 120.1779008,22.9625882 120.1783722,22.9626031 120.1801159,22.9626573 120.180116,22.9626547 120.1809048,22.9626801 120.1811841,22.9626889 120.181225,22.9626904 120.1823351,22.962725 120.1823352,22.9627265 120.1828048,22.9627395 120.1828599,22.9625923 120.1828591,22.9625851 120.1827256,22.9625022 120.1824614,22.9623377 120.1823333,22.9623426 120.1823332,22.962341 120.1822501,22.9623447 120.1821787,22.9620513 120.1821787,22.9620512 120.1823293,22.9620515 120.1823293,22.962051 120.182174,22.9620507 120.1821108,22.9617954 120.1820193,22.961306 120.1819978,22.9611603 120.1819867,22.9610199 120.1819846,22.9608524 120.182005,22.9606815 120.1820051,22.9606815 120.182303,22.9607341 120.1823377,22.9607429 120.1823377,22.9607425 120.1823379,22.9607424 120.1827994,22.9608612 120.1829554,22.9608924 120.1836944,22.9610217 120.1838442,22.9610486 120.1839863,22.9610736 120.1843232,22.9611344 120.1844196,22.9611522 120.1845051,22.9611677 120.1845233,22.9611584 120.18453,22.9611441 120.1845268,22.9610563 120.1845062,22.9604166 120.1845062,22.9604165 120.184546,22.9604164 120.184505,22.9604162 120.1845036,22.9603689 120.1845535,22.9599498 120.1845538,22.9599086 120.1845924,22.9598643</coordinates></LinearRing></outerBoundaryIs>
          <innerBoundaryIs><LinearRing><coordinates>120.1858895,22.9604208 120.1854079,22.9604187 120.1853267,22.9604186 120.185414,22.9604192 120.1858895,22.9604208</coordinates></LinearRing></innerBoundaryIs>
          <innerBoundaryIs><LinearRing><coordinates>120.1847598,22.9604166 120.1846489,22.9604165 120.1847633,22.960417 120.1848345,22.960417 120.1847598,22.9604166</coordinates></LinearRing></innerBoundaryIs>
          <innerBoundaryIs><LinearRing><coordinates>120.1871435,22.9620491 120.1871387,22.9620549 120.1871342,22.9620594 120.1871375,22.9620565 120.1871396,22.9620542 120.1871415,22.9620519 120.1871435,22.9620491</coordinates></LinearRing></innerBoundaryIs>
          <innerBoundaryIs><LinearRing><coordinates>120.1867624,22.9620647 120.1864091,22.9620647 120.1861841,22.9620638 120.1858436,22.962063 120.1863611,22.9620647 120.1866739,22.962066 120.1867624,22.9620657 120.1867624,22.9620647</coordinates></LinearRing></innerBoundaryIs>
          <innerBoundaryIs><LinearRing><coordinates>120.1867644,22.9620668 120.186763,22.9620668 120.1867624,22.9621641 120.1867618,22.9623347 120.1867606,22.9625049 120.1867587,22.9628053 120.1867584,22.9628628 120.1867585,22.9630313 120.1867575,22.9630624 120.1867545,22.9637078 120.1867577,22.9637078 120.1867582,22.9636378 120.1867587,22.9635262 120.1867611,22.9630636 120.1867607,22.9630294 120.1867618,22.9628608 120.1867614,22.9628044 120.1867629,22.9625572 120.1867644,22.9620668</coordinates></LinearRing></innerBoundaryIs>
          <innerBoundaryIs><LinearRing><coordinates>120.186332,22.9637064 120.1859045,22.9637052 120.1856455,22.9637042 120.1853735,22.9637026 120.1852565,22.9637024 120.1850397,22.9637011 120.184833,22.9637008 120.1845468,22.9637 120.1845468,22.9637003 120.1852615,22.9637034 120.1859114,22.9637056 120.1864165,22.9637069 120.186332,22.9637064</coordinates></LinearRing></innerBoundaryIs>
          <innerBoundaryIs><LinearRing><coordinates>120.184087,22.9637 120.1839741,22.9636995 120.1839322,22.9636995 120.184087,22.9637</coordinates></LinearRing></innerBoundaryIs>
          <innerBoundaryIs><LinearRing><coordinates>120.1859063,22.9653476 120.1856746,22.9653467 120.1854944,22.9653464 120.1859063,22.9653476</coordinates></LinearRing></innerBoundaryIs>
          <innerBoundaryIs><LinearRing><coordinates>120.1792853,22.9669683 120.1789709,22.9669673 120.1788724,22.9669672 120.1789734,22.9669677 120.1792853,22.9669683</coordinates></LinearRing></innerBoundaryIs>
          <innerBoundaryIs><LinearRing><coordinates>120.173456,22.9669494 120.1731415,22.9669487 120.173456,22.9669496 120.173456,22.9669494</coordinates></LinearRing></innerBoundaryIs>
          <innerBoundaryIs><LinearRing><coordinates>120.1859021,22.9686323 120.1857184,22.9686318 120.1858083,22.9686325 120.1859472,22.9686325 120.1859021,22.9686323</coordinates></LinearRing></innerBoundaryIs>
          <innerBoundaryIs><LinearRing><coordinates>120.1864195,22.9719175 120.1863491,22.9719173 120.1863919,22.9719178 120.1864195,22.9719175</coordinates></LinearRing></innerBoundaryIs>
          <innerBoundaryIs><LinearRing><coordinates>120.1841162,22.9719087 120.1839298,22.9719092 120.1837845,22.9719083 120.1836376,22.9719081 120.1827596,22.9719049 120.1822992,22.9719033 120.1822992,22.9719035 120.1827617,22.9719053 120.1832705,22.9719069 120.1834805,22.9719077 120.1836398,22.9719085 120.1839323,22.9719093 120.1843043,22.9719107 120.1844154,22.971911 120.1843016,22.9719106 120.1841162,22.9719087</coordinates></LinearRing></innerBoundaryIs>
          <innerBoundaryIs><LinearRing><coordinates>120.1755919,22.9718824 120.1755037,22.971882 120.1753691,22.971882 120.1755919,22.9718824</coordinates></LinearRing></innerBoundaryIs>
          <innerBoundaryIs><LinearRing><coordinates>120.1751731,22.9718809 120.1749377,22.97188 120.1746971,22.9718796 120.1751974,22.9718816 120.1753183,22.9718818 120.1751731,22.9718809</coordinates></LinearRing></innerBoundaryIs>
          <innerBoundaryIs><LinearRing><coordinates>120.186425,22.9752005 120.1863727,22.9752012 120.1862713,22.9752007 120.1845048,22.9751949 120.1845048,22.9751953 120.1849636,22.9751972 120.1860458,22.9752005 120.1861617,22.9752005 120.1862776,22.9752011 120.1864252,22.9752015 120.186425,22.9752005</coordinates></LinearRing></innerBoundaryIs>
          <innerBoundaryIs><LinearRing><coordinates>120.1875639,22.9757494 120.1875519,22.9757497 120.1875734,22.9758706 120.1875733,22.9758707 120.1870999,22.9758686 120.1869073,22.9758682 120.186988,22.9758687 120.1870436,22.9758686 120.1871552,22.9758694 120.1873796,22.9758706 120.1875456,22.9758719 120.1875737,22.9758717 120.1876085,22.9760659 120.1875519,22.976356 120.1875517,22.9763561 120.1874565,22.9763353 120.1873584,22.9763136 120.1871039,22.9762586 120.1871103,22.9762653 120.1872321,22.9762916 120.1874287,22.9763347 120.1875952,22.9763709 120.1875959,22.976367 120.1875632,22.9763594 120.1876206,22.9760708 120.1875926,22.97591 120.1875639,22.9757494</coordinates></LinearRing></innerBoundaryIs>
          <innerBoundaryIs><LinearRing><coordinates>120.1868649,22.9759146 120.1868628,22.9762198 120.1868627,22.9762199 120.18683,22.9762092 120.1868299,22.9762081 120.1868253,22.9762065 120.1867564,22.9761539 120.1867158,22.9761124 120.1867158,22.9761142 120.1867588,22.9761586 120.1868217,22.9762066 120.1868675,22.9762221 120.1869425,22.9762471 120.1870275,22.9761896 120.1870229,22.9761852 120.1869376,22.9762445 120.1868631,22.9762198 120.1868649,22.9759146</coordinates></LinearRing></innerBoundaryIs>
          <innerBoundaryIs><LinearRing><coordinates>120.177678,22.9768157 120.177519,22.9768149 120.1775932,22.9768155 120.177678,22.9768157</coordinates></LinearRing></innerBoundaryIs>
          <innerBoundaryIs><LinearRing><coordinates>120.1836299,22.9784772 120.1833006,22.978476 120.1831356,22.9784757 120.1835445,22.9784771 120.1836299,22.9784772</coordinates></LinearRing></innerBoundaryIs>
          <innerBoundaryIs><LinearRing><coordinates>120.1822692,22.9794699 120.1822683,22.9796125 120.1822662,22.9800613 120.1822692,22.9794699</coordinates></LinearRing></innerBoundaryIs>
        </Polygon>
        <Polygon>
          <outerBoundaryIs><LinearRing><coordinates>120.1879608,22.9582039 120.1879609,22.958204 120.1879548,22.9582647 120.1879554,22.9582648 120.1879553,22.9582659 120.1879495,22.958325 120.1878989,22.958838 120.1878746,22.9590798 120.1876624,22.9593559 120.187532,22.9594937 120.1875318,22.9594937 120.1869979,22.9589641 120.1869664,22.9588601 120.1869665,22.958855 120.1868774,22.9585555 120.1868097,22.9583265 120.1868098,22.9583264 120.1869725,22.9583082 120.1871297,22.9582901 120.1872558,22.9582764 120.1873873,22.9582616 120.1873956,22.9582616 120.1874491,22.958255 120.1878231,22.9582132 120.187823,22.9582092 120.1878755,22.9582067 120.1879608,22.9582039</coordinates></LinearRing></outerBoundaryIs>
        </Polygon>
        <Polygon>
          <outerBoundaryIs><LinearRing><coordinates>120.1938443,22.95785 120.1938444,22.9578501 120.1938442,22.9579429 120.1938425,22.9582949 120.1938432,22.958295 120.1938425,22.9584852 120.1938426,22.9585315 120.193843,22.958554 120.1940623,22.9585746 120.1940636,22.958581 120.1940815,22.9585813 120.1940834,22.9587077 120.1940873,22.9587438 120.1944595,22.9587364 120.1944906,22.9587365 120.1944907,22.9587365 120.1944765,22.9588938 120.1944571,22.9591202 120.1944521,22.9591725 120.1945454,22.9591698 120.1945937,22.9592398 120.1945933,22.9592828 120.1946912,22.9593148 120.1947268,22.9592394 120.1947641,22.9592451 120.1947641,22.9592435 120.1947642,22.9592434 120.1948404,22.9592541 120.1949041,22.9590872 120.194928,22.9590236 120.1949282,22.9590236 120.1951281,22.959098 120.1951927,22.9590254 120.1952282,22.9588814 120.195252,22.9588132 120.1953923,22.9588108 120.1953924,22.9588109 120.1953936,22.9596565 120.1953935,22.9596566 120.1948971,22.9596539 120.1947613,22.9596534 120.1947613,22.9596537 120.194763,22.9596538 120.1947599,22.9600532 120.1947599,22.9600869 120.1947587,22.9601206 120.1947583,22.9601963 120.1947587,22.9602536 120.1947633,22.9596537 120.195006,22.9596547 120.1950599,22.9596553 120.1951149,22.9596554 120.1953209,22.9596566 120.1953939,22.9596574 120.1953952,22.9601094 120.1953972,22.9605607 120.195397,22.9605607 120.1953835,22.9605527 120.1953347,22.9606145 120.1953975,22.9606657 120.1953974,22.9610116 120.195398,22.9610117 120.1954016,22.9621757 120.1954015,22.9621757 120.1952498,22.9621466 120.1949583,22.9620915 120.1948914,22.9620786 120.194849,22.9620702 120.1947483,22.9620505 120.1947488,22.9619382 120.194748,22.9620523 120.1947479,22.9620524 120.1945607,22.9620158 120.1945123,22.9620068 120.1943773,22.9619804 120.1941855,22.9619433 120.1941485,22.961936 120.1941406,22.9619347 120.1938208,22.9618736 120.1933172,22.961777 120.1932741,22.9617685 120.1931506,22.9617448 120.1931135,22.9617378 120.1928689,22.9616906 120.1927993,22.9616774 120.1927992,22.9616762 120.1927955,22.9616754 120.1926915,22.9616555 120.1926917,22.9616558 120.1926916,22.9616559 120.1925469,22.9616271 120.1923871,22.9615962 120.1921974,22.961559 120.1921547,22.9615512 120.1920702,22.9615348 120.1920292,22.9615264 120.1918182,22.9614853 120.19169,22.9614613 120.1916457,22.9614528 120.1916026,22.9614442 120.1914812,22.9614209 120.19144,22.9614132 120.1913544,22.9613968 120.1913125,22.9613886 120.1912284,22.9613725 120.1911847,22.9613646 120.1911778,22.9613635 120.1910685,22.9613414 120.191057,22.9611404 120.190999,22.960992 120.190998,22.96099 120.1909939,22.9609899 120.190962,22.9609425 120.1909017,22.9609082 120.1909064,22.9608787 120.1909135,22.9608203 120.190968,22.960763 120.1909702,22.9607098 120.1910176,22.9606842 120.1910029,22.9605482 120.1909961,22.9604838 120.1909303,22.9604584 120.1909194,22.960417 120.1909195,22.9604169 120.1910196,22.9604127 120.1909944,22.9601014 120.1910078,22.9600888 120.1909447,22.9600953 120.1909446,22.9600952 120.190955,22.9600866 120.1909243,22.9598967 120.1908648,22.9598992 120.1908608,22.9598895 120.1908628,22.9596342 120.1908622,22.9596342 120.1908612,22.9597722 120.1908605,22.9598912 120.1908603,22.9598912 120.1908223,22.9597895 120.1908212,22.9597742 120.1908109,22.95966 120.1908128,22.9596367 120.1908104,22.9596367 120.1908103,22.9596366 120.1908188,22.9595426 120.1907365,22.9595419 120.1906477,22.9595535 120.1905871,22.9595592 120.1905737,22.9595028 120.1905726,22.9593097 120.19064,22.9593017 120.1908627,22.959324 120.1908627,22.9593215 120.1908628,22.9593214 120.1908908,22.9593243 120.1909377,22.9593289 120.1909431,22.9591558 120.1909473,22.9590165 120.1908654,22.9589993 120.1908654,22.959001 120.1908652,22.9590011 120.1908056,22.9589888 120.1907611,22.9589798 120.1907016,22.9589741 120.1905735,22.9589614 120.1905026,22.9589525 120.1904053,22.95894 120.1904052,22.9589399 120.1904308,22.9587825 120.1904266,22.9587774 120.1904347,22.9587584 120.190461,22.9585952 120.1905068,22.9584954 120.1906072,22.9585142 120.1908321,22.9585134 120.1908509,22.9584113 120.1908702,22.9583091 120.1908704,22.9583091 120.1908677,22.9586453 120.1908706,22.9583043 120.1908752,22.9582799 120.1908745,22.9582798 120.1909078,22.9580955 120.1909222,22.9579651 120.1909271,22.9579007 120.1922294,22.9578787 120.1928224,22.9578693 120.1928225,22.9578679 120.1938443,22.95785</coordinates></LinearRing></outerBoundaryIs>
          <innerBoundaryIs><LinearRing><coordinates>120.192821,22.9582892 120.192821,22.9582905 120.1928198,22.9582906 120.1928191,22.9583805 120.192818,22.9585824 120.1928157,22.958782 120.1928159,22.9588836 120.1928211,22.9582894 120.1928445,22.9582895 120.192821,22.9582892</coordinates></LinearRing></innerBoundaryIs>
          <innerBoundaryIs><LinearRing><coordinates>120.1912589,22.959636 120.1909582,22.9596345 120.1912624,22.9596367 120.1915433,22.9596383 120.1916031,22.9596388 120.1916599,22.9596388 120.1917168,22.9596393 120.1917744,22.9596396 120.1920121,22.9596404 120.1916016,22.9596382 120.1912589,22.959636</coordinates></LinearRing></innerBoundaryIs>
          <innerBoundaryIs><LinearRing><coordinates>120.1930468,22.9609992 120.1928043,22.9609982 120.1928043,22.9609983 120.1930472,22.9609998 120.1935199,22.9610025 120.1941004,22.9610053 120.1937124,22.9610032 120.1930468,22.9609992</coordinates></LinearRing></innerBoundaryIs>
          <innerBoundaryIs><LinearRing><coordinates>120.1947547,22.9610088 120.1947536,22.9611198 120.1947517,22.9613793 120.1947499,22.9615136 120.1947496,22.9616415 120.1947496,22.9617901 120.1947534,22.9611932 120.1947552,22.9610088 120.1947547,22.9610088</coordinates></LinearRing></innerBoundaryIs>
        </Polygon>
      </MultiGeometry>
  </Placemark>
  <Placemark>
	<Style><LineStyle><color>ff0000ff</color></LineStyle><PolyStyle><fill>0</fill></PolyStyle></Style>
	<ExtendedData><SchemaData schemaUrl="#114SEC_DCTBLPD">
		<SimpleData name="段碼">1808</SimpleData>
		<SimpleData name="段名">新興段</SimpleData>
		<SimpleData name="行政區">南區</SimpleData>
	</SchemaData></ExtendedData>
      <MultiGeometry>
        <Polygon>
          <outerBoundaryIs><LinearRing><coordinates>120.1859479,22.977906 120.1872564,22.9780021 120.1872534,22.9783723 120.187425,22.9789609 120.1874328,22.978987 120.1875242,22.9792902 120.1875294,22.9793087 120.1875319,22.9793184 120.1875362,22.9793378 120.1875398,22.9793574 120.1875427,22.9793771 120.1875439,22.9793871 120.1882169,22.9794983 120.1881974,22.9792538 120.1889327,22.9792036 120.1888961,22.9787606 120.1888961,22.9787605 120.1900611,22.9786814 120.1901119,22.9792408 120.1912208,22.9791642 120.1912209,22.9791643 120.191404,22.981483 120.1913944,22.981484 120.1916577,22.984852 120.1899579,22.984969 120.1902213,22.9884071 120.1894022,22.9885689 120.1881678,22.9873579 120.1880842,22.9872792 120.1880473,22.9872464 120.1880098,22.9872143 120.1879717,22.9871827 120.187933,22.9871518 120.1878676,22.9871019 120.1867277,22.9862577 120.1864061,22.9860405 120.1854375,22.9853917 120.1838805,22.9839033 120.1838344,22.9838604 120.183805,22.9838343 120.183775,22.9838086 120.1837446,22.9837834 120.1837137,22.9837587 120.1836823,22.9837344 120.1836505,22.9837107 120.1836182,22.9836876 120.1835667,22.9836522 120.1821449,22.9827045 120.1819676,22.9825865 120.1807248,22.9817668 120.1807248,22.9817666 120.1856107,22.9809989 120.1856169,22.9810158 120.1860229,22.9809522 120.1860414,22.9809472 120.1859571,22.9807164 120.1859521,22.980717 120.1856792,22.9807632 120.1848744,22.9785498 120.1847971,22.978123 120.1848312,22.9780788 120.1859479,22.977906</coordinates></LinearRing></outerBoundaryIs>
        </Polygon>
      </MultiGeometry>
  </Placemark>
  <Placemark>
	<Style><LineStyle><color>ff0000ff</color></LineStyle><PolyStyle><fill>0</fill></PolyStyle></Style>
	<ExtendedData><SchemaData schemaUrl="#114SEC_DCTBLPD">
		<SimpleData name="段碼">1809</SimpleData>
		<SimpleData name="段名">喜東段</SimpleData>
		<SimpleData name="行政區">南區</SimpleData>
	</SchemaData></ExtendedData>
      <MultiGeometry>
        <Polygon>
          <outerBoundaryIs><LinearRing><coordinates>120.1889052,22.9608546 120.1889755,22.9609246 120.1889362,22.960965 120.1889046,22.9609435 120.1889052,22.9608546</coordinates></LinearRing></outerBoundaryIs>
        </Polygon>
        <Polygon>
          <outerBoundaryIs><LinearRing><coordinates>120.1869323,22.9596137 120.1869615,22.9596138 120.1869615,22.9596388 120.1869613,22.9596389 120.1869582,22.9596293 120.1869323,22.9596139 120.1869323,22.9596137</coordinates></LinearRing></outerBoundaryIs>
        </Polygon>
        <Polygon>
          <outerBoundaryIs><LinearRing><coordinates>120.1814937,22.9408771 120.1815162,22.94095 120.1815299,22.9409964 120.181543,22.9410418 120.1815546,22.94108 120.1815659,22.9411183 120.1816502,22.9414003 120.1818224,22.9419784 120.1818268,22.9419785 120.1818814,22.9421605 120.1818961,22.9422092 120.1819292,22.9423207 120.1820938,22.9428704 120.1821461,22.9430465 120.1822345,22.9433347 120.1822344,22.9433348 120.1820549,22.9433341 120.1822361,22.9433351 120.1824943,22.9441754 120.1826533,22.944691 120.1826532,22.9446911 120.1823935,22.9446898 120.1821727,22.9446896 120.1817124,22.9446872 120.1826549,22.9446926 120.1826897,22.9448047 120.1827483,22.9449948 120.1828551,22.9453425 120.1830725,22.9460491 120.1830743,22.9460492 120.1831417,22.9462678 120.1831403,22.9464448 120.1831339,22.9474033 120.1831349,22.9474034 120.183129,22.9483626 120.1831267,22.9487578 120.1819174,22.9487521 120.1831268,22.9487592 120.1831268,22.9487579 120.1831279,22.9487578 120.1831297,22.9484844 120.1831349,22.9474034 120.1831357,22.9474033 120.1831419,22.9462661 120.1831421,22.946266 120.1832658,22.9466652 120.1833696,22.9470026 120.1834944,22.947406 120.1837585,22.9482582 120.1837855,22.948345 120.1838395,22.9485198 120.1838506,22.9485563 120.1839155,22.9487631 120.1839154,22.9487632 120.1839807,22.9489759 120.1840138,22.9490862 120.1840527,22.9492124 120.1841651,22.9495795 120.184182,22.9496309 120.1842941,22.9499974 120.1843222,22.9500885 120.1843313,22.9501191 120.1843345,22.9501192 120.1843358,22.9501236 120.1843473,22.9501603 120.1843854,22.9502846 120.1844635,22.9505385 120.1844982,22.9506507 120.1845315,22.9507563 120.1845483,22.9508123 120.1845481,22.9508124 120.1843565,22.9506966 120.1842159,22.9506744 120.1839624,22.9506364 120.1838628,22.950609 120.183704,22.9505379 120.1834168,22.9504742 120.1831171,22.9504064 120.1831187,22.9501132 120.1831185,22.9501132 120.1831165,22.9504062 120.1831164,22.9504063 120.1830302,22.9503875 120.1827603,22.9503142 120.1825178,22.9502203 120.1823059,22.9501091 120.1823049,22.950109 120.1821989,22.9500534 120.1820235,22.9499851 120.1819335,22.9499504 120.1818437,22.9499152 120.1817488,22.9498796 120.1816729,22.949849 120.1812576,22.9497404 120.1811968,22.9497238 120.1811703,22.9497237 120.1811703,22.9497217 120.1809443,22.9497168 120.1811704,22.9497954 120.1811704,22.9497998 120.1811948,22.9498081 120.1813269,22.9498549 120.1814693,22.9499046 120.1816265,22.9499603 120.1819915,22.9500883 120.1820442,22.9501068 120.1820458,22.9501069 120.1828429,22.9503909 120.1829384,22.9504251 120.1830063,22.9504497 120.183116,22.9504757 120.1831087,22.9514662 120.1814645,22.9514584 120.1831106,22.9514677 120.1831106,22.9514669 120.1831109,22.9514668 120.1831166,22.9504753 120.1831167,22.9504753 120.1833509,22.9505331 120.1836327,22.9506034 120.1837025,22.9506201 120.184516,22.9508064 120.1845584,22.9508443 120.1845649,22.9508645 120.1847537,22.9514757 120.1847536,22.9514758 120.1839303,22.9514718 120.1847546,22.9514769 120.1847786,22.9515531 120.1847962,22.9516119 120.184819,22.9516859 120.1848521,22.9517919 120.1848789,22.9518786 120.1849394,22.9520754 120.1849803,22.9522096 120.1850537,22.9524588 120.1850509,22.9528313 120.1850519,22.9528313 120.1850544,22.9524547 120.1850546,22.9524546 120.1851657,22.9528321 120.1851655,22.9528323 120.1852535,22.9531272 120.1852843,22.9532283 120.1853123,22.9533241 120.1853861,22.9535686 120.185571,22.9541884 120.1855709,22.9541885 120.1854895,22.9541881 120.1855725,22.9541886 120.1859768,22.9555449 120.1859767,22.9555451 120.1853038,22.9555416 120.1850365,22.95554 120.1850439,22.9542762 120.1850352,22.9555413 120.1850364,22.9555413 120.1850365,22.9555404 120.1859779,22.9555467 120.1860018,22.9556268 120.1862669,22.9565223 120.1863128,22.9566732 120.1863804,22.9569018 120.1863834,22.9569019 120.1866905,22.9579328 120.1867877,22.9582582 120.1867876,22.9582584 120.1865803,22.9582574 120.1867874,22.9582585 120.186953,22.9588076 120.186967,22.9588547 120.186967,22.9588574 120.1869999,22.9589662 120.1870223,22.958988 120.187051,22.959017 120.1872065,22.9591716 120.1872379,22.959203 120.187272,22.9592364 120.187382,22.9593452 120.1874117,22.9593749 120.1874415,22.9594042 120.1876333,22.9595944 120.1876571,22.9596182 120.1876569,22.9596183 120.1878071,22.9597669 120.1879039,22.9598634 120.1879142,22.9598738 120.1879961,22.9599556 120.1880239,22.9599825 120.1882787,22.9602347 120.1884637,22.9604173 120.1888323,22.960782 120.18888,22.9608299 120.188905,22.9608545 120.1889045,22.9609426 120.1889043,22.9609426 120.1888503,22.9609062 120.1888181,22.960884 120.1883318,22.9605554 120.1879015,22.9602644 120.1878291,22.9602158 120.1877925,22.960191 120.1877586,22.9601679 120.18753,22.9600135 120.187485,22.9599829 120.1874173,22.9599371 120.1872599,22.95983 120.1872139,22.9598808 120.1870001,22.9597507 120.1869622,22.9596377 120.1869623,22.959614 120.1869625,22.9596139 120.1869634,22.9594911 120.1869664,22.9589897 120.1869668,22.9588753 120.1869649,22.9590758 120.1869612,22.959613 120.1869314,22.959613 120.1868394,22.9595567 120.1867298,22.9594894 120.1867243,22.9594859 120.1861841,22.959156 120.1861605,22.9591423 120.1861464,22.9591345 120.1860893,22.9591047 120.1860527,22.9590874 120.1860072,22.9590668 120.1859811,22.9590556 120.1859064,22.9590256 120.1858724,22.959013 120.1858381,22.9590009 120.1858035,22.9589894 120.1856921,22.9589556 120.1856792,22.958952 120.1856581,22.9589466 120.1856263,22.958939 120.185597,22.9589331 120.1855495,22.9589228 120.1855216,22.9589174 120.1854937,22.9589124 120.1854656,22.9589079 120.1854375,22.9589039 120.1854093,22.9589003 120.1853662,22.9588957 120.1853064,22.9588896 120.1852744,22.9588872 120.1852423,22.9588852 120.1851699,22.9588826 120.1851504,22.9588825 120.1850936,22.9588832 120.1850169,22.9588846 120.1850168,22.9588846 120.1850198,22.9583118 120.1850158,22.958884 120.1840309,22.9588996 120.1836557,22.958905 120.1830664,22.9589142 120.1830663,22.9589141 120.1830699,22.9582402 120.1830698,22.9582402 120.1830653,22.9589148 120.1830033,22.9589151 120.1828665,22.9589178 120.1826509,22.9589213 120.1823645,22.9589253 120.1811158,22.9589448 120.1811157,22.9589419 120.1791665,22.9589756 120.1791664,22.9589756 120.1791687,22.9584199 120.1791657,22.9589743 120.1788993,22.9589789 120.1786554,22.9582159 120.1786555,22.9582158 120.1786566,22.9582158 120.178646,22.9581818 120.1786144,22.957995 120.1786092,22.9578896 120.1783947,22.9579335 120.1782179,22.9574319 120.1782007,22.9573819 120.1781664,22.9568606 120.1781636,22.9568605 120.178157,22.9567461 120.1781592,22.9566095 120.1781936,22.9565461 120.1783418,22.9565559 120.1783415,22.9565434 120.1784602,22.9562905 120.1785933,22.9561207 120.1788395,22.9558048 120.1791854,22.9555838 120.1791854,22.9555808 120.1792932,22.9555113 120.1792922,22.9555113 120.1792921,22.9555111 120.1794776,22.9553932 120.1797457,22.9553007 120.1798892,22.9552166 120.1803081,22.95484 120.1804169,22.9548968 120.1804585,22.9549177 120.1806492,22.9550173 120.1808078,22.9541635 120.1808071,22.9541635 120.180807,22.9541634 120.1808395,22.9539932 120.1808787,22.95378 120.1809583,22.9536466 120.1809121,22.9536169 120.1807545,22.9535171 120.1806137,22.9534505 120.1801223,22.9528063 120.1801207,22.9528063 120.1799963,22.9526461 120.1798695,22.9525431 120.1797895,22.9524471 120.1795952,22.9521388 120.1794605,22.9517172 120.1793731,22.9514477 120.1793563,22.9513761 120.179215,22.9505952 120.179215,22.9505927 120.1791947,22.9504814 120.1791041,22.9503376 120.1789207,22.9500904 120.1789208,22.9500903 120.1792185,22.9500917 120.1792186,22.9500922 120.1792191,22.9500922 120.1792247,22.9491128 120.1792251,22.9490102 120.1792243,22.9491124 120.1792182,22.9500915 120.1789196,22.9500901 120.1788035,22.9499355 120.1787445,22.9496073 120.1787412,22.9491043 120.1787218,22.949061 120.1786679,22.9489433 120.1786351,22.9487346 120.1786352,22.9487345 120.1792246,22.9487375 120.1792246,22.9487372 120.1786346,22.9487343 120.1786251,22.9486715 120.1786178,22.9486268 120.1786005,22.9485118 120.17859,22.948438 120.178579,22.9483644 120.1785826,22.948258 120.1785892,22.9480497 120.1785072,22.9477443 120.1784727,22.9476537 120.1783788,22.9475022 120.1783558,22.9473795 120.1783537,22.9473795 120.1782794,22.9469746 120.1782706,22.9469294 120.1781279,22.9467435 120.1779566,22.9465225 120.1779033,22.9464602 120.1777697,22.9463009 120.1775755,22.9460208 120.1775748,22.9460207 120.177372,22.94573 120.1773718,22.9455582 120.1775926,22.9448604 120.1776455,22.9446659 120.1776458,22.9446659 120.1776805,22.9445393 120.1776797,22.9436911 120.1776869,22.9436004 120.1777002,22.943425 120.1777107,22.9433122 120.1777093,22.9433121 120.1777092,22.9433121 120.1777211,22.9431795 120.177749,22.9428799 120.177753,22.9428415 120.1778401,22.9425885 120.1778579,22.9425381 120.1778996,22.9424185 120.1779197,22.942363 120.1779875,22.9422539 120.1779968,22.9422403 120.178006,22.9422257 120.1781621,22.9419605 120.1792672,22.9419675 120.1792673,22.9419676 120.179266,22.9421072 120.179264,22.9424348 120.1792635,22.9424975 120.1792594,22.9430169 120.1792583,22.9430837 120.1792579,22.9431792 120.1792579,22.9432281 120.179257,22.9433188 120.1792589,22.9433188 120.1792644,22.9424336 120.1792674,22.9419652 120.1792678,22.9419652 120.1792721,22.9412014 120.1792673,22.9419189 120.1792668,22.9419652 120.1789389,22.9419635 120.1783105,22.9419606 120.1781624,22.94196 120.1781623,22.9419599 120.1782596,22.9417924 120.1786253,22.9414802 120.1786713,22.9414406 120.1789809,22.941024 120.1790127,22.9409732 120.1792734,22.9409662 120.1792735,22.9409647 120.1792938,22.9409641 120.1793105,22.9409633 120.1798443,22.9409475 120.1799731,22.9408996 120.1799828,22.9408996 120.1800247,22.9408992 120.1801651,22.9408975 120.1802972,22.9408963 120.1803397,22.9408958 120.1803828,22.9408949 120.1804248,22.9408947 120.1804682,22.9408941 120.1811272,22.9408875 120.1811694,22.9408875 120.1811813,22.9408872 120.1812237,22.9408854 120.1812238,22.9408844 120.1813275,22.9408818 120.1813521,22.9408809 120.1814937,22.9408771</coordinates></LinearRing></outerBoundaryIs>
          <innerBoundaryIs><LinearRing><coordinates>120.1792733,22.9409985 120.179273,22.9410326 120.1792725,22.9411238 120.1792733,22.9409985</coordinates></LinearRing></innerBoundaryIs>
          <innerBoundaryIs><LinearRing><coordinates>120.1812151,22.941975 120.1800891,22.9419697 120.1812152,22.941976 120.1812151,22.941975</coordinates></LinearRing></innerBoundaryIs>
          <innerBoundaryIs><LinearRing><coordinates>120.1812172,22.941976 120.1812073,22.9433291 120.1812092,22.9433292 120.1812005,22.9446835 120.1802578,22.9446792 120.1802145,22.9446789 120.1795309,22.9446758 120.1797246,22.9446772 120.1797824,22.9446773 120.1797995,22.9446777 120.1812004,22.9446867 120.1812005,22.9446868 120.1811895,22.9460395 120.181193,22.9460395 120.181193,22.9460392 120.1811916,22.9460391 120.1812012,22.9446843 120.1812007,22.9446842 120.1812049,22.9440729 120.1812093,22.9433298 120.1812097,22.9433297 120.1812174,22.941976 120.1812172,22.941976</coordinates></LinearRing></innerBoundaryIs>
          <innerBoundaryIs><LinearRing><coordinates>120.1792518,22.9446736 120.1787398,22.9446714 120.1787633,22.9446715 120.1788168,22.9446721 120.1792511,22.9446744 120.1792512,22.9446742 120.1792517,22.9446742 120.1792518,22.9446736</coordinates></LinearRing></innerBoundaryIs>
          <innerBoundaryIs><LinearRing><coordinates>120.1787035,22.9446712 120.178621,22.9446709 120.1786558,22.9446713 120.1787035,22.9446712</coordinates></LinearRing></innerBoundaryIs>
          <innerBoundaryIs><LinearRing><coordinates>120.1792404,22.9460281 120.1782093,22.9460233 120.1778699,22.9460219 120.1792428,22.94603 120.1792429,22.9460301 120.179239,22.9465238 120.1792373,22.9467721 120.1792346,22.9470978 120.1792326,22.9473832 120.1792344,22.9473832 120.1792391,22.9466474 120.1792401,22.9465234 120.1792402,22.946438 120.1792409,22.946314 120.1792421,22.9461883 120.179243,22.9460291 120.1792405,22.9460291 120.1792404,22.9460281</coordinates></LinearRing></innerBoundaryIs>
          <innerBoundaryIs><LinearRing><coordinates>120.181192,22.9463016 120.181184,22.9473949 120.1802965,22.9473898 120.1802407,22.9473892 120.1799434,22.9473879 120.1811848,22.9473961 120.1811849,22.9473933 120.1811855,22.9473932 120.181192,22.9463016</coordinates></LinearRing></innerBoundaryIs>
          <innerBoundaryIs><LinearRing><coordinates>120.1811839,22.947578 120.1811745,22.9487472 120.1811776,22.9487472 120.1811839,22.947578</coordinates></LinearRing></innerBoundaryIs>
          <innerBoundaryIs><LinearRing><coordinates>120.183126,22.9488736 120.1831166,22.9501125 120.1831173,22.9501125 120.183126,22.9488736</coordinates></LinearRing></innerBoundaryIs>
          <innerBoundaryIs><LinearRing><coordinates>120.1811678,22.9501014 120.1798624,22.9500958 120.1811686,22.9501032 120.1811678,22.950103 120.1811678,22.9501014</coordinates></LinearRing></innerBoundaryIs>
          <innerBoundaryIs><LinearRing><coordinates>120.1811674,22.9502822 120.1811587,22.9514577 120.1805138,22.9514541 120.1811604,22.9514578 120.1811604,22.9514569 120.18116,22.9514568 120.1811674,22.9502822</coordinates></LinearRing></innerBoundaryIs>
          <innerBoundaryIs><LinearRing><coordinates>120.1811571,22.9519956 120.1811512,22.9528109 120.1811521,22.952811 120.1811571,22.9519956</coordinates></LinearRing></innerBoundaryIs>
          <innerBoundaryIs><LinearRing><coordinates>120.1831061,22.9521372 120.1831012,22.9528209 120.1815945,22.9528137 120.1831016,22.952822 120.1831061,22.9521372</coordinates></LinearRing></innerBoundaryIs>
          <innerBoundaryIs><LinearRing><coordinates>120.1831022,22.9528224 120.1830928,22.9541753 120.1818285,22.9541693 120.1830937,22.9541758 120.1830938,22.9541759 120.1830851,22.9555289 120.1816193,22.9555235 120.1830862,22.9555332 120.1830943,22.9541759 120.1830952,22.9541758 120.1831024,22.9528224 120.1831022,22.9528224</coordinates></LinearRing></innerBoundaryIs>
          <innerBoundaryIs><LinearRing><coordinates>120.1850478,22.9536299 120.1850435,22.9541854 120.1832629,22.9541768 120.1850445,22.9541872 120.1850478,22.9536299</coordinates></LinearRing></innerBoundaryIs>
          <innerBoundaryIs><LinearRing><coordinates>120.1809709,22.9541638 120.1808138,22.9541635 120.1811439,22.9541651 120.1811439,22.9541648 120.1809709,22.9541638</coordinates></LinearRing></innerBoundaryIs>
          <innerBoundaryIs><LinearRing><coordinates>120.1811421,22.9545097 120.1811351,22.9555191 120.1796983,22.955513 120.181136,22.9555211 120.1811421,22.9545097</coordinates></LinearRing></innerBoundaryIs>
          <innerBoundaryIs><LinearRing><coordinates>120.1791842,22.9557672 120.1791757,22.9568649 120.1791772,22.9568649 120.1791842,22.9557672</coordinates></LinearRing></innerBoundaryIs>
          <innerBoundaryIs><LinearRing><coordinates>120.1830844,22.9558019 120.1830747,22.9568848 120.1830771,22.9568848 120.18308,22.95646 120.1830844,22.9558019</coordinates></LinearRing></innerBoundaryIs>
          <innerBoundaryIs><LinearRing><coordinates>120.1850338,22.9559203 120.1850264,22.9568948 120.1850271,22.9568948 120.1850338,22.9559203</coordinates></LinearRing></innerBoundaryIs>
          <innerBoundaryIs><LinearRing><coordinates>120.1850277,22.9569951 120.1850194,22.9582493 120.1850202,22.9582494 120.1850208,22.9582494 120.1850277,22.9569951</coordinates></LinearRing></innerBoundaryIs>
          <innerBoundaryIs><LinearRing><coordinates>120.1791755,22.9572824 120.1791686,22.9582182 120.1791697,22.9582182 120.1791698,22.9582191 120.1791705,22.9582191 120.1791755,22.9572824</coordinates></LinearRing></innerBoundaryIs>
          <innerBoundaryIs><LinearRing><coordinates>120.1811249,22.9574118 120.1811192,22.9582288 120.1811167,22.9587604 120.1811197,22.9582293 120.1811204,22.9582292 120.1811249,22.9574118</coordinates></LinearRing></innerBoundaryIs>
          <innerBoundaryIs><LinearRing><coordinates>120.1830746,22.9574302 120.1830689,22.9582384 120.182056,22.9582341 120.1830695,22.9582393 120.1830746,22.9574302</coordinates></LinearRing></innerBoundaryIs>
        </Polygon>
      </MultiGeometry>
  </Placemark>
  <Placemark>
	<Style><LineStyle><color>ff0000ff</color></LineStyle><PolyStyle><fill>0</fill></PolyStyle></Style>
	<ExtendedData><SchemaData schemaUrl="#114SEC_DCTBLPD">
		<SimpleData name="段碼">1810</SimpleData>
		<SimpleData name="段名">喜北段</SimpleData>
		<SimpleData name="行政區">南區</SimpleData>
	</SchemaData></ExtendedData>
      <MultiGeometry>
        <Polygon>
          <outerBoundaryIs><LinearRing><coordinates>120.1712586,22.9533147 120.1712201,22.953517 120.1711958,22.9536372 120.1711873,22.9537222 120.1711655,22.9539478 120.1711484,22.9541081 120.1711483,22.9541082 120.1711162,22.9541044 120.1710402,22.9543889 120.1710738,22.9544706 120.1710231,22.9547586 120.1709897,22.9547547 120.1709163,22.9545357 120.1708143,22.9545301 120.1708142,22.95453 120.1708184,22.9544905 120.1708687,22.9544307 120.1708924,22.9543553 120.1709964,22.9540227 120.1710746,22.9536929 120.1710871,22.9536234 120.171155,22.9535055 120.1712223,22.9534094 120.1712292,22.9533998 120.1712586,22.9533147</coordinates></LinearRing></outerBoundaryIs>
        </Polygon>
        <Polygon>
          <outerBoundaryIs><LinearRing><coordinates>120.1720216,22.9513052 120.1720405,22.9513354 120.1719253,22.9517273 120.1718474,22.9519909 120.1718166,22.9519946 120.1718165,22.9519945 120.1718543,22.9518897 120.1718873,22.9517672 120.1719203,22.9516475 120.1719513,22.9515421 120.1719908,22.95141 120.1720022,22.9513398 120.1720216,22.9513052</coordinates></LinearRing></outerBoundaryIs>
        </Polygon>
        <Polygon>
          <outerBoundaryIs><LinearRing><coordinates>120.1732932,22.9486598 120.1733103,22.9489307 120.1733215,22.9491043 120.1732341,22.949335 120.173104,22.9499187 120.1728403,22.9498919 120.1727161,22.9500268 120.1725972,22.9499745 120.1726024,22.9499549 120.1727993,22.949599 120.1728338,22.9495121 120.1729234,22.9493518 120.1730353,22.9491439 120.1731563,22.9489102 120.1732849,22.94867 120.1732932,22.9486598</coordinates></LinearRing></outerBoundaryIs>
        </Polygon>
        <Polygon>
          <outerBoundaryIs><LinearRing><coordinates>120.1753425,22.9408739 120.1753854,22.9409045 120.1753967,22.9410793 120.175468,22.9413992 120.1756719,22.9413945 120.1756541,22.9410965 120.1756542,22.9410965 120.1756765,22.9410966 120.1757696,22.9411099 120.1757747,22.9412126 120.1757851,22.9413919 120.1757944,22.9415036 120.1758028,22.9415977 120.1758929,22.9415908 120.176101,22.9415345 120.1761021,22.9415216 120.1761405,22.9415241 120.1762167,22.9415031 120.176424,22.9414266 120.1766134,22.9413696 120.1768701,22.941281 120.1771621,22.9412188 120.1772536,22.9412063 120.1772537,22.9412064 120.1771832,22.941302 120.177313,22.941276 120.1774244,22.9412529 120.1777977,22.9411797 120.1781212,22.9410999 120.1781558,22.9410919 120.1782576,22.9410672 120.1784669,22.9410252 120.1786339,22.9412425 120.1787261,22.9413615 120.1786677,22.9414412 120.1782552,22.9417935 120.1779173,22.9423642 120.1779046,22.9423975 120.1777501,22.942839 120.1776796,22.943654 120.1776759,22.9436997 120.1776764,22.9445363 120.1775849,22.9448777 120.1774981,22.9451473 120.1773676,22.9455611 120.1773685,22.9457309 120.1777665,22.9462999 120.1779645,22.9465344 120.1782687,22.9469289 120.1783768,22.947501 120.1784721,22.9476539 120.1785083,22.9477491 120.1785867,22.9480472 120.1785774,22.9483626 120.17862,22.9486044 120.1786377,22.9487344 120.1786655,22.9489425 120.1787381,22.9491035 120.1787415,22.9496091 120.1787859,22.9497749 120.178836,22.9499643 120.1789256,22.9500898 120.1790999,22.9503355 120.1791931,22.95048 120.1792558,22.9508283 120.1792986,22.9510619 120.1793717,22.9514469 120.1795936,22.9521353 120.1797812,22.9524335 120.1797894,22.9524473 120.179871,22.9525444 120.1799938,22.9526427 120.1801753,22.9528795 120.1804124,22.9531902 120.1804894,22.9532895 120.1806112,22.9534518 120.1807479,22.9535159 120.1809113,22.9536185 120.1809567,22.9536462 120.1808755,22.9537832 120.1808384,22.9539915 120.1808068,22.9541608 120.1807519,22.9544574 120.1807194,22.9546304 120.1806454,22.9550177 120.1806452,22.9550178 120.1803068,22.9548407 120.1798869,22.9552171 120.1797423,22.9553026 120.1794676,22.9553979 120.1792918,22.9555104 120.1788354,22.9558044 120.1787125,22.9559654 120.178585,22.9561298 120.1784596,22.9562923 120.1784259,22.9563631 120.1783415,22.956543 120.1783418,22.9565549 120.1783417,22.956555 120.1781947,22.9565453 120.1781592,22.9566086 120.1781989,22.9573799 120.178311,22.9576943 120.178395,22.9579345 120.1786086,22.9578895 120.1786088,22.9578895 120.1786139,22.9579926 120.1786471,22.9581862 120.1786813,22.9582953 120.178795,22.9586555 120.1788994,22.9589788 120.1788993,22.9589789 120.1773045,22.9590029 120.1765091,22.9590154 120.1758268,22.9590265 120.1756238,22.9590297 120.1747743,22.9590416 120.173683,22.959059 120.1736424,22.9590592 120.1734825,22.9590616 120.1733684,22.9590629 120.1728155,22.9590755 120.1726824,22.9590778 120.1724075,22.959083 120.1724043,22.959094 120.172325,22.959095 120.172186,22.9590972 120.1720012,22.9590996 120.1720011,22.9590994 120.1720057,22.9590899 120.1719783,22.9590906 120.1715151,22.9590985 120.1714688,22.9590996 120.1714435,22.9591003 120.1714034,22.9591011 120.171363,22.9591009 120.1713223,22.9591005 120.1712823,22.9591007 120.1712416,22.9591011 120.1711854,22.9591061 120.1711654,22.9591084 120.1711454,22.9591111 120.1711255,22.959114 120.171091,22.95912 120.1710523,22.9591286 120.1710078,22.9591401 120.17098,22.9591479 120.1709625,22.9591532 120.1709247,22.9591644 120.1709132,22.9591682 120.1709018,22.9591724 120.1708883,22.959178 120.1708728,22.959184 120.1708651,22.9591872 120.1708575,22.9591905 120.1708388,22.9591993 120.1707937,22.9592211 120.1707548,22.9592416 120.1707245,22.9592595 120.170698,22.9592765 120.1706618,22.9593008 120.1706297,22.9593235 120.1705965,22.9593505 120.17057,22.959373 120.170559,22.9593829 120.1705483,22.9593928 120.1705378,22.959403 120.1705274,22.9594133 120.1705028,22.9594395 120.170472,22.9594749 120.1704629,22.9594857 120.1704405,22.9595136 120.1704247,22.9595328 120.1704173,22.9595422 120.1704018,22.9595633 120.1703942,22.9595753 120.1703609,22.9596305 120.1703496,22.9596518 120.1703431,22.9596648 120.1703369,22.9596778 120.1703309,22.959691 120.17032,22.9597169 120.170277,22.9598309 120.1702391,22.9599334 120.1702286,22.9599627 120.170041,22.960467 120.169958,22.9606923 120.1696404,22.9615556 120.1690552,22.9614728 120.1687299,22.9614157 120.1687267,22.9614247 120.1687266,22.9614248 120.1686506,22.9613932 120.1686392,22.9614191 120.1685732,22.9613958 120.1685804,22.9613783 120.1684289,22.961334 120.1670832,22.9612616 120.1670831,22.9612615 120.1675025,22.960776 120.1676616,22.9605879 120.1680248,22.9601557 120.1681203,22.960043 120.1682641,22.9598691 120.1684437,22.9596576 120.1686332,22.9597114 120.1686717,22.9597219 120.1687633,22.9595663 120.1687842,22.9594697 120.1688269,22.9593089 120.1689023,22.9591561 120.169125,22.9588312 120.1692599,22.9585279 120.1692937,22.9584117 120.1693794,22.9582394 120.1694851,22.9578818 120.1695793,22.9577313 120.1696213,22.9576175 120.1697351,22.9573385 120.1697558,22.9572686 120.169829,22.9570854 120.1698525,22.9570122 120.1699324,22.9567512 120.1699783,22.9566334 120.1700864,22.9564491 120.1701138,22.9563911 120.170192,22.9562769 120.1702631,22.9561125 120.1703012,22.95603 120.1703549,22.9559113 120.1703941,22.9558235 120.1704935,22.9555937 120.1704937,22.9555937 120.1702223,22.9563542 120.1701914,22.956439 120.1703057,22.9564707 120.1703058,22.9564709 120.1700489,22.9569084 120.1699953,22.9568987 120.1699372,22.9570807 120.1697743,22.9575883 120.1701993,22.9577218 120.170306,22.9574616 120.1704703,22.9570596 120.1705741,22.956789 120.1706718,22.9565359 120.1707377,22.956374 120.1708518,22.956096 120.1709598,22.9558317 120.1709747,22.9557868 120.1710532,22.9555341 120.1711316,22.9553422 120.1711983,22.9553173 120.1712109,22.9548339 120.1712602,22.9547988 120.171519,22.9541523 120.1716869,22.9537478 120.1717222,22.9536803 120.1719264,22.9532939 120.1720439,22.9530647 120.172098,22.9529224 120.1722712,22.9524689 120.1723361,22.9522985 120.17245,22.9520036 120.1725361,22.9517682 120.172599,22.9515811 120.1727464,22.951105 120.1728281,22.9508712 120.172909,22.9506479 120.1729884,22.9504252 120.1730744,22.9501908 120.1730921,22.9501415 120.1731871,22.949868 120.1733116,22.9495204 120.1733707,22.9493382 120.1734496,22.9491121 120.1736252,22.9485779 120.1737252,22.948257 120.1737124,22.9482426 120.1738508,22.9478968 120.1740348,22.9473533 120.1741058,22.9470836 120.1741381,22.9470017 120.1741728,22.9469122 120.1741255,22.9469125 120.1741254,22.9469124 120.1741637,22.9468113 120.1741946,22.9468106 120.1742339,22.9467087 120.1741843,22.9467099 120.1741842,22.9467098 120.1742744,22.9464892 120.1743003,22.9464893 120.1743093,22.9462794 120.1743768,22.9460738 120.1743611,22.9460733 120.174361,22.9460732 120.1743937,22.9459657 120.1744263,22.9459659 120.1744502,22.9458495 120.1745368,22.945851 120.1745632,22.945727 120.1746412,22.9457298 120.1747246,22.9453875 120.174744,22.9452104 120.174229,22.9451945 120.1742289,22.9451944 120.1742928,22.9450732 120.1743197,22.944982 120.1743265,22.9448944 120.1744487,22.9445599 120.1744499,22.9443853 120.174495,22.9443174 120.1749464,22.9444124 120.1750054,22.9441209 120.1750497,22.9441221 120.1751766,22.9436059 120.1751794,22.9434369 120.1751795,22.9434369 120.1752516,22.9434409 120.1752933,22.9432914 120.1753215,22.9431717 120.1753224,22.9430072 120.175049,22.9429959 120.1750235,22.9429049 120.1750874,22.9424281 120.1749584,22.9424404 120.1749583,22.9424403 120.1750132,22.9418807 120.1750134,22.9418806 120.1753209,22.941959 120.1753279,22.9415016 120.1752784,22.9414143 120.1752549,22.9412405 120.1752157,22.9413395 120.1752155,22.9413395 120.1752531,22.9411524 120.1753425,22.9408739</coordinates></LinearRing></outerBoundaryIs>
          <innerBoundaryIs><LinearRing><coordinates>120.1756848,22.9513184 120.17564,22.9515715 120.1756403,22.9515715 120.1756848,22.9513184</coordinates></LinearRing></innerBoundaryIs>
        </Polygon>
        <Polygon>
          <outerBoundaryIs><LinearRing><coordinates>120.1746996,22.940836 120.1748818,22.9409661 120.1748818,22.9409663 120.174387,22.9412289 120.1735385,22.9454193 120.1739701,22.9454497 120.1739702,22.9454498 120.1739426,22.9456291 120.1735342,22.9455958 120.1732005,22.9467592 120.1727719,22.947706 120.1727263,22.9481469 120.1722884,22.949383 120.1721157,22.9499207 120.1724004,22.9502273 120.1725811,22.9502588 120.1726119,22.9505127 120.1725323,22.9505689 120.1726404,22.9506393 120.1726034,22.9507326 120.1726032,22.9507326 120.1722767,22.9505272 120.1722223,22.9502287 120.1719205,22.9500249 120.1726143,22.9481252 120.1726216,22.9476485 120.1730321,22.9467295 120.1742041,22.9410931 120.1746996,22.940836</coordinates></LinearRing></outerBoundaryIs>
        </Polygon>
      </MultiGeometry>
  </Placemark>
  <Placemark>
	<Style><LineStyle><color>ff0000ff</color></LineStyle><PolyStyle><fill>0</fill></PolyStyle></Style>
	<ExtendedData><SchemaData schemaUrl="#114SEC_DCTBLPD">
		<SimpleData name="段碼">1811</SimpleData>
		<SimpleData name="段名">省躬段</SimpleData>
		<SimpleData name="行政區">南區</SimpleData>
	</SchemaData></ExtendedData>
      <MultiGeometry>
        <Polygon>
          <outerBoundaryIs><LinearRing><coordinates>120.1755892,22.9286307 120.1760592,22.9286454 120.1764357,22.9286578 120.1767313,22.928667 120.1772575,22.9286839 120.1776311,22.9286938 120.1777236,22.9286796 120.1780178,22.9286837 120.1783603,22.9287223 120.178506,22.9287605 120.1786488,22.9287985 120.1789061,22.9288724 120.1789197,22.9288749 120.179139,22.9288834 120.1791994,22.9289227 120.1792553,22.9289596 120.1794038,22.9289713 120.1795553,22.9289953 120.1797096,22.9290253 120.1797557,22.9290466 120.1797144,22.9291626 120.1796853,22.9292168 120.1796369,22.9293105 120.1796308,22.9297516 120.1796381,22.9300421 120.179642,22.9302825 120.1796439,22.9303466 120.1796462,22.9304569 120.1796478,22.9305045 120.1796378,22.9307203 120.1796214,22.93076 120.1796157,22.9307727 120.1795692,22.9308669 120.179539,22.9309367 120.1797667,22.9309852 120.1798754,22.931008 120.1799296,22.9310196 120.1799949,22.9310331 120.1804666,22.9310877 120.1805165,22.9310986 120.1808266,22.9311878 120.1808919,22.9312062 120.1808326,22.9314446 120.1806829,22.9320355 120.1805718,22.9325035 120.1805573,22.9325692 120.1805209,22.9327112 120.1811586,22.9328527 120.1812776,22.9328787 120.1821059,22.9330572 120.1822274,22.9330874 120.1822338,22.9330892 120.1822517,22.9330966 120.1821973,22.933242 120.1821862,22.9332721 120.1821197,22.9334481 120.182051,22.9336319 120.1817772,22.9343651 120.1815076,22.9350785 120.1814496,22.935231 120.1814023,22.9353562 120.1811959,22.935907 120.1810641,22.9362567 120.18101,22.9364064 120.1809413,22.9366305 120.1809384,22.9366407 120.1809029,22.9367743 120.180899,22.93679 120.1808972,22.9367973 120.1808693,22.9369175 120.1808344,22.9370985 120.1808292,22.9371306 120.1808234,22.9371678 120.1808192,22.9371956 120.1808139,22.9372328 120.1808098,22.9372632 120.180805,22.9373003 120.1807979,22.9373599 120.1807942,22.9373936 120.1807902,22.937433 120.1807862,22.9374763 120.1807827,22.9375168 120.1807795,22.9375678 120.1807772,22.9376096 120.1807744,22.9376725 120.1807733,22.9377035 120.1807725,22.9377466 120.1807721,22.9377806 120.180772,22.9378351 120.1807725,22.9378835 120.1807733,22.9379227 120.1807754,22.9379648 120.1807781,22.9380303 120.18078,22.9380679 120.1807816,22.938096 120.1807846,22.9381429 120.1807859,22.9381589 120.1807891,22.9381977 120.1807932,22.9382416 120.1808017,22.9383236 120.1808048,22.9383488 120.1808068,22.9383677 120.1808116,22.9384005 120.1808125,22.9384079 120.1808137,22.9384212 120.1808161,22.9384363 120.1808187,22.9384572 120.1808213,22.9384714 120.1808225,22.9384789 120.1808243,22.9384933 120.1808276,22.9385149 120.1808298,22.9385286 120.1808357,22.938562 120.1808386,22.93858 120.1808473,22.9386291 120.1808669,22.9387282 120.1808874,22.9388229 120.1809005,22.9388782 120.180908,22.9389083 120.1809165,22.9389398 120.1809337,22.9390047 120.1809501,22.9390626 120.181036,22.9393475 120.1811084,22.9395895 120.1811796,22.9398262 120.181438,22.9406893 120.1814982,22.9408892 120.1814981,22.9408893 120.1813315,22.9408946 120.1812827,22.9408964 120.1812059,22.9408981 120.1811677,22.9408995 120.1799726,22.9409127 120.1798482,22.9409599 120.1793737,22.9409741 120.1790168,22.9409863 120.1789874,22.9410334 120.1787326,22.9413749 120.1787324,22.9413749 120.1786444,22.9412597 120.178518,22.941095 120.178476,22.9410398 120.1783684,22.9410604 120.1782507,22.9410836 120.178057,22.9411293 120.1777872,22.9411945 120.1777724,22.9411973 120.1771894,22.9413136 120.1771893,22.9413134 120.1772196,22.9412727 120.1772619,22.9412177 120.1772131,22.9412247 120.177172,22.9412311 120.1770521,22.9412564 120.1769656,22.9412743 120.1768734,22.9412936 120.1767881,22.941323 120.1767116,22.9413501 120.1767005,22.9413535 120.176625,22.9413802 120.1764376,22.9414362 120.1763141,22.9414828 120.1762278,22.9415145 120.1761524,22.9415356 120.1761092,22.9415328 120.1761079,22.9415471 120.1759904,22.9415786 120.175897,22.9416041 120.1758091,22.9416097 120.1757921,22.9414031 120.1757835,22.9412243 120.1757781,22.9411222 120.175747,22.9411182 120.1756846,22.9411085 120.1756614,22.9411093 120.1756499,22.9411015 120.1753425,22.9408863 120.1753787,22.9407609 120.1754284,22.9405946 120.1754285,22.9405947 120.1754276,22.9406337 120.1754492,22.9405079 120.1756183,22.9394236 120.1755043,22.9395912 120.1755041,22.9395912 120.1755054,22.9391181 120.1755178,22.9389302 120.1755213,22.9386158 120.1754477,22.9387835 120.17518,22.9402796 120.174892,22.9409777 120.1748919,22.9409777 120.1747098,22.9408476 120.1749578,22.9402426 120.1755016,22.9383356 120.1754844,22.9382582 120.1752932,22.9382575 120.1752931,22.9382574 120.1753154,22.9379196 120.1753155,22.9379195 120.175475,22.9379339 120.1754882,22.9378091 120.1756323,22.9378162 120.1756474,22.9377618 120.1756628,22.9376259 120.1757124,22.9375431 120.1757002,22.9374013 120.1757206,22.9372742 120.1758149,22.9370866 120.1759278,22.9367436 120.1758673,22.9369262 120.1758671,22.9369262 120.1758715,22.934699 120.1758558,22.9329755 120.175793,22.9299107 120.1757868,22.9298313 120.1757764,22.929745 120.1757727,22.9295376 120.175758,22.9294648 120.1757377,22.9292961 120.1757083,22.929139 120.1756876,22.9290727 120.1756468,22.9288982 120.1755891,22.9286308 120.1755892,22.9286307</coordinates></LinearRing></outerBoundaryIs>
          <innerBoundaryIs><LinearRing><coordinates>120.1754163,22.9407053 120.1753895,22.9408558 120.1753906,22.940869 120.1754163,22.9407053</coordinates></LinearRing></innerBoundaryIs>
        </Polygon>
      </MultiGeometry>
  </Placemark>
  <Placemark>
	<Style><LineStyle><color>ff0000ff</color></LineStyle><PolyStyle><fill>0</fill></PolyStyle></Style>
	<ExtendedData><SchemaData schemaUrl="#114SEC_DCTBLPD">
		<SimpleData name="段碼">1812</SimpleData>
		<SimpleData name="段名">中和段</SimpleData>
		<SimpleData name="行政區">南區</SimpleData>
	</SchemaData></ExtendedData>
      <MultiGeometry>
        <Polygon>
          <outerBoundaryIs><LinearRing><coordinates>120.1840111,22.9239658 120.1844122,22.9241991 120.1846831,22.9244451 120.184754,22.9245097 120.1848875,22.9246437 120.1850558,22.9248241 120.1852149,22.9250187 120.185254,22.9251205 120.1853221,22.9252964 120.185345,22.9253542 120.1853945,22.925474 120.185445,22.9255934 120.185479,22.9256704 120.1855126,22.9257459 120.1855553,22.9258396 120.1855942,22.925922 120.1856327,22.9260024 120.1856727,22.9260826 120.1857198,22.9261764 120.1857911,22.9263145 120.1858513,22.926427 120.1858835,22.9264858 120.1859332,22.9265743 120.1859834,22.9266625 120.186046,22.9267706 120.1860719,22.926816 120.1860914,22.9268547 120.1861047,22.9268814 120.1861172,22.9269079 120.1861346,22.9269457 120.1861579,22.9270013 120.1861812,22.9270619 120.1861904,22.9270893 120.1862084,22.927145 120.1862253,22.9272023 120.1862338,22.927234 120.1862465,22.9272871 120.1862533,22.9273187 120.1862594,22.9273504 120.1862717,22.927427 120.1862763,22.9274644 120.1862803,22.9275019 120.1862848,22.9275528 120.1862869,22.927589 120.1862882,22.9276251 120.1862888,22.9276652 120.1862886,22.9277059 120.1862874,22.9277467 120.1862854,22.9277881 120.1862823,22.9278288 120.1862782,22.9278705 120.1862707,22.927931 120.1862675,22.9279506 120.1862606,22.9279911 120.1862527,22.9280318 120.186244,22.9280719 120.1862373,22.9281008 120.1862304,22.9281237 120.186223,22.9281534 120.1862053,22.928212 120.1861854,22.9282705 120.1861722,22.9283066 120.1861568,22.9283421 120.1861316,22.9283996 120.1861198,22.9284262 120.186099,22.9284661 120.1860875,22.9284884 120.1860758,22.928509 120.1860473,22.9285571 120.186028,22.9285876 120.1860217,22.9285951 120.1860155,22.9286048 120.1859526,22.9286902 120.1859142,22.9287383 120.1858754,22.9287839 120.1858566,22.9288048 120.1858374,22.9288253 120.185806,22.9288576 120.1857579,22.9289041 120.1857376,22.9289225 120.1857029,22.9289526 120.1856729,22.9289774 120.1856377,22.9290045 120.1856152,22.9290209 120.1855326,22.9290775 120.185151,22.9293193 120.185021,22.9294021 120.1849551,22.9294433 120.1848928,22.9294839 120.1845928,22.9296753 120.1845275,22.9297178 120.1844007,22.9298053 120.1843517,22.9298409 120.1842287,22.9299352 120.1841283,22.9300177 120.1838744,22.9302331 120.1837756,22.9303182 120.183643,22.9304399 120.1836046,22.9304779 120.183565,22.9305181 120.1835294,22.9305553 120.183501,22.9305858 120.1834446,22.930647 120.1834172,22.9306783 120.1833901,22.9307096 120.1833634,22.9307413 120.1833372,22.9307733 120.183311,22.9308054 120.1832852,22.9308377 120.18326,22.9308704 120.1832351,22.9309034 120.1831857,22.9309709 120.183134,22.931045 120.183096,22.9311022 120.183058,22.9311611 120.183004,22.9312515 120.1829819,22.9312898 120.1829594,22.9313298 120.1829366,22.9313722 120.1829132,22.9314172 120.1828617,22.931519 120.1828339,22.9315801 120.1828076,22.9316391 120.1827757,22.9317146 120.1827706,22.9317253 120.1827496,22.9317783 120.1826577,22.9320215 120.1825493,22.9323078 120.1824997,22.9324403 120.1824475,22.9325806 120.1824301,22.9326267 120.1823822,22.9327553 120.1823443,22.9328565 120.1822523,22.9330994 120.1822522,22.9330995 120.1822339,22.9330921 120.1821922,22.9330813 120.1821062,22.9330596 120.1817118,22.9329738 120.1811608,22.9328531 120.1810828,22.9328361 120.180593,22.9327275 120.1805801,22.932724 120.1805208,22.9327114 120.1805207,22.9327113 120.1805569,22.9325716 120.180633,22.9322452 120.1806952,22.9319877 120.1808275,22.9314574 120.1808915,22.9312057 120.180826,22.9311873 120.1806956,22.9311508 120.1805169,22.9310998 120.1804673,22.9310889 120.1802034,22.9310584 120.1799914,22.9310343 120.1795397,22.9309401 120.1795396,22.9309399 120.1796169,22.9307631 120.1796345,22.9307213 120.1796458,22.9305057 120.1796445,22.9304584 120.1796429,22.9303454 120.1796351,22.9299051 120.1796319,22.9297565 120.1796332,22.9296106 120.1796366,22.9293125 120.1797154,22.9291629 120.1797246,22.9291331 120.1797403,22.9290901 120.1797556,22.9290461 120.1797084,22.9290245 120.1795578,22.9289946 120.1794068,22.928971 120.1792532,22.9289589 120.1791354,22.9288823 120.1789211,22.9288758 120.178648,22.9287975 120.1785057,22.9287604 120.1783555,22.9287217 120.178017,22.9286829 120.178012,22.9286948 120.1777207,22.92868 120.1776304,22.9286943 120.1772546,22.9286837 120.1769782,22.9286757 120.1768465,22.9286714 120.1764358,22.9286572 120.1755873,22.9286297 120.175584,22.9283069 120.1755092,22.928154 120.1754652,22.9279366 120.1754532,22.9277861 120.1754186,22.9276984 120.1754136,22.9276051 120.1754081,22.9275119 120.175411,22.9272793 120.1753883,22.9271689 120.1752965,22.9267696 120.1752625,22.926566 120.1752603,22.9265546 120.1751816,22.9262017 120.1751724,22.9261096 120.175131,22.9259883 120.1751166,22.9258245 120.1750633,22.9256797 120.1750599,22.9256492 120.1750334,22.9254278 120.1750177,22.9251974 120.1750178,22.9251973 120.1754245,22.9252104 120.1756297,22.9252152 120.1759992,22.9252271 120.17683,22.9252545 120.1769278,22.9252576 120.1771488,22.9252641 120.1779812,22.9252909 120.1782622,22.925302 120.1782623,22.9253021 120.1782565,22.9253642 120.1787197,22.9253892 120.1787865,22.9253854 120.1791208,22.9254072 120.1792668,22.9254173 120.1793781,22.9254244 120.1793942,22.9253598 120.1793965,22.9253399 120.1796769,22.9253545 120.1800409,22.9253996 120.1802266,22.9254014 120.1804808,22.9254016 120.1807741,22.925411 120.1808641,22.9253943 120.1810117,22.9253534 120.1811392,22.9253628 120.181357,22.9253686 120.1814412,22.9253462 120.1817196,22.9253373 120.1818027,22.9253785 120.1819045,22.9254024 120.1819629,22.9254158 120.1820769,22.9254418 120.1822141,22.9254737 120.1823516,22.9254897 120.1824453,22.9253239 120.1824658,22.9252643 120.1824865,22.9252264 120.1825804,22.9251088 120.1825808,22.925065 120.1826519,22.9249354 120.1826983,22.9248517 120.1827513,22.9247541 120.1827844,22.9247219 120.1828165,22.9246407 120.1828484,22.9245616 120.1828654,22.9245102 120.1829499,22.9244324 120.1830273,22.924394 120.183133,22.9243619 120.1832486,22.924324 120.18339,22.9243231 120.1836217,22.9243204 120.1837372,22.9243193 120.1839181,22.924116 120.1839321,22.9240928 120.1839809,22.9240147 120.1840111,22.9239658</coordinates></LinearRing></outerBoundaryIs>
        </Polygon>
      </MultiGeometry>
  </Placemark>
  <Placemark>
	<Style><LineStyle><color>ff0000ff</color></LineStyle><PolyStyle><fill>0</fill></PolyStyle></Style>
	<ExtendedData><SchemaData schemaUrl="#114SEC_DCTBLPD">
		<SimpleData name="段碼">1813</SimpleData>
		<SimpleData name="段名">南山段</SimpleData>
		<SimpleData name="行政區">南區</SimpleData>
	</SchemaData></ExtendedData>
      <MultiGeometry>
        <Polygon>
          <outerBoundaryIs><LinearRing><coordinates>120.175001,22.9119286 120.1751961,22.9119561 120.1753186,22.9119602 120.1753825,22.9119766 120.175395,22.912025 120.1753975,22.9121987 120.1754059,22.912247 120.175407,22.912255 120.175446,22.9123012 120.1754831,22.9123458 120.1755279,22.9124131 120.1756654,22.9124306 120.1757582,22.9124211 120.1758691,22.9124126 120.1759743,22.9124147 120.1760598,22.9123778 120.1761454,22.9123333 120.1762265,22.9122711 120.1763089,22.9122102 120.1764044,22.9122164 120.176503,22.9122546 120.176564,22.912255 120.1766712,22.912306 120.1766806,22.9123832 120.1767455,22.9124091 120.1768108,22.9125996 120.1768523,22.9126335 120.1768683,22.9127456 120.1768937,22.9128966 120.1769379,22.9129958 120.1770018,22.9131433 120.177093,22.9133304 120.1771393,22.9134629 120.1771772,22.9136114 120.1771793,22.9136815 120.1771815,22.9137355 120.1771651,22.9138388 120.1771801,22.9139074 120.1772207,22.9139531 120.1772256,22.9140083 120.1772214,22.9141111 120.1772257,22.9141792 120.177228,22.9142249 120.1773081,22.9143509 120.1773101,22.9143509 120.1773757,22.914367 120.1774411,22.9140213 120.1774412,22.9140213 120.1776872,22.9140813 120.1776899,22.9141622 120.1778215,22.9141886 120.177769,22.9144789 120.1777293,22.9147892 120.1777645,22.9147755 120.1779477,22.9148033 120.1781253,22.9150239 120.1781445,22.9150268 120.1782414,22.9151118 120.1784739,22.9154083 120.1784569,22.9154893 120.178489,22.9155274 120.1787716,22.915617 120.1792658,22.9157376 120.1793108,22.9158949 120.1793041,22.9159478 120.1793554,22.9162826 120.1796084,22.9163906 120.1797897,22.9164689 120.1804,22.9167299 120.1807431,22.9168776 120.1809937,22.9170211 120.1812112,22.9171461 120.1815929,22.9174378 120.1818939,22.9176687 120.1820695,22.9177757 120.1822391,22.9178788 120.1822288,22.917894 120.1827973,22.9182424 120.1834144,22.9183312 120.1834027,22.9185759 120.1841088,22.9187797 120.1841524,22.9187503 120.1843158,22.9188382 120.1843337,22.9188477 120.1843547,22.9188589 120.1842202,22.9193184 120.1841135,22.9196815 120.1841091,22.9196954 120.1840958,22.9197486 120.1840934,22.9197634 120.1840902,22.9197811 120.184083,22.9198376 120.1840798,22.9198591 120.1840781,22.9198899 120.1840772,22.9198993 120.1840763,22.9199478 120.1840773,22.9199862 120.1840806,22.9200362 120.1840833,22.9200586 120.1840837,22.9200664 120.1840913,22.9201164 120.1840952,22.920138 120.1840998,22.920159 120.1841133,22.9202118 120.1841211,22.9202379 120.1841689,22.9203939 120.1841816,22.9204339 120.1843789,22.9210808 120.1843929,22.9211273 120.1844035,22.9211635 120.1844136,22.921199 120.1844239,22.9212356 120.1844336,22.9212711 120.1844433,22.9213076 120.1844526,22.9213436 120.1844618,22.9213797 120.1844707,22.9214158 120.1844793,22.921452 120.1844878,22.9214882 120.184496,22.9215244 120.184504,22.9215606 120.1845124,22.9216002 120.1845198,22.9216357 120.1845314,22.9216941 120.1845386,22.9217319 120.1845455,22.9217696 120.1845522,22.9218075 120.1845587,22.9218453 120.1845649,22.9218832 120.1845708,22.9219211 120.1845765,22.921959 120.184582,22.9219969 120.1845872,22.9220349 120.1845922,22.9220729 120.1845969,22.922111 120.1846014,22.922149 120.1846057,22.9221871 120.1846097,22.9222252 120.1846135,22.9222634 120.1846308,22.9224447 120.1846458,22.9225888 120.1846534,22.9226555 120.1846621,22.9227274 120.1846713,22.9227988 120.184676,22.9228347 120.184681,22.9228705 120.1846912,22.9229422 120.1847019,22.9230137 120.1847151,22.9230979 120.1847514,22.9233135 120.1847651,22.9233823 120.1847794,22.9234557 120.1848517,22.9237921 120.1848875,22.9239414 120.1848976,22.9239816 120.1849628,22.9242276 120.1849923,22.9243315 120.1850156,22.9244108 120.1850421,22.9244982 120.1850846,22.9246334 120.1851656,22.9248746 120.1852151,22.9250175 120.1852149,22.9250175 120.1850558,22.924823 120.1848876,22.9246426 120.1847541,22.9245086 120.1846831,22.924444 120.1844123,22.924198 120.1840114,22.9239648 120.1839813,22.9240135 120.1839325,22.9240916 120.1839185,22.9241149 120.1837374,22.9243183 120.1836219,22.9243193 120.1833902,22.924322 120.1832489,22.9243229 120.1831333,22.9243608 120.1830275,22.9243929 120.1829503,22.9244313 120.1828658,22.924509 120.1828488,22.9245604 120.1828169,22.9246395 120.1827848,22.9247207 120.1827516,22.9247529 120.1826987,22.9248505 120.1826523,22.9249342 120.1825812,22.9250638 120.1825808,22.9251076 120.1824869,22.9252252 120.1824662,22.9252631 120.1824457,22.9253227 120.1823518,22.9254887 120.1822143,22.9254726 120.1820771,22.9254407 120.181963,22.9254147 120.1819047,22.9254013 120.1818029,22.9253775 120.1817198,22.9253363 120.1814414,22.9253452 120.1813573,22.9253675 120.1811394,22.9253618 120.1810119,22.9253523 120.1808644,22.9253933 120.1807743,22.9254099 120.180481,22.9254006 120.1802269,22.9254003 120.1800411,22.9253985 120.1796771,22.9253534 120.1793968,22.9253389 120.1793946,22.9253585 120.1793783,22.9254233 120.179267,22.9254163 120.179121,22.9254061 120.1787867,22.9253843 120.1787199,22.9253882 120.1782566,22.9253631 120.1782565,22.925363 120.1782623,22.925301 120.1779814,22.9252898 120.177149,22.9252631 120.176928,22.9252565 120.1768302,22.9252534 120.1759994,22.925226 120.1756299,22.9252141 120.1754247,22.9252094 120.1750179,22.9251961 120.1749752,22.9250007 120.1749386,22.9248994 120.1749466,22.9248254 120.1749275,22.9247215 120.1749285,22.9244533 120.1748795,22.9242563 120.1747917,22.9238839 120.1747539,22.9236779 120.1747016,22.9234624 120.1746062,22.922802 120.1745796,22.92261 120.1745168,22.9224663 120.1744124,22.9220117 120.1743732,22.9218057 120.1743463,22.9216918 120.1742911,22.9213738 120.1742653,22.9212311 120.1742517,22.9209601 120.1742444,22.9208436 120.1742359,22.9207469 120.1742399,22.920477 120.174247,22.9201713 120.1742226,22.9199299 120.1742311,22.9197485 120.1742299,22.9196147 120.1742488,22.9195302 120.174249,22.9195302 120.1742974,22.9195555 120.174317,22.9197031 120.1743253,22.9198817 120.1743344,22.9201362 120.1743688,22.9204105 120.1744006,22.9206757 120.1744108,22.9207674 120.1744154,22.9208061 120.1744245,22.9212013 120.1744271,22.9212731 120.1744627,22.9214535 120.1744994,22.9216494 120.1745057,22.9217609 120.1745433,22.9220052 120.174557,22.9220759 120.1746027,22.9220684 120.1745941,22.921993 120.1745941,22.9219819 120.1745991,22.9218715 120.1746021,22.9217611 120.1745706,22.9216735 120.1745465,22.9215067 120.1744656,22.92107 120.1744651,22.9210698 120.1745023,22.9207233 120.1744207,22.9203977 120.1743611,22.9200438 120.1743521,22.9198245 120.1743426,22.9196443 120.1743137,22.9194586 120.1742133,22.9194612 120.1742132,22.9194611 120.1741931,22.9185275 120.1741867,22.9182462 120.1741825,22.9180881 120.1741792,22.9179293 120.174174,22.9177423 120.174169,22.9175397 120.1741685,22.9175216 120.1741509,22.9167594 120.174251,22.9167566 120.1742467,22.9164991 120.1742067,22.9163982 120.1741857,22.9163073 120.1740804,22.9161309 120.17393,22.9159817 120.1739313,22.9159167 120.1739788,22.9158789 120.1740567,22.9158701 120.1741034,22.9157746 120.1741443,22.9156483 120.1741728,22.9155933 120.174185,22.9153525 120.1742059,22.9150801 120.1742794,22.9147286 120.174283,22.9145562 120.1742541,22.9144802 120.174326,22.9142872 120.1743341,22.9141996 120.17435,22.9141076 120.1743309,22.9140199 120.1743392,22.9138917 120.1743799,22.913495 120.1743926,22.9133972 120.1744448,22.913201 120.1744963,22.9130054 120.174518,22.9129218 120.1745275,22.9128792 120.174548,22.9127939 120.174578,22.9126661 120.1746054,22.9125504 120.1746241,22.9124547 120.1747241,22.9123071 120.1747675,22.9122384 120.1747899,22.912204 120.1748131,22.9121664 120.174916,22.912003 120.175001,22.9119286</coordinates></LinearRing></outerBoundaryIs>
        </Polygon>
      </MultiGeometry>
  </Placemark>
  <Placemark>
	<Style><LineStyle><color>ff0000ff</color></LineStyle><PolyStyle><fill>0</fill></PolyStyle></Style>
	<ExtendedData><SchemaData schemaUrl="#114SEC_DCTBLPD">
		<SimpleData name="段碼">1814</SimpleData>
		<SimpleData name="段名">福吉段</SimpleData>
		<SimpleData name="行政區">南區</SimpleData>
	</SchemaData></ExtendedData>
      <MultiGeometry>
        <Polygon>
          <outerBoundaryIs><LinearRing><coordinates>120.1933297,22.9834341 120.1933298,22.9834342 120.1933278,22.9838019 120.1933259,22.9842698 120.1933248,22.9845865 120.1933243,22.9848089 120.1933242,22.9848201 120.1932083,22.9848208 120.1929877,22.9848219 120.1928613,22.9848222 120.1927048,22.9848234 120.1923738,22.9848245 120.192198,22.9848253 120.1918953,22.9848261 120.1917634,22.9848257 120.1917603,22.9847809 120.1917548,22.9847168 120.1916537,22.9834284 120.1916538,22.9834283 120.1917521,22.9834285 120.1921362,22.9834301 120.1924809,22.9834319 120.1925547,22.983432 120.1928256,22.9834328 120.1930106,22.9834328 120.1933297,22.9834341</coordinates></LinearRing></outerBoundaryIs>
        </Polygon>
        <Polygon>
          <outerBoundaryIs><LinearRing><coordinates>120.1938734,22.9834349 120.1939223,22.9834351 120.1939938,22.9834361 120.1941534,22.9834373 120.1943324,22.9834378 120.1946932,22.9845147 120.1949663,22.9845146 120.1949664,22.9845147 120.1949556,22.9848172 120.1942231,22.9848188 120.1939403,22.9848196 120.1937181,22.9848196 120.1936826,22.9848199 120.1935629,22.9848203 120.1934013,22.9848207 120.1933406,22.9848208 120.193329,22.9848204 120.1933312,22.984403 120.193333,22.9839006 120.193333,22.9838495 120.1933332,22.983829 120.1933331,22.9837991 120.1933337,22.9836815 120.1933346,22.9834339 120.1936023,22.983434 120.1938088,22.9834351 120.1938734,22.9834349</coordinates></LinearRing></outerBoundaryIs>
        </Polygon>
        <Polygon>
          <outerBoundaryIs><LinearRing><coordinates>120.1931983,22.9817912 120.1932788,22.9817924 120.1932819,22.9819936 120.193336,22.9820588 120.1933362,22.9821703 120.1933358,22.9823554 120.1933355,22.9827348 120.1933351,22.9827928 120.1933349,22.9828558 120.1933344,22.9831906 120.1933375,22.9825129 120.1933397,22.9820589 120.1933399,22.9820589 120.1935529,22.982319 120.1940222,22.9828937 120.1941956,22.9831053 120.1942392,22.9831591 120.1943309,22.983436 120.1943308,22.9834361 120.1942969,22.9834359 120.1942256,22.9834358 120.1941521,22.9834353 120.1940101,22.9834346 120.1938681,22.9834341 120.1937829,22.983434 120.1935643,22.9834328 120.1935017,22.9834326 120.193487,22.9834323 120.1933335,22.9834321 120.1933334,22.9834306 120.1933183,22.9834305 120.1926186,22.9834277 120.1924284,22.9834272 120.1923659,22.9834272 120.1922376,22.9834266 120.192043,22.9834262 120.1916557,22.9834249 120.1915269,22.9817866 120.191527,22.9817865 120.1916245,22.9817871 120.1919699,22.9817876 120.1920188,22.9817884 120.1922137,22.9817887 120.1923359,22.9817894 120.1924684,22.9817899 120.1925333,22.9817896 120.1925788,22.9817898 120.1926232,22.9817901 120.1926699,22.9817901 120.192713,22.9817903 120.1929008,22.9817905 120.1930907,22.9817912 120.1931983,22.9817912</coordinates></LinearRing></outerBoundaryIs>
        </Polygon>
        <Polygon>
          <outerBoundaryIs><LinearRing><coordinates>120.1932709,22.9815312 120.1932781,22.9817889 120.193278,22.981789 120.1931975,22.9817896 120.1931443,22.9817896 120.1922765,22.9817874 120.1919683,22.9817864 120.191528,22.9817842 120.1915111,22.9815668 120.1915112,22.9815667 120.1919894,22.9815574 120.1932709,22.9815312</coordinates></LinearRing></outerBoundaryIs>
        </Polygon>
      </MultiGeometry>
  </Placemark>
  <Placemark>
	<Style><LineStyle><color>ff0000ff</color></LineStyle><PolyStyle><fill>0</fill></PolyStyle></Style>
	<ExtendedData><SchemaData schemaUrl="#114SEC_DCTBLPD">
		<SimpleData name="段碼">1851</SimpleData>
		<SimpleData name="段名">大林段</SimpleData>
		<SimpleData name="行政區">南區</SimpleData>
	</SchemaData></ExtendedData>
      <MultiGeometry>
        <Polygon>
          <outerBoundaryIs><LinearRing><coordinates>120.210332,22.9684629 120.2104388,22.9685542 120.2104681,22.9685742 120.2108348,22.9688169 120.2109497,22.9688737 120.2109783,22.9688846 120.2110121,22.9688714 120.2110122,22.9688715 120.2110012,22.9689313 120.2110709,22.9689455 120.2110709,22.9689456 120.2110647,22.9689557 120.2114398,22.9691533 120.2114646,22.9691151 120.2120844,22.9692782 120.2121172,22.9692764 120.2124795,22.9692955 120.2126718,22.9693262 120.2126831,22.9693328 120.2129558,22.96941 120.2129543,22.9693803 120.2129544,22.9693802 120.2133285,22.9694345 120.2138198,22.9695107 120.2138817,22.9695061 120.2142025,22.969558 120.214211,22.9695546 120.2142318,22.9694425 120.2142552,22.969446 120.214262,22.9694131 120.2143225,22.969091 120.2143226,22.969091 120.2143517,22.9690958 120.2144419,22.969111 120.2144345,22.9690688 120.2144347,22.9690687 120.2144535,22.9691134 120.215579,22.9693348 120.2156561,22.96935 120.2155745,22.969708 120.2149364,22.972363 120.2149198,22.9723598 120.2148638,22.9726084 120.2148637,22.9726084 120.2146753,22.9725569 120.2146436,22.9725113 120.2142815,22.9724358 120.2141954,22.9724167 120.2141428,22.9724038 120.2140905,22.9723901 120.2140384,22.9723755 120.2139866,22.9723601 120.2139351,22.9723438 120.2138839,22.9723268 120.213833,22.9723089 120.2137825,22.9722902 120.2137323,22.9722706 120.2136826,22.9722503 120.2136332,22.9722292 120.2135842,22.9722072 120.2135356,22.9721845 120.2134875,22.972161 120.2134398,22.9721367 120.2133926,22.9721117 120.2133459,22.9720859 120.2132996,22.9720593 120.2132539,22.972032 120.2132087,22.972004 120.213164,22.9719752 120.2131199,22.9719458 120.2130763,22.9719156 120.2130334,22.9718847 120.212991,22.9718531 120.2129492,22.9718209 120.2128856,22.9717696 120.2126299,22.9715574 120.2125979,22.971531 120.2096602,22.9690931 120.2102577,22.9684706 120.210332,22.9684629</coordinates></LinearRing></outerBoundaryIs>
        </Polygon>
      </MultiGeometry>
  </Placemark>
  <Placemark>
	<Style><LineStyle><color>ff0000ff</color></LineStyle><PolyStyle><fill>0</fill></PolyStyle></Style>
	<ExtendedData><SchemaData schemaUrl="#114SEC_DCTBLPD">
		<SimpleData name="段碼">1852</SimpleData>
		<SimpleData name="段名">大忠段</SimpleData>
		<SimpleData name="行政區">南區</SimpleData>
	</SchemaData></ExtendedData>
      <MultiGeometry>
        <Polygon>
          <outerBoundaryIs><LinearRing><coordinates>120.2123221,22.9673018 120.2143795,22.967314 120.2160465,22.967324 120.2160466,22.9673241 120.2158909,22.9682488 120.2156562,22.9693501 120.2156561,22.9693502 120.2155789,22.9693349 120.2144534,22.9691135 120.2144359,22.9690812 120.2144421,22.9691111 120.2144419,22.9691112 120.2143547,22.969094 120.2143516,22.9690959 120.2143227,22.9690911 120.2142553,22.9694461 120.2142319,22.9694426 120.2142112,22.9695546 120.2142025,22.9695582 120.2138817,22.9695062 120.2138198,22.9695108 120.2133293,22.9694347 120.2129545,22.9693803 120.212956,22.96941 120.2129558,22.9694101 120.2126842,22.9693333 120.212683,22.9693329 120.2126718,22.9693263 120.2124794,22.9692956 120.2121172,22.9692765 120.2120844,22.9692784 120.2114646,22.9691153 120.2114398,22.9691534 120.2110645,22.9689558 120.2110707,22.9689456 120.2110011,22.9689314 120.211012,22.9688716 120.2109782,22.9688847 120.2109496,22.9688738 120.2108347,22.968817 120.2104679,22.9685743 120.2104387,22.9685543 120.210332,22.968463 120.2102578,22.9684707 120.2102577,22.9684705 120.2104396,22.9682814 120.2107633,22.9679442 120.2107951,22.9679119 120.2108255,22.9678824 120.2108563,22.9678535 120.2108891,22.9678242 120.2109312,22.9677885 120.2109653,22.9677609 120.2109993,22.9677346 120.2110341,22.9677089 120.2110694,22.9676838 120.2110976,22.9676646 120.2111062,22.9676589 120.211147,22.9676326 120.2111807,22.9676117 120.2112147,22.9675917 120.2112489,22.9675724 120.2112836,22.9675537 120.2113185,22.9675356 120.2113537,22.9675182 120.2113895,22.9675014 120.211425,22.9674854 120.2114626,22.9674694 120.2114999,22.9674544 120.2115369,22.9674401 120.2115742,22.9674266 120.2116117,22.9674138 120.2116494,22.9674016 120.2116874,22.9673902 120.2117256,22.9673794 120.2117641,22.9673693 120.2118027,22.96736 120.2118153,22.967357 120.2118803,22.9673433 120.2119245,22.9673351 120.2119418,22.9673321 120.2119675,22.967328 120.2120314,22.967319 120.2120674,22.9673148 120.2121035,22.9673112 120.2121396,22.9673082 120.2121758,22.9673057 120.2122121,22.9673038 120.2122483,22.9673026 120.2123221,22.9673018</coordinates></LinearRing></outerBoundaryIs>
        </Polygon>
      </MultiGeometry>
  </Placemark>
  <Placemark>
	<Style><LineStyle><color>ff0000ff</color></LineStyle><PolyStyle><fill>0</fill></PolyStyle></Style>
	<ExtendedData><SchemaData schemaUrl="#114SEC_DCTBLPD">
		<SimpleData name="段碼">1853</SimpleData>
		<SimpleData name="段名">大恩段</SimpleData>
		<SimpleData name="行政區">南區</SimpleData>
	</SchemaData></ExtendedData>
      <MultiGeometry>
        <Polygon>
          <outerBoundaryIs><LinearRing><coordinates>120.2160963,22.9656059 120.2163347,22.9656276 120.2163348,22.9656277 120.2160465,22.9673242 120.2143507,22.9673139 120.213298,22.9673077 120.2126425,22.9673038 120.2123221,22.9673019 120.2122836,22.967302 120.2122487,22.9673027 120.2122233,22.9673035 120.2121923,22.9673049 120.2121527,22.9673074 120.2121206,22.9673098 120.2120882,22.9673128 120.2120675,22.967315 120.2120392,22.9673182 120.2120212,22.9673205 120.2119854,22.9673254 120.2119578,22.9673296 120.2119418,22.9673323 120.2119024,22.9673392 120.2118803,22.9673434 120.2118542,22.9673487 120.2118154,22.9673572 120.2117829,22.9673648 120.2117641,22.9673695 120.2117328,22.9673776 120.2117038,22.9673857 120.2116817,22.967392 120.2116494,22.9674018 120.211626,22.9674093 120.2115993,22.9674181 120.2115742,22.9674268 120.2115472,22.9674365 120.2115151,22.9674485 120.2114999,22.9674545 120.2114796,22.9674626 120.2114424,22.967478 120.2114122,22.9674912 120.2113896,22.9675015 120.2113761,22.9675077 120.2113439,22.9675231 120.2113186,22.9675358 120.2112837,22.9675538 120.2112586,22.9675672 120.2112348,22.9675804 120.2112036,22.9675983 120.2111808,22.9676118 120.2111646,22.9676217 120.2111299,22.9676435 120.2110977,22.9676647 120.2110775,22.9676783 120.2110489,22.9676983 120.2110159,22.9677223 120.2109851,22.9677455 120.2109565,22.967768 120.2109273,22.9677919 120.2109006,22.9678145 120.2108892,22.9678243 120.2108565,22.9678536 120.210837,22.9678717 120.2108179,22.9678898 120.2107953,22.9679119 120.2107795,22.9679279 120.2107334,22.9679756 120.21062,22.9680938 120.209882,22.9688623 120.2098235,22.9688654 120.2090876,22.9682583 120.2090031,22.9681891 120.2089224,22.9681254 120.2088866,22.9680987 120.2088504,22.9680727 120.2088136,22.9680472 120.2087764,22.9680224 120.2087387,22.9679981 120.2087006,22.9679745 120.2086621,22.9679515 120.2086231,22.9679291 120.2085837,22.9679073 120.2085438,22.9678862 120.2085036,22.9678657 120.208463,22.9678459 120.2084221,22.9678267 120.2083808,22.9678082 120.2083391,22.9677904 120.2082972,22.9677732 120.2082549,22.9677568 120.2082123,22.967741 120.2081133,22.9677073 120.2080392,22.9676849 120.2079952,22.9676725 120.207951,22.9676609 120.2079066,22.9676501 120.2078619,22.9676399 120.2078171,22.9676305 120.2077721,22.9676218 120.2076606,22.9676034 120.2075627,22.9675883 120.2067493,22.9674732 120.2063052,22.9674096 120.2063052,22.9674094 120.2066166,22.9674146 120.2067539,22.9674182 120.2077043,22.9674418 120.2082154,22.9674552 120.2082836,22.9674962 120.2083129,22.9674587 120.2084183,22.9674611 120.2088276,22.9674746 120.2090566,22.967481 120.2092694,22.9674881 120.209277,22.9675192 120.2093605,22.9674903 120.2096919,22.9674973 120.2097672,22.9656341 120.2099948,22.9656379 120.2135178,22.9656938 120.2160025,22.9657481 120.216087,22.9656845 120.2160963,22.9656059</coordinates></LinearRing></outerBoundaryIs>
        </Polygon>
      </MultiGeometry>
  </Placemark>
  <Placemark>
	<Style><LineStyle><color>ff0000ff</color></LineStyle><PolyStyle><fill>0</fill></PolyStyle></Style>
	<ExtendedData><SchemaData schemaUrl="#114SEC_DCTBLPD">
		<SimpleData name="段碼">1854</SimpleData>
		<SimpleData name="段名">新都段</SimpleData>
		<SimpleData name="行政區">南區</SimpleData>
	</SchemaData></ExtendedData>
      <MultiGeometry>
        <Polygon>
          <outerBoundaryIs><LinearRing><coordinates>120.195416,22.9621818 120.1962598,22.9623521 120.197352,22.9627896 120.197534,22.9629059 120.1975943,22.962944 120.1976844,22.963001 120.1985697,22.9635644 120.1991413,22.9639263 120.2001097,22.9645443 120.2033245,22.9665898 120.2034583,22.9666715 120.2035214,22.9667077 120.2035851,22.9667428 120.2036494,22.966777 120.2037144,22.9668101 120.20378,22.9668421 120.2038462,22.9668731 120.203913,22.966903 120.2039803,22.9669318 120.2040482,22.9669596 120.2041166,22.9669862 120.2041854,22.9670117 120.2042548,22.9670361 120.2043245,22.9670594 120.2043948,22.9670815 120.2044654,22.9671025 120.2045364,22.9671224 120.2046078,22.9671411 120.2046795,22.9671587 120.2047515,22.9671751 120.2048238,22.9671903 120.2049669,22.9672169 120.205026,22.9672264 120.2050796,22.9672344 120.2056094,22.9673099 120.2057809,22.9673349 120.2061864,22.967393 120.2062167,22.9673962 120.2063051,22.9674095 120.2075627,22.9675882 120.2076607,22.9676034 120.2077727,22.9676218 120.2078176,22.9676305 120.2078623,22.9676399 120.2079069,22.96765 120.2079512,22.9676609 120.2079953,22.9676725 120.2080392,22.9676847 120.2080829,22.9676977 120.2081263,22.9677114 120.2081695,22.9677258 120.2082123,22.9677409 120.2082549,22.9677567 120.2082972,22.9677731 120.2083392,22.9677903 120.2083808,22.9678081 120.2084221,22.9678266 120.208463,22.9678457 120.2085036,22.9678656 120.2085438,22.967886 120.2085835,22.9679071 120.2086229,22.9679289 120.2086619,22.9679513 120.2087005,22.9679743 120.2087386,22.9679979 120.2087762,22.9680222 120.2088134,22.968047 120.2088501,22.9680724 120.2088864,22.9680985 120.2089221,22.9681251 120.2090029,22.9681889 120.2090877,22.9682583 120.2098235,22.9688653 120.2098819,22.9688622 120.209882,22.9688623 120.20966,22.9690933 120.2098364,22.9692391 120.2098363,22.9692393 120.2097779,22.9692424 120.2040669,22.9751894 120.2040077,22.9751892 120.2038776,22.9750952 120.2038525,22.9751039 120.2033673,22.9750447 120.2032971,22.9750366 120.2031317,22.975016 120.2024581,22.9749339 120.201656,22.9749253 120.2014895,22.9749233 120.2014437,22.974923 120.2006924,22.9749143 120.1998542,22.9749058 120.1997872,22.974824 120.1996697,22.9744471 120.1997004,22.9740645 120.1998449,22.9737079 120.2001089,22.9727984 120.2001186,22.9724556 120.1998993,22.9720373 120.1995183,22.9716529 120.1993647,22.9711315 120.1991878,22.9708392 120.1991407,22.9705275 120.1991477,22.9703261 120.1990767,22.9700887 120.1989814,22.9699982 120.1987706,22.9699099 120.1985693,22.9693373 120.1987159,22.9690391 120.1988664,22.9685301 120.1988222,22.9682746 120.1985149,22.9678969 120.1983231,22.9678418 120.198019,22.9678278 120.1977426,22.9675895 120.1976052,22.9675406 120.1972799,22.9675539 120.1971183,22.9674468 120.1968334,22.9674017 120.1963805,22.9673123 120.196235,22.9672075 120.1961498,22.9671839 120.1958616,22.9672453 120.1957377,22.967224 120.1953145,22.9672556 120.1953144,22.9672555 120.1953237,22.9672211 120.1953968,22.9672146 120.1954141,22.9626203 120.1954159,22.9621818 120.195416,22.9621818</coordinates></LinearRing></outerBoundaryIs>
        </Polygon>
      </MultiGeometry>
  </Placemark>
  <Placemark>
	<Style><LineStyle><color>ff0000ff</color></LineStyle><PolyStyle><fill>0</fill></PolyStyle></Style>
	<ExtendedData><SchemaData schemaUrl="#114SEC_DCTBLPD">
		<SimpleData name="段碼">1855</SimpleData>
		<SimpleData name="段名">建南段</SimpleData>
		<SimpleData name="行政區">南區</SimpleData>
	</SchemaData></ExtendedData>
      <MultiGeometry>
        <Polygon>
          <outerBoundaryIs><LinearRing><coordinates>120.1951991,22.9389013 120.1968854,22.9395815 120.1982368,22.9401419 120.1982328,22.9402167 120.1982012,22.9407936 120.1983668,22.9414051 120.1983744,22.9416644 120.1984659,22.9416617 120.1987672,22.942804 120.1993707,22.9443421 120.2006163,22.9453844 120.2017413,22.9457777 120.2017369,22.9459344 120.201727,22.9463916 120.2017267,22.9464105 120.201714,22.9468829 120.2017007,22.9473439 120.2016435,22.9489964 120.2016098,22.9500174 120.2015943,22.9501049 120.2016048,22.9501113 120.2015697,22.9508316 120.2015286,22.9527853 120.2015411,22.9536257 120.2014983,22.9544816 120.201501,22.95483 120.201479,22.9548911 120.2014982,22.9548975 120.2014982,22.9548977 120.2014722,22.9549345 120.2014645,22.9562906 120.2014264,22.9581791 120.2013298,22.9591488 120.2012794,22.9599819 120.2013952,22.9604244 120.2013556,22.960701 120.2013118,22.9609844 120.2012667,22.9613112 120.201322,22.961443 120.2014023,22.9616354 120.2013986,22.9616954 120.2013678,22.9620172 120.2013603,22.9621034 120.2013024,22.9627792 120.2012935,22.9629083 120.2012758,22.9632675 120.2012716,22.96341 120.2012627,22.963592 120.2012089,22.9638388 120.2012677,22.9640768 120.2012861,22.964237 120.201286,22.9642371 120.2011773,22.9641835 120.2006751,22.9639479 120.2001595,22.9636157 120.2000622,22.9635658 120.199921,22.96354 120.1996946,22.9635836 120.1995853,22.9636302 120.1993462,22.963708 120.1991762,22.963804 120.1990777,22.963783 120.1989568,22.9638109 120.1973516,22.9627895 120.1962595,22.9623521 120.1953981,22.9621781 120.1953963,22.9606044 120.1953386,22.960555 120.1953874,22.9604975 120.1953962,22.9605029 120.1953952,22.9596083 120.195376,22.9596048 120.1953759,22.9596047 120.1953951,22.9595731 120.1953943,22.9588129 120.1953191,22.9588164 120.1953189,22.9588163 120.1953172,22.9585961 120.1953354,22.955134 120.1953575,22.9506792 120.195367,22.9489896 120.195374,22.9475993 120.1953821,22.9462367 120.1953901,22.9446385 120.1954192,22.9393157 120.1953673,22.9392394 120.1952191,22.9391746 120.195199,22.9389014 120.1951991,22.9389013</coordinates></LinearRing></outerBoundaryIs>
        </Polygon>
      </MultiGeometry>
  </Placemark>
  <Placemark>
	<Style><LineStyle><color>ff0000ff</color></LineStyle><PolyStyle><fill>0</fill></PolyStyle></Style>
	<ExtendedData><SchemaData schemaUrl="#114SEC_DCTBLPD">
		<SimpleData name="段碼">1856</SimpleData>
		<SimpleData name="段名">南鞍段</SimpleData>
		<SimpleData name="行政區">南區</SimpleData>
	</SchemaData></ExtendedData>
      <MultiGeometry>
        <Polygon>
          <outerBoundaryIs><LinearRing><coordinates>120.198569,22.9393892 120.1986093,22.9394674 120.1986601,22.939496 120.1987384,22.9395385 120.198762,22.9395916 120.1987744,22.9396152 120.1987789,22.9398588 120.1988555,22.9400424 120.1989458,22.9401534 120.1989448,22.9402291 120.1989409,22.9402743 120.1988889,22.9403072 120.1988361,22.9403322 120.1987328,22.9403735 120.1987068,22.9403991 120.198697,22.9404076 120.198643,22.9407275 120.1986823,22.9408475 120.1986689,22.9409605 120.1987171,22.9410664 120.1986834,22.9412165 120.1986889,22.9413083 120.1986638,22.9414274 120.198673,22.9415793 120.1987705,22.9416546 120.198841,22.9416747 120.198925,22.941702 120.1990562,22.9417176 120.1992428,22.9417977 120.1993772,22.9419012 120.1994537,22.9419339 120.1994689,22.9419406 120.1995972,22.9419353 120.1996459,22.9418923 120.1997703,22.9418621 120.199868,22.9418628 120.2000539,22.9418965 120.2007506,22.9419502 120.200864,22.9419788 120.2009761,22.9419925 120.2011225,22.9420163 120.2011276,22.941988 120.2011643,22.9418647 120.2013423,22.9414764 120.2013424,22.9414764 120.2016203,22.9415933 120.2016505,22.9415066 120.2018264,22.941523 120.2018899,22.9415436 120.2018887,22.9416098 120.2021409,22.9416721 120.2021552,22.9416864 120.202277,22.9416903 120.2022875,22.9416774 120.2023031,22.9415362 120.202322,22.941514 120.2023683,22.941504 120.2024137,22.9415072 120.2024792,22.9415443 120.2024901,22.9415005 120.2025005,22.9413998 120.2028248,22.9413756 120.202957,22.9413563 120.2030069,22.941328 120.2030235,22.9412409 120.2030301,22.9412204 120.203052,22.9411234 120.2030842,22.9410838 120.2032347,22.9411076 120.2033178,22.9411251 120.2035679,22.941172 120.2035679,22.9411721 120.2035612,22.9412002 120.2036025,22.9412055 120.2037918,22.9411777 120.2038209,22.9411255 120.204155,22.9411325 120.2044319,22.941134 120.2045406,22.94116 120.2045407,22.9411602 120.2044665,22.941246 120.2044578,22.9415243 120.2044725,22.9415821 120.2047111,22.9416516 120.204965,22.9416707 120.2051171,22.9417084 120.2051976,22.9417097 120.2054932,22.9415956 120.2054934,22.9415956 120.2055122,22.9418961 120.2055232,22.941961 120.2055458,22.9420705 120.2056478,22.9422954 120.2056948,22.9423347 120.2057434,22.9423409 120.2059579,22.9423659 120.2061236,22.9425403 120.2061392,22.9425742 120.2061366,22.9426888 120.2061084,22.9427212 120.2061332,22.9428016 120.2062193,22.9429053 120.2063087,22.9429937 120.2063301,22.9430114 120.2065271,22.9431715 120.2067263,22.9433049 120.2068802,22.9433979 120.2069947,22.9434533 120.2071699,22.9435229 120.2072626,22.9435772 120.2074792,22.9436586 120.2075784,22.9437171 120.2077493,22.9437571 120.2078504,22.9437721 120.2081019,22.9438342 120.2082535,22.9438906 120.208375,22.9439078 120.2084844,22.9439403 120.208521,22.9439398 120.2085606,22.9439379 120.2086276,22.9439206 120.2087424,22.943953 120.2088394,22.9439604 120.2088762,22.9439711 120.2089078,22.9440459 120.2089704,22.9440525 120.2090055,22.9440332 120.2090742,22.9440648 120.2090946,22.9440692 120.2094036,22.9441292 120.2097578,22.9441608 120.2099175,22.9442007 120.2100501,22.9442218 120.2103079,22.9442337 120.2103815,22.9442222 120.2105938,22.9442121 120.2106974,22.9441999 120.2107863,22.9442339 120.2110814,22.9441875 120.2111034,22.9441929 120.2112441,22.944174 120.2115542,22.9441345 120.2116547,22.9441796 120.2117676,22.9441458 120.2118225,22.9441475 120.2119065,22.9441338 120.2119066,22.9441339 120.2118961,22.9441947 120.2119414,22.9442368 120.2120653,22.9442442 120.2120642,22.9442261 120.2120643,22.944226 120.2121612,22.9442231 120.2126949,22.9443272 120.2137796,22.9437584 120.2137797,22.9437584 120.2138531,22.9439341 120.2139163,22.9440076 120.2139322,22.9441148 120.2143215,22.9449345 120.2144709,22.9449289 120.2144855,22.9449391 120.2145349,22.9451099 120.2151003,22.9450989 120.2151989,22.9451039 120.2155298,22.9450638 120.2155299,22.9450639 120.2155394,22.9451721 120.2158908,22.9451509 120.2163447,22.9448992 120.2165011,22.9449505 120.216572,22.9464933 120.2165855,22.9470037 120.2166068,22.9479505 120.2166137,22.9481298 120.2166207,22.948428 120.2166265,22.9495436 120.2165307,22.9495585 120.2165357,22.9495976 120.2166262,22.9495822 120.2166264,22.9495823 120.2166315,22.9503569 120.2166363,22.9510567 120.2166396,22.9526256 120.2166363,22.9534782 120.2165983,22.9575602 120.2166685,22.9575735 120.2166685,22.9575737 120.2165996,22.9576057 120.2165995,22.9587256 120.2166002,22.9595919 120.216602,22.9599637 120.2166252,22.9603719 120.2166282,22.960457 120.2168279,22.9604362 120.216828,22.9604362 120.2169322,22.9628768 120.2169015,22.9632086 120.2168464,22.9635148 120.2168118,22.9636581 120.2167644,22.9638476 120.2165559,22.9645932 120.216468,22.9650101 120.2163347,22.9656278 120.2160964,22.965606 120.2160838,22.9656815 120.2160404,22.9657198 120.2160026,22.9657482 120.2135178,22.9656939 120.2113882,22.9656602 120.2097673,22.9656342 120.209692,22.9674975 120.2093605,22.9674904 120.209277,22.9675193 120.2092769,22.9675193 120.2092694,22.9674882 120.2090604,22.9674811 120.2088275,22.9674747 120.2084182,22.9674612 120.208313,22.9674588 120.2082836,22.9674964 120.2082153,22.9674553 120.2077043,22.967442 120.2063207,22.967412 120.2062153,22.9673969 120.205809,22.9673397 120.2056387,22.9673144 120.2050796,22.9672345 120.2049989,22.9672222 120.2048234,22.9671903 120.2047511,22.967175 120.2046791,22.9671587 120.2046074,22.9671411 120.2045361,22.9671224 120.2044651,22.9671025 120.2043945,22.9670815 120.2043243,22.9670594 120.2042546,22.9670361 120.2041852,22.9670117 120.2041164,22.9669862 120.2040481,22.9669596 120.2039802,22.9669319 120.2039129,22.9669031 120.2038462,22.9668732 120.20378,22.9668422 120.2037144,22.9668102 120.2036494,22.9667771 120.2035851,22.9667429 120.2035214,22.9667078 120.2034584,22.9666716 120.2033245,22.9665899 120.1998079,22.9643524 120.1991446,22.9639306 120.1989571,22.963811 120.1989571,22.9638109 120.199078,22.9637829 120.1991765,22.9638039 120.1993464,22.9637079 120.1995856,22.9636301 120.1996949,22.9635835 120.1999213,22.96354 120.2000626,22.9635657 120.20016,22.9636157 120.2006755,22.9639479 120.2011777,22.9641835 120.2012863,22.9642369 120.2012679,22.9640769 120.201209,22.9638389 120.2012629,22.9635921 120.2012717,22.9634101 120.201276,22.9632676 120.2012937,22.9629083 120.2013025,22.9627793 120.2013604,22.9621035 120.201368,22.9620173 120.2013987,22.9616955 120.2014025,22.9616355 120.2013222,22.9614432 120.2012669,22.9613113 120.2013119,22.9609845 120.2013558,22.960701 120.2013954,22.9604245 120.2012796,22.959982 120.2013299,22.9591489 120.2014266,22.9581792 120.2014647,22.9562907 120.2014724,22.9549346 120.2014984,22.9548978 120.2014791,22.9548912 120.2015011,22.9548301 120.2014985,22.9544817 120.2015413,22.9536258 120.2015287,22.9527854 120.2015699,22.9508317 120.201605,22.9501114 120.2015945,22.9501051 120.2016099,22.9500175 120.2016436,22.9489965 120.2017009,22.947344 120.2017141,22.946883 120.2017268,22.9464106 120.2017271,22.9463917 120.201737,22.9459345 120.2017415,22.9457779 120.2006166,22.9453847 120.1993709,22.9443423 120.1987674,22.9428041 120.1984661,22.9416619 120.1983746,22.9416647 120.1983745,22.9416646 120.198367,22.9414052 120.1982013,22.9407938 120.1982452,22.9399933 120.1982495,22.9399307 120.198569,22.9393892</coordinates></LinearRing></outerBoundaryIs>
        </Polygon>
      </MultiGeometry>
  </Placemark>
  <Placemark>
	<Style><LineStyle><color>ff0000ff</color></LineStyle><PolyStyle><fill>0</fill></PolyStyle></Style>
	<ExtendedData><SchemaData schemaUrl="#114SEC_DCTBLPD">
		<SimpleData name="段碼">1857</SimpleData>
		<SimpleData name="段名">永寧段</SimpleData>
		<SimpleData name="行政區">南區</SimpleData>
	</SchemaData></ExtendedData>
      <MultiGeometry>
        <Polygon>
          <outerBoundaryIs><LinearRing><coordinates>120.1821853,22.9332428 120.1824538,22.9333674 120.1831042,22.93367 120.185649,22.9348534 120.1878744,22.9358891 120.1885365,22.936197 120.1893878,22.9365933 120.1940272,22.9384295 120.1941223,22.9384694 120.1943517,22.9385596 120.1945753,22.9386464 120.194666,22.9386823 120.1946664,22.9386982 120.195199,22.9389008 120.1952192,22.9391741 120.1953672,22.9392387 120.1954193,22.9393152 120.1954143,22.9402345 120.1950526,22.9402444 120.1945657,22.9402576 120.1941255,22.9402845 120.1931938,22.9403093 120.1906404,22.9403942 120.1904607,22.9403996 120.1896799,22.9404254 120.1879098,22.9404654 120.187349,22.9404861 120.1872807,22.9404893 120.1871131,22.9404948 120.1868497,22.9405045 120.1867515,22.9405084 120.1860219,22.9405347 120.1825402,22.9406604 120.182528,22.940676 120.1816841,22.9407089 120.1816572,22.9406908 120.1816414,22.9406928 120.1814398,22.9407001 120.1810648,22.9394489 120.1809516,22.9390726 120.1809306,22.9390006 120.1809052,22.9389071 120.1808928,22.9388576 120.1808532,22.938682 120.1808376,22.9386012 120.1808235,22.9385203 120.1808109,22.9384391 120.1807998,22.9383577 120.1807902,22.9382761 120.1807749,22.938099 120.1807677,22.9379509 120.1807658,22.9378685 120.1807655,22.9377861 120.1807668,22.9377037 120.1807696,22.9376214 120.180774,22.9375391 120.1807799,22.9374568 120.1807874,22.9373747 120.1807964,22.9372927 120.180807,22.9372109 120.1808191,22.9371293 120.1808328,22.9370478 120.1808479,22.9369666 120.1808646,22.9368857 120.1809056,22.9367131 120.1809456,22.936569 120.1809698,22.9364897 120.1809956,22.9364108 120.1810484,22.9362626 120.1820313,22.9336516 120.1821853,22.9332428</coordinates></LinearRing></outerBoundaryIs>
          <innerBoundaryIs><LinearRing><coordinates>120.1819356,22.9377847 120.1819355,22.9377907 120.1819356,22.9378148 120.1819356,22.9377847</coordinates></LinearRing></innerBoundaryIs>
          <innerBoundaryIs><LinearRing><coordinates>120.1818924,22.9382981 120.1819003,22.9383501 120.1819078,22.9383953 120.1819118,22.9384178 120.1818924,22.9382981</coordinates></LinearRing></innerBoundaryIs>
          <innerBoundaryIs><LinearRing><coordinates>120.1819169,22.9384453 120.1819246,22.9384853 120.1819364,22.9385413 120.1819169,22.9384453</coordinates></LinearRing></innerBoundaryIs>
        </Polygon>
      </MultiGeometry>
  </Placemark>
  <Placemark>
	<Style><LineStyle><color>ff0000ff</color></LineStyle><PolyStyle><fill>0</fill></PolyStyle></Style>
	<ExtendedData><SchemaData schemaUrl="#114SEC_DCTBLPD">
		<SimpleData name="段碼">1858</SimpleData>
		<SimpleData name="段名">興農段</SimpleData>
		<SimpleData name="行政區">南區</SimpleData>
	</SchemaData></ExtendedData>
      <MultiGeometry>
        <Polygon>
          <outerBoundaryIs><LinearRing><coordinates>120.1932379,22.9247599 120.1933082,22.9247657 120.1933822,22.9247937 120.1934353,22.9248557 120.1934767,22.9249175 120.1937128,22.9253332 120.1938482,22.925592 120.1939253,22.9256338 120.1939726,22.9256433 120.1939701,22.9257303 120.1939704,22.9257531 120.1939745,22.9259601 120.1940015,22.9262569 120.1939749,22.9264429 120.1939503,22.9265202 120.1939073,22.9266004 120.1938581,22.9266756 120.1937673,22.9267647 120.193691,22.9268041 120.1936448,22.9268159 120.1935952,22.9268138 120.1934851,22.9268945 120.1933364,22.9269129 120.1934325,22.9270561 120.1935632,22.9270067 120.1935997,22.9269996 120.1936599,22.927009 120.1936828,22.9270261 120.1937019,22.9270597 120.1937092,22.9270902 120.1937315,22.9273935 120.1937417,22.92759 120.1937628,22.9277327 120.1938051,22.9278768 120.1938325,22.9279561 120.1938747,22.9280498 120.1939123,22.9281066 120.1940912,22.9283254 120.1942779,22.9285353 120.194324,22.9286022 120.1944097,22.9288148 120.1945714,22.9289819 120.1949632,22.9291982 120.1953516,22.9293765 120.1959362,22.9294887 120.1964097,22.9295655 120.1978528,22.9296435 120.1978529,22.9296437 120.1978047,22.9298062 120.1978121,22.9298227 120.1978348,22.9298372 120.1978669,22.9298451 120.197875,22.9298308 120.1979266,22.9298424 120.1980074,22.9299165 120.1980238,22.9299969 120.1980198,22.9300686 120.1981645,22.9302014 120.1981695,22.9303552 120.1982106,22.9304668 120.1982475,22.9306566 120.198206,22.9307002 120.1982743,22.9308217 120.198576,22.9310672 120.1987703,22.9310556 120.1988975,22.9312394 120.1989231,22.931305 120.1990014,22.9314925 120.1990119,22.9315795 120.1989528,22.9316928 120.1989967,22.9317821 120.1990051,22.9318445 120.1993115,22.9323294 120.199387,22.9325762 120.1993442,22.932596 120.1994532,22.9327732 120.1995336,22.9329218 120.1995467,22.9330422 120.1996222,22.9332385 120.1996181,22.9334069 120.1997294,22.9335955 120.1997584,22.9336294 120.1998093,22.9337488 120.1999738,22.9339892 120.2000316,22.9341299 120.2001051,22.9342479 120.2002104,22.9343727 120.2005349,22.9349177 120.2007507,22.9351515 120.2008275,22.9352537 120.2009358,22.9353447 120.2011606,22.9354732 120.2013617,22.9356162 120.2015327,22.93577 120.2016195,22.9359094 120.2016582,22.9360081 120.2016118,22.9360275 120.2017519,22.9362127 120.2018188,22.9363048 120.2020354,22.9365784 120.2021338,22.9367242 120.2022338,22.936846 120.2022715,22.9369475 120.2022275,22.9370187 120.2022123,22.9372977 120.2021995,22.9373561 120.2022013,22.9374371 120.202204,22.93761 120.2021981,22.9377631 120.2021693,22.9377624 120.2021817,22.937851 120.2022757,22.9380882 120.2022916,22.9381275 120.2023336,22.9381951 120.2023563,22.9383347 120.2023629,22.9385232 120.2023531,22.9385715 120.2023271,22.938605 120.2022968,22.9386273 120.2022792,22.9386571 120.2022726,22.9386929 120.2022725,22.938747 120.2021787,22.9388534 120.2021696,22.9390787 120.2020512,22.9390856 120.2019382,22.9390894 120.2018876,22.9390338 120.2017929,22.9389792 120.2016636,22.9389741 120.2014336,22.9388985 120.2010472,22.938934 120.2008466,22.9389674 120.2006987,22.9389914 120.2004246,22.9390185 120.2002957,22.9390148 120.2001636,22.9389872 120.2000049,22.938998 120.1999873,22.9389994 120.1998344,22.9389816 120.1997176,22.938991 120.1995174,22.9389528 120.1994596,22.9388941 120.1994189,22.9386904 120.1994027,22.9384778 120.1994184,22.9383407 120.199422,22.9379673 120.1993794,22.9377418 120.1992965,22.9377404 120.199183,22.9377344 120.1990627,22.9377808 120.1989067,22.9378166 120.1988061,22.9378285 120.1987441,22.9378428 120.198554,22.9378888 120.1984903,22.9379375 120.1984588,22.9379891 120.198402,22.9379992 120.1984065,22.9380261 120.1985031,22.9381322 120.1985188,22.9382642 120.1984979,22.9383552 120.1984024,22.9384883 120.1983792,22.9385898 120.1983954,22.9386877 120.1983823,22.9388706 120.1984157,22.9390071 120.1984553,22.9390869 120.1985348,22.939164 120.1985572,22.9392419 120.1985555,22.9393734 120.1985687,22.9393888 120.1982493,22.9399302 120.198245,22.9399928 120.1982368,22.9401416 120.1982367,22.9401416 120.1968852,22.9395812 120.1951883,22.9388967 120.1946663,22.9386984 120.194666,22.9386826 120.1945754,22.9386467 120.1943517,22.9385598 120.1941266,22.9384691 120.1908028,22.9371535 120.190785,22.93699 120.1907577,22.9367541 120.1907332,22.936755 120.1907331,22.9367549 120.1907005,22.9339425 120.1906228,22.9339547 120.1906226,22.9339546 120.1906183,22.9335889 120.1906961,22.9335767 120.190645,22.9293306 120.1905985,22.9254929 120.1905958,22.9254939 120.190521,22.9255237 120.1905209,22.9255236 120.1905207,22.9255018 120.1908478,22.9253753 120.1908436,22.9253177 120.190845,22.9253119 120.1908921,22.9252934 120.1916359,22.9251024 120.192148,22.9249724 120.1922154,22.9249517 120.1925385,22.9248743 120.1925587,22.9248739 120.1928355,22.9248074 120.1930059,22.9247799 120.1932379,22.9247599</coordinates></LinearRing></outerBoundaryIs>
        </Polygon>
      </MultiGeometry>
  </Placemark>
  <Placemark>
	<Style><LineStyle><color>ff0000ff</color></LineStyle><PolyStyle><fill>0</fill></PolyStyle></Style>
	<ExtendedData><SchemaData schemaUrl="#114SEC_DCTBLPD">
		<SimpleData name="段碼">1859</SimpleData>
		<SimpleData name="段名">舉喜段</SimpleData>
		<SimpleData name="行政區">南區</SimpleData>
	</SchemaData></ExtendedData>
      <MultiGeometry>
        <Polygon>
          <outerBoundaryIs><LinearRing><coordinates>120.1870649,22.9298958 120.1871367,22.9299706 120.1872551,22.9300255 120.1873124,22.9301206 120.1872817,22.9301589 120.186991,22.9303832 120.1869909,22.9303832 120.1867914,22.9301292 120.1870649,22.9298958</coordinates></LinearRing></outerBoundaryIs>
        </Polygon>
        <Polygon>
          <outerBoundaryIs><LinearRing><coordinates>120.1855826,22.9258988 120.1857995,22.9259502 120.1858046,22.9259653 120.1858559,22.9260047 120.1858993,22.9260394 120.1863762,22.9260868 120.186883,22.9262068 120.1870996,22.9263027 120.1872138,22.9263551 120.1872138,22.9263553 120.1871152,22.9263319 120.1871316,22.9263629 120.1871514,22.926402 120.1871561,22.9264114 120.1872229,22.9265571 120.1872396,22.9265973 120.1872665,22.9266657 120.1872701,22.9266753 120.1872828,22.92671 120.1872969,22.9267502 120.1873121,22.9267958 120.1873269,22.926843 120.1873473,22.9269113 120.1873714,22.9270032 120.1873825,22.9270508 120.1873939,22.9271044 120.1874174,22.9272373 120.1874221,22.9272696 120.1874304,22.9273357 120.1874379,22.9274087 120.1874436,22.9274858 120.1874451,22.9275131 120.1874469,22.9275537 120.1874479,22.9275903 120.1874486,22.9276219 120.1874463,22.9277766 120.1874438,22.9278246 120.1874394,22.9278875 120.1874371,22.9279144 120.1874351,22.9279355 120.1874307,22.9279764 120.1874295,22.9279866 120.1874083,22.9281321 120.1873963,22.9281974 120.1873888,22.9282346 120.1873827,22.9282629 120.1873761,22.9282922 120.1873692,22.9283214 120.1873629,22.9283464 120.1873567,22.9283707 120.1873492,22.9283984 120.1873414,22.9284262 120.1873333,22.9284541 120.1873217,22.9284917 120.1873102,22.9285277 120.1872989,22.9285611 120.1872828,22.9286074 120.1872711,22.9286388 120.1872568,22.9286752 120.1872448,22.9287047 120.1872303,22.9287392 120.1872148,22.9287744 120.1871977,22.9288118 120.1871774,22.9288544 120.1871442,22.9289202 120.1871364,22.9289351 120.1871187,22.9289679 120.1870973,22.9290058 120.1870783,22.9290384 120.1870569,22.929074 120.1870348,22.9291094 120.1870232,22.9291274 120.1870077,22.9291512 120.1869874,22.9291813 120.1869629,22.9292166 120.1869357,22.9292543 120.1869219,22.929273 120.1869077,22.9292918 120.186893,22.9293111 120.1868725,22.9293371 120.1868554,22.9293585 120.1868293,22.9293902 120.1868028,22.9294215 120.1867725,22.9294561 120.186743,22.9294887 120.1867127,22.9295212 120.1866863,22.9295486 120.1866691,22.929566 120.1866518,22.9295834 120.1866249,22.9296096 120.1865976,22.9296356 120.1865086,22.9297156 120.1864611,22.9297557 120.18643,22.929781 120.1864046,22.929801 120.1863792,22.9298207 120.1863056,22.9298752 120.1862301,22.9299274 120.1862025,22.9299456 120.1861776,22.9299618 120.1859729,22.930092 120.185478,22.9304078 120.1852481,22.930555 120.1851975,22.9305879 120.1851467,22.9306224 120.1851362,22.9306297 120.1850668,22.9306797 120.1850249,22.9307114 120.1849835,22.9307437 120.1849185,22.930797 120.1847174,22.9309669 120.1845975,22.9310688 120.1845733,22.9310898 120.1844502,22.9312048 120.1843456,22.9313146 120.1842966,22.9313704 120.1842666,22.9314063 120.1842177,22.9314676 120.1841492,22.9315597 120.1841026,22.9316276 120.1840764,22.9316681 120.1840467,22.9317159 120.1840141,22.9317711 120.1839583,22.9318735 120.1839485,22.9318927 120.1839381,22.9319135 120.183931,22.9319281 120.1839115,22.9319689 120.1838968,22.9320011 120.1838866,22.9320242 120.183848,22.9321179 120.1838379,22.9321444 120.1832883,22.9336041 120.1833936,22.9336531 120.1834162,22.933593 120.1834164,22.9335929 120.1850303,22.9343435 120.1850175,22.9344083 120.18509,22.934442 120.1851027,22.9343773 120.1851029,22.9343772 120.1853758,22.9345042 120.1858711,22.9343912 120.1860088,22.9343632 120.186272,22.9343061 120.1868296,22.9341967 120.187783,22.9340329 120.1884731,22.9339243 120.1906181,22.9335888 120.1906183,22.9335888 120.1906215,22.9338598 120.1906226,22.9339546 120.1885383,22.9342806 120.1878513,22.9343887 120.1869056,22.9345512 120.1863569,22.9346588 120.186095,22.9347157 120.1859595,22.9347432 120.1859126,22.9347539 120.1873798,22.9354366 120.1874074,22.9354871 120.1874326,22.9355319 120.1876653,22.9356402 120.1876305,22.9355846 120.1876041,22.9355412 120.1876042,22.9355411 120.1881404,22.9357906 120.1881099,22.9358471 120.1882404,22.9359078 120.1882711,22.9358514 120.189559,22.9364507 120.1895285,22.9365072 120.1896154,22.9365477 120.1896461,22.9364912 120.1905575,22.9369153 120.1906574,22.936959 120.1906284,22.9370162 120.1907066,22.9370505 120.1907356,22.9369935 120.1907329,22.9367548 120.1907576,22.9367538 120.1907851,22.9369899 120.1908028,22.9371534 120.1908027,22.9371535 120.1893876,22.9365934 120.1890289,22.9364265 120.1889783,22.9364035 120.1885479,22.9362025 120.1878743,22.9358893 120.1877252,22.9358185 120.1875683,22.9357477 120.187475,22.9357044 120.1872903,22.9356178 120.1871336,22.935545 120.1869617,22.935466 120.1866903,22.9353383 120.1857384,22.9348952 120.1827512,22.9335061 120.1824536,22.9333676 120.1823844,22.9333355 120.1821852,22.9332429 120.182243,22.9330849 120.182371,22.9327405 120.1824188,22.9326086 120.18249,22.9324247 120.1825388,22.9322955 120.1825944,22.9321406 120.1826226,22.932066 120.1826704,22.9319428 120.1827187,22.9318159 120.182733,22.9317875 120.1827507,22.9317414 120.1827666,22.9317017 120.1828106,22.9315982 120.1828379,22.931538 120.1828664,22.9314782 120.182896,22.931419 120.1829267,22.9313602 120.1829585,22.9313019 120.1829914,22.9312441 120.1830254,22.9311869 120.1830605,22.9311302 120.1831382,22.9310121 120.1831741,22.9309607 120.1832524,22.9308546 120.1832933,22.9308021 120.1833352,22.9307503 120.183378,22.9306992 120.1834218,22.9306487 120.1834665,22.930599 120.1835122,22.93055 120.1836299,22.9304314 120.1837129,22.9303529 120.1838199,22.9302587 120.1841169,22.9300066 120.1842183,22.9299232 120.1842761,22.929878 120.1843347,22.9298338 120.1843941,22.9297905 120.1844543,22.9297482 120.184584,22.9296621 120.1855141,22.929069 120.1855668,22.929034 120.1855909,22.9290171 120.1856148,22.9289997 120.1856383,22.928982 120.1856614,22.9289638 120.1856843,22.9289453 120.1857067,22.9289265 120.1857288,22.9289073 120.1857506,22.9288877 120.185772,22.9288678 120.185793,22.9288475 120.1858136,22.9288269 120.1858338,22.928806 120.1858536,22.9287847 120.185873,22.9287631 120.185892,22.9287412 120.1859106,22.9287191 120.1859288,22.9286966 120.1859465,22.9286738 120.1859841,22.9286226 120.1860156,22.9285761 120.186044,22.9285309 120.1860584,22.9285068 120.1860723,22.9284824 120.1861013,22.9284278 120.1861241,22.9283809 120.1861359,22.9283548 120.1861473,22.9283286 120.1861581,22.9283021 120.1861685,22.9282755 120.1861783,22.9282487 120.1861877,22.9282218 120.1862037,22.9281713 120.186223,22.9281015 120.1862311,22.9280688 120.1862385,22.928036 120.1862453,22.9280031 120.1862514,22.9279701 120.186257,22.927937 120.1862619,22.9279038 120.1862662,22.9278705 120.1862699,22.9278371 120.1862729,22.9278037 120.1862753,22.9277703 120.1862771,22.9277368 120.1862782,22.9277033 120.1862787,22.9276698 120.1862786,22.9276363 120.1862779,22.9276028 120.1862765,22.9275693 120.1862707,22.9274893 120.1862627,22.9274201 120.1862551,22.9273695 120.1862493,22.9273362 120.1862428,22.9273029 120.1862357,22.9272697 120.186228,22.9272367 120.1862079,22.927161 120.1861915,22.9271074 120.1861808,22.9270753 120.1861695,22.9270435 120.1861575,22.9270118 120.1861451,22.9269803 120.186132,22.926949 120.1861183,22.9269179 120.186104,22.926887 120.1860892,22.9268564 120.1860737,22.926826 120.1860578,22.9267959 120.1860278,22.9267428 120.185988,22.9266744 120.1857621,22.9262614 120.1855824,22.9258989 120.1855826,22.9258988</coordinates></LinearRing></outerBoundaryIs>
          <innerBoundaryIs><LinearRing><coordinates>120.1864046,22.9271443 120.1864279,22.9272391 120.1864215,22.9272106 120.1864156,22.9271861 120.1864115,22.9271698 120.1864046,22.9271443</coordinates></LinearRing></innerBoundaryIs>
          <innerBoundaryIs><LinearRing><coordinates>120.1864738,22.9276403 120.1864739,22.9276573 120.1864754,22.9276575 120.1864772,22.927658 120.1864787,22.9276588 120.1864802,22.92766 120.1864812,22.9276611 120.1864821,22.9276627 120.1864826,22.9276642 120.1864829,22.9276658 120.1864828,22.9276675 120.1864823,22.927669 120.1864816,22.9276705 120.1864808,22.9276715 120.1864798,22.9276725 120.1864784,22.9276736 120.1864771,22.9276742 120.1864755,22.9276746 120.1864999,22.9276741 120.1865007,22.9276712 120.1865012,22.927668 120.1865013,22.9276653 120.186501,22.9276622 120.1865004,22.9276595 120.1864991,22.9276561 120.1864976,22.9276533 120.186496,22.927651 120.1864942,22.9276489 120.1864922,22.927647 120.1864895,22.927645 120.1864866,22.9276434 120.1864835,22.927642 120.1864803,22.9276411 120.186477,22.9276405 120.1864738,22.9276403</coordinates></LinearRing></innerBoundaryIs>
        </Polygon>
        <Polygon>
          <outerBoundaryIs><LinearRing><coordinates>120.1905205,22.9255017 120.1905207,22.9255017 120.1905209,22.9255236 120.1903181,22.9256046 120.190318,22.9256044 120.190361,22.9255633 120.1905205,22.9255017</coordinates></LinearRing></outerBoundaryIs>
        </Polygon>
      </MultiGeometry>
  </Placemark>
  <Placemark>
	<Style><LineStyle><color>ff0000ff</color></LineStyle><PolyStyle><fill>0</fill></PolyStyle></Style>
	<ExtendedData><SchemaData schemaUrl="#114SEC_DCTBLPD">
		<SimpleData name="段碼">1860</SimpleData>
		<SimpleData name="段名">同安段</SimpleData>
		<SimpleData name="行政區">南區</SimpleData>
	</SchemaData></ExtendedData>
      <MultiGeometry>
        <Polygon>
          <outerBoundaryIs><LinearRing><coordinates>120.1843391,22.9188744 120.1845354,22.9189861 120.1850252,22.919261 120.1854281,22.919559 120.1855418,22.9196397 120.1855846,22.9196595 120.1857142,22.9197627 120.1859495,22.919952 120.1860827,22.9200529 120.1862108,22.9201419 120.1867106,22.9204975 120.1870099,22.9206862 120.1871591,22.9207981 120.1871804,22.9208103 120.1882368,22.9213431 120.1887442,22.9215643 120.1887712,22.9215707 120.1892297,22.9217569 120.1893536,22.9218097 120.1896356,22.9219243 120.1898445,22.921997 120.1901026,22.922084 120.1904202,22.9222046 120.1906965,22.922327 120.1911553,22.9224193 120.1924907,22.922253 120.192527,22.9224754 120.1925349,22.9224815 120.1925452,22.9224832 120.1925139,22.9222501 120.1928371,22.9222099 120.1929282,22.9222873 120.1929864,22.9223495 120.1930604,22.9224349 120.1931458,22.9225464 120.1932227,22.9226642 120.1932599,22.922734 120.1933144,22.9228567 120.1933572,22.9229729 120.1933728,22.9230207 120.1934326,22.9231081 120.1935153,22.9232854 120.1936138,22.9234602 120.1936396,22.9235367 120.1936583,22.9236003 120.1936838,22.9237791 120.1937412,22.9241333 120.193784,22.9243062 120.193846,22.9245805 120.1938843,22.9248321 120.1939244,22.9249862 120.1939472,22.9251124 120.1939837,22.9253949 120.1939832,22.9254655 120.1939807,22.9255734 120.1939724,22.925643 120.1939723,22.9256431 120.193925,22.9256336 120.1938478,22.9255919 120.1937124,22.925333 120.1934763,22.9249173 120.1934349,22.9248555 120.1933819,22.9247936 120.1933079,22.9247656 120.1932377,22.9247598 120.1930057,22.9247798 120.1928354,22.9248073 120.1925585,22.9248738 120.1925383,22.9248742 120.1922153,22.9249516 120.1921479,22.9249723 120.1916358,22.9251023 120.190892,22.9252933 120.1908449,22.9253117 120.1908435,22.9253175 120.1908477,22.9253752 120.190361,22.9255633 120.1903181,22.9256044 120.1899255,22.925761 120.1892847,22.9259922 120.1888897,22.9260982 120.1881762,22.9262788 120.187973,22.9263359 120.1877495,22.9263994 120.1874094,22.9264014 120.1872137,22.9263551 120.1870995,22.9263027 120.1868829,22.9262068 120.1863761,22.9260868 120.1858993,22.9260394 120.1858557,22.9260047 120.1858044,22.9259652 120.1857994,22.9259501 120.1855825,22.9258987 120.1855549,22.9258401 120.1855335,22.9257939 120.1852735,22.9251774 120.1852086,22.9250044 120.1851291,22.9247789 120.1850221,22.9244461 120.184922,22.9240933 120.1848734,22.9239031 120.1848243,22.9236933 120.184776,22.923465 120.1847698,22.9234336 120.1847128,22.9231186 120.1846831,22.9229275 120.1846375,22.9225702 120.1846316,22.9225156 120.1846256,22.9224572 120.184606,22.9222534 120.1845857,22.9220696 120.1845705,22.9219581 120.1845532,22.9218467 120.1845338,22.9217357 120.1845124,22.9216251 120.1844888,22.9215147 120.1844632,22.9214048 120.1844355,22.9212953 120.1843718,22.9210707 120.1841134,22.9202239 120.1841027,22.9201861 120.184098,22.9201678 120.1840938,22.9201494 120.184085,22.9201053 120.1840778,22.9200575 120.1840755,22.9200379 120.1840736,22.9200183 120.1840711,22.9199833 120.18407,22.9199481 120.1840699,22.9199291 120.1840702,22.9199101 120.1840709,22.9198911 120.1840719,22.9198721 120.1840732,22.9198532 120.184075,22.9198342 120.184077,22.9198153 120.1840795,22.9197965 120.184085,22.9197614 120.1840922,22.9197245 120.1841016,22.9196849 120.1841103,22.9196535 120.1843391,22.9188744</coordinates></LinearRing></outerBoundaryIs>
          <innerBoundaryIs><LinearRing><coordinates>120.1857934,22.9223829 120.1858029,22.9224731 120.18581,22.9225348 120.1858168,22.9225912 120.1857934,22.9223829</coordinates></LinearRing></innerBoundaryIs>
        </Polygon>
      </MultiGeometry>
  </Placemark>
  <Placemark>
	<Style><LineStyle><color>ff0000ff</color></LineStyle><PolyStyle><fill>0</fill></PolyStyle></Style>
	<ExtendedData><SchemaData schemaUrl="#114SEC_DCTBLPD">
		<SimpleData name="段碼">1861</SimpleData>
		<SimpleData name="段名">龍崗段</SimpleData>
		<SimpleData name="行政區">南區</SimpleData>
	</SchemaData></ExtendedData>
      <MultiGeometry>
        <Polygon>
          <outerBoundaryIs><LinearRing><coordinates>120.1836972,22.9589099 120.1836973,22.95891 120.1836966,22.9590413 120.1836859,22.9610128 120.1836857,22.9610129 120.1829477,22.9608864 120.1828109,22.9608618 120.1824093,22.9607616 120.1822986,22.9607344 120.181997,22.9606831 120.1819686,22.9608623 120.1819784,22.9610153 120.1819884,22.9611559 120.1820875,22.9617366 120.182243,22.9623462 120.1824583,22.9623403 120.1828604,22.9625887 120.1828017,22.9627344 120.1824493,22.9627236 120.1767367,22.962541 120.1767272,22.9625373 120.1767246,22.9625297 120.1760706,22.9625006 120.1760569,22.9625072 120.176016,22.9625164 120.1759966,22.9625213 120.1759773,22.9625265 120.1759581,22.962532 120.175939,22.9625378 120.17592,22.9625439 120.1759011,22.9625503 120.1758824,22.962557 120.1758638,22.9625641 120.1758453,22.9625714 120.1758269,22.962579 120.1758088,22.9625869 120.1757907,22.9625951 120.1757728,22.9626036 120.1757551,22.9626124 120.1757376,22.9626215 120.1757202,22.9626309 120.175703,22.9626405 120.175686,22.9626504 120.1756692,22.9626606 120.1756525,22.9626711 120.1756361,22.9626818 120.1756199,22.9626928 120.1756039,22.962704 120.1755881,22.9627155 120.1755725,22.9627273 120.1755571,22.9627393 120.175542,22.9627515 120.1755271,22.962764 120.1755124,22.9627768 120.175498,22.9627897 120.1754839,22.9628029 120.1754699,22.9628164 120.1754563,22.96283 120.1754429,22.9628439 120.1754297,22.962858 120.1754169,22.9628723 120.1754043,22.9628868 120.1753919,22.9629015 120.1753799,22.9629164 120.1753681,22.9629315 120.175342,22.9629672 120.175324,22.9629937 120.1753137,22.9630097 120.1753037,22.9630258 120.175294,22.9630421 120.1752776,22.9630714 120.1747073,22.9641029 120.1745573,22.9643215 120.1742304,22.9648888 120.17392,22.9654509 120.1734751,22.9662513 120.1730978,22.9668047 120.1722016,22.9679747 120.1718323,22.9684501 120.1717898,22.9685039 120.1717806,22.9685167 120.1714962,22.9687143 120.1716738,22.9696329 120.1717527,22.9698926 120.1745543,22.9712968 120.174686,22.971864 120.1750943,22.9736954 120.1758507,22.9770543 120.1762513,22.9788508 120.1774169,22.9796062 120.1804438,22.9815699 120.1811575,22.9817046 120.1811575,22.9817048 120.1807231,22.9817607 120.1816782,22.9823912 120.181969,22.9825786 120.1819689,22.9825788 120.1816256,22.9826164 120.1755436,22.9786771 120.1658002,22.9716035 120.1644345,22.9708032 120.1627312,22.9697662 120.1553417,22.9649232 120.1552941,22.9647704 120.1552942,22.9647703 120.1579412,22.9640813 120.1592532,22.963707 120.159267,22.9635701 120.1552775,22.9616307 120.1552676,22.9616462 120.1516303,22.9598773 120.1488423,22.9605997 120.1487893,22.9604272 120.1487894,22.9604271 120.1516523,22.9596866 120.1596743,22.9635868 120.1596752,22.9635866 120.1614148,22.9644244 120.1631053,22.9652456 120.1631144,22.9652452 120.1631246,22.9652455 120.1631349,22.9652463 120.163145,22.9652479 120.163155,22.9652501 120.1631648,22.9652529 120.1631744,22.9652564 120.1631837,22.9652604 120.1631904,22.9652639 120.1631948,22.9652664 120.1631991,22.965269 120.1632054,22.9652732 120.1632094,22.9652761 120.1632152,22.9652808 120.1632208,22.9652857 120.1632243,22.9652892 120.1632278,22.9652927 120.1632326,22.9652982 120.1632372,22.965304 120.16324,22.965308 120.163244,22.9653141 120.1632465,22.9653183 120.1632488,22.9653225 120.1632515,22.965328 120.1644585,22.9659058 120.1651526,22.9644281 120.1649842,22.964321 120.1658207,22.9628932 120.1668099,22.9612529 120.1668101,22.9612529 120.1670237,22.9613952 120.1670845,22.9612654 120.1677844,22.9613124 120.1684082,22.9613449 120.1685533,22.9613877 120.1685533,22.9613878 120.1685471,22.9614035 120.1686102,22.9614296 120.1686222,22.9614037 120.1686223,22.9614037 120.1686511,22.9614179 120.1686954,22.9614365 120.1686996,22.9614279 120.1688464,22.9614652 120.1696301,22.9615729 120.1699519,22.9607086 120.1702394,22.9599327 120.1703222,22.9597159 120.1703308,22.9596945 120.1703357,22.9596831 120.1703409,22.9596718 120.1703462,22.9596605 120.1703518,22.9596494 120.1703647,22.9596253 120.1703828,22.9595939 120.170402,22.9595636 120.1704117,22.9595491 120.1704216,22.9595349 120.1704407,22.9595089 120.1704637,22.9594798 120.1704749,22.9594665 120.1704863,22.9594533 120.170498,22.9594403 120.17051,22.9594275 120.1705221,22.959415 120.1705345,22.9594026 120.1705472,22.9593904 120.17056,22.9593784 120.1705868,22.9593548 120.1706326,22.959318 120.1706561,22.9593007 120.1706707,22.9592904 120.1706854,22.9592805 120.1707003,22.9592707 120.1707154,22.9592613 120.1707307,22.959252 120.1707461,22.959243 120.1707617,22.9592343 120.1707775,22.9592258 120.1707934,22.9592175 120.1708095,22.9592096 120.1708257,22.9592018 120.1708421,22.9591944 120.1708586,22.9591872 120.1708753,22.9591803 120.170892,22.9591736 120.1709089,22.9591673 120.1709259,22.9591612 120.1709431,22.9591553 120.1709603,22.9591498 120.1709776,22.9591445 120.1710132,22.9591347 120.1710475,22.9591263 120.1710653,22.9591225 120.1710832,22.9591189 120.1711012,22.9591156 120.1711192,22.9591126 120.1711373,22.9591099 120.1711554,22.9591075 120.1711736,22.9591054 120.1712152,22.9591017 120.171247,22.9590999 120.171278,22.9590989 120.1718555,22.9590893 120.1718988,22.9590876 120.171906,22.9590885 120.1719659,22.9590862 120.1720068,22.9590859 120.1720069,22.9590861 120.172001,22.9590967 120.1724046,22.9590904 120.1724079,22.9590791 120.1724358,22.9590785 120.1733701,22.9590649 120.1740884,22.9590534 120.1758553,22.9590265 120.1762887,22.9590197 120.1789157,22.9589799 120.1836972,22.9589099</coordinates></LinearRing></outerBoundaryIs>
        </Polygon>
      </MultiGeometry>
  </Placemark>
  <Placemark>
	<Style><LineStyle><color>ff0000ff</color></LineStyle><PolyStyle><fill>0</fill></PolyStyle></Style>
	<ExtendedData><SchemaData schemaUrl="#114SEC_DCTBLPD">
		<SimpleData name="段碼">1862</SimpleData>
		<SimpleData name="段名">華南段</SimpleData>
		<SimpleData name="行政區">南區</SimpleData>
	</SchemaData></ExtendedData>
      <MultiGeometry>
        <Polygon>
          <outerBoundaryIs><LinearRing><coordinates>120.1848142,22.9516739 120.1850367,22.9517371 120.1850496,22.9517398 120.185131,22.9517638 120.1854651,22.9518518 120.1856274,22.9518744 120.1856324,22.9519195 120.1856579,22.9521253 120.1857191,22.9521373 120.1857632,22.9521348 120.1858808,22.9521515 120.1860067,22.9521958 120.1860795,22.9522278 120.1860835,22.9522709 120.1863919,22.952338 120.1863877,22.9524002 120.186605,22.9524317 120.186809,22.9524718 120.1868106,22.9524164 120.1868107,22.9524163 120.1869607,22.9524436 120.1869931,22.9524961 120.1872031,22.9525478 120.1875132,22.9525828 120.1875259,22.9526424 120.1878363,22.9526905 120.1881192,22.9527481 120.1882948,22.9527661 120.1884853,22.9528267 120.188526,22.9528321 120.1885922,22.9528419 120.1886291,22.9528206 120.1886523,22.9528231 120.1886544,22.9528331 120.1887139,22.9528726 120.1894603,22.9529728 120.1896695,22.9530069 120.1901453,22.9530892 120.1904536,22.9531355 120.1906305,22.9531756 120.1907258,22.9532067 120.1910115,22.9532229 120.191136,22.9532566 120.1913168,22.9532701 120.1914381,22.9532878 120.1915917,22.9532995 120.1917274,22.9533283 120.191834,22.9534097 120.1919852,22.9534359 120.1921076,22.9534921 120.1924748,22.9535668 120.1926625,22.9536148 120.1928104,22.9535948 120.1928649,22.9535602 120.1928874,22.9534947 120.1928771,22.9533812 120.1928938,22.9532466 120.1928985,22.9530356 120.1929228,22.9529706 120.1929865,22.9528698 120.1930222,22.952702 120.1930556,22.9526335 120.1931238,22.9525488 120.1932111,22.9525449 120.1932802,22.952574 120.1935122,22.9526116 120.1937221,22.9526077 120.1939374,22.9525947 120.19418,22.9526555 120.1943929,22.9527465 120.1944389,22.9528271 120.1944456,22.9532619 120.1944575,22.9534138 120.1945072,22.9535274 120.1945701,22.9536051 120.1947966,22.9537249 120.1948429,22.953741 120.1950138,22.9538563 120.1951474,22.9539828 120.1952088,22.9540186 120.1953411,22.9540384 120.1953356,22.9551338 120.1953174,22.958596 120.1953191,22.9588162 120.1952547,22.9588172 120.1952269,22.9588853 120.195192,22.9590286 120.1951269,22.9591008 120.1949296,22.9590293 120.1948919,22.9591193 120.1948318,22.9592606 120.1947261,22.9592436 120.1946902,22.9593187 120.1945906,22.9592837 120.194591,22.9592407 120.1945454,22.9591729 120.1944506,22.9591753 120.1944505,22.9591752 120.1944519,22.9591594 120.1944867,22.9587597 120.1944881,22.9587403 120.1940869,22.9587473 120.1940841,22.9587173 120.1940819,22.9585821 120.194064,22.9585822 120.1940629,22.958578 120.1940452,22.9585732 120.1939868,22.9585706 120.1938424,22.9585565 120.1938436,22.957909 120.1938434,22.9578523 120.1935093,22.9578582 120.1934062,22.9578598 120.192352,22.9578781 120.1909312,22.9578945 120.1909242,22.9579388 120.1909097,22.9580908 120.1908658,22.9583289 120.1908509,22.9584119 120.1908296,22.9585133 120.1906109,22.9585153 120.1905431,22.9585034 120.1905089,22.9584965 120.190464,22.9585967 120.1904379,22.9587559 120.1904339,22.9587838 120.1904074,22.9589385 120.1904923,22.9589491 120.1907625,22.9589775 120.1909457,22.9590134 120.1909462,22.959083 120.1909461,22.9591563 120.1909376,22.9593297 120.1909374,22.9593298 120.1906473,22.9593 120.1906328,22.9593013 120.1905776,22.9593108 120.1905763,22.9593596 120.1905786,22.9594559 120.1905786,22.9594991 120.1905929,22.9595572 120.1906511,22.9595518 120.1907462,22.9595398 120.1908216,22.9595409 120.1908217,22.959541 120.1908105,22.9596609 120.1908226,22.9597905 120.1908642,22.9599016 120.1909259,22.9598986 120.1909554,22.960086 120.1909397,22.9600962 120.1909949,22.9600926 120.1910088,22.9600918 120.1910089,22.9600919 120.1909957,22.9601026 120.1909995,22.9601468 120.1910152,22.9604154 120.1910151,22.9604155 120.1909222,22.9604193 120.1909335,22.9604612 120.1909967,22.9604849 120.1910009,22.9605337 120.191019,22.960685 120.1909727,22.9607099 120.19097,22.9607646 120.1909152,22.9608213 120.1909041,22.9609094 120.1909033,22.9609102 120.1909637,22.9609445 120.1909976,22.9609955 120.1910571,22.961145 120.1910685,22.9613447 120.1910684,22.9613447 120.1905601,22.9612466 120.190592,22.961391 120.1905919,22.9613911 120.1897461,22.9612284 120.1892324,22.9612506 120.1892592,22.9614204 120.189259,22.9614204 120.1892459,22.9613889 120.1891732,22.9614109 120.1891731,22.9614108 120.189172,22.9614071 120.1891355,22.9614189 120.1891353,22.9614189 120.1890764,22.9612069 120.1889512,22.9611082 120.1889651,22.9612468 120.188965,22.9612468 120.188834,22.9611473 120.1888146,22.9610573 120.1887322,22.9610699 120.1876418,22.9602882 120.1871227,22.9602673 120.1870707,22.9604522 120.1869594,22.9608416 120.1869259,22.9608458 120.1868979,22.9608491 120.1865305,22.9606836 120.1864984,22.9606679 120.1863902,22.9605447 120.1862012,22.9603831 120.1861801,22.9603639 120.1861607,22.9603421 120.1860499,22.9602213 120.1859146,22.9600969 120.1858864,22.9600778 120.1858079,22.9600244 120.1857925,22.9600446 120.1857444,22.9600524 120.1854703,22.9598764 120.1851183,22.9598739 120.1850689,22.959859 120.1846257,22.9598564 120.1845822,22.9598567 120.1845513,22.9599006 120.1845476,22.9599106 120.1844949,22.9603595 120.1845204,22.9611403 120.1844978,22.9611577 120.1844128,22.961146 120.1843156,22.9611259 120.1839781,22.961067 120.1836859,22.9610126 120.1836973,22.9589097 120.1850941,22.9588836 120.1851168,22.9588834 120.1851388,22.9588834 120.1851767,22.9588839 120.18521,22.9588848 120.1853299,22.9588926 120.1853866,22.9588986 120.1854217,22.958903 120.1854566,22.9589081 120.1854915,22.9589136 120.1855262,22.9589198 120.1855609,22.9589265 120.1855954,22.9589338 120.1856297,22.9589416 120.185664,22.95895 120.185698,22.9589589 120.1857319,22.9589684 120.1857656,22.9589784 120.1857991,22.958989 120.1858324,22.9590001 120.1858654,22.9590117 120.1858983,22.9590239 120.1859309,22.9590366 120.1859633,22.9590499 120.1859954,22.9590636 120.1860272,22.9590779 120.1861055,22.9591157 120.1861817,22.9591569 120.1862471,22.9591951 120.186956,22.9596297 120.1869965,22.9597533 120.1872104,22.9598839 120.1872597,22.9598318 120.1878343,22.9602206 120.1886347,22.9607617 120.1889329,22.9609675 120.1889731,22.9609268 120.1883014,22.9602578 120.1875359,22.9594989 120.1876642,22.9593613 120.1878758,22.9590801 120.1878995,22.9588394 120.1879574,22.9582054 120.1878767,22.9582072 120.1878242,22.9582094 120.1878242,22.9582118 120.1877465,22.9582231 120.1870042,22.9583064 120.1868081,22.9583275 120.186317,22.9566839 120.1859362,22.9554118 120.1849663,22.952165 120.1848142,22.951674 120.1848142,22.9516739</coordinates></LinearRing></outerBoundaryIs>
          <innerBoundaryIs><LinearRing><coordinates>120.185901,22.9593862 120.1858966,22.9594138 120.1858925,22.9594668 120.185901,22.9593862</coordinates></LinearRing></innerBoundaryIs>
        </Polygon>
      </MultiGeometry>
  </Placemark>
  <Placemark>
	<Style><LineStyle><color>ff0000ff</color></LineStyle><PolyStyle><fill>0</fill></PolyStyle></Style>
	<ExtendedData><SchemaData schemaUrl="#114SEC_DCTBLPD">
		<SimpleData name="段碼">1863</SimpleData>
		<SimpleData name="段名">南豐段</SimpleData>
		<SimpleData name="行政區">南區</SimpleData>
	</SchemaData></ExtendedData>
      <MultiGeometry>
        <Polygon>
          <outerBoundaryIs><LinearRing><coordinates>120.1954143,22.9402346 120.1954144,22.9402347 120.1954088,22.9412621 120.1953903,22.9446383 120.1953823,22.9462366 120.1953741,22.9475991 120.1953672,22.9489894 120.1953577,22.950679 120.195341,22.9540383 120.1953409,22.9540384 120.1952087,22.9540187 120.1951472,22.9539829 120.1950136,22.9538563 120.1948427,22.9537411 120.1947965,22.953725 120.1945699,22.9536051 120.194507,22.9535274 120.1944573,22.9534138 120.1944454,22.9532618 120.1944386,22.9528271 120.1943927,22.9527466 120.1941799,22.9526556 120.1939373,22.9525948 120.1937221,22.9526078 120.1935121,22.9526117 120.1932802,22.9525741 120.1932111,22.952545 120.1931239,22.9525488 120.1930557,22.9526335 120.1930224,22.952702 120.1929867,22.9528698 120.192923,22.9529706 120.1928986,22.9530356 120.1928939,22.9532465 120.1928773,22.9533812 120.1928876,22.9534946 120.1928651,22.9535602 120.1928104,22.9535949 120.1926624,22.9536149 120.1924747,22.9535669 120.1921075,22.9534922 120.1919851,22.953436 120.1918339,22.9534098 120.1917273,22.9533283 120.1915917,22.9532996 120.1914381,22.9532879 120.1913168,22.9532702 120.191136,22.9532567 120.1910115,22.953223 120.1907258,22.9532068 120.1906304,22.9531757 120.1904535,22.9531356 120.1901452,22.9530893 120.1896695,22.953007 120.1894602,22.9529729 120.1887138,22.9528727 120.1886542,22.9528331 120.1886522,22.9528232 120.1886291,22.9528207 120.1885922,22.9528421 120.188526,22.9528322 120.1884852,22.9528268 120.1885159,22.9523263 120.1885502,22.9521602 120.1885692,22.9520576 120.1885882,22.9518143 120.1886065,22.951558 120.1885898,22.9514463 120.1885797,22.9513627 120.1886396,22.9509536 120.1887448,22.9502951 120.1887524,22.9502196 120.1887456,22.9501304 120.1887825,22.9497975 120.1887193,22.9496085 120.1887263,22.949467 120.1886353,22.9491509 120.188626,22.9491094 120.1886337,22.9488856 120.1886374,22.9488538 120.188636,22.9487781 120.1886743,22.948758 120.188697,22.9486733 120.1886599,22.9485278 120.1887065,22.9481867 120.1887423,22.9478055 120.1888142,22.9474192 120.1888286,22.9472864 120.1888647,22.9471164 120.1888554,22.9469066 120.1888717,22.9468836 120.1887116,22.9469043 120.1887024,22.9469019 120.1887869,22.9465501 120.1888282,22.9464422 120.1888056,22.9462899 120.1888165,22.9461389 120.1888545,22.9460354 120.1889429,22.9456816 120.1890039,22.945581 120.1890865,22.9453996 120.1891103,22.9451489 120.189124,22.9449749 120.1892106,22.9448207 120.1892917,22.9445739 120.1893612,22.9442353 120.1893889,22.9440226 120.1894264,22.9436785 120.1893922,22.9435885 120.1893229,22.9434696 120.1892907,22.9433663 120.189244,22.9432797 120.1892074,22.9431228 120.1892056,22.943103 120.1891911,22.9429194 120.1891962,22.9426032 120.1892004,22.9422127 120.1892229,22.9420638 120.1892438,22.941961 120.1892439,22.9419609 120.1892801,22.9419879 120.1894618,22.9417387 120.1894828,22.9416936 120.189564,22.9413173 120.189607,22.9411514 120.1896319,22.9409492 120.1896899,22.9407877 120.1897003,22.9406864 120.1897495,22.9406679 120.1896949,22.9405122 120.1896798,22.9404256 120.1896799,22.9404255 120.1904608,22.9403997 120.1906405,22.9403943 120.1931939,22.9403094 120.1941256,22.9402846 120.1945658,22.9402577 120.1954143,22.9402346</coordinates></LinearRing></outerBoundaryIs>
        </Polygon>
      </MultiGeometry>
  </Placemark>
  <Placemark>
	<Style><LineStyle><color>ff0000ff</color></LineStyle><PolyStyle><fill>0</fill></PolyStyle></Style>
	<ExtendedData><SchemaData schemaUrl="#114SEC_DCTBLPD">
		<SimpleData name="段碼">1864</SimpleData>
		<SimpleData name="段名">明興段</SimpleData>
		<SimpleData name="行政區">南區</SimpleData>
	</SchemaData></ExtendedData>
      <MultiGeometry>
        <Polygon>
          <outerBoundaryIs><LinearRing><coordinates>120.1896798,22.9404255 120.1896949,22.940512 120.1897495,22.9406678 120.1897003,22.9406864 120.1896899,22.9407877 120.1896319,22.9409492 120.189607,22.9411514 120.189564,22.9413173 120.1894828,22.9416936 120.1894618,22.9417388 120.1892801,22.9419881 120.1892799,22.9419881 120.189249,22.9419611 120.1892229,22.9420638 120.1892004,22.9422126 120.1891963,22.9426032 120.1891912,22.9429194 120.1892056,22.9431029 120.1892074,22.9431227 120.189244,22.9432796 120.1892907,22.9433662 120.1893229,22.9434695 120.1893922,22.9435884 120.1894264,22.9436785 120.189389,22.9440225 120.1893612,22.9442352 120.1892917,22.9445739 120.1892106,22.9448207 120.189124,22.9449749 120.1891103,22.9451489 120.1890865,22.9453996 120.1890039,22.945581 120.1889429,22.9456815 120.1888545,22.9460354 120.1888165,22.9461389 120.1888056,22.9462898 120.1888282,22.9464422 120.1887869,22.9465501 120.1887025,22.9469018 120.1887355,22.946901 120.1888717,22.9468833 120.1888718,22.9468835 120.1888554,22.9469066 120.1888647,22.9471164 120.1888287,22.9472863 120.1888142,22.9474192 120.1887423,22.9478055 120.1887065,22.9481866 120.1886599,22.9485277 120.188697,22.9486732 120.1886743,22.948758 120.188636,22.9487781 120.1886374,22.9488538 120.1886338,22.9488856 120.188626,22.9491093 120.1886353,22.9491508 120.1887263,22.9494669 120.1887194,22.9496084 120.1887825,22.9497975 120.1887456,22.9501303 120.1887524,22.9502195 120.1887448,22.9502951 120.1886396,22.9509536 120.1885797,22.9513626 120.1885898,22.9514462 120.1886065,22.951558 120.1885882,22.9518143 120.1885692,22.9520575 120.1885502,22.9521602 120.1885159,22.9523263 120.1884852,22.9528266 120.188485,22.9528267 120.1882946,22.9527662 120.188119,22.9527481 120.1878361,22.9526906 120.1875256,22.9526425 120.1875129,22.9525828 120.1872028,22.9525478 120.1869928,22.9524962 120.1869604,22.9524436 120.1868106,22.9524163 120.186809,22.9524718 120.1868088,22.9524719 120.1866047,22.9524317 120.1863874,22.9524002 120.1863915,22.952338 120.1860832,22.9522709 120.1860791,22.9522278 120.1860064,22.9521958 120.1858805,22.9521516 120.1857591,22.9521351 120.1857188,22.9521374 120.1856576,22.9521253 120.185632,22.9519194 120.185627,22.9518745 120.1854649,22.9518518 120.1851308,22.9517638 120.1850493,22.9517399 120.1850364,22.9517372 120.1848139,22.9516738 120.1845016,22.9506659 120.1821744,22.9431373 120.1814729,22.9408059 120.1814396,22.9407003 120.1814397,22.9407002 120.1816413,22.9406929 120.1816571,22.9406909 120.181684,22.9407089 120.1825279,22.9406761 120.1825401,22.9406605 120.1860218,22.9405347 120.1867514,22.9405085 120.1868496,22.9405046 120.1871131,22.9404948 120.1872806,22.9404893 120.1873489,22.9404862 120.1879097,22.9404655 120.1896798,22.9404255</coordinates></LinearRing></outerBoundaryIs>
        </Polygon>
      </MultiGeometry>
  </Placemark>
  <Placemark>
	<Style><LineStyle><color>ff0000ff</color></LineStyle><PolyStyle><fill>0</fill></PolyStyle></Style>
	<ExtendedData><SchemaData schemaUrl="#114SEC_DCTBLPD">
		<SimpleData name="段碼">1865</SimpleData>
		<SimpleData name="段名">正義段</SimpleData>
		<SimpleData name="行政區">南區</SimpleData>
	</SchemaData></ExtendedData>
      <MultiGeometry>
        <Polygon>
          <outerBoundaryIs><LinearRing><coordinates>120.1913265,22.9804433 120.1914165,22.9804672 120.191499,22.9815115 120.191758,22.9848243 120.1948415,22.9848117 120.1948941,22.9849156 120.194967,22.9850434 120.1950582,22.9851692 120.1951453,22.9853001 120.1954554,22.9858215 120.1954553,22.9858217 120.1954335,22.9858222 120.1954727,22.985879 120.195488,22.9858756 120.1955366,22.9859562 120.1956295,22.9864481 120.1957114,22.9866301 120.1957407,22.9866855 120.1957801,22.9867842 120.1957975,22.9873574 120.1957959,22.9875151 120.1957958,22.9875152 120.1957542,22.9875129 120.1957504,22.9875431 120.1957412,22.9875434 120.1957411,22.9875433 120.1957414,22.9875401 120.1950867,22.9875694 120.1950474,22.9876096 120.1946653,22.9877543 120.1946187,22.9877214 120.1895634,22.9887191 120.1894065,22.9885654 120.1894065,22.9885653 120.1902254,22.9884036 120.1899621,22.9849653 120.1916618,22.9848481 120.1914042,22.9815517 120.1914139,22.981551 120.1913265,22.9804433</coordinates></LinearRing></outerBoundaryIs>
        </Polygon>
      </MultiGeometry>
  </Placemark>
  <Placemark>
	<Style><LineStyle><color>ff0000ff</color></LineStyle><PolyStyle><fill>0</fill></PolyStyle></Style>
	<ExtendedData><SchemaData schemaUrl="#114SEC_DCTBLPD">
		<SimpleData name="段碼">1866</SimpleData>
		<SimpleData name="段名">水交社段</SimpleData>
		<SimpleData name="行政區">南區</SimpleData>
	</SchemaData></ExtendedData>
      <MultiGeometry>
        <Polygon>
          <outerBoundaryIs><LinearRing><coordinates>120.1978722,22.9750646 120.1990726,22.9750763 120.2002363,22.9750879 120.2007093,22.9750928 120.2024645,22.9751124 120.203292,22.9752132 120.2033305,22.9752411 120.2035432,22.9757473 120.2035446,22.9757629 120.2035445,22.975763 120.2032219,22.9757616 120.2030489,22.9757413 120.2027372,22.9756873 120.2027173,22.9756845 120.202701,22.9756815 120.2026106,22.975664 120.2019717,22.9756517 120.2020075,22.9768886 120.2034906,22.9768628 120.2035312,22.9768238 120.2035314,22.9768239 120.2035761,22.979435 120.2035353,22.979474 120.2002716,22.9795239 120.2002715,22.9795237 120.2003394,22.9794589 120.2003174,22.9779025 120.2002832,22.9778704 120.1978269,22.9778086 120.1977918,22.9778398 120.1977916,22.9778398 120.1978302,22.9751025 120.1978722,22.9750646</coordinates></LinearRing></outerBoundaryIs>
        </Polygon>
      </MultiGeometry>
  </Placemark>
  <Placemark>
	<Style><LineStyle><color>ff0000ff</color></LineStyle><PolyStyle><fill>0</fill></PolyStyle></Style>
	<ExtendedData><SchemaData schemaUrl="#114SEC_DCTBLPD">
		<SimpleData name="段碼">1867</SimpleData>
		<SimpleData name="段名">日新段</SimpleData>
		<SimpleData name="行政區">南區</SimpleData>
	</SchemaData></ExtendedData>
      <MultiGeometry>
        <Polygon>
          <outerBoundaryIs><LinearRing><coordinates>120.1900846,22.9712112 120.19019,22.9714761 120.1902597,22.9716615 120.1904915,22.9725396 120.1905311,22.9727963 120.1906878,22.9736527 120.1908187,22.9746735 120.1909022,22.9751958 120.1909021,22.9751959 120.1897478,22.9750595 120.1869706,22.9747316 120.1869706,22.9747315 120.187014,22.9745357 120.1870338,22.9743939 120.187118,22.9740875 120.1872219,22.9736992 120.187244,22.9736127 120.187253,22.9735837 120.1872565,22.973535 120.1872594,22.9734781 120.1872786,22.9734613 120.1872151,22.9733309 120.187262,22.9727639 120.1873499,22.9722501 120.1873807,22.9721421 120.1875431,22.9718703 120.1875741,22.9718237 120.1875761,22.9717828 120.1875849,22.9717717 120.1876184,22.9715552 120.1876213,22.9715522 120.1876257,22.9715243 120.1876895,22.9715189 120.1877701,22.9715016 120.1878088,22.9715066 120.1878238,22.9715143 120.1878724,22.9715342 120.1878808,22.971536 120.1878886,22.9715372 120.1878965,22.9715381 120.1879071,22.9715387 120.187915,22.9715387 120.1879229,22.9715382 120.1879334,22.9715371 120.1879413,22.9715358 120.1879491,22.9715341 120.1879592,22.9715313 120.1879666,22.9715288 120.1879763,22.9715248 120.1879846,22.9715209 120.188135,22.9714389 120.1881376,22.9714398 120.1881737,22.9714201 120.1882255,22.9714057 120.1882545,22.9713808 120.1882653,22.9713842 120.1882835,22.9713741 120.1883723,22.971416 120.1884037,22.9714301 120.1886291,22.9715048 120.1886743,22.9715441 120.1886827,22.9715498 120.1888089,22.9716186 120.1888142,22.9716231 120.1888275,22.971635 120.1888331,22.9716404 120.1888455,22.9716529 120.1888547,22.9716628 120.1888648,22.9716745 120.1888745,22.9716866 120.1888871,22.9717037 120.1888967,22.971718 120.1889007,22.9717244 120.1889047,22.971731 120.1889122,22.9717443 120.188918,22.9717553 120.1889257,22.9717715 120.1889288,22.9717784 120.1889345,22.9717924 120.1889371,22.9717995 120.1889421,22.9718138 120.1889464,22.9718282 120.1889484,22.9718355 120.188952,22.9718501 120.188955,22.9718648 120.1889563,22.9718722 120.1889586,22.9718888 120.189006,22.9717382 120.188983,22.9716761 120.1889753,22.9716643 120.18897,22.9716565 120.1889584,22.9716404 120.1889721,22.9715969 120.1900846,22.9712112</coordinates></LinearRing></outerBoundaryIs>
        </Polygon>
      </MultiGeometry>
  </Placemark>
  <Placemark>
	<Style><LineStyle><color>ff0000ff</color></LineStyle><PolyStyle><fill>0</fill></PolyStyle></Style>
	<ExtendedData><SchemaData schemaUrl="#114SEC_DCTBLPD">
		<SimpleData name="段碼">1868</SimpleData>
		<SimpleData name="段名">天后段</SimpleData>
		<SimpleData name="行政區">南區</SimpleData>
	</SchemaData></ExtendedData>
      <MultiGeometry>
        <Polygon>
          <outerBoundaryIs><LinearRing><coordinates>120.1900546,22.9673628 120.1900991,22.9673983 120.1903771,22.9700397 120.1903831,22.9700921 120.1903896,22.9701579 120.1906872,22.9729841 120.190687,22.9729842 120.1906143,22.972898 120.1905309,22.9727963 120.1904912,22.9725396 120.1902595,22.9716615 120.1901898,22.9714762 120.1900845,22.9712113 120.1889722,22.971597 120.1889586,22.9716403 120.1889702,22.9716564 120.1889755,22.9716641 120.1889832,22.971676 120.1890062,22.9717381 120.1889587,22.9718892 120.1889585,22.9718892 120.188956,22.9718722 120.1889547,22.9718648 120.1889518,22.9718501 120.1889482,22.9718355 120.1889462,22.9718282 120.1889419,22.9718138 120.1889369,22.9717995 120.1889343,22.9717924 120.1889286,22.9717784 120.1889255,22.9717715 120.1889178,22.9717554 120.188912,22.9717443 120.1889083,22.9717377 120.1889005,22.9717245 120.1888923,22.9717116 120.1888835,22.971699 120.188879,22.9716928 120.1888695,22.9716806 120.1888647,22.9716746 120.1888545,22.9716629 120.1888453,22.971653 120.188833,22.9716405 120.1888216,22.9716299 120.1888087,22.9716187 120.1886825,22.9715499 120.1886741,22.9715442 120.188629,22.9715049 120.1884036,22.9714303 120.1883722,22.9714161 120.1882835,22.9713742 120.1882653,22.9713844 120.1882545,22.9713809 120.188247,22.9713874 120.1882468,22.9713874 120.188205,22.9713204 120.1882093,22.9713056 120.1880858,22.9711113 120.1879809,22.9708637 120.1879761,22.970852 120.1879725,22.970842 120.1879689,22.9708315 120.1879668,22.9708248 120.1879638,22.9708145 120.1879609,22.9708034 120.1879593,22.9707965 120.1879562,22.9707811 120.1879541,22.9707683 120.1879522,22.9707524 120.187951,22.9707396 120.1879503,22.970724 120.1879501,22.9707106 120.1879505,22.9706964 120.1879512,22.9706839 120.1879528,22.9706676 120.1879538,22.9706605 120.1879559,22.9706467 120.1879588,22.9706321 120.1879604,22.9706251 120.1879646,22.9706089 120.1879681,22.970597 120.1879703,22.9705902 120.1879752,22.9705765 120.1879801,22.9705643 120.1879865,22.9705497 120.1879929,22.9705366 120.1879998,22.9705236 120.1880072,22.9705109 120.1880135,22.9705009 120.1880755,22.9704052 120.1881744,22.9702606 120.188332,22.9700362 120.1883441,22.9700197 120.1883553,22.9700055 120.1883671,22.9699918 120.1883794,22.9699784 120.1883857,22.9699718 120.1883987,22.969959 120.1884054,22.9699528 120.1884191,22.9699407 120.1884307,22.9699311 120.1884419,22.9699223 120.1884554,22.9699123 120.1884706,22.9699018 120.1884783,22.9698968 120.1884941,22.969887 120.1885103,22.9698778 120.1885185,22.9698734 120.1885267,22.9698691 120.1885435,22.9698609 120.188552,22.9698571 120.1885676,22.9698504 120.1885868,22.969843 120.1886034,22.9698372 120.1886225,22.9698311 120.1886316,22.9698285 120.1886533,22.969823 120.1886748,22.9698183 120.1888769,22.9697786 120.1888929,22.9697751 120.1889048,22.969772 120.1889215,22.9697669 120.1889335,22.9697628 120.1889417,22.9697596 120.1889502,22.9697561 120.1889612,22.9697512 120.1889721,22.9697459 120.1889817,22.9697409 120.1889929,22.9697345 120.1889981,22.9697314 120.1890081,22.9697249 120.1890184,22.9697179 120.189032,22.9697075 120.1890412,22.9697 120.1890521,22.9696903 120.1890626,22.96968 120.1890707,22.9696715 120.1890746,22.9696672 120.1890832,22.969657 120.1890894,22.9696491 120.1890962,22.9696399 120.1890995,22.9696352 120.1891055,22.969626 120.1891952,22.9694847 120.189199,22.9694397 120.1888993,22.9687332 120.1888994,22.968733 120.1889489,22.9687277 120.1889734,22.9686872 120.1889628,22.968654 120.1889773,22.968645 120.1889673,22.9686311 120.1889674,22.968631 120.1893299,22.968616 120.18971,22.9684904 120.1897318,22.9684606 120.1896906,22.9674132 120.1896547,22.9673827 120.1896548,22.9673826 120.1900546,22.9673628</coordinates></LinearRing></outerBoundaryIs>
        </Polygon>
      </MultiGeometry>
  </Placemark>
  <Placemark>
	<Style><LineStyle><color>ff0000ff</color></LineStyle><PolyStyle><fill>0</fill></PolyStyle></Style>
	<ExtendedData><SchemaData schemaUrl="#114SEC_DCTBLPD">
		<SimpleData name="段碼">1869</SimpleData>
		<SimpleData name="段名">白雪段</SimpleData>
		<SimpleData name="行政區">南區</SimpleData>
	</SchemaData></ExtendedData>
      <MultiGeometry>
        <Polygon>
          <outerBoundaryIs><LinearRing><coordinates>120.1896547,22.9673825 120.1896908,22.9674131 120.189732,22.9684606 120.18971,22.9684906 120.1893299,22.9686161 120.1889675,22.9686311 120.1889775,22.9686449 120.1889629,22.968654 120.1889736,22.9686872 120.188949,22.9687278 120.1888995,22.9687332 120.1891991,22.9694397 120.1891953,22.9694847 120.1891057,22.9696261 120.1890995,22.9696354 120.1890963,22.96964 120.1890895,22.9696492 120.1890834,22.969657 120.1890747,22.9696673 120.1890708,22.9696716 120.1890627,22.9696801 120.1890522,22.9696903 120.1890412,22.9697001 120.1890321,22.9697076 120.1890274,22.9697113 120.1890184,22.969718 120.1890082,22.969725 120.1889981,22.9697315 120.188993,22.9697346 120.1889817,22.969741 120.1889721,22.9697461 120.1889613,22.9697513 120.1889502,22.9697562 120.1889418,22.9697597 120.1889335,22.9697629 120.1889216,22.969767 120.1889048,22.9697721 120.1888929,22.9697752 120.1888769,22.9697787 120.1886748,22.9698185 120.1886533,22.9698231 120.1886316,22.9698287 120.1886225,22.9698313 120.1886034,22.9698373 120.1885868,22.9698431 120.1885677,22.9698505 120.1885521,22.9698572 120.1885436,22.9698611 120.1885268,22.9698692 120.1885185,22.9698735 120.1885022,22.9698825 120.1884942,22.9698872 120.1884784,22.9698969 120.188463,22.9699071 120.1884554,22.9699124 120.1884435,22.9699213 120.1884329,22.9699294 120.1884192,22.9699408 120.1884123,22.9699468 120.1883988,22.9699591 120.1883858,22.9699719 120.1883795,22.9699785 120.1883672,22.9699918 120.1883613,22.9699987 120.1883498,22.9700126 120.1883442,22.9700198 120.1883321,22.9700363 120.1881745,22.9702607 120.1880756,22.9704052 120.1880137,22.9705009 120.1880074,22.970511 120.188,22.9705237 120.1879965,22.9705301 120.1879931,22.9705366 120.1879866,22.9705498 120.1879802,22.9705643 120.1879754,22.9705766 120.1879729,22.9705834 120.1879682,22.9705971 120.1879647,22.9706089 120.1879605,22.9706251 120.1879589,22.9706321 120.1879561,22.9706467 120.1879539,22.9706604 120.187953,22.9706676 120.1879514,22.9706839 120.1879506,22.9706964 120.1879503,22.9707106 120.1879504,22.970724 120.1879512,22.9707395 120.1879523,22.9707523 120.1879543,22.9707682 120.1879564,22.9707811 120.1879595,22.9707964 120.1879611,22.9708034 120.187964,22.9708144 120.1879669,22.9708247 120.187969,22.9708314 120.1879726,22.970842 120.1879763,22.9708519 120.187981,22.9708636 120.1880859,22.9711112 120.1882095,22.9713055 120.1882052,22.9713203 120.1882469,22.9713874 120.1882255,22.9714058 120.1881737,22.9714202 120.1881376,22.9714399 120.188135,22.971439 120.1879846,22.971521 120.1879787,22.9715239 120.1879739,22.971526 120.1879642,22.9715297 120.1879542,22.9715329 120.1879438,22.9715354 120.187936,22.9715368 120.1879282,22.9715379 120.1879202,22.9715385 120.1879123,22.9715388 120.1879043,22.9715387 120.1878964,22.9715382 120.1878885,22.9715373 120.1878807,22.9715361 120.1878723,22.9715343 120.1878237,22.9715144 120.1878086,22.9715067 120.18777,22.9715017 120.1876649,22.9715211 120.1876258,22.9715243 120.1876215,22.9715522 120.1876185,22.9715552 120.187585,22.9717717 120.1875762,22.9717828 120.1875742,22.9718238 120.1875432,22.9718704 120.1873808,22.9721421 120.18735,22.97225 120.1873493,22.9722541 120.1873492,22.9722542 120.1873108,22.9722478 120.1873026,22.9722746 120.1872995,22.9723076 120.1870957,22.9723067 120.1870803,22.9723657 120.186797,22.9723226 120.1867794,22.9723052 120.1866553,22.9723046 120.1866188,22.9722747 120.1866129,22.9722326 120.186586,22.9722409 120.1865721,22.9722314 120.1865653,22.9722215 120.1865621,22.9722102 120.1865522,22.9721032 120.1864975,22.9716364 120.1865029,22.9716291 120.1865226,22.9716213 120.1868727,22.9715802 120.1868988,22.9715716 120.186913,22.9715467 120.1869056,22.9715047 120.1867273,22.9709931 120.1867238,22.9709838 120.186721,22.9709773 120.1867164,22.9709678 120.186713,22.9709616 120.1867093,22.9709554 120.1867055,22.9709494 120.1866993,22.9709407 120.1866949,22.970935 120.1866903,22.9709295 120.1866855,22.9709241 120.1866789,22.9709173 120.1865122,22.9707535 120.1863154,22.9702938 120.1863131,22.9702871 120.1863112,22.9702798 120.1863098,22.9702726 120.1863092,22.9702672 120.1863088,22.9702599 120.186309,22.9702526 120.1863095,22.9702471 120.1863106,22.9702399 120.1863119,22.9702346 120.1863134,22.9702293 120.1863146,22.9702258 120.1863166,22.9702206 120.1863188,22.9702156 120.1863214,22.9702107 120.1863243,22.9702059 120.1863274,22.9702012 120.1863308,22.9701967 120.1863344,22.9701924 120.1863382,22.9701883 120.1863423,22.9701843 120.1863466,22.9701806 120.1863496,22.9701782 120.1863543,22.9701748 120.1863591,22.9701717 120.1863658,22.9701678 120.186371,22.9701652 120.1863749,22.9701635 120.186496,22.9701124 120.1867266,22.9699831 120.1868811,22.9698562 120.1870044,22.9697311 120.1870887,22.9696221 120.187176,22.9694779 120.1872989,22.9691561 120.1873044,22.968971 120.1872597,22.9686936 120.1872362,22.9685656 120.1872351,22.9685602 120.1872339,22.968555 120.1872308,22.9685449 120.187229,22.9685399 120.187227,22.9685349 120.1872248,22.9685301 120.1872224,22.9685253 120.1872198,22.9685206 120.1872171,22.968516 120.1872127,22.9685092 120.1872095,22.9685048 120.1872062,22.9685005 120.1872009,22.9684943 120.1871897,22.9684826 120.187183,22.9684749 120.1871767,22.968467 120.1871709,22.9684587 120.1871672,22.968453 120.1871636,22.9684468 120.1871591,22.9684383 120.1871549,22.9684292 120.1871523,22.9684231 120.1871501,22.9684168 120.186869,22.9675061 120.1868691,22.967506 120.1869193,22.9675044 120.1869481,22.967468 120.1884837,22.9674228 120.1885104,22.9674605 120.1885439,22.9674626 120.1886209,22.9674559 120.188662,22.9674315 120.1896547,22.9673825</coordinates></LinearRing></outerBoundaryIs>
        </Polygon>
      </MultiGeometry>
  </Placemark>
  <Placemark>
	<Style><LineStyle><color>ff0000ff</color></LineStyle><PolyStyle><fill>0</fill></PolyStyle></Style>
	<ExtendedData><SchemaData schemaUrl="#114SEC_DCTBLPD">
		<SimpleData name="段碼">1870</SimpleData>
		<SimpleData name="段名">南華段</SimpleData>
		<SimpleData name="行政區">南區</SimpleData>
	</SchemaData></ExtendedData>
      <MultiGeometry>
        <Polygon>
          <outerBoundaryIs><LinearRing><coordinates>120.189259,22.9614064 120.1892721,22.961438 120.1893749,22.9621063 120.1898157,22.964958 120.1901677,22.9672371 120.1901676,22.9672372 120.19008,22.9672432 120.1900953,22.9673488 120.1900968,22.9673749 120.190099,22.9673981 120.1900988,22.9673982 120.1900545,22.9673629 120.188662,22.9674316 120.188621,22.967456 120.1885439,22.9674627 120.1885103,22.9674606 120.1884837,22.9674229 120.1869481,22.9674681 120.1869193,22.9675045 120.1868691,22.9675061 120.1868099,22.9673025 120.1867946,22.9672523 120.1867817,22.9672113 120.186765,22.9671602 120.1867493,22.9671535 120.1863435,22.9672518 120.1863434,22.9672517 120.1865118,22.966855 120.1865167,22.9668203 120.1865232,22.9666172 120.1866222,22.9657105 120.1866176,22.9656923 120.1866024,22.9656809 120.1864088,22.9656371 120.1863783,22.9654588 120.1863784,22.9654587 120.1865611,22.9654623 120.186577,22.965447 120.1865954,22.9653919 120.1866048,22.9653762 120.186623,22.9653703 120.1866938,22.9653673 120.1867076,22.9653619 120.1867419,22.96521 120.1867555,22.965104 120.1867682,22.965022 120.1870073,22.9650087 120.1871393,22.9651208 120.1873498,22.9651078 120.187345,22.9650669 120.1873076,22.9646821 120.1872937,22.9646448 120.187212,22.964515 120.1871421,22.9638974 120.1871132,22.9636906 120.1870943,22.9635796 120.1870544,22.9633304 120.1870545,22.9633303 120.1871096,22.9633366 120.1871655,22.9633424 120.1872921,22.9633564 120.1874899,22.9633774 120.1878874,22.9634204 120.1878597,22.9633132 120.1878257,22.9631838 120.1878258,22.9631837 120.1878557,22.963187 120.1878187,22.9627325 120.1878094,22.9627323 120.1877345,22.9618338 120.1877341,22.9618304 120.1877329,22.9618242 120.1877309,22.9618181 120.1877283,22.9618123 120.1877256,22.9618076 120.1877218,22.9618023 120.1877174,22.9617975 120.1877125,22.961793 120.1877071,22.9617891 120.1877014,22.9617857 120.1876952,22.9617829 120.1876899,22.961781 120.1876833,22.9617794 120.1876777,22.9617785 120.1876709,22.961778 120.1876652,22.9617781 120.1876606,22.9617785 120.1876572,22.961779 120.1876571,22.9617789 120.1884363,22.9616419 120.1884914,22.9616313 120.188538,22.961621 120.1886431,22.9615927 120.189259,22.9614064</coordinates></LinearRing></outerBoundaryIs>
        </Polygon>
      </MultiGeometry>
  </Placemark>
  <Placemark>
	<Style><LineStyle><color>ff0000ff</color></LineStyle><PolyStyle><fill>0</fill></PolyStyle></Style>
	<ExtendedData><SchemaData schemaUrl="#114SEC_DCTBLPD">
		<SimpleData name="段碼">1871</SimpleData>
		<SimpleData name="段名">大山段</SimpleData>
		<SimpleData name="行政區">南區</SimpleData>
	</SchemaData></ExtendedData>
      <MultiGeometry>
        <Polygon>
          <outerBoundaryIs><LinearRing><coordinates>120.1907074,22.9339537 120.1907075,22.9339538 120.190708,22.9339912 120.1907241,22.9353454 120.1907431,22.937006 120.1907138,22.9370632 120.1906354,22.9370289 120.1906644,22.9369717 120.1905649,22.9369282 120.1896533,22.936504 120.1896226,22.9365604 120.1895355,22.9365199 120.1895661,22.9364633 120.1882785,22.9358638 120.1882479,22.9359203 120.1881172,22.9358594 120.1881477,22.9358029 120.1876122,22.9355535 120.1876381,22.9355961 120.1876735,22.9356526 120.1876734,22.9356527 120.1874403,22.9355442 120.1874285,22.9355234 120.1874133,22.9354964 120.1873874,22.9354489 120.18592,22.9347662 120.18592,22.9347661 120.1861799,22.9347111 120.1863645,22.934671 120.1869132,22.9345633 120.1878031,22.9344102 120.1879485,22.9343865 120.1886264,22.9342797 120.1907074,22.9339537</coordinates></LinearRing></outerBoundaryIs>
        </Polygon>
        <Polygon>
          <outerBoundaryIs><LinearRing><coordinates>120.1906061,22.9255038 120.1906071,22.9255773 120.190652,22.9293421 120.1906928,22.9327458 120.1907031,22.9335881 120.188628,22.9339133 120.1877905,22.9340451 120.1868372,22.9342092 120.1862796,22.9343186 120.1861372,22.9343495 120.1859904,22.934381 120.1858788,22.9344036 120.1853835,22.9345166 120.1851106,22.9343898 120.1850978,22.9344545 120.1850977,22.9344545 120.1850251,22.9344208 120.1850378,22.934356 120.183424,22.9336055 120.1834013,22.9336655 120.1834012,22.9336656 120.1832958,22.9336166 120.1833317,22.9335208 120.1838457,22.932157 120.1838818,22.9320664 120.1839005,22.9320232 120.18392,22.9319803 120.1839403,22.9319377 120.1839614,22.9318954 120.1839833,22.9318535 120.184006,22.9318119 120.1840294,22.9317708 120.1840537,22.93173 120.1840787,22.9316896 120.1841044,22.9316496 120.1841309,22.93161 120.1841582,22.9315709 120.1841862,22.9315322 120.1842149,22.931494 120.1842443,22.9314562 120.1842744,22.9314189 120.1843052,22.9313822 120.1843367,22.9313459 120.1843689,22.9313101 120.1844018,22.9312749 120.1844353,22.9312402 120.1844695,22.931206 120.1845043,22.9311724 120.1845397,22.9311394 120.1846182,22.9310702 120.1849158,22.9308183 120.1849913,22.9307562 120.185033,22.9307236 120.1850753,22.9306917 120.1851181,22.9306604 120.1851616,22.9306299 120.1852449,22.9305744 120.1861853,22.9299744 120.1862736,22.9299158 120.186314,22.9298874 120.1863539,22.9298584 120.1863932,22.9298287 120.1864319,22.9297984 120.1864701,22.9297675 120.1865077,22.9297359 120.1865446,22.9297038 120.186581,22.9296711 120.1866167,22.9296378 120.1866518,22.9296039 120.1866863,22.9295694 120.1867201,22.9295344 120.1867533,22.9294989 120.1867857,22.9294628 120.1868175,22.9294262 120.1868486,22.9293891 120.1869092,22.9293127 120.1869658,22.9292359 120.1869933,22.9291964 120.18702,22.9291565 120.187046,22.9291162 120.1870712,22.9290754 120.1870957,22.9290343 120.1871193,22.9289927 120.1871422,22.9289508 120.1871643,22.9289085 120.1871855,22.9288659 120.187206,22.9288229 120.1872257,22.9287797 120.1872445,22.9287361 120.1872625,22.9286922 120.1872797,22.928648 120.1872961,22.9286035 120.1873116,22.9285588 120.1873349,22.9284859 120.1873696,22.928362 120.1873822,22.9283109 120.1873937,22.9282596 120.1874044,22.9282082 120.187414,22.9281566 120.1874227,22.9281048 120.1874304,22.9280529 120.1874371,22.9280009 120.1874428,22.9279488 120.1874476,22.9278966 120.1874513,22.9278443 120.1874541,22.927792 120.1874559,22.9277396 120.1874567,22.9276873 120.1874565,22.9276349 120.1874553,22.9275825 120.1874532,22.9275302 120.1874501,22.9274779 120.1874459,22.9274256 120.1874408,22.9273734 120.1874347,22.9273214 120.1874276,22.9272694 120.1874196,22.9272175 120.1874106,22.9271658 120.1874006,22.9271143 120.1873896,22.9270629 120.1873777,22.9270117 120.1873648,22.9269607 120.1873509,22.9269099 120.1873361,22.9268593 120.1873203,22.926809 120.1873036,22.926759 120.187286,22.9267092 120.1872674,22.9266597 120.1872479,22.9266106 120.1872275,22.9265617 120.1872061,22.9265132 120.1871838,22.9264651 120.1871607,22.9264173 120.1871229,22.9263438 120.187123,22.9263437 120.1874171,22.9264132 120.1877571,22.926411 120.1879807,22.9263476 120.1881839,22.9262904 120.1892363,22.9260237 120.189933,22.9257722 120.1906061,22.9255038</coordinates></LinearRing></outerBoundaryIs>
          <innerBoundaryIs><LinearRing><coordinates>120.187072,22.9299083 120.1867988,22.9301416 120.1869983,22.9303953 120.1872888,22.9301711 120.1873194,22.9301328 120.1872621,22.9300379 120.1871438,22.9299831 120.187072,22.9299083</coordinates></LinearRing></innerBoundaryIs>
        </Polygon>
      </MultiGeometry>
  </Placemark>
  <Placemark>
	<Style><LineStyle><color>ff0000ff</color></LineStyle><PolyStyle><fill>0</fill></PolyStyle></Style>
	<ExtendedData><SchemaData schemaUrl="#114SEC_DCTBLPD">
		<SimpleData name="段碼">1874</SimpleData>
		<SimpleData name="段名">下林段</SimpleData>
		<SimpleData name="行政區">南區</SimpleData>
	</SchemaData></ExtendedData>
      <MultiGeometry>
        <Polygon>
          <outerBoundaryIs><LinearRing><coordinates>120.195195,22.9783087 120.1974936,22.9799095 120.1975134,22.9799203 120.1975163,22.9799253 120.1975418,22.97993 120.197522,22.9813322 120.1974958,22.9813565 120.1975215,22.9813558 120.1975216,22.9813558 120.1975198,22.9814603 120.197518,22.9815896 120.197512,22.9819385 120.1975033,22.9825307 120.1973408,22.9825367 120.1973562,22.982621 120.1974679,22.9826195 120.1975023,22.9825876 120.1975025,22.9825877 120.1974847,22.9837942 120.197484,22.9838956 120.1974825,22.9839393 120.1974823,22.9839531 120.1974299,22.9875122 120.1974297,22.9875123 120.1973876,22.9874747 120.1968239,22.9874999 120.1958051,22.9875454 120.195805,22.9875453 120.1958039,22.9875232 120.1958054,22.9873645 120.1957879,22.986792 120.1957485,22.9866934 120.1957192,22.986638 120.1956372,22.986456 120.1956277,22.9864058 120.1956129,22.9863248 120.1955447,22.9859639 120.1954962,22.9858835 120.195481,22.985887 120.1954419,22.9858305 120.195442,22.9858303 120.1954635,22.9858293 120.1951533,22.9853079 120.1950662,22.985177 120.194975,22.9850512 120.1949021,22.9849235 120.1948496,22.9848198 120.1948496,22.9848196 120.1949574,22.9848192 120.1949912,22.9838703 120.1950351,22.9827325 120.1950787,22.9815755 120.1950848,22.9814083 120.1951949,22.9783088 120.195195,22.9783087</coordinates></LinearRing></outerBoundaryIs>
          <innerBoundaryIs><LinearRing><coordinates>120.1960149,22.9825244 120.1960018,22.9825257 120.1959763,22.9825288 120.1958843,22.9825393 120.1958859,22.9826239 120.1960167,22.982622 120.1960149,22.9825244</coordinates></LinearRing></innerBoundaryIs>
        </Polygon>
      </MultiGeometry>
  </Placemark>
  <Placemark>
	<Style><LineStyle><color>ff0000ff</color></LineStyle><PolyStyle><fill>0</fill></PolyStyle></Style>
	<ExtendedData><SchemaData schemaUrl="#114SEC_DCTBLPD">
		<SimpleData name="段碼">1875</SimpleData>
		<SimpleData name="段名">田成段</SimpleData>
		<SimpleData name="行政區">南區</SimpleData>
	</SchemaData></ExtendedData>
      <MultiGeometry>
        <Polygon>
          <outerBoundaryIs><LinearRing><coordinates>120.1911131,22.9749861 120.1952557,22.9750304 120.197569,22.9750554 120.1978663,22.9750585 120.1978664,22.9750586 120.1978245,22.9750964 120.1977859,22.9778335 120.197821,22.9778023 120.2002774,22.9778641 120.2003117,22.9778963 120.2003337,22.9794529 120.200266,22.9795176 120.2007246,22.9795106 120.2007247,22.9795106 120.2007497,22.9812802 120.2007917,22.9813179 120.2009817,22.9813149 120.2010177,22.9814047 120.2010176,22.9814048 120.1975197,22.9814603 120.1975196,22.9814603 120.1975215,22.9813559 120.1974956,22.9813567 120.1974955,22.9813565 120.1975218,22.9813321 120.1975416,22.9799301 120.1975162,22.9799255 120.1975133,22.9799204 120.1974935,22.9799097 120.1956458,22.9786229 120.1956458,22.9786228 120.1958028,22.9785289 120.1957871,22.978518 120.195748,22.9785181 120.1957222,22.978473 120.1956736,22.9784389 120.1956736,22.9784388 120.1956952,22.9784256 120.1956762,22.9783921 120.1957973,22.9783192 120.1957997,22.9783211 120.1958059,22.9783049 120.1957018,22.9782447 120.1956107,22.9782823 120.1955764,22.9782326 120.1954612,22.978291 120.1954507,22.9782837 120.1954507,22.9782835 120.1955698,22.978223 120.1955527,22.9781935 120.1955361,22.9781639 120.1953872,22.9782394 120.1952716,22.9781589 120.1948591,22.9778724 120.1948378,22.9778836 120.1949825,22.9780925 120.1950824,22.978119 120.1951422,22.9782385 120.1952006,22.9783126 120.1952004,22.9783127 120.1949267,22.9781225 120.1926238,22.9765235 120.1911557,22.9755037 120.1907601,22.9751738 120.1907602,22.9751737 120.1908963,22.9751898 120.1908698,22.9750239 120.1908699,22.9750238 120.1910735,22.975026 120.1911131,22.9749861</coordinates></LinearRing></outerBoundaryIs>
          <innerBoundaryIs><LinearRing><coordinates>120.1957642,22.9759969 120.1957066,22.9759972 120.1956223,22.9760333 120.1956384,22.9760592 120.1956383,22.9760593 120.1956047,22.9760736 120.1956106,22.9760848 120.1956105,22.9760849 120.1955788,22.9760846 120.1955715,22.9760878 120.1956642,22.9762648 120.1956642,22.9762649 120.1956294,22.9762773 120.1955377,22.9761022 120.1955042,22.9761165 120.1955947,22.9762894 120.1955947,22.9762895 120.1955223,22.9763176 120.1954787,22.9763354 120.1953726,22.9763803 120.1953628,22.9765579 120.195366,22.97656 120.1955036,22.9765026 120.1956392,22.9764467 120.1958029,22.976376 120.1958645,22.9764707 120.1959033,22.9764544 120.195922,22.9764897 120.195922,22.9764898 120.1958891,22.9765033 120.1959609,22.9766077 120.1959711,22.9766209 120.1960628,22.9766155 120.1960413,22.9764434 120.195756,22.9762267 120.1956703,22.9760853 120.1956704,22.9760851 120.1957953,22.9760861 120.1957642,22.9759969</coordinates></LinearRing></innerBoundaryIs>
          <innerBoundaryIs><LinearRing><coordinates>120.1943095,22.9771793 120.1942962,22.977186 120.194335,22.9772584 120.1941292,22.9773653 120.1942026,22.9774164 120.1942706,22.9773829 120.1942805,22.9773992 120.1944128,22.9773359 120.1943469,22.9772121 120.1943315,22.9772195 120.1943314,22.9772195 120.1943095,22.9771793</coordinates></LinearRing></innerBoundaryIs>
          <innerBoundaryIs><LinearRing><coordinates>120.1995715,22.9809927 120.1995383,22.9811216 120.1994857,22.9813305 120.1995401,22.9813305 120.1996119,22.9813291 120.1996077,22.9811667 120.199577,22.9811673 120.1995769,22.9811672 120.1996167,22.9810008 120.1995715,22.9809927</coordinates></LinearRing></innerBoundaryIs>
        </Polygon>
      </MultiGeometry>
  </Placemark>
</Folder>
</Document></kml>
