<?xml version="1.0" encoding="utf-8" ?>
<kml xmlns="http://www.opengis.net/kml/2.2">
<Document id="root_pd">
<Schema name="114SEC_DK" id="114SEC_DKTBLPD">
	<SimpleField name="段碼" type="string"></SimpleField>
	<SimpleField name="段名" type="string"></SimpleField>
	<SimpleField name="行政區" type="string"></SimpleField>
</Schema>
<Folder><name>DKTBLPD</name>
  <Placemark>
	<Style><LineStyle><color>ff0000ff</color></LineStyle><PolyStyle><fill>0</fill></PolyStyle></Style>
	<ExtendedData><SchemaData schemaUrl="#114SEC_DKTBLPD">
		<SimpleData name="段碼">9100</SimpleData>
		<SimpleData name="段名">永康段</SimpleData>
		<SimpleData name="行政區">永康區</SimpleData>
	</SchemaData></ExtendedData>
      <MultiGeometry>
        <Polygon>
          <outerBoundaryIs><LinearRing><coordinates>120.2574642,23.019314 120.2574644,23.019314 120.257478,23.0193448 120.2574989,23.0193381 120.2586467,23.0219773 120.2586353,23.0219845 120.2586351,23.0219844 120.2579446,23.0205161 120.2579401,23.0205177 120.2576247,23.0197775 120.2576427,23.0197706 120.2574441,23.0193224 120.2574642,23.019314</coordinates></LinearRing></outerBoundaryIs>
        </Polygon>
        <Polygon>
          <outerBoundaryIs><LinearRing><coordinates>120.2332607,23.018022 120.2341207,23.0180263 120.2341208,23.0180264 120.2341149,23.0180339 120.2339356,23.0182493 120.233824,23.0183828 120.2335165,23.0181921 120.2335165,23.018192 120.2335246,23.0181823 120.2333655,23.0180859 120.2333297,23.0180639 120.2332606,23.0180222 120.2332607,23.018022</coordinates></LinearRing></outerBoundaryIs>
        </Polygon>
        <Polygon>
          <outerBoundaryIs><LinearRing><coordinates>120.2330922,23.0176894 120.233092,23.0178232 120.2330917,23.0179211 120.2330916,23.0179212 120.2330699,23.0179082 120.2329757,23.0178507 120.2329757,23.0178506 120.2330922,23.0176894</coordinates></LinearRing></outerBoundaryIs>
        </Polygon>
        <Polygon>
          <outerBoundaryIs><LinearRing><coordinates>120.2340428,23.016381 120.2353174,23.0163877 120.2353175,23.0163877 120.235316,23.0165911 120.2351277,23.0168169 120.235014,23.0169511 120.2348219,23.0171823 120.2345759,23.0174753 120.2341183,23.018023 120.2332565,23.0180186 120.2330937,23.0179201 120.2330953,23.0176834 120.2335316,23.0170827 120.2337718,23.0167548 120.2340428,23.016381</coordinates></LinearRing></outerBoundaryIs>
        </Polygon>
        <Polygon>
          <outerBoundaryIs><LinearRing><coordinates>120.2354887,23.0163875 120.2354888,23.0163876 120.2354038,23.0164893 120.2353281,23.0165793 120.235319,23.0165901 120.2353189,23.01659 120.2353192,23.0163868 120.2353193,23.0163867 120.2354887,23.0163875</coordinates></LinearRing></outerBoundaryIs>
        </Polygon>
        <Polygon>
          <outerBoundaryIs><LinearRing><coordinates>120.2308504,23.0147305 120.2308505,23.0147306 120.2308419,23.0166685 120.2308418,23.0166685 120.2307242,23.0165652 120.2306019,23.0163668 120.230517,23.0162494 120.2302854,23.0160095 120.2301617,23.0158833 120.2300061,23.0155629 120.2298872,23.0154324 120.2298896,23.0154289 120.2297298,23.0153437 120.2297297,23.0153436 120.2298604,23.0151366 120.2301205,23.0147291 120.230386,23.0147295 120.2303862,23.0147292 120.2308504,23.0147305</coordinates></LinearRing></outerBoundaryIs>
        </Polygon>
        <Polygon>
          <outerBoundaryIs><LinearRing><coordinates>120.2345312,23.0147457 120.2346562,23.0148161 120.2349875,23.0150343 120.2349861,23.0150363 120.2351039,23.0151095 120.2353215,23.0152584 120.2353191,23.0161037 120.235323,23.0152577 120.2353232,23.0152576 120.23533,23.0152623 120.2353603,23.0152834 120.2354598,23.0153516 120.2356478,23.0154812 120.2359099,23.0156601 120.2359745,23.0157044 120.2359782,23.0157075 120.2359819,23.0157112 120.2359846,23.0157143 120.2359876,23.0157184 120.2359902,23.0157227 120.2359924,23.0157273 120.2359942,23.015732 120.2359955,23.0157368 120.2359964,23.0157417 120.2359968,23.0157467 120.2359967,23.0157517 120.2359962,23.0157567 120.2359952,23.0157615 120.235994,23.0157654 120.2359922,23.0157701 120.2359899,23.0157746 120.2359867,23.0157798 120.2359832,23.0157842 120.2354866,23.0163864 120.2353179,23.0163859 120.2340441,23.0163808 120.234044,23.0163806 120.2347712,23.0153767 120.2349875,23.0150763 120.2349811,23.0150432 120.2345843,23.0155852 120.2345675,23.015609 120.2341985,23.0161263 120.234057,23.0163226 120.2340081,23.0163963 120.2335481,23.0170406 120.2329649,23.0178474 120.232703,23.0182194 120.2326106,23.0182033 120.2323784,23.0179612 120.2322887,23.017961 120.23219,23.0178358 120.2321486,23.0176397 120.232,23.0175321 120.2318326,23.0174188 120.2317561,23.0172792 120.2314671,23.0170049 120.2313701,23.0168392 120.2311918,23.0169217 120.2310572,23.0168289 120.2309703,23.0167285 120.2308826,23.0166524 120.2308942,23.0147328 120.2313852,23.014734 120.2329526,23.0147397 120.2345312,23.0147457</coordinates></LinearRing></outerBoundaryIs>
        </Polygon>
        <Polygon>
          <outerBoundaryIs><LinearRing><coordinates>120.2286722,23.0130865 120.2286732,23.0139155 120.2286731,23.0139156 120.2284085,23.0137706 120.2276817,23.0133734 120.2275277,23.0132891 120.2274975,23.0132731 120.2273958,23.0132175 120.2273685,23.0132023 120.2271491,23.0130828 120.2271491,23.0130826 120.2286722,23.0130865</coordinates></LinearRing></outerBoundaryIs>
        </Polygon>
        <Polygon>
          <outerBoundaryIs><LinearRing><coordinates>120.2292566,23.0130864 120.2292978,23.0131009 120.229676,23.0132219 120.2300833,23.0133442 120.2305238,23.0134776 120.2308901,23.0135916 120.2308903,23.0140425 120.2308935,23.014038 120.2308947,23.0135921 120.2308949,23.013592 120.2311536,23.0136742 120.2311855,23.0136296 120.2315046,23.0137283 120.231985,23.0138765 120.2321834,23.0139396 120.232629,23.0140789 120.2326988,23.0141 120.2331138,23.0142263 120.2333675,23.0143025 120.2338919,23.0144654 120.2340542,23.0145152 120.234167,23.0145586 120.2342107,23.0145763 120.2343284,23.014627 120.234402,23.0146621 120.2344797,23.0147027 120.2344914,23.0147095 120.2344963,23.0147125 120.2345055,23.0147186 120.2345055,23.0147187 120.2308733,23.0147075 120.2308732,23.0147074 120.2308765,23.0141781 120.230877,23.0141108 120.2308671,23.0141247 120.2308661,23.0147191 120.2304399,23.0147185 120.2304336,23.0147271 120.230125,23.0147268 120.2301249,23.0147267 120.230136,23.0147092 120.2286767,23.0139137 120.2286787,23.0130854 120.2292566,23.0130864</coordinates></LinearRing></outerBoundaryIs>
        </Polygon>
        <Polygon>
          <outerBoundaryIs><LinearRing><coordinates>120.2286807,23.0129047 120.2287346,23.0129207 120.2288151,23.012946 120.2292573,23.0130859 120.2292573,23.0130861 120.2286802,23.013085 120.2286801,23.0130849 120.2286806,23.0129048 120.2286807,23.0129047</coordinates></LinearRing></outerBoundaryIs>
        </Polygon>
        <Polygon>
          <outerBoundaryIs><LinearRing><coordinates>120.2264689,23.0115923 120.2265665,23.0116612 120.226821,23.0118431 120.227321,23.0122338 120.2279682,23.01265 120.2281711,23.0127478 120.2282315,23.0127763 120.2286783,23.0128994 120.2286781,23.013083 120.228678,23.0130831 120.2271487,23.0130794 120.2266145,23.0127873 120.2266018,23.0127438 120.2268488,23.012353 120.2264673,23.0120664 120.2264689,23.0115923</coordinates></LinearRing></outerBoundaryIs>
        </Polygon>
        <Polygon>
          <outerBoundaryIs><LinearRing><coordinates>120.2262105,23.0114048 120.2262594,23.0114393 120.2262593,23.0114394 120.2262542,23.0114394 120.2264623,23.0115882 120.2264628,23.0120659 120.2264626,23.012066 120.2264425,23.0120507 120.2262736,23.0119242 120.2260949,23.0117905 120.2260015,23.0117209 120.2259173,23.0116585 120.2259173,23.0116584 120.2260676,23.0115234 120.2261628,23.0114376 120.2261738,23.0114376 120.2262038,23.0114112 120.2262105,23.0114048</coordinates></LinearRing></outerBoundaryIs>
        </Polygon>
      </MultiGeometry>
  </Placemark>
  <Placemark>
	<Style><LineStyle><color>ff0000ff</color></LineStyle><PolyStyle><fill>0</fill></PolyStyle></Style>
	<ExtendedData><SchemaData schemaUrl="#114SEC_DKTBLPD">
		<SimpleData name="段碼">9102</SimpleData>
		<SimpleData name="段名">蜈蜞潭段</SimpleData>
		<SimpleData name="行政區">永康區</SimpleData>
	</SchemaData></ExtendedData>
      <MultiGeometry>
        <Polygon>
          <outerBoundaryIs><LinearRing><coordinates>120.2631543,23.0214141 120.2631544,23.0214142 120.2630543,23.0217619 120.2630489,23.0217802 120.2630467,23.0217843 120.2630446,23.0217876 120.2630423,23.0217908 120.2630397,23.0217938 120.2630362,23.0217973 120.2630331,23.0217999 120.263029,23.0218029 120.2630256,23.021805 120.2630211,23.0218074 120.2630163,23.0218093 120.2630114,23.0218109 120.2630064,23.0218121 120.2630013,23.0218129 120.2629971,23.0218132 120.2629909,23.0218132 120.2629863,23.0218127 120.2626419,23.0217087 120.2627305,23.021413 120.2631543,23.0214141</coordinates></LinearRing></outerBoundaryIs>
        </Polygon>
        <Polygon>
          <outerBoundaryIs><LinearRing><coordinates>120.2627897,23.0212125 120.2631408,23.0213047 120.2631469,23.0213041 120.2631515,23.0213033 120.2631561,23.0213021 120.2631607,23.0213007 120.2631651,23.021299 120.2631693,23.021297 120.2631744,23.0212942 120.2631783,23.0212916 120.263182,23.0212888 120.2631854,23.0212857 120.2631886,23.0212825 120.2631923,23.0212781 120.2631949,23.0212744 120.2631972,23.0212706 120.2631997,23.0212655 120.2632014,23.0212613 120.2632016,23.0212614 120.2631578,23.0214082 120.2627325,23.021408 120.2627324,23.0214079 120.2627708,23.0212837 120.2627897,23.0212125</coordinates></LinearRing></outerBoundaryIs>
        </Polygon>
      </MultiGeometry>
  </Placemark>
  <Placemark>
	<Style><LineStyle><color>ff0000ff</color></LineStyle><PolyStyle><fill>0</fill></PolyStyle></Style>
	<ExtendedData><SchemaData schemaUrl="#114SEC_DKTBLPD">
		<SimpleData name="段碼">9103</SimpleData>
		<SimpleData name="段名">蔦松段</SimpleData>
		<SimpleData name="行政區">永康區</SimpleData>
	</SchemaData></ExtendedData>
      <MultiGeometry>
        <Polygon>
          <outerBoundaryIs><LinearRing><coordinates>120.2494614,23.0496387 120.2498507,23.0496587 120.2506962,23.0497058 120.2517673,23.0497748 120.2517829,23.0497597 120.2517894,23.0497601 120.2517895,23.0497603 120.2516252,23.0499243 120.2515943,23.049955 120.2494525,23.0498485 120.2494539,23.049815 120.2494613,23.0496388 120.2494614,23.0496387</coordinates></LinearRing></outerBoundaryIs>
        </Polygon>
        <Polygon>
          <outerBoundaryIs><LinearRing><coordinates>120.2485235,23.0495958 120.2490656,23.0496187 120.2491237,23.0496222 120.2492044,23.0496256 120.2493153,23.0496312 120.2493065,23.0498412 120.2493064,23.0498412 120.2492018,23.049836 120.2491622,23.0498014 120.248642,23.0497724 120.2485217,23.0497659 120.2485229,23.049598 120.2485235,23.0495958</coordinates></LinearRing></outerBoundaryIs>
        </Polygon>
        <Polygon>
          <outerBoundaryIs><LinearRing><coordinates>120.2494639,23.0495785 120.2496789,23.0495897 120.2518325,23.0497417 120.2518325,23.0497418 120.2518167,23.0497572 120.2494615,23.0496356 120.2494627,23.0496044 120.2494638,23.0495786 120.2494639,23.0495785</coordinates></LinearRing></outerBoundaryIs>
        </Polygon>
        <Polygon>
          <outerBoundaryIs><LinearRing><coordinates>120.2485294,23.0495313 120.2491438,23.0495618 120.2493178,23.0495709 120.2493154,23.0496279 120.2493153,23.049628 120.2490569,23.0496147 120.2485293,23.049592 120.2485293,23.0495314 120.2485294,23.0495313</coordinates></LinearRing></outerBoundaryIs>
        </Polygon>
        <Polygon>
          <outerBoundaryIs><LinearRing><coordinates>120.2474409,23.049339 120.2474678,23.049343 120.2479908,23.0495205 120.2480574,23.0495404 120.2483435,23.0495879 120.2485135,23.0495951 120.2485129,23.0497637 120.2485128,23.0497638 120.2480363,23.04974 120.2479297,23.049736 120.2476116,23.0496623 120.247434,23.0496104 120.2474301,23.049609 120.2474408,23.0493391 120.2474409,23.049339</coordinates></LinearRing></outerBoundaryIs>
        </Polygon>
        <Polygon>
          <outerBoundaryIs><LinearRing><coordinates>120.2473321,23.0493229 120.2473439,23.0493248 120.2473339,23.0495743 120.2473338,23.0495744 120.2472597,23.0495477 120.2472735,23.0494717 120.2472309,23.0493354 120.247231,23.0493352 120.2472617,23.049343 120.2473059,23.0493438 120.2473321,23.0493229</coordinates></LinearRing></outerBoundaryIs>
        </Polygon>
        <Polygon>
          <outerBoundaryIs><LinearRing><coordinates>120.2474434,23.0492754 120.2480359,23.0494811 120.2482798,23.0495179 120.2483554,23.0495223 120.248519,23.0495289 120.2485189,23.0495873 120.2485188,23.0495874 120.2483525,23.0495812 120.248042,23.0495275 120.2480079,23.0495155 120.2474804,23.0493405 120.2474414,23.0493252 120.2474434,23.0492754</coordinates></LinearRing></outerBoundaryIs>
        </Polygon>
        <Polygon>
          <outerBoundaryIs><LinearRing><coordinates>120.2473348,23.0492415 120.247347,23.0492466 120.2473454,23.0492875 120.2473452,23.0492876 120.24732,23.0492776 120.2473348,23.0492415</coordinates></LinearRing></outerBoundaryIs>
        </Polygon>
      </MultiGeometry>
  </Placemark>
  <Placemark>
	<Style><LineStyle><color>ff0000ff</color></LineStyle><PolyStyle><fill>0</fill></PolyStyle></Style>
	<ExtendedData><SchemaData schemaUrl="#114SEC_DKTBLPD">
		<SimpleData name="段碼">9104</SimpleData>
		<SimpleData name="段名">三崁店段</SimpleData>
		<SimpleData name="行政區">永康區</SimpleData>
	</SchemaData></ExtendedData>
      <MultiGeometry>
        <Polygon>
          <outerBoundaryIs><LinearRing><coordinates>120.24853,23.049763 120.248692,23.0497718 120.2491837,23.0497979 120.2492093,23.04983 120.2492093,23.0498301 120.2486918,23.049812 120.2486917,23.0498048 120.24853,23.0498047 120.2485299,23.0497631 120.24853,23.049763</coordinates></LinearRing></outerBoundaryIs>
        </Polygon>
        <Polygon>
          <outerBoundaryIs><LinearRing><coordinates>120.2479555,23.0497332 120.2480438,23.0497356 120.2482341,23.0497412 120.2485189,23.0497566 120.2485188,23.0497999 120.2485056,23.0498 120.2481811,23.0497839 120.2479555,23.0497333 120.2479555,23.0497332</coordinates></LinearRing></outerBoundaryIs>
        </Polygon>
        <Polygon>
          <outerBoundaryIs><LinearRing><coordinates>120.2453643,23.048637 120.2461252,23.0487913 120.2462339,23.0488136 120.2462986,23.0488597 120.2464773,23.0489886 120.2466418,23.0490656 120.2467746,23.0491471 120.2468415,23.0491588 120.2470129,23.049252 120.2470163,23.04924 120.2469489,23.0492003 120.2469755,23.0491291 120.2469756,23.0491291 120.2472395,23.0492365 120.2472292,23.0492685 120.2471525,23.0492709 120.247148,23.0493299 120.2472016,23.0494562 120.2471955,23.0494836 120.2472823,23.0495175 120.2472806,23.0495311 120.2472804,23.0495312 120.2471925,23.049497 120.2471892,23.0495123 120.247189,23.0495124 120.2468266,23.0493675 120.2468266,23.0493673 120.2468398,23.0493599 120.2463259,23.04916 120.2463482,23.0491751 120.2463481,23.0491752 120.2461933,23.0491131 120.2456532,23.0488987 120.2456532,23.0488986 120.2456534,23.0488985 120.2453582,23.0487836 120.2453235,23.0487899 120.2453234,23.0487898 120.2453247,23.0487578 120.2453219,23.0487566 120.2453451,23.0487006 120.2453643,23.048637</coordinates></LinearRing></outerBoundaryIs>
          <innerBoundaryIs><LinearRing><coordinates>120.2459115,23.0487876 120.2458863,23.0487991 120.2462042,23.0490775 120.2462783,23.0491277 120.2463675,23.0491624 120.2462417,23.0490736 120.2459115,23.0487876</coordinates></LinearRing></innerBoundaryIs>
        </Polygon>
        <Polygon>
          <outerBoundaryIs><LinearRing><coordinates>120.2434013,23.0486202 120.2440356,23.0486511 120.2439906,23.049572 120.2439905,23.0495721 120.243481,23.0495467 120.2433576,23.0495406 120.2434012,23.0486203 120.2434013,23.0486202</coordinates></LinearRing></outerBoundaryIs>
        </Polygon>
        <Polygon>
          <outerBoundaryIs><LinearRing><coordinates>120.2415363,23.0485173 120.2417785,23.0485288 120.2417786,23.048529 120.2415195,23.0488104 120.2414513,23.0487611 120.2413523,23.0487229 120.241349,23.048716 120.2415363,23.0485173</coordinates></LinearRing></outerBoundaryIs>
        </Polygon>
      </MultiGeometry>
  </Placemark>
  <Placemark>
	<Style><LineStyle><color>ff0000ff</color></LineStyle><PolyStyle><fill>0</fill></PolyStyle></Style>
	<ExtendedData><SchemaData schemaUrl="#114SEC_DKTBLPD">
		<SimpleData name="段碼">9105</SimpleData>
		<SimpleData name="段名">鹽行段</SimpleData>
		<SimpleData name="行政區">永康區</SimpleData>
	</SchemaData></ExtendedData>
      <MultiGeometry>
        <Polygon>
          <outerBoundaryIs><LinearRing><coordinates>120.2463731,23.0489 120.2465317,23.0489616 120.2469981,23.0491468 120.2469743,23.0492131 120.2469742,23.0492132 120.2468101,23.0491261 120.2467603,23.0491226 120.2466238,23.0490381 120.2464413,23.0489623 120.2463917,23.0489129 120.246373,23.0489002 120.2463731,23.0489</coordinates></LinearRing></outerBoundaryIs>
        </Polygon>
        <Polygon>
          <outerBoundaryIs><LinearRing><coordinates>120.2453862,23.0485022 120.2455256,23.0485574 120.2459975,23.0487509 120.2459975,23.048751 120.2453447,23.0486129 120.2453446,23.0486128 120.2453716,23.0485343 120.2453862,23.0485022</coordinates></LinearRing></outerBoundaryIs>
        </Polygon>
        <Polygon>
          <outerBoundaryIs><LinearRing><coordinates>120.2453357,23.0484839 120.245363,23.0484949 120.245363,23.048495 120.2453483,23.0485237 120.2453323,23.0485715 120.2453321,23.0485715 120.2453357,23.0484839</coordinates></LinearRing></outerBoundaryIs>
        </Polygon>
        <Polygon>
          <outerBoundaryIs><LinearRing><coordinates>120.2453369,23.0484529 120.2453824,23.0484705 120.245432,23.0484711 120.2464906,23.0488936 120.2469488,23.0490777 120.2471393,23.0491599 120.2473346,23.049241 120.2473199,23.0492772 120.2473198,23.0492773 120.2472952,23.0492676 120.2470639,23.0491681 120.2470145,23.0491469 120.2462981,23.0488602 120.2462335,23.0488142 120.2461248,23.0487919 120.24578,23.0486526 120.245336,23.048475 120.2453369,23.0484529</coordinates></LinearRing></outerBoundaryIs>
        </Polygon>
        <Polygon>
          <outerBoundaryIs><LinearRing><coordinates>120.2440951,23.0479667 120.2445124,23.0481347 120.2445914,23.0481646 120.2446256,23.0481772 120.2452216,23.0484082 120.2452208,23.0484291 120.2452207,23.0484292 120.2449393,23.0483173 120.2445859,23.0481758 120.2442058,23.0480258 120.244095,23.0479807 120.2440951,23.0479667</coordinates></LinearRing></outerBoundaryIs>
        </Polygon>
        <Polygon>
          <outerBoundaryIs><LinearRing><coordinates>120.2426094,23.0476256 120.2426095,23.0476257 120.2425675,23.0476697 120.242575,23.0476727 120.242575,23.0476728 120.2424517,23.047806 120.2417807,23.04853 120.2415366,23.0485184 120.2415366,23.0485183 120.2419303,23.0480928 120.2421992,23.0478034 120.2423631,23.0476251 120.2424032,23.0476252 120.2424029,23.0476251 120.2424029,23.047625 120.2426094,23.0476256</coordinates></LinearRing></outerBoundaryIs>
        </Polygon>
        <Polygon>
          <outerBoundaryIs><LinearRing><coordinates>120.2432047,23.0476274 120.243552,23.0477564 120.2436991,23.0478109 120.2440872,23.0479679 120.2440873,23.0479822 120.2440871,23.0479823 120.243866,23.0478971 120.2435509,23.0477734 120.2431779,23.0476276 120.243178,23.0476274 120.2432047,23.0476274</coordinates></LinearRing></outerBoundaryIs>
        </Polygon>
        <Polygon>
          <outerBoundaryIs><LinearRing><coordinates>120.2431529,23.0476271 120.2431913,23.0476413 120.2433391,23.0476977 120.2435223,23.0477699 120.2438597,23.0479005 120.2441917,23.0480306 120.244602,23.0481916 120.2446553,23.0482122 120.2449233,23.0483185 120.2452204,23.0484377 120.2452072,23.0487684 120.2452071,23.0487685 120.2448614,23.0486203 120.2440943,23.0483132 120.2440943,23.0482868 120.2440864,23.0482837 120.2440864,23.0483129 120.2440862,23.048313 120.2427386,23.0477736 120.2427386,23.0477735 120.2427515,23.0477595 120.2427446,23.0477569 120.2427446,23.0477567 120.2428688,23.0476263 120.2431529,23.0476271</coordinates></LinearRing></outerBoundaryIs>
        </Polygon>
        <Polygon>
          <outerBoundaryIs><LinearRing><coordinates>120.2423891,23.0475894 120.2424552,23.0476161 120.2424552,23.0476162 120.2423654,23.0476161 120.2423653,23.047616 120.2423891,23.0475894</coordinates></LinearRing></outerBoundaryIs>
        </Polygon>
        <Polygon>
          <outerBoundaryIs><LinearRing><coordinates>120.2429893,23.0475012 120.2430983,23.0475443 120.243206,23.0475872 120.243206,23.0475874 120.2431247,23.0475871 120.2432023,23.0476166 120.2432023,23.0476168 120.2431799,23.0476168 120.2431046,23.047587 120.2429121,23.0475864 120.242912,23.0475863 120.2429623,23.0475309 120.2429516,23.0475267 120.2429515,23.0475265 120.2429553,23.0475226 120.2429661,23.0475267 120.2429893,23.0475012</coordinates></LinearRing></outerBoundaryIs>
        </Polygon>
        <Polygon>
          <outerBoundaryIs><LinearRing><coordinates>120.2440925,23.0443462 120.2440905,23.0460242 120.2427909,23.0474228 120.2428018,23.047427 120.2428019,23.0474272 120.242658,23.0475856 120.2424653,23.047585 120.2424218,23.0475661 120.2424218,23.047566 120.242589,23.0473836 120.2425772,23.0473789 120.2425771,23.0473788 120.2432866,23.0466134 120.2435428,23.0463364 120.243544,23.0463324 120.2435447,23.0463282 120.243545,23.046324 120.2435448,23.0463204 120.2435441,23.0463155 120.2435427,23.0463108 120.2435406,23.0463062 120.243538,23.0463018 120.2435349,23.0462978 120.2435312,23.0462942 120.2435271,23.0462911 120.2435231,23.0462887 120.2420164,23.0462376 120.2420156,23.0462578 120.2420154,23.0462579 120.2420131,23.0462525 120.2420101,23.0462473 120.2420065,23.0462423 120.2420046,23.04624 120.2420017,23.046237 120.241997,23.046233 120.2419919,23.0462294 120.2419865,23.0462263 120.2419809,23.0462238 120.2420503,23.0452185 120.2420522,23.0451849 120.2421096,23.0443402 120.2440925,23.0443462</coordinates></LinearRing></outerBoundaryIs>
        </Polygon>
        <Polygon>
          <outerBoundaryIs><LinearRing><coordinates>120.2456681,23.0443516 120.2456682,23.0443517 120.2452804,23.0447697 120.2447553,23.0453324 120.2441011,23.0460389 120.2441009,23.0460388 120.2441024,23.045558 120.2441026,23.0454526 120.2441057,23.0443473 120.2441058,23.0443472 120.2456681,23.0443516</coordinates></LinearRing></outerBoundaryIs>
        </Polygon>
        <Polygon>
          <outerBoundaryIs><LinearRing><coordinates>120.2477012,23.0443572 120.2477013,23.0443573 120.2476954,23.044493 120.2477821,23.0444965 120.2477503,23.0453271 120.2477502,23.0453272 120.2473315,23.0453118 120.2473307,23.0453309 120.2473306,23.045331 120.2472571,23.0453275 120.2472553,23.0453711 120.2472552,23.0453712 120.246415,23.0453385 120.2464538,23.0444332 120.2464539,23.0444331 120.2473412,23.0444704 120.2473456,23.0443562 120.2477012,23.0443572</coordinates></LinearRing></outerBoundaryIs>
        </Polygon>
        <Polygon>
          <outerBoundaryIs><LinearRing><coordinates>120.2473828,23.0435224 120.2477341,23.0435348 120.2477342,23.0435349 120.2476962,23.0443523 120.2473412,23.0443514 120.2473411,23.0443513 120.2473828,23.0435224</coordinates></LinearRing></outerBoundaryIs>
        </Polygon>
        <Polygon>
          <outerBoundaryIs><LinearRing><coordinates>120.2471703,23.0425526 120.2473751,23.0425604 120.2473752,23.0425605 120.2473385,23.0433572 120.2473384,23.0433573 120.2471339,23.0433459 120.2471703,23.0425526</coordinates></LinearRing></outerBoundaryIs>
        </Polygon>
        <Polygon>
          <outerBoundaryIs><LinearRing><coordinates>120.2421389,23.041656 120.2429831,23.0416896 120.2440971,23.0417369 120.2440961,23.0422975 120.2440962,23.0425654 120.2440953,23.0427209 120.2440922,23.0443365 120.2440921,23.0443376 120.2421235,23.0443321 120.2421064,23.0443321 120.2421064,23.044332 120.2421309,23.0440809 120.242126,23.0439944 120.2421191,23.0439334 120.2421122,23.0438893 120.2420892,23.0438096 120.2420854,23.043797 120.2420492,23.0437026 120.2420462,23.0436967 120.2420446,23.0436939 120.2420421,23.0436903 120.2420393,23.0436869 120.2420371,23.0436845 120.2420322,23.0436799 120.2420268,23.0436759 120.242024,23.043674 120.24202,23.0436718 120.2420138,23.043669 120.2420065,23.0436665 120.2420154,23.0435349 120.2420449,23.0431212 120.2420592,23.0429174 120.2421214,23.0420422 120.2421406,23.0417591 120.2421403,23.0417508 120.2421395,23.0417432 120.2421381,23.0417356 120.2421367,23.04173 120.2421356,23.0417265 120.2421388,23.0416561 120.2421389,23.041656</coordinates></LinearRing></outerBoundaryIs>
        </Polygon>
        <Polygon>
          <outerBoundaryIs><LinearRing><coordinates>120.2422345,23.0414216 120.2422871,23.0414242 120.2428397,23.0414412 120.2429806,23.0414449 120.2434056,23.0414585 120.2439913,23.0414795 120.244403,23.041494 120.2446525,23.0415024 120.2448382,23.0415093 120.24497,23.0415144 120.2451915,23.0415221 120.2452772,23.0415255 120.2455507,23.0415343 120.2460597,23.0415512 120.2462191,23.041557 120.2462411,23.0416095 120.2462557,23.0416104 120.2462359,23.0415577 120.246236,23.0415575 120.2466413,23.0415714 120.2466413,23.0415716 120.2465363,23.0416232 120.2461615,23.0418013 120.2461223,23.0418208 120.2464891,23.0418351 120.2464883,23.0418535 120.2466672,23.04186 120.2466672,23.0418601 120.2466594,23.0418636 120.2466545,23.0418661 120.2466498,23.0418689 120.2466452,23.0418718 120.2466422,23.041874 120.2466379,23.0418773 120.2466338,23.0418809 120.2466312,23.0418833 120.2466275,23.0418872 120.246624,23.0418913 120.2466207,23.0418955 120.2466177,23.0418998 120.2466149,23.0419044 120.2466123,23.041909 120.2466105,23.0419128 120.2465742,23.0425162 120.2465739,23.0425301 120.2465569,23.042817 120.2465363,23.042962 120.246506,23.0431099 120.2464683,23.0432359 120.2464345,23.0433274 120.2464135,23.0433708 120.2463792,23.0434525 120.2463601,23.0434864 120.2463059,23.0435849 120.2462428,23.0436838 120.2462039,23.0437362 120.2461475,23.0438108 120.2458548,23.0441335 120.2457502,23.0442465 120.2456596,23.0443472 120.244899,23.0443453 120.2447882,23.0443454 120.2441036,23.0443433 120.2441035,23.0443421 120.2441099,23.0427234 120.24411,23.0425658 120.2441116,23.0422225 120.2441117,23.0421558 120.2441115,23.0421446 120.244113,23.0417382 120.2441131,23.0417382 120.2445849,23.041763 120.2447695,23.0424902 120.2448238,23.0424631 120.2446634,23.041826 120.2446411,23.0417381 120.2440931,23.0417146 120.2440513,23.0417104 120.2435482,23.0416922 120.2429711,23.0416737 120.2421968,23.0416446 120.2421897,23.0414458 120.2422345,23.0414216</coordinates></LinearRing></outerBoundaryIs>
        </Polygon>
      </MultiGeometry>
  </Placemark>
  <Placemark>
	<Style><LineStyle><color>ff0000ff</color></LineStyle><PolyStyle><fill>0</fill></PolyStyle></Style>
	<ExtendedData><SchemaData schemaUrl="#114SEC_DKTBLPD">
		<SimpleData name="段碼">9106</SimpleData>
		<SimpleData name="段名">六甲頂段</SimpleData>
		<SimpleData name="行政區">永康區</SimpleData>
	</SchemaData></ExtendedData>
      <MultiGeometry>
        <Polygon>
          <outerBoundaryIs><LinearRing><coordinates>120.2308528,23.0239415 120.2319773,23.0245991 120.2324009,23.0248417 120.2334386,23.0254514 120.2340643,23.0258154 120.2341335,23.0258559 120.2343206,23.0259644 120.2350655,23.0264065 120.2354815,23.0266496 120.2354815,23.0266497 120.2353329,23.0267873 120.2349241,23.026545 120.2341588,23.0260859 120.2337204,23.0258273 120.233686,23.0257986 120.2333561,23.0256008 120.233238,23.0255305 120.2324898,23.0250979 120.2322392,23.0249543 120.2321778,23.0249162 120.2318946,23.0247457 120.2313545,23.0244152 120.231086,23.0242532 120.2308517,23.0241161 120.2308528,23.0239415</coordinates></LinearRing></outerBoundaryIs>
        </Polygon>
        <Polygon>
          <outerBoundaryIs><LinearRing><coordinates>120.2300376,23.0229495 120.2300377,23.0229497 120.22974,23.0233113 120.2308239,23.0239478 120.2308227,23.0241201 120.2308226,23.0241202 120.2294243,23.0233117 120.2294244,23.0233115 120.229664,23.0233035 120.2290414,23.0229467 120.2290414,23.0229466 120.2300376,23.0229495</coordinates></LinearRing></outerBoundaryIs>
        </Polygon>
        <Polygon>
          <outerBoundaryIs><LinearRing><coordinates>120.2263142,23.0212942 120.2266413,23.021296 120.2266414,23.0212961 120.2265301,23.0214551 120.22653,23.0214552 120.226388,23.0213527 120.2263142,23.0212943 120.2263142,23.0212942</coordinates></LinearRing></outerBoundaryIs>
        </Polygon>
        <Polygon>
          <outerBoundaryIs><LinearRing><coordinates>120.2286444,23.0213029 120.2286424,23.0227106 120.2286422,23.0227107 120.2285762,23.0226702 120.2285261,23.0226411 120.228391,23.0225645 120.2280548,23.0223628 120.2279961,23.0223273 120.2279564,23.0223037 120.2278453,23.0222368 120.2277942,23.0222063 120.2277452,23.0221765 120.2276009,23.0220922 120.2274142,23.0219841 120.2273243,23.0219314 120.2273245,23.0219309 120.2269934,23.0217375 120.2269623,23.0217189 120.2267831,23.021615 120.226623,23.0215225 120.2266075,23.0215111 120.2265446,23.0214684 120.2266266,23.0213527 120.226667,23.0212959 120.2286444,23.0213029</coordinates></LinearRing></outerBoundaryIs>
        </Polygon>
        <Polygon>
          <outerBoundaryIs><LinearRing><coordinates>120.2308613,23.0213091 120.2308603,23.0219608 120.2304189,23.022491 120.2301545,23.022809 120.2300413,23.0229457 120.2296285,23.0229448 120.2290442,23.0229432 120.2286453,23.0227112 120.2286508,23.021302 120.2308613,23.0213091</coordinates></LinearRing></outerBoundaryIs>
        </Polygon>
        <Polygon>
          <outerBoundaryIs><LinearRing><coordinates>120.2314026,23.0213097 120.2314027,23.0213098 120.2312941,23.0214409 120.231151,23.0216128 120.231085,23.0216925 120.2310608,23.0217213 120.2308668,23.0219555 120.2308666,23.0219554 120.230867,23.0215859 120.2308677,23.0213079 120.2309737,23.021308 120.2310743,23.0213085 120.2312903,23.0213092 120.23134,23.0213096 120.2314026,23.0213097</coordinates></LinearRing></outerBoundaryIs>
        </Polygon>
        <Polygon>
          <outerBoundaryIs><LinearRing><coordinates>120.2308681,23.0196654 120.2308682,23.0196958 120.230863,23.0211867 120.2308625,23.0213065 120.2308624,23.0213066 120.2286905,23.0212975 120.2286476,23.0212973 120.2286475,23.0212972 120.2286564,23.019658 120.2308681,23.0196654</coordinates></LinearRing></outerBoundaryIs>
        </Polygon>
        <Polygon>
          <outerBoundaryIs><LinearRing><coordinates>120.2327577,23.0196702 120.2327577,23.0196704 120.232443,23.0200505 120.2322119,23.0203289 120.2319917,23.0205933 120.2313994,23.0213073 120.231335,23.0213071 120.2312815,23.0213067 120.2309683,23.0213055 120.2308635,23.0213052 120.2308634,23.0213051 120.2308703,23.0202254 120.2308712,23.0201092 120.2308731,23.0197659 120.230874,23.0196631 120.2314045,23.0196651 120.2314053,23.0196656 120.2314059,23.0196651 120.2327577,23.0196702</coordinates></LinearRing></outerBoundaryIs>
        </Polygon>
        <Polygon>
          <outerBoundaryIs><LinearRing><coordinates>120.2242242,23.0179988 120.2242243,23.0179989 120.2242208,23.0190637 120.2242206,23.0190637 120.2240411,23.0188419 120.2239473,23.0187128 120.2238521,23.0185825 120.2237643,23.0184607 120.2237495,23.0184406 120.2236769,23.0183411 120.2236193,23.018262 120.2235364,23.0181476 120.2235094,23.0181107 120.2234803,23.0180713 120.2234254,23.0179957 120.2234255,23.0179955 120.2242242,23.0179988</coordinates></LinearRing></outerBoundaryIs>
        </Polygon>
        <Polygon>
          <outerBoundaryIs><LinearRing><coordinates>120.2286565,23.0180157 120.2286563,23.0181544 120.2286538,23.0196551 120.2286537,23.0196552 120.2265174,23.0196478 120.2264847,23.0196183 120.2264374,23.0195715 120.2264374,23.0195686 120.2262719,23.0194018 120.2262307,23.0193975 120.226415,23.0195686 120.2265434,23.0196839 120.2266169,23.0197489 120.2267053,23.0198227 120.2268965,23.0199703 120.2270268,23.0200638 120.2270325,23.0200678 120.2269006,23.01997 120.2268324,23.0199155 120.2267213,23.0198237 120.2266283,23.0197436 120.226526,23.019652 120.226526,23.0196519 120.2286495,23.0196593 120.2286485,23.0201065 120.2286458,23.0212995 120.2286457,23.0212995 120.226664,23.0212921 120.2266639,23.0212919 120.2273542,23.0203213 120.2273431,23.020275 120.2272744,23.0202319 120.2272897,23.0202423 120.2273007,23.0202886 120.2271538,23.0204964 120.2271133,23.0205542 120.2266039,23.021284 120.2262939,23.0212823 120.2259394,23.0210078 120.2259661,23.0209752 120.2258631,23.0208913 120.2255018,23.020605 120.2253604,23.0204798 120.225296,23.0204223 120.2252174,23.0203479 120.225028,23.020144 120.225028,23.0201439 120.2250537,23.0201267 120.2250387,23.0201099 120.2249414,23.02 120.2249102,23.0199652 120.2248472,23.0198942 120.2246758,23.0196866 120.2246541,23.0196599 120.2246442,23.0196442 120.2246443,23.0196441 120.2257708,23.0196487 120.2257761,23.0196452 120.2246417,23.0196414 120.2244411,23.0193346 120.2242233,23.0190621 120.2242282,23.0179992 120.2242283,23.0179991 120.2264397,23.0180083 120.2264375,23.0195529 120.2264451,23.0180081 120.2286565,23.0180157</coordinates></LinearRing></outerBoundaryIs>
        </Polygon>
        <Polygon>
          <outerBoundaryIs><LinearRing><coordinates>120.2332613,23.0180236 120.2334754,23.0181536 120.2335254,23.0181837 120.2335254,23.0181838 120.2335173,23.0181933 120.233825,23.0183838 120.2338251,23.0183839 120.2336738,23.018566 120.2336114,23.0186407 120.2335504,23.018714 120.2334772,23.0188016 120.2330903,23.0192671 120.2330901,23.019267 120.2330968,23.018023 120.2332613,23.0180236</coordinates></LinearRing></outerBoundaryIs>
        </Polygon>
        <Polygon>
          <outerBoundaryIs><LinearRing><coordinates>120.233095,23.0179222 120.2332552,23.0180201 120.2332551,23.0180202 120.2331473,23.0180202 120.2330944,23.0180199 120.233095,23.0179222</coordinates></LinearRing></outerBoundaryIs>
        </Polygon>
        <Polygon>
          <outerBoundaryIs><LinearRing><coordinates>120.2329741,23.0178504 120.233041,23.0178907 120.2330902,23.0179209 120.2330896,23.0180207 120.2330895,23.0180208 120.2328523,23.0180193 120.2328522,23.0180192 120.2329741,23.0178504</coordinates></LinearRing></outerBoundaryIs>
        </Polygon>
        <Polygon>
          <outerBoundaryIs><LinearRing><coordinates>120.226446,23.016365 120.2264442,23.0171362 120.226442,23.0180034 120.2264419,23.0180035 120.2242243,23.017995 120.2242242,23.0179935 120.2234325,23.0179909 120.2232183,23.0176929 120.2233582,23.01702 120.2233251,23.0169471 120.2232954,23.0168822 120.2232253,23.0167793 120.2230764,23.0165645 120.2230312,23.0165128 120.2230063,23.0164798 120.2229948,23.0164594 120.2229956,23.0164016 120.2230568,23.01635 120.2242314,23.0163549 120.2242299,23.0171012 120.2242347,23.0163553 120.226446,23.016365</coordinates></LinearRing></outerBoundaryIs>
        </Polygon>
        <Polygon>
          <outerBoundaryIs><LinearRing><coordinates>120.2286669,23.0147285 120.2286678,23.0155618 120.2286686,23.0163468 120.2286685,23.0163646 120.2264521,23.0163608 120.226452,23.0163607 120.2264566,23.0147223 120.2264567,23.0147222 120.2286669,23.0147285</coordinates></LinearRing></outerBoundaryIs>
        </Polygon>
        <Polygon>
          <outerBoundaryIs><LinearRing><coordinates>120.2301205,23.0147297 120.2301206,23.0147299 120.2298601,23.0151373 120.2297296,23.0153443 120.2298984,23.0154346 120.2298986,23.0154345 120.2298988,23.0154348 120.2299175,23.0154448 120.2299175,23.0154449 120.2299133,23.0154507 120.2300069,23.0155535 120.2301655,23.015881 120.2305051,23.0162441 120.2305957,23.0163656 120.230729,23.0165839 120.2308364,23.0166762 120.2308263,23.0183821 120.2308656,23.0184061 120.2308788,23.0166676 120.230879,23.0166675 120.2309637,23.016741 120.231057,23.0168443 120.2311896,23.0169422 120.2313832,23.016858 120.2314753,23.0170181 120.23177,23.0173003 120.231847,23.0174426 120.2321654,23.0176656 120.2321985,23.0178594 120.2323061,23.0179929 120.232395,23.0179966 120.2326147,23.0182258 120.232696,23.0182404 120.2328531,23.0180246 120.2330879,23.0180256 120.2330875,23.0192689 120.2327585,23.0196653 120.2308739,23.0196587 120.2308782,23.0184261 120.2308738,23.0184234 120.2308724,23.019659 120.2308723,23.0196591 120.2286561,23.0196535 120.228656,23.0196534 120.2286618,23.0180139 120.2301671,23.0180184 120.2301601,23.0180141 120.2286616,23.0180096 120.2286615,23.0180126 120.2267991,23.0180074 120.2264458,23.0180064 120.2264457,23.0180063 120.2264509,23.0163648 120.226451,23.0163648 120.2286632,23.0163719 120.2286617,23.017932 120.2286675,23.0163697 120.2292258,23.0163712 120.2292282,23.016368 120.2286694,23.0163672 120.2286693,23.0163671 120.2286728,23.0147268 120.2286729,23.0147267 120.2301205,23.0147297</coordinates></LinearRing></outerBoundaryIs>
        </Polygon>
        <Polygon>
          <outerBoundaryIs><LinearRing><coordinates>120.2286762,23.0139141 120.2301357,23.0147092 120.2301247,23.0147268 120.228675,23.0147259 120.2286749,23.0147258 120.2286762,23.0139978 120.2286762,23.0139141</coordinates></LinearRing></outerBoundaryIs>
        </Polygon>
        <Polygon>
          <outerBoundaryIs><LinearRing><coordinates>120.2264679,23.0120673 120.2268492,23.0123534 120.2266021,23.0127443 120.2266146,23.0127874 120.227148,23.0130796 120.2271479,23.0130798 120.2264648,23.0130781 120.2264647,23.013078 120.2264679,23.0120673</coordinates></LinearRing></outerBoundaryIs>
        </Polygon>
        <Polygon>
          <outerBoundaryIs><LinearRing><coordinates>120.2260108,23.0112507 120.2261744,23.0113685 120.2262112,23.0113953 120.2262112,23.0113954 120.2259176,23.0116582 120.2264626,23.0120655 120.2264631,23.0130774 120.226463,23.0130775 120.2251864,23.0130759 120.2256514,23.0130773 120.2261811,23.0130794 120.2262918,23.0130801 120.2264571,23.0130807 120.2264571,23.0144495 120.2264629,23.0130803 120.2271486,23.0130822 120.2278051,23.0134406 120.2286726,23.0139161 120.2286729,23.014725 120.2286728,23.0147251 120.2284647,23.0147251 120.2264561,23.0147195 120.226456,23.0147187 120.2263526,23.0147185 120.226121,23.0147177 120.2260656,23.014718 120.2259322,23.0147175 120.2258055,23.0147173 120.2257366,23.014717 120.2256426,23.014717 120.2255532,23.0147167 120.225395,23.0147164 120.2252916,23.0147157 120.2252318,23.0147158 120.2250152,23.0147153 120.2250033,23.0147156 120.2248858,23.0147151 120.2247826,23.0147152 120.2246121,23.0147145 120.224416,23.0147145 120.2264541,23.0147223 120.2264503,23.0163629 120.2264502,23.016363 120.2245165,23.016355 120.2242337,23.0163541 120.2242336,23.0163517 120.2237399,23.0163498 120.2230699,23.0163468 120.2230698,23.0163466 120.2232412,23.016292 120.2232981,23.0162736 120.223465,23.0162052 120.2235376,23.0162003 120.2237013,23.0162152 120.2238541,23.0162553 120.2239254,23.0162864 120.2239618,23.0162711 120.2239703,23.0162749 120.2241713,23.0162605 120.2242345,23.0162172 120.2242346,23.0162173 120.2242338,23.0163515 120.2242339,23.0163515 120.2242348,23.016217 120.224285,23.0161827 120.2246359,23.015698 120.2246451,23.0156535 120.2246416,23.0155841 120.2245791,23.0154649 120.2245114,23.0153784 120.2242456,23.0151946 120.2242228,23.0151025 120.2242162,23.0150245 120.2242135,23.0149766 120.2242617,23.0148475 120.2242699,23.0147919 120.2242806,23.0147144 120.22433,23.0147143 120.2242808,23.0147141 120.2242807,23.014714 120.2242837,23.0146923 120.2243145,23.0146206 120.2243687,23.0145125 120.2246282,23.0142684 120.224633,23.014176 120.224637,23.014105 120.2246624,23.0140673 120.2247634,23.0139895 120.2250328,23.0139156 120.2250685,23.0139047 120.2252348,23.0137681 120.2251893,23.0134702 120.2251617,23.0133268 120.2250892,23.0132565 120.2250103,23.0131978 120.2249884,23.0131662 120.2249243,23.0130756 120.2249113,23.0130756 120.2248705,23.0129932 120.2248143,23.012669 120.2248182,23.0125884 120.2249021,23.0125171 120.2250029,23.0125202 120.2251003,23.0124856 120.225288,23.0125132 120.2255399,23.0125506 120.2255893,23.0125571 120.225694,23.0125716 120.2261487,23.0126727 120.226292,23.0126619 120.2263123,23.0126314 120.226304,23.0125541 120.226168,23.0123889 120.2258699,23.012028 120.225802,23.0119542 120.2257844,23.0119352 120.2256129,23.0117376 120.2257166,23.0115049 120.2258643,23.0113621 120.2259249,23.0113531 120.2259179,23.0113337 120.2260108,23.0112507</coordinates></LinearRing></outerBoundaryIs>
        </Polygon>
      </MultiGeometry>
  </Placemark>
  <Placemark>
	<Style><LineStyle><color>ff0000ff</color></LineStyle><PolyStyle><fill>0</fill></PolyStyle></Style>
	<ExtendedData><SchemaData schemaUrl="#114SEC_DKTBLPD">
		<SimpleData name="段碼">9107</SimpleData>
		<SimpleData name="段名">大灣段</SimpleData>
		<SimpleData name="行政區">永康區</SimpleData>
	</SchemaData></ExtendedData>
      <MultiGeometry>
        <Polygon>
          <outerBoundaryIs><LinearRing><coordinates>120.2574783,23.019299 120.2574785,23.0192991 120.2574784,23.0193167 120.2574782,23.0193168 120.2574716,23.0193014 120.2574716,23.0193012 120.2574783,23.019299</coordinates></LinearRing></outerBoundaryIs>
        </Polygon>
        <Polygon>
          <outerBoundaryIs><LinearRing><coordinates>120.2663475,23.0181394 120.2663467,23.0183948 120.2655108,23.0196574 120.2653711,23.0196236 120.2642551,23.0193521 120.2639211,23.0192702 120.2639211,23.0192701 120.2642741,23.0181338 120.2663475,23.0181394</coordinates></LinearRing></outerBoundaryIs>
        </Polygon>
        <Polygon>
          <outerBoundaryIs><LinearRing><coordinates>120.2665826,23.0181396 120.2665827,23.0181398 120.2664049,23.0183303 120.2663592,23.0183888 120.266359,23.0183887 120.2663593,23.0181391 120.2663594,23.018139 120.2665826,23.0181396</coordinates></LinearRing></outerBoundaryIs>
        </Polygon>
        <Polygon>
          <outerBoundaryIs><LinearRing><coordinates>120.2663596,23.0148554 120.2663595,23.0149474 120.2663535,23.017019 120.2663534,23.0171071 120.2663531,23.0171624 120.266351,23.0179043 120.2663511,23.0179133 120.2663502,23.0181258 120.2642749,23.0181219 120.2642748,23.0181218 120.2642819,23.018097 120.264363,23.0178345 120.264364,23.017831 120.2643659,23.0178261 120.2643744,23.0178006 120.2642626,23.017772 120.2642625,23.0177719 120.2643142,23.0176081 120.2644057,23.0173083 120.2644547,23.0171466 120.2644781,23.0170707 120.2645588,23.0168063 120.2645925,23.0167585 120.2636226,23.0165006 120.2632496,23.0164117 120.2632495,23.0164116 120.2633136,23.0161981 120.2632427,23.0162 120.2631792,23.0164243 120.2631312,23.0164297 120.263131,23.0164296 120.2631426,23.0163901 120.2630944,23.0163757 120.2630428,23.0165482 120.2628554,23.0171912 120.2628553,23.0171913 120.2619317,23.0169348 120.2619327,23.0164609 120.2619328,23.0164608 120.2621147,23.0165115 120.262367,23.0165825 120.2628485,23.0167165 120.2630378,23.0160752 120.2631298,23.0157592 120.2631933,23.0155482 120.2634002,23.0148473 120.2663596,23.0148554</coordinates></LinearRing></outerBoundaryIs>
        </Polygon>
        <Polygon>
          <outerBoundaryIs><LinearRing><coordinates>120.2704266,23.0148661 120.2704267,23.0148663 120.2702421,23.0150203 120.270149,23.0151011 120.2700593,23.0151753 120.269667,23.0155084 120.2694283,23.0157106 120.2675292,23.0173203 120.2667554,23.0179781 120.2665825,23.0181308 120.2663585,23.0181302 120.2663584,23.0181301 120.2663708,23.0148546 120.2704266,23.0148661</coordinates></LinearRing></outerBoundaryIs>
        </Polygon>
        <Polygon>
          <outerBoundaryIs><LinearRing><coordinates>120.2587266,23.0134654 120.2588668,23.0135018 120.2588213,23.0136564 120.2587525,23.0138864 120.2587473,23.0139049 120.258732,23.0139562 120.2587114,23.0140246 120.2586366,23.0142772 120.2585676,23.0145123 120.2584727,23.0148301 120.2583192,23.0148299 120.2583191,23.0148298 120.2585637,23.0140093 120.258658,23.0136925 120.2587266,23.0134654</coordinates></LinearRing></outerBoundaryIs>
        </Polygon>
        <Polygon>
          <outerBoundaryIs><LinearRing><coordinates>120.2671009,23.012017 120.2671166,23.0120199 120.2671167,23.01202 120.2669926,23.0123981 120.2669924,23.012398 120.267071,23.0121202 120.2671009,23.012017</coordinates></LinearRing></outerBoundaryIs>
        </Polygon>
        <Polygon>
          <outerBoundaryIs><LinearRing><coordinates>120.2663895,23.0119239 120.2669265,23.0119932 120.2670821,23.0120136 120.2670822,23.0120137 120.2669677,23.0124102 120.2668097,23.0123853 120.2667643,23.0123798 120.2667199,23.0123731 120.2665851,23.0123556 120.2663892,23.0123297 120.2663894,23.011924 120.2663895,23.0119239</coordinates></LinearRing></outerBoundaryIs>
        </Polygon>
        <Polygon>
          <outerBoundaryIs><LinearRing><coordinates>120.2711823,23.011779 120.2711798,23.011798 120.2711572,23.0117964 120.2711571,23.0117962 120.2711823,23.011779</coordinates></LinearRing></outerBoundaryIs>
        </Polygon>
        <Polygon>
          <outerBoundaryIs><LinearRing><coordinates>120.2574947,23.0115469 120.2574948,23.011547 120.2574826,23.011595 120.2574548,23.0116074 120.2572783,23.0121717 120.2572205,23.012354 120.2572421,23.0123467 120.2572422,23.0123469 120.2572171,23.0124253 120.2571975,23.0124302 120.2571628,23.0125393 120.2570091,23.0130286 120.257028,23.0130334 120.2568938,23.0135137 120.2565784,23.0145666 120.2565527,23.0146368 120.256513,23.0147672 120.2565222,23.0147697 120.2563332,23.0153962 120.2566578,23.0154931 120.2566648,23.0154932 120.2568675,23.0155536 120.2568671,23.0156732 120.2568678,23.0155553 120.2568679,23.0155552 120.2579682,23.0158848 120.2579723,23.0158836 120.2579775,23.0158817 120.2579826,23.0158794 120.2579862,23.0158775 120.2579909,23.0158747 120.2579943,23.0158724 120.2579986,23.0158691 120.258002,23.0158662 120.2580047,23.0158633 120.2580124,23.015837 120.2580125,23.015837 120.2580168,23.0158382 120.2581486,23.0154001 120.2582116,23.0151875 120.2583191,23.0148336 120.2584714,23.0148339 120.2584715,23.014834 120.2584068,23.0150481 120.2584024,23.0150605 120.2582955,23.0154122 120.2582318,23.0156237 120.2581703,23.0158291 120.2581696,23.0158335 120.2581691,23.0158377 120.258169,23.0158419 120.2581692,23.0158451 120.2581696,23.0158493 120.2581702,23.0158525 120.2581712,23.0158566 120.2581725,23.0158607 120.2581741,23.0158647 120.2581755,23.0158676 120.2581777,23.0158713 120.2581801,23.015875 120.2581828,23.0158784 120.2581857,23.0158817 120.2581889,23.0158847 120.258192,23.0158874 120.2588162,23.016064 120.2588163,23.0160636 120.2603861,23.0165043 120.2604254,23.0163808 120.2605247,23.0160709 120.2605249,23.0160708 120.2619245,23.0164614 120.2619241,23.0167504 120.2619237,23.0169329 120.2619235,23.016933 120.261839,23.0169091 120.2604601,23.0165251 120.2607657,23.0166109 120.2607658,23.0166116 120.2613809,23.0167832 120.2616905,23.0168712 120.2616967,23.0168712 120.2627124,23.0171565 120.2627116,23.0173159 120.2627126,23.0171566 120.2627127,23.0171566 120.2628452,23.0171936 120.262811,23.0173092 120.26271,23.0176469 120.26271,23.0176478 120.2625349,23.0182311 120.2625345,23.0182312 120.2621307,23.019583 120.2621282,23.019583 120.2619925,23.0200397 120.2616607,23.0208281 120.2607427,23.0205128 120.2607427,23.0205109 120.2605705,23.0204584 120.2604886,23.0204311 120.2604503,23.0204177 120.2586145,23.0212054 120.258399,23.0212987 120.2583538,23.0213181 120.2583537,23.0213181 120.2574864,23.0193182 120.2574864,23.0193005 120.2576278,23.019253 120.2581838,23.0190706 120.2589024,23.0188381 120.2589436,23.0188426 120.2589486,23.0188441 120.2589529,23.0188458 120.2589571,23.0188477 120.2589611,23.0188499 120.2589649,23.0188523 120.2589686,23.0188549 120.258972,23.0188578 120.2589752,23.018861 120.2589775,23.0188634 120.2589809,23.0188678 120.2589835,23.0188716 120.2590381,23.0189972 120.2590355,23.0189895 120.2590299,23.0189717 120.2590246,23.0189538 120.2590197,23.0189358 120.2590151,23.0189177 120.2590109,23.0188996 120.259007,23.0188814 120.2590034,23.0188631 120.2589965,23.0188204 120.2589946,23.0188172 120.2589926,23.0188143 120.2589898,23.0188109 120.2589873,23.0188084 120.2589847,23.018806 120.2589812,23.0188033 120.2589774,23.0188008 120.2589734,23.0187987 120.2589701,23.0187973 120.2589658,23.0187958 120.2589614,23.0187946 120.2589569,23.0187938 120.2589523,23.0187934 120.2589486,23.0187933 120.258945,23.0187935 120.2589413,23.0187939 120.2589377,23.0187945 120.2589333,23.0187956 120.2589283,23.0187973 120.2589135,23.0188075 120.2588957,23.0188189 120.2588866,23.0188244 120.2588682,23.0188349 120.2588495,23.0188448 120.2588399,23.0188496 120.2588303,23.0188542 120.2588206,23.0188586 120.2588016,23.0188667 120.2588015,23.0188691 120.2574568,23.019302 120.2574438,23.0192718 120.2568477,23.0195171 120.2568476,23.0195181 120.2567504,23.0195584 120.2567483,23.0195584 120.256254,23.0197641 120.2562275,23.0197158 120.2562015,23.0196667 120.2561411,23.0195548 120.2559979,23.0192862 120.2559979,23.019286 120.2560193,23.0192792 120.2559547,23.0191081 120.2558355,23.018761 120.2558382,23.0186442 120.2558451,23.0183239 120.255854,23.0181984 120.2558553,23.0181983 120.2558655,23.0180585 120.2558955,23.0180602 120.2559623,23.0176488 120.2559693,23.0176089 120.2559781,23.0175778 120.2561838,23.0168455 120.2561846,23.0168455 120.2561976,23.0167991 120.2549127,23.0164621 120.2549126,23.0164617 120.2546982,23.0164056 120.2546982,23.0164055 120.2547148,23.0163522 120.2549161,23.015723 120.2549163,23.0157231 120.2549163,23.0157295 120.2549945,23.0154857 120.2549928,23.0154857 120.2549927,23.0154856 120.2551034,23.0151425 120.255054,23.0150713 120.2551589,23.014771 120.255161,23.0147633 120.2551613,23.0147611 120.2551618,23.0147564 120.2551617,23.0147518 120.2551611,23.0147462 120.2551599,23.0147407 120.2551581,23.0147353 120.2551556,23.0147302 120.2551526,23.0147253 120.2551491,23.0147208 120.2551451,23.0147166 120.2551421,23.014714 120.2551398,23.0147122 120.2551365,23.01471 120.2551322,23.0147075 120.2551286,23.0147058 120.2551249,23.0147044 120.2551211,23.0147031 120.2550797,23.0146914 120.2550797,23.0146913 120.2551696,23.014635 120.2551723,23.0144272 120.2551724,23.0144271 120.2551967,23.0144318 120.255202,23.0144331 120.254881,23.0137077 120.2547389,23.0133958 120.254669,23.0132408 120.2545137,23.0129174 120.2544684,23.01287 120.2543329,23.0125483 120.2540866,23.0120157 120.2539229,23.0116854 120.2538533,23.0115364 120.2538534,23.0115363 120.253967,23.0115366 120.2574947,23.0115469</coordinates></LinearRing></outerBoundaryIs>
          <innerBoundaryIs><LinearRing><coordinates>120.2553346,23.0154868 120.2552217,23.0154864 120.2552026,23.0154864 120.2553482,23.015487 120.2553346,23.0154868</coordinates></LinearRing></innerBoundaryIs>
          <innerBoundaryIs><LinearRing><coordinates>120.2588134,23.0168574 120.2588134,23.0168577 120.2592693,23.0168598 120.2588134,23.0168574</coordinates></LinearRing></innerBoundaryIs>
          <innerBoundaryIs><LinearRing><coordinates>120.2607622,23.0168676 120.2607601,23.0173613 120.260763,23.0168676 120.2607622,23.0168676</coordinates></LinearRing></innerBoundaryIs>
          <innerBoundaryIs><LinearRing><coordinates>120.2568528,23.0182048 120.256851,23.01867 120.2568534,23.0182048 120.2568528,23.0182048</coordinates></LinearRing></innerBoundaryIs>
          <innerBoundaryIs><LinearRing><coordinates>120.259344,23.0197031 120.2593554,23.019729 120.259395,23.019804 120.2594304,23.0198556 120.2594615,23.0198939 120.2595254,23.0199655 120.2595745,23.0200102 120.2596076,23.0200346 120.2596675,23.0200739 120.2597598,23.0201246 120.2598006,23.0201436 120.259923,23.0201996 120.259774,23.0201253 120.259744,23.020111 120.2597304,23.0201041 120.2597169,23.0200969 120.2597035,23.0200896 120.2596903,23.020082 120.2596772,23.0200742 120.2596642,23.0200661 120.2596514,23.0200579 120.2596388,23.0200495 120.2596263,23.0200409 120.259614,23.020032 120.2596019,23.020023 120.2595899,23.0200138 120.2595781,23.0200043 120.2595665,23.0199947 120.2595551,23.0199849 120.2595438,23.019975 120.2595328,23.0199648 120.2595219,23.0199545 120.2595113,23.019944 120.2595008,23.0199333 120.2594905,23.0199225 120.2594805,23.0199114 120.2594706,23.0199003 120.259461,23.0198889 120.2594516,23.0198775 120.2594424,23.0198658 120.2594334,23.0198541 120.2594246,23.0198421 120.2594161,23.0198301 120.2594078,23.0198179 120.2593998,23.0198056 120.2593919,23.0197931 120.2593843,23.0197805 120.259377,23.0197678 120.2593698,23.019755 120.259363,23.0197421 120.2593563,23.019729 120.2593499,23.0197159 120.259344,23.0197031</coordinates></LinearRing></innerBoundaryIs>
          <innerBoundaryIs><LinearRing><coordinates>120.260092,23.0202771 120.260209,23.0203319 120.2603049,23.0203643 120.260246,23.0203414 120.2601663,23.0203089 120.260092,23.0202771</coordinates></LinearRing></innerBoundaryIs>
        </Polygon>
        <Polygon>
          <outerBoundaryIs><LinearRing><coordinates>120.2742744,23.0115918 120.2742744,23.011592 120.273762,23.0120263 120.2731128,23.0125802 120.2729799,23.0126944 120.2727462,23.0128945 120.2727179,23.0129193 120.2723596,23.0132249 120.2719765,23.0135526 120.271829,23.0136802 120.2711632,23.0142512 120.2711032,23.0143019 120.2709787,23.0144093 120.2708139,23.0145508 120.2708138,23.0145508 120.2708154,23.0123372 120.2708155,23.0123371 120.2708444,23.0123458 120.2708443,23.0123324 120.2707558,23.0122997 120.2706337,23.0123483 120.2706336,23.0123483 120.270633,23.0123433 120.270634,23.0123538 120.2707387,23.0123148 120.2707974,23.0123344 120.2707975,23.0126576 120.2707974,23.0127973 120.2707969,23.0129141 120.270797,23.0130204 120.2707977,23.0130974 120.2707981,23.0145296 120.2704261,23.0148487 120.2663767,23.0148435 120.2663766,23.0148434 120.2663768,23.0147703 120.2663773,23.0144012 120.2663777,23.0143779 120.2663777,23.0143395 120.2663775,23.0143111 120.2663776,23.0141682 120.2663779,23.0141547 120.2663784,23.0138004 120.266379,23.0137265 120.2663786,23.013653 120.2663801,23.0123361 120.2663802,23.012336 120.2668587,23.0123997 120.2669896,23.0124229 120.2671208,23.0120271 120.2673974,23.0120653 120.2674203,23.0120678 120.267421,23.0120594 120.2674211,23.0120593 120.2674984,23.0120679 120.267662,23.0120867 120.2677284,23.0120916 120.2680438,23.0121216 120.268197,23.0121355 120.2684355,23.0121573 120.2688393,23.0121789 120.2689245,23.0121839 120.2689464,23.0121862 120.2690051,23.0121914 120.2690802,23.0122004 120.2692498,23.0122061 120.2692927,23.012206 120.2693388,23.0122054 120.2695362,23.0121986 120.2695363,23.0121987 120.2695219,23.0123108 120.2695294,23.0124451 120.2694816,23.0124497 120.2694816,23.0124636 120.2695325,23.0124587 120.2695237,23.0123164 120.269535,23.0122136 120.2697499,23.0121929 120.2700765,23.0121372 120.2701339,23.0121262 120.2701956,23.0121136 120.2702329,23.0121062 120.2702779,23.0120939 120.2704074,23.0120574 120.2704518,23.0120444 120.2705835,23.0120022 120.2705964,23.0119976 120.2705954,23.0119878 120.2706926,23.0119634 120.2709692,23.0119022 120.2709733,23.0119029 120.270977,23.0119034 120.2709807,23.0119036 120.2709845,23.0119035 120.2709882,23.0119032 120.2709919,23.0119027 120.2709955,23.011902 120.2709991,23.011901 120.2710051,23.0118987 120.2710101,23.0118962 120.271107,23.0118308 120.2711071,23.0118309 120.271111,23.0120707 120.2711118,23.012134 120.2711908,23.0122626 120.2712607,23.0123775 120.2712583,23.012402 120.2712808,23.0124396 120.2712925,23.0124397 120.2712739,23.0124095 120.271276,23.012385 120.27119,23.0122427 120.2711445,23.0121699 120.2711311,23.0118317 120.271149,23.0118192 120.2711492,23.0118151 120.2711548,23.0118152 120.2711762,23.0118001 120.2711878,23.0118007 120.2711893,23.0117897 120.2712095,23.0117762 120.2713777,23.0116573 120.2714144,23.0116297 120.2714553,23.0115937 120.2714706,23.0115834 120.2732227,23.0115884 120.2742744,23.0115918</coordinates></LinearRing></outerBoundaryIs>
          <innerBoundaryIs><LinearRing><coordinates>120.2674234,23.0121084 120.2674226,23.012119 120.2674915,23.0121874 120.2675309,23.0122258 120.2678983,23.0125918 120.2679823,23.0126759 120.2680073,23.0127001 120.2683703,23.0130609 120.2688097,23.0128649 120.2688565,23.0128452 120.2689315,23.0128262 120.2694784,23.0126958 120.2694785,23.0126846 120.2693856,23.0127071 120.2689348,23.0128147 120.2688678,23.0128304 120.268815,23.0128535 120.2684124,23.0130319 120.2683742,23.0130483 120.2682874,23.0129632 120.2681528,23.0128304 120.268101,23.0127788 120.2680103,23.0126892 120.2678961,23.0125767 120.2675322,23.0122164 120.267493,23.0121772 120.2674234,23.0121084</coordinates></LinearRing></innerBoundaryIs>
          <innerBoundaryIs><LinearRing><coordinates>120.2676017,23.0133468 120.2675732,23.0133714 120.2675877,23.0133591 120.2676017,23.0133468</coordinates></LinearRing></innerBoundaryIs>
          <innerBoundaryIs><LinearRing><coordinates>120.2713148,23.0124468 120.2713031,23.0124469 120.27138,23.0125713 120.2714144,23.0126254 120.2714143,23.0126256 120.2712913,23.0126281 120.2711807,23.0126263 120.2711971,23.0126525 120.2713361,23.0126507 120.2714402,23.0126477 120.2714196,23.0126144 120.2713907,23.0125684 120.2713148,23.0124468</coordinates></LinearRing></innerBoundaryIs>
          <innerBoundaryIs><LinearRing><coordinates>120.2711339,23.0125774 120.2708707,23.0125834 120.2708707,23.0126098 120.2711475,23.0126005 120.2711339,23.0125774</coordinates></LinearRing></innerBoundaryIs>
        </Polygon>
        <Polygon>
          <outerBoundaryIs><LinearRing><coordinates>120.2530764,23.0082486 120.2530751,23.0092709 120.2530743,23.0098508 120.2530741,23.0098508 120.2523391,23.0082468 120.2523392,23.0082467 120.2530764,23.0082486</coordinates></LinearRing></outerBoundaryIs>
        </Polygon>
        <Polygon>
          <outerBoundaryIs><LinearRing><coordinates>120.2575104,23.0082619 120.257503,23.0115095 120.257496,23.0115369 120.2573407,23.0115364 120.2538598,23.0115332 120.2534563,23.0106617 120.253085,23.0098532 120.2530874,23.0082494 120.2530875,23.0082493 120.2575104,23.0082619</coordinates></LinearRing></outerBoundaryIs>
        </Polygon>
        <Polygon>
          <outerBoundaryIs><LinearRing><coordinates>120.2745154,23.0083066 120.2745241,23.0083744 120.2745689,23.0086842 120.2745508,23.0088098 120.2746745,23.009695 120.2747476,23.0102392 120.2748399,23.010935 120.2748356,23.0109778 120.2748617,23.0110232 120.274838,23.011045 120.2748547,23.0110953 120.2747599,23.0111765 120.2742923,23.0115775 120.2714886,23.011575 120.2714886,23.0115748 120.2715989,23.0114519 120.2716469,23.0113898 120.2716967,23.0113207 120.2717332,23.0112656 120.271775,23.0111899 120.2718321,23.0110627 120.2718582,23.0109857 120.2718753,23.0109265 120.2718989,23.0108105 120.2718991,23.0108105 120.2718946,23.0109892 120.271903,23.0109896 120.2719031,23.0109897 120.2719015,23.0110026 120.2719173,23.0110022 120.2719256,23.010771 120.2719001,23.0107681 120.2719002,23.0107564 120.2718844,23.0107539 120.2718849,23.0107245 120.2718852,23.0106685 120.2718853,23.0106684 120.271893,23.010669 120.2718947,23.0106575 120.2718991,23.0106509 120.2719133,23.0104057 120.2719237,23.0102518 120.2719264,23.0102158 120.2719398,23.010023 120.2719396,23.010016 120.2719388,23.010009 120.2719373,23.0100021 120.2719352,23.0099952 120.2719324,23.0099887 120.271929,23.0099823 120.271925,23.0099763 120.271921,23.0099711 120.2719283,23.009925 120.2719312,23.0099048 120.2719313,23.0099047 120.2720399,23.0099411 120.2720583,23.0099478 120.2720493,23.0099816 120.2719666,23.0105629 120.2719487,23.0106746 120.2719202,23.0106717 120.271915,23.0107268 120.2719177,23.010756 120.2719412,23.0107588 120.2719495,23.0107067 120.271996,23.0104188 120.2720701,23.0099716 120.2720688,23.0099348 120.271943,23.0098976 120.2719432,23.0098284 120.2719349,23.0097594 120.2719298,23.0097196 120.2719057,23.0095347 120.2718961,23.009469 120.2718826,23.0093555 120.2717747,23.0085533 120.2717743,23.008549 120.2717735,23.0085447 120.2717727,23.0085415 120.2717391,23.0083351 120.2717334,23.0082989 120.2717335,23.0082988 120.2734253,23.0083035 120.2734254,23.0083036 120.2734252,23.0083067 120.274136,23.0083087 120.2742337,23.0083087 120.274363,23.0083092 120.2743877,23.0084839 120.2743876,23.008484 120.2740461,23.008492 120.2738907,23.0084993 120.2738495,23.0084934 120.2734946,23.0084983 120.2734165,23.0084998 120.2734163,23.0085047 120.2736094,23.0085045 120.2738621,23.0084982 120.2739032,23.0085029 120.2740597,23.0084968 120.2743907,23.008492 120.2743627,23.0083063 120.2743628,23.0083062 120.2745154,23.0083066</coordinates></LinearRing></outerBoundaryIs>
        </Polygon>
        <Polygon>
          <outerBoundaryIs><LinearRing><coordinates>120.257526,23.0078958 120.2575629,23.0079965 120.2575582,23.0079982 120.2576422,23.008228 120.2576647,23.0082211 120.2576699,23.0082355 120.2576771,23.0082561 120.257677,23.0082562 120.2575527,23.0082561 120.2575253,23.0082559 120.257526,23.0078958</coordinates></LinearRing></outerBoundaryIs>
        </Polygon>
        <Polygon>
          <outerBoundaryIs><LinearRing><coordinates>120.2530864,23.0049632 120.2530865,23.0049633 120.2530747,23.0082414 120.2523368,23.0082395 120.252187,23.0078879 120.2517567,23.006923 120.25122,23.0058057 120.2509255,23.0051502 120.2508448,23.0049572 120.2508449,23.0049571 120.2530864,23.0049632</coordinates></LinearRing></outerBoundaryIs>
        </Polygon>
        <Polygon>
          <outerBoundaryIs><LinearRing><coordinates>120.256461,23.0049733 120.2566549,23.0055375 120.2566722,23.0055321 120.2566723,23.0055321 120.2566826,23.0055617 120.2566601,23.005569 120.2569754,23.0064212 120.2569936,23.0064154 120.2569937,23.0064155 120.2570147,23.0064735 120.2573029,23.0063807 120.2575181,23.0063119 120.2575182,23.006312 120.2575146,23.0072749 120.257513,23.0078547 120.2575128,23.0078548 120.2573421,23.0073639 120.2573239,23.0073696 120.2575128,23.0078994 120.2575125,23.0079108 120.257512,23.0082552 120.257511,23.0082553 120.2530884,23.0082445 120.253096,23.0049636 120.2530961,23.0049635 120.2532442,23.0049644 120.256461,23.0049733</coordinates></LinearRing></outerBoundaryIs>
          <innerBoundaryIs><LinearRing><coordinates>120.257018,23.0064834 120.257001,23.0064887 120.257309,23.0073395 120.2573257,23.0073342 120.257018,23.0064834</coordinates></LinearRing></innerBoundaryIs>
        </Polygon>
        <Polygon>
          <outerBoundaryIs><LinearRing><coordinates>120.2742465,23.0050197 120.2742466,23.0050198 120.2742343,23.0052935 120.2742097,23.005515 120.2742546,23.0058636 120.2743081,23.0060124 120.2743663,23.0063414 120.2743912,23.0067101 120.2743938,23.0067878 120.2744069,23.0070273 120.2744259,23.007359 120.2744342,23.0075298 120.2744438,23.0075301 120.2744437,23.0076507 120.2744528,23.0076834 120.2744995,23.0080638 120.2745155,23.0081957 120.2745287,23.0082957 120.2745286,23.0082958 120.2743715,23.0082953 120.2743087,23.0077377 120.274272,23.0076036 120.2742715,23.0075933 120.2738917,23.0075975 120.2742168,23.0076025 120.2742382,23.0076649 120.2742505,23.0077176 120.2742913,23.0080742 120.274318,23.0083 120.2743179,23.0083001 120.27338,23.0082946 120.27338,23.0082917 120.2717403,23.0082879 120.271714,23.0080785 120.2717129,23.008074 120.2717113,23.0080696 120.2717097,23.0080661 120.2717073,23.0080618 120.2716922,23.0079079 120.2716593,23.0076599 120.2716513,23.0076028 120.2716466,23.007566 120.2716376,23.007499 120.2715983,23.0071902 120.2715751,23.0070421 120.2715418,23.0067292 120.2715392,23.00671 120.2715251,23.0066174 120.2715126,23.0065318 120.2714549,23.0061044 120.271412,23.0057704 120.2713979,23.0056618 120.271389,23.0055947 120.2713721,23.0054766 120.2713547,23.0053465 120.2713497,23.0053024 120.2713429,23.0052488 120.2713371,23.0052064 120.2713301,23.0051633 120.2713246,23.0051221 120.2713128,23.0050787 120.2712908,23.0050117 120.2712909,23.0050115 120.2742465,23.0050197</coordinates></LinearRing></outerBoundaryIs>
        </Polygon>
        <Polygon>
          <outerBoundaryIs><LinearRing><coordinates>120.2530921,23.0016895 120.2530922,23.0016896 120.253086,23.0049493 120.2508436,23.0049464 120.250755,23.0047296 120.2506713,23.00444 120.2506436,23.0042853 120.250581,23.0039437 120.2505511,23.0037436 120.2505138,23.0035094 120.2504864,23.0032233 120.2504786,23.0025 120.2530921,23.0016895</coordinates></LinearRing></outerBoundaryIs>
        </Polygon>
        <Polygon>
          <outerBoundaryIs><LinearRing><coordinates>120.27083,23.0017248 120.2708241,23.0040683 120.2708235,23.0042924 120.2708233,23.0042925 120.2707266,23.004198 120.2707228,23.0041957 120.2707195,23.004194 120.270715,23.0041919 120.2707105,23.0041902 120.2706562,23.0041391 120.2706486,23.0041353 120.2706485,23.0041351 120.2706499,23.0041332 120.2705609,23.0040494 120.2704443,23.0039391 120.2703242,23.0038268 120.2698573,23.0033923 120.2697218,23.0032664 120.2695739,23.0031342 120.2695288,23.0030904 120.2694583,23.0030238 120.2693091,23.0028842 120.2692384,23.0028192 120.2690677,23.0026604 120.2690253,23.0026213 120.2687675,23.0023845 120.2687249,23.0023448 120.268618,23.0022473 120.2683552,23.0020119 120.2681932,23.0018676 120.2680195,23.0017173 120.2680196,23.0017172 120.2681952,23.0017177 120.27083,23.0017248</coordinates></LinearRing></outerBoundaryIs>
        </Polygon>
        <Polygon>
          <outerBoundaryIs><LinearRing><coordinates>120.2741146,23.0017337 120.2741147,23.0017338 120.2741097,23.0018346 120.2741348,23.0020643 120.2741296,23.0024222 120.2741498,23.0024309 120.2741491,23.0024449 120.2738918,23.00247 120.2739406,23.0025026 120.2740483,23.0024927 120.2740477,23.0024817 120.274088,23.0024757 120.2741345,23.0024874 120.2741493,23.0025366 120.2741667,23.0028249 120.2741913,23.00311 120.2741999,23.0034226 120.2741873,23.0034473 120.2742143,23.0034489 120.2742176,23.003445 120.2742178,23.003445 120.2742433,23.0035701 120.2742574,23.0040054 120.2742531,23.0040175 120.2742565,23.0041006 120.2742396,23.004181 120.2742602,23.004259 120.2742567,23.0046319 120.274243,23.0050069 120.2735749,23.0050058 120.2712898,23.0050014 120.2712536,23.0049108 120.2712446,23.0048865 120.2712216,23.0048305 120.27121,23.0048036 120.2711612,23.004714 120.2711414,23.0046803 120.2710925,23.0046026 120.2710495,23.0045306 120.2710206,23.0044894 120.2710066,23.0044714 120.2709769,23.0044312 120.2709484,23.0043963 120.2709207,23.0043638 120.2708405,23.0042856 120.2708466,23.0017241 120.2708467,23.001724 120.2741146,23.0017337</coordinates></LinearRing></outerBoundaryIs>
          <innerBoundaryIs><LinearRing><coordinates>120.2716703,23.0029439 120.2716514,23.0029643 120.2716804,23.0029771 120.2717371,23.0030007 120.2717516,23.0029889 120.2716703,23.0029439</coordinates></LinearRing></innerBoundaryIs>
        </Polygon>
        <Polygon>
          <outerBoundaryIs><LinearRing><coordinates>120.2550295,23.001067 120.2550296,23.0010671 120.2552577,23.0016707 120.2552576,23.0016708 120.2552371,23.0016707 120.2550201,23.0010955 120.2550019,23.0011013 120.2552169,23.0016705 120.2552168,23.0016706 120.2531437,23.0016627 120.2531436,23.0016625 120.2543825,23.0012773 120.2546651,23.0011891 120.254682,23.0011854 120.2550295,23.001067</coordinates></LinearRing></outerBoundaryIs>
        </Polygon>
        <Polygon>
          <outerBoundaryIs><LinearRing><coordinates>120.2548099,22.9993895 120.2550047,22.9994273 120.2550028,22.9998554 120.2550057,22.9994273 120.2550058,22.9994272 120.2569544,22.9998079 120.2569544,22.9998083 120.2579958,23.0000128 120.2589022,23.0001896 120.2589023,23.0001895 120.259233,23.0002548 120.2592376,23.000256 120.2592427,23.0002576 120.259251,23.0002608 120.2592589,23.0002647 120.2592665,23.0002692 120.2592708,23.0002722 120.2592736,23.0002743 120.2592763,23.0002765 120.2592802,23.00028 120.2592839,23.0002836 120.2592862,23.0002861 120.2592885,23.0002887 120.2592916,23.0002927 120.2592946,23.0002969 120.2592982,23.0003027 120.2593013,23.0003087 120.2593039,23.0003149 120.2594203,23.0006056 120.2594208,23.0006057 120.2599707,23.0019635 120.2599706,23.0019636 120.2599692,23.0019636 120.2605189,23.0033201 120.2605194,23.0033202 120.2605951,23.003506 120.2608322,23.0040905 120.2608296,23.0046761 120.2608306,23.0046761 120.2608332,23.0040893 120.2608334,23.0040893 120.2608633,23.0041623 120.2610723,23.004678 120.2610722,23.0046782 120.2610687,23.0046782 120.2616064,23.006007 120.2616152,23.0060343 120.2616154,23.0060343 120.2618644,23.006884 120.2620134,23.0073907 120.2620147,23.0073908 120.2624137,23.0087478 120.2624136,23.0087479 120.2624127,23.0087479 120.2627526,23.009899 120.2628127,23.0101044 120.2628126,23.0101045 120.2628114,23.0101045 120.2632087,23.01146 120.26321,23.01146 120.2636074,23.0128164 120.263608,23.0128165 120.2637405,23.0132715 120.2637554,23.013325 120.2637698,23.0133807 120.2637788,23.0134252 120.2637836,23.0134527 120.2637879,23.0134803 120.2637917,23.0135079 120.2637949,23.0135356 120.2637977,23.0135634 120.2637999,23.0135912 120.2638016,23.013619 120.2638027,23.0136468 120.2638034,23.0136747 120.2638032,23.0137255 120.2637982,23.013798 120.2637942,23.0138433 120.2637851,23.013909 120.2637821,23.013923 120.2638231,23.0139283 120.2638242,23.0139251 120.26385,23.0139317 120.2638825,23.0139359 120.2638825,23.013936 120.2638814,23.0139398 120.2639224,23.0139504 120.2639225,23.0139505 120.2639052,23.0140071 120.2638665,23.0141319 120.2637646,23.0144676 120.2637973,23.0145072 120.2638874,23.0141383 120.2639605,23.0139459 120.2639898,23.0139497 120.2642775,23.0139936 120.2642854,23.0140004 120.264402,23.0140173 120.264402,23.0140174 120.2643606,23.0140652 120.2643827,23.0140842 120.264443,23.0140189 120.2648871,23.0140854 120.2649088,23.0140881 120.265078,23.0141151 120.2650858,23.0141173 120.2650929,23.0141191 120.2651002,23.0141207 120.2651075,23.014122 120.2651131,23.0141229 120.2651356,23.0141257 120.2656508,23.014205 120.2656552,23.0142047 120.2656599,23.0142043 120.2656645,23.0142036 120.2656692,23.0142026 120.2656737,23.0142015 120.2656782,23.0142001 120.2656827,23.0141985 120.265687,23.0141967 120.2656939,23.0141933 120.2656979,23.0141909 120.2657018,23.0141884 120.2657055,23.0141857 120.2657091,23.0141828 120.2657147,23.0141776 120.2657178,23.0141743 120.2657216,23.0141696 120.2657251,23.0141648 120.2657272,23.0141613 120.2657686,23.0140593 120.2657759,23.014043 120.2660411,23.0134017 120.2660423,23.0133978 120.2660431,23.0133941 120.2660864,23.0132256 120.2660922,23.0131028 120.2661054,23.0127672 120.2661118,23.0125432 120.2661175,23.0123897 120.2661202,23.0123067 120.2661203,23.0123066 120.2662149,23.0123198 120.266073,23.0122942 120.2660783,23.0121621 120.2660781,23.0120825 120.2660777,23.0120782 120.2660768,23.0120732 120.2660755,23.0120683 120.2660736,23.0120635 120.2660719,23.0120598 120.2660693,23.0120553 120.2660663,23.012051 120.266063,23.0120471 120.2660845,23.0119624 120.2660911,23.0119096 120.2660945,23.0119056 120.2662555,23.0119128 120.2663225,23.0119218 120.2663207,23.0123342 120.2663639,23.0123401 120.2663608,23.014844 120.2663607,23.014844 120.2633988,23.0148388 120.2633987,23.0148387 120.2634186,23.014776 120.2634712,23.014603 120.2634921,23.0145348 120.2633781,23.0145163 120.2631496,23.0144802 120.2631496,23.0144801 120.2631939,23.0142923 120.2632616,23.0139992 120.2637526,23.0140748 120.2637684,23.0139858 120.2637485,23.0140679 120.2636103,23.0140474 120.2627297,23.0139151 120.2627297,23.0139126 120.2613234,23.0137012 120.260781,23.0135592 120.260781,23.0135601 120.2607809,23.0135602 120.2590383,23.0131086 120.2590334,23.0131083 120.2590294,23.0131083 120.2590254,23.0131086 120.2590214,23.0131092 120.2590175,23.01311 120.2590127,23.0131114 120.259009,23.0131128 120.2590045,23.0131148 120.2590011,23.0131167 120.258997,23.0131194 120.2589939,23.0131218 120.2589903,23.013125 120.2589876,23.0131278 120.2589852,23.0131307 120.258983,23.0131338 120.2589808,23.0131375 120.2588696,23.0134996 120.2588296,23.0134901 120.2588341,23.0127948 120.2588338,23.0127947 120.258833,23.0127947 120.2588317,23.0130318 120.2588316,23.0131056 120.2588314,23.0131206 120.2588295,23.0134907 120.2588293,23.0134908 120.2582363,23.0133366 120.2573227,23.0130988 120.2570529,23.0130292 120.2570634,23.0129936 120.257126,23.012786 120.2571439,23.0127862 120.2573291,23.012787 120.2571397,23.0127859 120.2571264,23.0127859 120.2571263,23.0127857 120.2572935,23.0122359 120.2575163,23.0115016 120.2575156,23.0114671 120.2575159,23.0113788 120.2575165,23.0109111 120.2575205,23.0082621 120.2575206,23.008262 120.2576657,23.0082624 120.2576763,23.0082899 120.2579908,23.0091367 120.2580018,23.0091688 120.2579511,23.009185 120.2580882,23.0095531 120.2580268,23.0097505 120.2579687,23.0099412 120.2579041,23.010151 120.2579282,23.0101433 120.2579471,23.0100811 120.2579784,23.010081 120.257948,23.0100807 120.257948,23.0100806 120.2581288,23.0094782 120.2581219,23.0094574 120.258063,23.009298 120.2578537,23.0087268 120.257853,23.0087267 120.2577115,23.0083441 120.2575846,23.0079976 120.2588619,23.0075626 120.258862,23.0075626 120.2588617,23.007662 120.2588604,23.0079105 120.2588626,23.0075619 120.2593804,23.0073869 120.2593788,23.007379 120.2590025,23.0075043 120.2578728,23.00789 120.2577752,23.007923 120.2575765,23.0079919 120.2575764,23.0079918 120.257526,23.0078537 120.2575286,23.0063092 120.2580038,23.0061602 120.2570186,23.0064563 120.2569192,23.0061829 120.2569201,23.0060131 120.2569198,23.0060131 120.2569198,23.0060126 120.2569197,23.0060126 120.2569189,23.0061813 120.2569188,23.0061813 120.2568569,23.0060122 120.256857,23.0060121 120.2568575,23.0060121 120.2568443,23.0059765 120.2563643,23.0046695 120.2563577,23.0046715 120.2564616,23.0049635 120.2564615,23.0049636 120.2542028,23.0049587 120.2530955,23.0049562 120.2531033,23.0016933 120.2531491,23.0016782 120.2552288,23.0016838 120.2553273,23.0019415 120.2553455,23.0019356 120.2552493,23.001684 120.2552494,23.0016839 120.2552678,23.001684 120.2552865,23.0017329 120.2550452,23.0010741 120.2550335,23.0010402 120.2552735,23.0009633 120.2551353,23.0005866 120.2551351,23.0005866 120.2550002,23.000227 120.2550002,23.0002257 120.2549425,23.0000729 120.2549426,23.0000728 120.2549609,23.0000677 120.2548097,22.9993896 120.2548099,22.9993895</coordinates></LinearRing></outerBoundaryIs>
          <innerBoundaryIs><LinearRing><coordinates>120.2589755,23.0006034 120.258901,23.0006032 120.258901,23.0006034 120.2590648,23.0006041 120.2589755,23.0006034</coordinates></LinearRing></innerBoundaryIs>
          <innerBoundaryIs><LinearRing><coordinates>120.256951,23.0005942 120.256951,23.0005943 120.2571966,23.0005955 120.256951,23.0005942</coordinates></LinearRing></innerBoundaryIs>
          <innerBoundaryIs><LinearRing><coordinates>120.2569497,23.0005947 120.2569488,23.0005947 120.2569488,23.000599 120.2569473,23.0009214 120.2569497,23.0005947</coordinates></LinearRing></innerBoundaryIs>
          <innerBoundaryIs><LinearRing><coordinates>120.2588994,23.0006041 120.2588972,23.0010582 120.2588969,23.0010993 120.2588966,23.001106 120.258896,23.0012986 120.2588947,23.0015504 120.2588963,23.0012971 120.2588972,23.0011084 120.2588975,23.0010991 120.2589002,23.0006194 120.2589005,23.0006041 120.2588994,23.0006041</coordinates></LinearRing></innerBoundaryIs>
          <innerBoundaryIs><LinearRing><coordinates>120.2590579,23.0019577 120.2590135,23.0019577 120.2589151,23.0019574 120.2588927,23.0019572 120.2588927,23.001958 120.258893,23.001958 120.258892,23.0021559 120.2588933,23.001958 120.2589163,23.0019579 120.2590142,23.0019583 120.2590602,23.0019587 120.2591035,23.0019588 120.2591787,23.0019594 120.2594734,23.0019605 120.2598764,23.0019625 120.259813,23.0019619 120.2597142,23.0019612 120.2596187,23.0019607 120.2595739,23.0019607 120.2591767,23.0019588 120.2590579,23.0019577</coordinates></LinearRing></innerBoundaryIs>
          <innerBoundaryIs><LinearRing><coordinates>120.2569424,23.0019482 120.2569424,23.0019488 120.2575512,23.0019517 120.2569424,23.0019482</coordinates></LinearRing></innerBoundaryIs>
          <innerBoundaryIs><LinearRing><coordinates>120.2569412,23.0019501 120.256938,23.0026086 120.2569423,23.0019501 120.2569412,23.0019501</coordinates></LinearRing></innerBoundaryIs>
          <innerBoundaryIs><LinearRing><coordinates>120.255372,23.0019635 120.2553507,23.0019704 120.2556677,23.0028188 120.255682,23.0028142 120.255372,23.0019635</coordinates></LinearRing></innerBoundaryIs>
          <innerBoundaryIs><LinearRing><coordinates>120.2557036,23.0028733 120.2556885,23.0028782 120.2560006,23.0037267 120.2560162,23.0037217 120.2558613,23.0032985 120.2558593,23.0032984 120.2557036,23.0028733</coordinates></LinearRing></innerBoundaryIs>
          <innerBoundaryIs><LinearRing><coordinates>120.257017,23.0033033 120.2569347,23.0033029 120.2569346,23.0033039 120.2569329,23.0033039 120.2569281,23.004471 120.2569285,23.0044107 120.2569291,23.0043595 120.2569296,23.004213 120.2569301,23.0041947 120.2569299,23.0041411 120.2569302,23.0040221 120.2569313,23.003977 120.2569314,23.0039007 120.2569334,23.003534 120.2569349,23.0033034 120.2569806,23.0033035 120.2572535,23.0033048 120.2571764,23.0033044 120.2571662,23.003304 120.257017,23.0033033</coordinates></LinearRing></innerBoundaryIs>
          <innerBoundaryIs><LinearRing><coordinates>120.2588858,23.0033135 120.2588857,23.0033139 120.258885,23.0033139 120.2588833,23.0037006 120.2588858,23.0033135</coordinates></LinearRing></innerBoundaryIs>
          <innerBoundaryIs><LinearRing><coordinates>120.2560281,23.0037544 120.2560122,23.0037594 120.2563296,23.0046121 120.2563407,23.0046083 120.2560281,23.0037544</coordinates></LinearRing></innerBoundaryIs>
          <innerBoundaryIs><LinearRing><coordinates>120.2588781,23.0046679 120.2588774,23.0048356 120.2588784,23.0046679 120.2588781,23.0046679</coordinates></LinearRing></innerBoundaryIs>
          <innerBoundaryIs><LinearRing><coordinates>120.2608285,23.0046772 120.2608256,23.0052712 120.2608293,23.0046772 120.2608285,23.0046772</coordinates></LinearRing></innerBoundaryIs>
          <innerBoundaryIs><LinearRing><coordinates>120.2608219,23.006031 120.2608216,23.0060313 120.2608212,23.0061365 120.2608219,23.006031</coordinates></LinearRing></innerBoundaryIs>
          <innerBoundaryIs><LinearRing><coordinates>120.2608143,23.007386 120.260812,23.0078572 120.2608146,23.007386 120.2608143,23.007386</coordinates></LinearRing></innerBoundaryIs>
          <innerBoundaryIs><LinearRing><coordinates>120.2588561,23.0087309 120.2588561,23.008732 120.2588552,23.008732 120.2588511,23.0096407 120.2588562,23.0087309 120.2588561,23.0087309</coordinates></LinearRing></innerBoundaryIs>
          <innerBoundaryIs><LinearRing><coordinates>120.2608069,23.0087401 120.2608061,23.0089249 120.2608072,23.0087412 120.2608071,23.0087401 120.2608069,23.0087401</coordinates></LinearRing></innerBoundaryIs>
          <innerBoundaryIs><LinearRing><coordinates>120.2588492,23.0100847 120.2588492,23.0100851 120.2588555,23.0100851 120.2597551,23.0100893 120.2588492,23.0100847</coordinates></LinearRing></innerBoundaryIs>
          <innerBoundaryIs><LinearRing><coordinates>120.2581518,23.0100819 120.2581466,23.0100818 120.2581528,23.0100819 120.2581518,23.0100819</coordinates></LinearRing></innerBoundaryIs>
          <innerBoundaryIs><LinearRing><coordinates>120.2583105,23.0100826 120.258295,23.0100826 120.2583154,23.0100827 120.2583105,23.0100826</coordinates></LinearRing></innerBoundaryIs>
          <innerBoundaryIs><LinearRing><coordinates>120.2607986,23.0100946 120.2607965,23.0104975 120.2607954,23.0106326 120.2607944,23.0108151 120.2607932,23.0110906 120.2607932,23.0111646 120.2607917,23.0114487 120.260792,23.0114488 120.2607892,23.0120338 120.2607925,23.01145 120.2607921,23.0114499 120.2607946,23.0110913 120.2607998,23.0100953 120.2607992,23.0100952 120.2607992,23.0100946 120.2607986,23.0100946</coordinates></LinearRing></innerBoundaryIs>
          <innerBoundaryIs><LinearRing><coordinates>120.2627432,23.0114592 120.2627426,23.0115221 120.2627423,23.0116296 120.2627435,23.0114592 120.2627432,23.0114592</coordinates></LinearRing></innerBoundaryIs>
          <innerBoundaryIs><LinearRing><coordinates>120.2576678,23.0082926 120.2576477,23.0082989 120.2579733,23.0091421 120.2579906,23.0091366 120.2576678,23.0082926</coordinates></LinearRing></innerBoundaryIs>
          <innerBoundaryIs><LinearRing><coordinates>120.2579071,23.0102131 120.2578822,23.0102209 120.2577698,23.01059 120.257688,23.0108561 120.2577141,23.0108478 120.2577142,23.0108479 120.2577025,23.0108847 120.2576782,23.0108929 120.2575161,23.0114219 120.2575418,23.0114092 120.257542,23.0114093 120.2575309,23.0114534 120.2575368,23.0114338 120.2575366,23.0114337 120.2579071,23.0102131</coordinates></LinearRing></innerBoundaryIs>
          <innerBoundaryIs><LinearRing><coordinates>120.2588406,23.0114398 120.2588401,23.0114567 120.2588359,23.0124167 120.2588415,23.0114398 120.2588406,23.0114398</coordinates></LinearRing></innerBoundaryIs>
          <innerBoundaryIs><LinearRing><coordinates>120.2607848,23.0128046 120.2607825,23.01326 120.2607855,23.0128203 120.2607851,23.0128047 120.2607848,23.0128046</coordinates></LinearRing></innerBoundaryIs>
        </Polygon>
        <Polygon>
          <outerBoundaryIs><LinearRing><coordinates>120.2521988,22.9983892 120.2521988,22.9983894 120.252022,22.998404 120.2519868,22.9984035 120.251955,22.9984039 120.2518303,22.9984065 120.2514927,22.9984223 120.2514344,22.9984255 120.2513706,22.9984281 120.2513185,22.9984305 120.2510328,22.9984444 120.2509335,22.9984486 120.2505259,22.9984678 120.2503913,22.9984731 120.2503912,22.998473 120.2503902,22.9983859 120.2503903,22.9983858 120.2504699,22.998386 120.2505634,22.9983857 120.2515317,22.9983876 120.251651,22.9983881 120.2518618,22.9983886 120.2519539,22.9983886 120.2519858,22.9983889 120.2520209,22.9983888 120.2521988,22.9983892</coordinates></LinearRing></outerBoundaryIs>
        </Polygon>
        <Polygon>
          <outerBoundaryIs><LinearRing><coordinates>120.2619707,22.9984149 120.2619708,22.998415 120.2619688,22.9990529 120.2619687,22.999089 120.2619685,22.9990891 120.2613626,22.9989056 120.2613538,22.9988652 120.2613178,22.9988546 120.2611907,22.9988152 120.2611966,22.9988436 120.2611965,22.9988437 120.2611186,22.998821 120.2597783,22.9984105 120.2597784,22.9984103 120.2607513,22.9984123 120.2611358,22.9984132 120.2612019,22.9986958 120.2612248,22.9987025 120.2611778,22.9984909 120.2611607,22.9984133 120.2611608,22.9984132 120.2619707,22.9984149</coordinates></LinearRing></outerBoundaryIs>
        </Polygon>
        <Polygon>
          <outerBoundaryIs><LinearRing><coordinates>120.2664108,22.9984264 120.2664109,22.9984265 120.2664087,22.9990992 120.2664044,23.0004237 120.2664043,23.0004237 120.2660683,23.0003232 120.2659936,23.0002977 120.2658484,23.0002551 120.2651836,23.0000538 120.2649136,22.9999719 120.2647272,22.9999157 120.2641807,22.9997511 120.2640436,22.9997094 120.2636841,22.999602 120.263411,22.9995186 120.2626309,22.9992833 120.2625898,22.999271 120.2623852,22.9992113 120.261982,22.9990893 120.2619821,22.9988016 120.2619822,22.9987864 120.2619823,22.9985458 120.2619822,22.9984166 120.2619823,22.9984166 120.2664108,22.9984264</coordinates></LinearRing></outerBoundaryIs>
        </Polygon>
        <Polygon>
          <outerBoundaryIs><LinearRing><coordinates>120.270848,22.9984382 120.2708477,22.9985804 120.2708479,22.9986174 120.2708475,22.9986482 120.2708404,23.0012922 120.27084,23.001515 120.2708392,23.0017118 120.268025,23.0017138 120.2678385,23.0015924 120.2677809,23.0015565 120.2677065,23.0015094 120.2677501,23.001397 120.2679387,23.0009999 120.2679748,23.0009229 120.26786,23.000886 120.2677624,23.0008553 120.2675519,23.0007894 120.2674711,23.0007637 120.2671533,23.0006643 120.2668132,23.0005572 120.2664194,23.0004341 120.26642,22.999412 120.26642,22.9992374 120.2664202,22.9991132 120.2664202,22.9989077 120.2664204,22.9986137 120.2664203,22.9984268 120.2664204,22.9984267 120.270848,22.9984382</coordinates></LinearRing></outerBoundaryIs>
        </Polygon>
        <Polygon>
          <outerBoundaryIs><LinearRing><coordinates>120.2738166,22.9984456 120.273842,22.9987771 120.273896,22.9995207 120.2738959,22.9996772 120.2738925,22.9997307 120.2738848,22.9997605 120.2738671,22.9997613 120.273845,22.999817 120.2738874,23.0002439 120.2739056,23.0004164 120.2739232,23.0005017 120.2739492,23.0006336 120.2739298,23.000695 120.2739236,23.0007132 120.2738985,23.0007806 120.2739135,23.0010331 120.2739508,23.0011329 120.2739604,23.0011284 120.2739605,23.0011285 120.2740759,23.0014129 120.2741177,23.0016451 120.2741184,23.0016505 120.2741181,23.0017241 120.2734547,23.0017221 120.2708469,23.0017165 120.2708468,23.0017164 120.2708564,22.9984374 120.2709372,22.9984375 120.2738166,22.9984456</coordinates></LinearRing></outerBoundaryIs>
        </Polygon>
        <Polygon>
          <outerBoundaryIs><LinearRing><coordinates>120.2530638,22.9951066 120.2531061,22.9951071 120.2531064,22.9952242 120.2530961,22.9983038 120.2522139,22.9983812 120.2514307,22.9983798 120.2509308,22.9983787 120.2508163,22.9983786 120.2506852,22.9983782 120.2506435,22.9983778 120.2505683,22.998378 120.2503937,22.9983777 120.2503847,22.9975817 120.2503766,22.9974912 120.2503532,22.9971723 120.2491924,22.9971831 120.2491835,22.9971825 120.2491831,22.9969966 120.2491602,22.996648 120.2491603,22.9966479 120.249188,22.9966472 120.2491506,22.9964528 120.249072,22.9962274 120.2490562,22.9960844 120.2489773,22.9957794 120.2489162,22.9956043 120.2488979,22.99542 120.2488697,22.9954042 120.24886,22.9950948 120.2488601,22.9950947 120.2530638,22.9951066</coordinates></LinearRing></outerBoundaryIs>
        </Polygon>
        <Polygon>
          <outerBoundaryIs><LinearRing><coordinates>120.2575403,22.9951186 120.2575401,22.9953205 120.2575359,22.9977551 120.2556239,22.9980429 120.2552658,22.9980958 120.2550182,22.9981327 120.2549343,22.9981404 120.2548243,22.9981502 120.2547832,22.9981531 120.2547246,22.9981781 120.2533639,22.998283 120.2531089,22.9983032 120.2531088,22.9983031 120.2531152,22.9952547 120.2531159,22.9951073 120.2575403,22.9951186</coordinates></LinearRing></outerBoundaryIs>
        </Polygon>
        <Polygon>
          <outerBoundaryIs><LinearRing><coordinates>120.2603963,22.9951258 120.2604975,22.995603 120.2605647,22.9959257 120.2605456,22.9959314 120.2605494,22.9959494 120.2605613,22.9959749 120.2606475,22.996364 120.2606645,22.9963532 120.2606646,22.9963533 120.2607208,22.9966007 120.2608467,22.9971367 120.2608773,22.9972647 120.2609087,22.9974046 120.2610184,22.997911 120.2610961,22.9982462 120.2611317,22.9984011 120.2611316,22.9984012 120.2597701,22.9984002 120.2587006,22.9980738 120.2586949,22.9980738 120.2586882,22.9980742 120.2586815,22.9980749 120.2586771,22.9980755 120.2586705,22.9980767 120.258664,22.9980782 120.2586597,22.9980794 120.2586534,22.9980815 120.2586472,22.9980838 120.258645,22.9980849 120.2586407,22.9980872 120.2586366,22.9980897 120.2586326,22.9980924 120.2586288,22.9980953 120.2586251,22.9980983 120.2586214,22.9981018 120.2586175,22.9981061 120.2586126,22.9981123 120.2586093,22.9981171 120.2586062,22.9981221 120.2586034,22.9981273 120.2586009,22.9981325 120.2585987,22.9981379 120.2585968,22.9981434 120.2585957,22.9981471 120.2585943,22.9981527 120.2585933,22.9981583 120.2585927,22.9981624 120.2585927,22.9981681 120.2585929,22.9981752 120.2585934,22.9981824 120.2585941,22.9981883 120.2585939,22.9981884 120.258491,22.9979362 120.2583548,22.9975994 120.2580136,22.9975214 120.258015,22.9975285 120.2580158,22.9975342 120.2580164,22.9975398 120.2580168,22.9975454 120.258017,22.9975539 120.2580169,22.9975596 120.2580165,22.9975652 120.2580159,22.9975709 120.2580147,22.9975793 120.2580136,22.9975849 120.2580123,22.9975904 120.2580108,22.9975959 120.2580081,22.997604 120.2580061,22.9976094 120.2580039,22.9976146 120.2580015,22.9976198 120.2579989,22.997625 120.2579946,22.9976325 120.2579899,22.9976398 120.2579865,22.9976445 120.257983,22.9976491 120.2579774,22.9976558 120.2579734,22.9976601 120.2579684,22.9976652 120.2579575,22.9976751 120.2579489,22.9976816 120.2579442,22.9976848 120.257937,22.9976894 120.2579321,22.9976922 120.257927,22.9976949 120.2579208,22.9976979 120.2578981,22.9977074 120.2578842,22.9977118 120.2577954,22.9977251 120.257545,22.9977617 120.2575449,22.9977616 120.2575511,22.9951201 120.2575512,22.99512 120.2603963,22.9951258</coordinates></LinearRing></outerBoundaryIs>
        </Polygon>
        <Polygon>
          <outerBoundaryIs><LinearRing><coordinates>120.2619669,22.995129 120.261966,22.9984017 120.2619659,22.9984018 120.2611585,22.9984012 120.2611229,22.9982419 120.2610992,22.9981307 120.2610518,22.9979064 120.2610036,22.9976949 120.2609364,22.9974037 120.2609041,22.9972656 120.2608774,22.9971373 120.2608775,22.9971372 120.2609531,22.9971419 120.2609488,22.9971225 120.2608715,22.9971198 120.260751,22.9965933 120.2606949,22.9963507 120.2606993,22.9963075 120.2606738,22.9962445 120.2605994,22.9959233 120.2605239,22.9955965 120.2604229,22.995126 120.260423,22.9951259 120.2619669,22.995129</coordinates></LinearRing></outerBoundaryIs>
        </Polygon>
        <Polygon>
          <outerBoundaryIs><LinearRing><coordinates>120.2627727,22.9951325 120.2658141,22.9960471 120.2664146,22.9962285 120.2664088,22.9984221 120.2664087,22.9984222 120.261984,22.9984096 120.2619905,22.995131 120.2619906,22.9951309 120.2627727,22.9951325</coordinates></LinearRing></outerBoundaryIs>
        </Polygon>
        <Polygon>
          <outerBoundaryIs><LinearRing><coordinates>120.2708577,22.9951515 120.2708549,22.9966207 120.2708548,22.9967392 120.2708518,22.998217 120.2708509,22.9984351 120.2708508,22.9984352 120.2666564,22.9984173 120.266424,22.9984163 120.266424,22.9984162 120.266425,22.9983533 120.2664282,22.9962279 120.2664283,22.9962278 120.2672473,22.9964764 120.2677172,22.9951438 120.2708577,22.9951515</coordinates></LinearRing></outerBoundaryIs>
        </Polygon>
        <Polygon>
          <outerBoundaryIs><LinearRing><coordinates>120.2619913,22.9948966 120.2627711,22.9951303 120.2627711,22.9951305 120.2621239,22.9951293 120.261991,22.9951289 120.2619911,22.9949445 120.2619912,22.9948967 120.2619913,22.9948966</coordinates></LinearRing></outerBoundaryIs>
        </Polygon>
        <Polygon>
          <outerBoundaryIs><LinearRing><coordinates>120.2602713,22.9940723 120.2602714,22.9940724 120.2603729,22.9945249 120.2603791,22.9945529 120.2604088,22.9945495 120.2604395,22.9945457 120.2604429,22.9945675 120.2604553,22.9946241 120.2609025,22.9945664 120.2615087,22.9947483 120.2619756,22.994888 120.2619751,22.9951184 120.2604264,22.9951153 120.2604209,22.995097 120.2603621,22.9948347 120.2603365,22.9947172 120.2603055,22.9945859 120.2602226,22.9942225 120.2601906,22.9940898 120.2602713,22.9940723</coordinates></LinearRing></outerBoundaryIs>
        </Polygon>
        <Polygon>
          <outerBoundaryIs><LinearRing><coordinates>120.257556,22.9938325 120.2576314,22.9938576 120.2577571,22.9938835 120.2579873,22.9940064 120.2580271,22.9939618 120.2581588,22.9939997 120.2582887,22.9940403 120.2583259,22.9940553 120.2584349,22.9941079 120.258556,22.994185 120.2590649,22.9942448 120.259109,22.9942637 120.259156,22.9942744 120.2591628,22.9942583 120.259473,22.9942645 120.2594779,22.9942507 120.2601771,22.9942151 120.2601511,22.9940984 120.2601633,22.9940956 120.2601635,22.9940957 120.2603054,22.9947229 120.2603947,22.9951151 120.2603946,22.9951152 120.2575536,22.9951093 120.2575559,22.9938326 120.257556,22.9938325</coordinates></LinearRing></outerBoundaryIs>
        </Polygon>
        <Polygon>
          <outerBoundaryIs><LinearRing><coordinates>120.2708733,22.9935721 120.2710159,22.9935811 120.2710941,22.9938762 120.2711103,22.9939361 120.2714335,22.9941922 120.2715155,22.9942813 120.2715965,22.9943683 120.2717037,22.9943557 120.2717144,22.9943671 120.2717493,22.9943657 120.2719811,22.9943389 120.2722533,22.9943565 120.2724635,22.9943322 120.2725929,22.9942277 120.2726836,22.994092 120.2727185,22.9940086 120.2727263,22.9939818 120.2727526,22.9938896 120.2728776,22.9936399 120.2730012,22.993641 120.2731896,22.9937111 120.2733228,22.9938198 120.2733936,22.9938935 120.2734316,22.9941264 120.273472,22.9943233 120.2734528,22.994523 120.2734548,22.9947003 120.2734381,22.9949317 120.273488,22.9951569 120.2734888,22.9951652 120.2734887,22.9951653 120.2734642,22.9951653 120.2734667,22.9952764 120.2734727,22.9954516 120.2735011,22.9955208 120.273505,22.9957332 120.2735114,22.995908 120.2735211,22.9959056 120.2735213,22.9959057 120.2735244,22.9960467 120.2735553,22.9961913 120.2735783,22.9963171 120.2735436,22.9964408 120.2735752,22.9965896 120.2735823,22.9967754 120.2735735,22.9971442 120.2736145,22.9974523 120.2736438,22.9976852 120.2737667,22.998018 120.2738049,22.9982651 120.2738177,22.9984375 120.2738176,22.9984376 120.2709354,22.9984299 120.2708577,22.9984296 120.2708663,22.9951504 120.2708664,22.9951503 120.2724693,22.9951546 120.2724625,22.9951483 120.2708705,22.9951446 120.270872,22.9938659 120.2708732,22.9935722 120.2708733,22.9935721</coordinates></LinearRing></outerBoundaryIs>
          <innerBoundaryIs><LinearRing><coordinates>120.2734676,22.9959288 120.2734552,22.9959329 120.2734577,22.9960235 120.2734725,22.9960283 120.2734676,22.9959288</coordinates></LinearRing></innerBoundaryIs>
        </Polygon>
        <Polygon>
          <outerBoundaryIs><LinearRing><coordinates>120.2684127,22.9934202 120.2688878,22.9934495 120.2708605,22.9935751 120.2708577,22.9951475 120.2708576,22.9951476 120.2677165,22.9951394 120.2677164,22.9951393 120.2678631,22.994717 120.2678632,22.994717 120.2678921,22.9947258 120.2679018,22.9946985 120.2678683,22.9946886 120.2678683,22.9946885 120.2680323,22.9942225 120.2680325,22.9942225 120.2680608,22.9942543 120.2680903,22.9942838 120.2681368,22.9941543 120.268153,22.9941075 120.2681532,22.9941074 120.2681664,22.9941218 120.2682663,22.9938386 120.2682758,22.9938096 120.2684127,22.9934202</coordinates></LinearRing></outerBoundaryIs>
        </Polygon>
        <Polygon>
          <outerBoundaryIs><LinearRing><coordinates>120.2531233,22.9925695 120.2544893,22.9929628 120.2554429,22.9932358 120.2562449,22.9934672 120.2562575,22.9934474 120.2563903,22.9934862 120.256704,22.9935741 120.2567297,22.9935829 120.2567412,22.9935846 120.2568192,22.9936079 120.2569101,22.9936436 120.257076,22.9936845 120.2575499,22.9938333 120.2575472,22.99511 120.2531206,22.9951015 120.2531231,22.9926157 120.2531232,22.9925696 120.2531233,22.9925695</coordinates></LinearRing></outerBoundaryIs>
        </Polygon>
        <Polygon>
          <outerBoundaryIs><LinearRing><coordinates>120.2505655,22.9918146 120.2505656,22.9918147 120.250565,22.9918292 120.2513134,22.9920478 120.2531119,22.9925694 120.2531042,22.9949533 120.2531035,22.9950965 120.2488534,22.9950866 120.2488529,22.9950712 120.2488447,22.9946343 120.2488334,22.9941286 120.2488259,22.9938186 120.2489345,22.9935402 120.2490934,22.9931441 120.2491584,22.9929703 120.2492548,22.9926833 120.2492708,22.9926109 120.2492712,22.9925392 120.2492379,22.9924748 120.2491934,22.9923966 120.2491507,22.9923719 120.249077,22.9922478 120.2490101,22.9920564 120.2488892,22.9918097 120.2488893,22.9918096 120.2505655,22.9918146</coordinates></LinearRing></outerBoundaryIs>
        </Polygon>
        <Polygon>
          <outerBoundaryIs><LinearRing><coordinates>120.2486984,22.9908142 120.2490321,22.9908746 120.249068,22.9908934 120.2492674,22.9909355 120.2496742,22.9910052 120.249993,22.9910287 120.2503377,22.9910829 120.2503781,22.9910901 120.2503717,22.9910181 120.2503718,22.991018 120.250571,22.9910552 120.2505646,22.9911256 120.2505632,22.9911374 120.250562,22.9911517 120.2505616,22.9911589 120.2505613,22.9911733 120.2505615,22.9911877 120.2505622,22.9912021 120.2505628,22.9912093 120.2505642,22.9912224 120.2505835,22.9914931 120.2505859,22.9915497 120.2505889,22.9915798 120.2505704,22.9917601 120.2505713,22.991811 120.2505712,22.991811 120.2488918,22.9918079 120.2487365,22.99149 120.2486967,22.9914225 120.2486983,22.9908143 120.2486984,22.9908142</coordinates></LinearRing></outerBoundaryIs>
        </Polygon>
        <Polygon>
          <outerBoundaryIs><LinearRing><coordinates>120.2480965,22.9906617 120.2484616,22.9907345 120.2484596,22.9907729 120.2486706,22.9908115 120.2486919,22.9908162 120.2486897,22.9914228 120.2486895,22.9914229 120.2485751,22.9912182 120.2485416,22.9911598 120.2484383,22.9909758 120.2484093,22.9909739 120.2482387,22.9907879 120.2482048,22.9907573 120.2481675,22.9907212 120.2480964,22.9906619 120.2480965,22.9906617</coordinates></LinearRing></outerBoundaryIs>
        </Polygon>
      </MultiGeometry>
  </Placemark>
  <Placemark>
	<Style><LineStyle><color>ff0000ff</color></LineStyle><PolyStyle><fill>0</fill></PolyStyle></Style>
	<ExtendedData><SchemaData schemaUrl="#114SEC_DKTBLPD">
		<SimpleData name="段碼">9108</SimpleData>
		<SimpleData name="段名">西勢段</SimpleData>
		<SimpleData name="行政區">永康區</SimpleData>
	</SchemaData></ExtendedData>
      <MultiGeometry>
        <Polygon>
          <outerBoundaryIs><LinearRing><coordinates>120.2663483,23.0183925 120.2663441,23.0208924 120.266344,23.0208925 120.2656038,23.0208819 120.2656038,23.0208799 120.2655267,23.0208785 120.2655266,23.0208784 120.2655291,23.0207701 120.2655494,23.0199217 120.2653318,23.0199296 120.2653317,23.0199295 120.2653955,23.0198317 120.2663483,23.0183925</coordinates></LinearRing></outerBoundaryIs>
        </Polygon>
        <Polygon>
          <outerBoundaryIs><LinearRing><coordinates>120.2707263,23.0181506 120.270785,23.0181511 120.270785,23.0182113 120.2707833,23.0186387 120.2707833,23.0186786 120.2707824,23.0188198 120.2707816,23.0191526 120.2707808,23.0193768 120.2707801,23.0197609 120.2707789,23.0199113 120.2707789,23.0199311 120.2707783,23.0199687 120.2707779,23.0200145 120.2707781,23.0200443 120.2707744,23.0208824 120.2707742,23.0210057 120.2707741,23.0210057 120.270774,23.0209901 120.2704685,23.0209837 120.269637,23.0209733 120.2688603,23.0209624 120.2685406,23.0209568 120.2682092,23.0209489 120.2679644,23.0209433 120.2677223,23.0209369 120.2675974,23.0209346 120.2673352,23.0209282 120.2671203,23.0209223 120.2667515,23.0209157 120.266356,23.0209047 120.2663589,23.0183858 120.2663591,23.0183858 120.2663593,23.018387 120.2664049,23.0183299 120.2665809,23.0181393 120.2671301,23.0181411 120.2673965,23.0181414 120.2676491,23.0181421 120.2678991,23.0181433 120.2682254,23.0181443 120.2683995,23.0181446 120.2685796,23.0181445 120.2693782,23.0181469 120.2695173,23.0181471 120.2699796,23.0181486 120.2702579,23.0181491 120.2707263,23.0181506</coordinates></LinearRing></outerBoundaryIs>
        </Polygon>
        <Polygon>
          <outerBoundaryIs><LinearRing><coordinates>120.2732673,23.0181571 120.2733852,23.018345 120.2734466,23.0184435 120.2734232,23.0197682 120.2734099,23.0209387 120.2734069,23.0210496 120.2733579,23.0210487 120.2707891,23.0209946 120.2707938,23.0181506 120.2707939,23.0181506 120.2732673,23.0181571</coordinates></LinearRing></outerBoundaryIs>
        </Polygon>
        <Polygon>
          <outerBoundaryIs><LinearRing><coordinates>120.2752347,23.0160899 120.2752467,23.016145 120.2752342,23.0161553 120.275234,23.0161552 120.2752347,23.0160899</coordinates></LinearRing></outerBoundaryIs>
        </Polygon>
        <Polygon>
          <outerBoundaryIs><LinearRing><coordinates>120.2707541,23.0148668 120.2707947,23.0148672 120.2707783,23.0181421 120.2665824,23.0181307 120.2665824,23.0181306 120.2667554,23.0179779 120.2675291,23.0173201 120.2694273,23.0157111 120.2696669,23.0155082 120.2700319,23.0151984 120.2700592,23.0151751 120.2701489,23.0151009 120.2702421,23.0150201 120.2704266,23.0148661 120.2706752,23.0148668 120.2707541,23.0148668</coordinates></LinearRing></outerBoundaryIs>
        </Polygon>
        <Polygon>
          <outerBoundaryIs><LinearRing><coordinates>120.2750978,23.0148777 120.2751093,23.0150371 120.2751278,23.0154042 120.2751358,23.0154855 120.2751498,23.0156121 120.2751643,23.0156899 120.2751825,23.0157741 120.2751753,23.0158979 120.275223,23.0160912 120.2752224,23.0161565 120.2745147,23.0167843 120.2745136,23.0167877 120.2742811,23.0169883 120.2741715,23.017085 120.2741754,23.0170916 120.2741702,23.0171029 120.2739775,23.0172751 120.2739748,23.0172747 120.2739722,23.0172747 120.2739699,23.0172752 120.2739672,23.0172764 120.2737365,23.0174686 120.2736224,23.0175707 120.2734583,23.0177 120.2734156,23.0177338 120.2733874,23.0177563 120.273151,23.0179581 120.2732673,23.0181478 120.2732672,23.0181479 120.2708039,23.0181449 120.2708051,23.0148664 120.2708052,23.0148663 120.2750978,23.0148777</coordinates></LinearRing></outerBoundaryIs>
        </Polygon>
        <Polygon>
          <outerBoundaryIs><LinearRing><coordinates>120.270798,23.0145295 120.2707981,23.0145295 120.2707982,23.014675 120.2707982,23.0148491 120.2707981,23.0148492 120.270426,23.0148487 120.2704259,23.0148485 120.270798,23.0145295</coordinates></LinearRing></outerBoundaryIs>
        </Polygon>
        <Polygon>
          <outerBoundaryIs><LinearRing><coordinates>120.2749262,23.0115928 120.2749324,23.0116334 120.274967,23.0119585 120.2749991,23.0122961 120.2749692,23.0123315 120.2749033,23.012353 120.274919,23.0124037 120.274977,23.0132019 120.2750083,23.0137241 120.2750547,23.0141705 120.275064,23.0142961 120.2750631,23.0144607 120.275095,23.0148635 120.2750949,23.0148636 120.272269,23.0148609 120.2722689,23.0148608 120.2724227,23.0147356 120.2724291,23.0147345 120.2724067,23.0146988 120.2722195,23.0148609 120.2708138,23.0148595 120.270814,23.0145494 120.2709782,23.0144084 120.2711027,23.0143011 120.2711627,23.0142504 120.2718286,23.0136795 120.2719764,23.0135522 120.2723592,23.0132243 120.2727176,23.0129188 120.2731125,23.0125796 120.2737618,23.0120258 120.2742752,23.0115909 120.2749262,23.0115928</coordinates></LinearRing></outerBoundaryIs>
        </Polygon>
        <Polygon>
          <outerBoundaryIs><LinearRing><coordinates>120.2748551,23.0110955 120.2748852,23.0111896 120.2749087,23.0114058 120.2749375,23.0115782 120.2749374,23.0115783 120.2744657,23.0115776 120.2742927,23.0115778 120.2742927,23.0115777 120.2747602,23.0111766 120.2748551,23.0110955</coordinates></LinearRing></outerBoundaryIs>
        </Polygon>
      </MultiGeometry>
  </Placemark>
  <Placemark>
	<Style><LineStyle><color>ff0000ff</color></LineStyle><PolyStyle><fill>0</fill></PolyStyle></Style>
	<ExtendedData><SchemaData schemaUrl="#114SEC_DKTBLPD">
		<SimpleData name="段碼">9109</SimpleData>
		<SimpleData name="段名">西勢段一小段</SimpleData>
		<SimpleData name="行政區">永康區</SimpleData>
	</SchemaData></ExtendedData>
      <MultiGeometry>
        <Polygon>
          <outerBoundaryIs><LinearRing><coordinates>120.2901938,23.0129379 120.290819,23.0129409 120.291492,23.0129439 120.2921087,23.0148562 120.2921086,23.0148563 120.2918595,23.0149229 120.2915075,23.0150208 120.2914689,23.0149404 120.2913654,23.0147526 120.2913036,23.0145871 120.2910636,23.0142776 120.290827,23.0140803 120.2907283,23.0140174 120.2906017,23.0139507 120.290319,23.0138615 120.2903109,23.0138175 120.2900465,23.0138276 120.2900464,23.0138275 120.2900508,23.0129375 120.2901938,23.0129379</coordinates></LinearRing></outerBoundaryIs>
        </Polygon>
        <Polygon>
          <outerBoundaryIs><LinearRing><coordinates>120.2858011,23.0129174 120.2861469,23.0129198 120.2861476,23.012974 120.286142,23.0139941 120.2860845,23.0139964 120.2855513,23.014014 120.2852685,23.0140265 120.2845266,23.014064 120.2841333,23.0140858 120.2841072,23.0140875 120.2833295,23.0141253 120.2830975,23.0141378 120.2827583,23.0141517 120.2826375,23.014157 120.2822397,23.0141838 120.2822396,23.0141837 120.2822419,23.0140429 120.2822429,23.0138376 120.2822442,23.0134841 120.2822466,23.0129022 120.2822467,23.0129021 120.2825458,23.0129034 120.2825459,23.0129035 120.2825378,23.0130174 120.2858011,23.0129174</coordinates></LinearRing></outerBoundaryIs>
        </Polygon>
        <Polygon>
          <outerBoundaryIs><LinearRing><coordinates>120.2861488,23.0129084 120.2861489,23.0129085 120.2861488,23.012918 120.2858903,23.0129169 120.2858903,23.0129167 120.2861488,23.0129084</coordinates></LinearRing></outerBoundaryIs>
        </Polygon>
        <Polygon>
          <outerBoundaryIs><LinearRing><coordinates>120.2900524,23.0127882 120.2900525,23.0127883 120.290052,23.0129342 120.2900519,23.0129343 120.2863256,23.0129206 120.2877955,23.0129273 120.288516,23.0129304 120.2900499,23.0129373 120.290046,23.0137236 120.2900453,23.013831 120.2897106,23.0138451 120.2887014,23.0138868 120.2883284,23.0139022 120.2878551,23.0139213 120.287855,23.0139212 120.2878627,23.0138323 120.2878565,23.0138057 120.2878296,23.0138067 120.287823,23.0139226 120.2877212,23.0139269 120.287071,23.0139528 120.2865581,23.0139738 120.2861441,23.0139903 120.286144,23.0139902 120.2861482,23.013002 120.2861487,23.0129199 120.2861517,23.0129198 120.2861518,23.0129099 120.2877948,23.0128572 120.2877943,23.0128411 120.2878636,23.012839 120.2878643,23.0128552 120.2900524,23.0127882</coordinates></LinearRing></outerBoundaryIs>
        </Polygon>
        <Polygon>
          <outerBoundaryIs><LinearRing><coordinates>120.2914365,23.0127487 120.2914563,23.0128097 120.2914986,23.0129415 120.2914985,23.0129416 120.2902003,23.0129371 120.2900573,23.0129365 120.2900579,23.0127896 120.2914365,23.0127487</coordinates></LinearRing></outerBoundaryIs>
        </Polygon>
        <Polygon>
          <outerBoundaryIs><LinearRing><coordinates>120.282261,23.0101931 120.2823887,23.0101938 120.2826935,23.0112107 120.2825462,23.0129009 120.2822487,23.0128996 120.2822486,23.0128995 120.2822609,23.0101932 120.282261,23.0101931</coordinates></LinearRing></outerBoundaryIs>
        </Polygon>
        <Polygon>
          <outerBoundaryIs><LinearRing><coordinates>120.2819175,23.0101911 120.2822552,23.0101931 120.2822536,23.0105931 120.2822509,23.0112191 120.2822498,23.0115081 120.2822499,23.0115647 120.2822485,23.011961 120.2822452,23.0127085 120.2822446,23.0129026 120.2822414,23.0129026 120.2822364,23.0140286 120.2822319,23.0140378 120.2822364,23.0140379 120.2822357,23.0141794 120.2821603,23.0141847 120.2821347,23.0141863 120.2820915,23.0142726 120.2820914,23.0142726 120.2820427,23.0142501 120.2818536,23.0141633 120.2818536,23.0141632 120.2819542,23.0141052 120.2813824,23.0138728 120.2810899,23.0137554 120.2810723,23.0137481 120.28067,23.0135902 120.2805456,23.0135407 120.280195,23.0134069 120.279746,23.0132284 120.2793979,23.0130893 120.2789937,23.0129302 120.2788853,23.0128871 120.2788854,23.012887 120.2792707,23.0128886 120.2807781,23.0128955 120.2795025,23.012889 120.279431,23.0128888 120.2792892,23.0128882 120.2789251,23.0128864 120.2783455,23.0126558 120.2783454,23.0126735 120.2783453,23.0126736 120.2781042,23.0125751 120.2779213,23.0125012 120.2778925,23.0124889 120.2778839,23.0124855 120.2776671,23.0123976 120.2774324,23.0123029 120.2772255,23.0122197 120.2772049,23.0122118 120.2769992,23.0121285 120.2769689,23.0121172 120.2767936,23.0120473 120.2765617,23.0119528 120.2764242,23.0118972 120.2761138,23.0117713 120.2756683,23.011594 120.2754925,23.0115239 120.2752933,23.0114447 120.2748773,23.0112765 120.2748546,23.0111138 120.2748548,23.0111137 120.2752838,23.0112842 120.2756561,23.0114336 120.2764179,23.0117409 120.2766606,23.0118379 120.2768982,23.0119334 120.2772127,23.0120591 120.2774011,23.0121359 120.2778546,23.0123181 120.2780592,23.0124015 120.2781501,23.0123447 120.2783464,23.0121727 120.2783466,23.0121536 120.2787439,23.0118117 120.2806423,23.0101858 120.2815792,23.0101899 120.2819175,23.0101911</coordinates></LinearRing></outerBoundaryIs>
        </Polygon>
        <Polygon>
          <outerBoundaryIs><LinearRing><coordinates>120.2822671,23.0099427 120.2823765,23.0101369 120.2823928,23.0101919 120.2823927,23.010192 120.282266,23.0101913 120.2822671,23.0099427</coordinates></LinearRing></outerBoundaryIs>
        </Polygon>
        <Polygon>
          <outerBoundaryIs><LinearRing><coordinates>120.2818404,23.0091864 120.2820248,23.0095116 120.2822635,23.0099416 120.2822626,23.010192 120.2822625,23.0101921 120.2815203,23.0101884 120.2807966,23.010185 120.2807013,23.0101843 120.2806727,23.0101842 120.2806727,23.0101841 120.2818404,23.0091864</coordinates></LinearRing></outerBoundaryIs>
        </Polygon>
      </MultiGeometry>
  </Placemark>
  <Placemark>
	<Style><LineStyle><color>ff0000ff</color></LineStyle><PolyStyle><fill>0</fill></PolyStyle></Style>
	<ExtendedData><SchemaData schemaUrl="#114SEC_DKTBLPD">
		<SimpleData name="段碼">9111</SimpleData>
		<SimpleData name="段名">王田段</SimpleData>
		<SimpleData name="行政區">永康區</SimpleData>
	</SchemaData></ExtendedData>
      <MultiGeometry>
        <Polygon>
          <outerBoundaryIs><LinearRing><coordinates>120.2814184,23.0390123 120.2819465,23.0391492 120.2819466,23.0391493 120.2816699,23.0400359 120.2817816,23.0400651 120.2817817,23.0400652 120.2814951,23.0409854 120.2808605,23.04082 120.2808605,23.0408199 120.2814184,23.0390123</coordinates></LinearRing></outerBoundaryIs>
        </Polygon>
        <Polygon>
          <outerBoundaryIs><LinearRing><coordinates>120.2742458,23.0343372 120.2743623,23.0343567 120.274368,23.0343743 120.2744225,23.0343736 120.2745781,23.0343568 120.2745782,23.034357 120.2744325,23.0343823 120.2743353,23.0343706 120.2742868,23.0343639 120.2742457,23.0343374 120.2742458,23.0343372</coordinates></LinearRing></outerBoundaryIs>
        </Polygon>
      </MultiGeometry>
  </Placemark>
  <Placemark>
	<Style><LineStyle><color>ff0000ff</color></LineStyle><PolyStyle><fill>0</fill></PolyStyle></Style>
	<ExtendedData><SchemaData schemaUrl="#114SEC_DKTBLPD">
		<SimpleData name="段碼">9114</SimpleData>
		<SimpleData name="段名">南新段</SimpleData>
		<SimpleData name="行政區">永康區</SimpleData>
	</SchemaData></ExtendedData>
      <MultiGeometry>
        <Polygon>
          <outerBoundaryIs><LinearRing><coordinates>120.2324631,23.0107337 120.232642,23.0107875 120.2326421,23.0107876 120.2326068,23.0108433 120.2326188,23.0108963 120.2327464,23.0109809 120.2328268,23.0110361 120.232875,23.0110685 120.2329228,23.0110592 120.2330162,23.0111258 120.2330263,23.01117 120.2340156,23.0118327 120.2348135,23.0121059 120.2357534,23.0124274 120.2357851,23.0124381 120.2360126,23.0125161 120.2365276,23.0126923 120.2365793,23.012667 120.2365794,23.0126671 120.2365485,23.0128438 120.2365428,23.0128752 120.2362235,23.0137987 120.2361054,23.0141426 120.2360471,23.0142894 120.2356273,23.0151984 120.2355803,23.0152105 120.2354664,23.0153571 120.2347522,23.014882 120.234656,23.0148208 120.234615,23.0147964 120.2345736,23.0147726 120.2344955,23.0147303 120.2343965,23.0146807 120.2343518,23.0146597 120.2343066,23.0146395 120.2342611,23.0146201 120.2342152,23.0146014 120.234169,23.0145834 120.2341224,23.0145661 120.2340756,23.0145496 120.2339772,23.0145178 120.2307447,23.0135324 120.2305862,23.0134844 120.2305862,23.0134843 120.2312404,23.0124538 120.2313151,23.0123366 120.2314578,23.0121139 120.2315425,23.0119811 120.23227,23.0108388 120.2324631,23.0107337</coordinates></LinearRing></outerBoundaryIs>
          <innerBoundaryIs><LinearRing><coordinates>120.232584,23.0112396 120.2325711,23.0112595 120.2325834,23.0112409 120.232584,23.0112396</coordinates></LinearRing></innerBoundaryIs>
          <innerBoundaryIs><LinearRing><coordinates>120.2319114,23.0130185 120.2319236,23.0130241 120.2319974,23.0130552 120.2319114,23.0130185</coordinates></LinearRing></innerBoundaryIs>
          <innerBoundaryIs><LinearRing><coordinates>120.2343813,23.0144725 120.2345376,23.0145456 120.2344879,23.0145213 120.2344322,23.0144948 120.2343813,23.0144725</coordinates></LinearRing></innerBoundaryIs>
        </Polygon>
      </MultiGeometry>
  </Placemark>
  <Placemark>
	<Style><LineStyle><color>ff0000ff</color></LineStyle><PolyStyle><fill>0</fill></PolyStyle></Style>
	<ExtendedData><SchemaData schemaUrl="#114SEC_DKTBLPD">
		<SimpleData name="段碼">9115</SimpleData>
		<SimpleData name="段名">南工段</SimpleData>
		<SimpleData name="行政區">永康區</SimpleData>
	</SchemaData></ExtendedData>
      <MultiGeometry>
        <Polygon>
          <outerBoundaryIs><LinearRing><coordinates>120.2341669,23.0083762 120.2341957,23.0084234 120.2347326,23.0084299 120.2356016,23.0084395 120.236229,23.0084463 120.2366454,23.0084502 120.2368382,23.0084522 120.236902,23.0084526 120.2370484,23.0084539 120.2376915,23.00846 120.2377378,23.0084269 120.237738,23.008427 120.2372578,23.0101849 120.236888,23.011537 120.2365794,23.0126671 120.2365276,23.0126925 120.2360129,23.0125164 120.235785,23.0124382 120.2357533,23.0124275 120.2348134,23.012106 120.2340155,23.0118329 120.2330262,23.0111701 120.2330161,23.0111259 120.2329227,23.0110594 120.2328749,23.0110686 120.2326186,23.0108965 120.2326066,23.0108433 120.2326419,23.0107876 120.2324631,23.0107339 120.2322701,23.0108389 120.23227,23.0108388 120.2323396,23.0107292 120.2329584,23.0097509 120.2338243,23.0083813 120.2341669,23.0083762</coordinates></LinearRing></outerBoundaryIs>
          <innerBoundaryIs><LinearRing><coordinates>120.2367824,23.0111898 120.2367664,23.0112482 120.2367774,23.011209 120.2367824,23.0111898</coordinates></LinearRing></innerBoundaryIs>
        </Polygon>
      </MultiGeometry>
  </Placemark>
  <Placemark>
	<Style><LineStyle><color>ff0000ff</color></LineStyle><PolyStyle><fill>0</fill></PolyStyle></Style>
	<ExtendedData><SchemaData schemaUrl="#114SEC_DKTBLPD">
		<SimpleData name="段碼">9116</SimpleData>
		<SimpleData name="段名">五王段</SimpleData>
		<SimpleData name="行政區">永康區</SimpleData>
	</SchemaData></ExtendedData>
      <MultiGeometry>
        <Polygon>
          <outerBoundaryIs><LinearRing><coordinates>120.2355267,23.0042998 120.2361934,23.0043491 120.2376496,23.004456 120.2377977,23.0044684 120.2386846,23.0045329 120.2387197,23.0045764 120.2386713,23.0047912 120.2383912,23.0060202 120.2383574,23.0061543 120.2382692,23.006482 120.2381628,23.0068721 120.2381545,23.0069019 120.2381394,23.0069577 120.2380801,23.0071753 120.237738,23.008427 120.2376916,23.0084602 120.2361039,23.0084452 120.2347326,23.0084301 120.2341956,23.0084236 120.2341668,23.0083763 120.2338244,23.0083815 120.2338243,23.0083813 120.2339674,23.0081555 120.2344557,23.0073883 120.2347949,23.0068482 120.2348507,23.0067557 120.2348793,23.0067055 120.234907,23.0066548 120.2349337,23.0066037 120.2349594,23.0065522 120.2349842,23.0065002 120.2350079,23.0064479 120.2350307,23.0063952 120.2350525,23.0063421 120.2350732,23.0062887 120.235093,23.006235 120.2351117,23.0061809 120.2351295,23.0061266 120.2351462,23.0060719 120.2351618,23.006017 120.2351765,23.0059619 120.23519,23.0059066 120.2352026,23.005851 120.2352141,23.0057952 120.2352245,23.0057393 120.2352339,23.0056832 120.2352422,23.0056269 120.2352495,23.0055706 120.2352557,23.0055141 120.2352608,23.0054575 120.2352649,23.0054009 120.2352679,23.0053442 120.2352698,23.0052874 120.2352706,23.0052307 120.2352704,23.0051739 120.2352691,23.0051171 120.2352668,23.0050604 120.2352634,23.0050037 120.2352519,23.0048781 120.2351933,23.0043553 120.2351934,23.0043552 120.2354857,23.0043386 120.2355267,23.0042998</coordinates></LinearRing></outerBoundaryIs>
        </Polygon>
      </MultiGeometry>
  </Placemark>
  <Placemark>
	<Style><LineStyle><color>ff0000ff</color></LineStyle><PolyStyle><fill>0</fill></PolyStyle></Style>
	<ExtendedData><SchemaData schemaUrl="#114SEC_DKTBLPD">
		<SimpleData name="段碼">9117</SimpleData>
		<SimpleData name="段名">六合段</SimpleData>
		<SimpleData name="行政區">永康區</SimpleData>
	</SchemaData></ExtendedData>
      <MultiGeometry>
        <Polygon>
          <outerBoundaryIs><LinearRing><coordinates>120.2302509,23.0091626 120.2309311,23.0092985 120.2309577,23.0093363 120.2308902,23.0096413 120.2308968,23.009932 120.2309328,23.0099374 120.2309869,23.0098456 120.230987,23.0098457 120.2309898,23.0099693 120.2313032,23.0099618 120.2313032,23.0099547 120.2313137,23.0099545 120.2313307,23.009951 120.2313308,23.0099511 120.2313319,23.0099609 120.2321015,23.0098031 120.2320998,23.009793 120.2324242,23.0097263 120.2325237,23.0095694 120.2326347,23.0095556 120.2329682,23.0097354 120.2329682,23.0097355 120.2322649,23.0108474 120.2322648,23.0108474 120.2315427,23.0119812 120.2314579,23.012114 120.2313153,23.0123366 120.2312406,23.0124539 120.2305863,23.0134844 120.2296276,23.0131937 120.2290157,23.0130063 120.2287143,23.0129169 120.2282676,23.0127814 120.2281946,23.0127579 120.228162,23.0127464 120.2281296,23.0127344 120.2280974,23.0127219 120.2280655,23.0127089 120.2280338,23.0126953 120.2280024,23.0126812 120.2279712,23.0126667 120.2279403,23.0126516 120.2279097,23.012636 120.2278795,23.01262 120.2278495,23.0126034 120.2278198,23.0125864 120.2277905,23.0125689 120.2277615,23.0125509 120.2277328,23.0125325 120.2277045,23.0125136 120.2276498,23.0124751 120.227505,23.0123692 120.2270354,23.0119899 120.226868,23.0118762 120.2260818,23.0113026 120.2260818,23.0113025 120.2261927,23.0111946 120.226249,23.01118 120.2262742,23.0111237 120.22635,23.0110899 120.2264202,23.0110779 120.2266997,23.0111465 120.2268967,23.0111729 120.2271675,23.0112296 120.227437,23.0113 120.2275103,23.0113104 120.2275914,23.0112988 120.2278315,23.0111916 120.2279371,23.0111253 120.2280003,23.011023 120.228052,23.0109265 120.2280595,23.0109117 120.228196,23.0107002 120.2282178,23.0105441 120.2281983,23.0105367 120.2281919,23.0104636 120.228192,23.0104635 120.2285529,23.0104715 120.2286421,23.0105637 120.2286438,23.0105779 120.2287334,23.0105834 120.2289274,23.0105919 120.2290551,23.0105656 120.2291876,23.0104956 120.2292734,23.0103591 120.229315,23.0102466 120.2294693,23.0096969 120.2294848,23.009668 120.2294814,23.0096057 120.2295321,23.0096026 120.2296551,23.0095956 120.22997,23.0096839 120.229965,23.0097003 120.2300348,23.0097359 120.2302088,23.0091857 120.2302509,23.0091626</coordinates></LinearRing></outerBoundaryIs>
          <innerBoundaryIs><LinearRing><coordinates>120.2298808,23.0100398 120.2298763,23.0100696 120.2298798,23.0100475 120.2298808,23.0100398</coordinates></LinearRing></innerBoundaryIs>
          <innerBoundaryIs><LinearRing><coordinates>120.229867,23.0104035 120.2298596,23.0104485 120.2298605,23.0104485 120.229867,23.0104035</coordinates></LinearRing></innerBoundaryIs>
          <innerBoundaryIs><LinearRing><coordinates>120.2307332,23.012918 120.2307363,23.0129196 120.2307547,23.0129259 120.2307332,23.012918</coordinates></LinearRing></innerBoundaryIs>
        </Polygon>
      </MultiGeometry>
  </Placemark>
  <Placemark>
	<Style><LineStyle><color>ff0000ff</color></LineStyle><PolyStyle><fill>0</fill></PolyStyle></Style>
	<ExtendedData><SchemaData schemaUrl="#114SEC_DKTBLPD">
		<SimpleData name="段碼">9118</SimpleData>
		<SimpleData name="段名">兵北段</SimpleData>
		<SimpleData name="行政區">永康區</SimpleData>
	</SchemaData></ExtendedData>
      <MultiGeometry>
        <Polygon>
          <outerBoundaryIs><LinearRing><coordinates>120.2351486,23.0043204 120.2351936,23.0043553 120.2352079,23.0044838 120.2352522,23.004878 120.2352656,23.0050339 120.2352673,23.005063 120.2352693,23.0051097 120.2352709,23.0051758 120.2352708,23.0052476 120.2352699,23.0053007 120.2352684,23.0053432 120.235265,23.005405 120.2352622,23.0054465 120.2352598,23.0054747 120.235256,23.0055156 120.2352516,23.0055565 120.2352477,23.0055892 120.2352418,23.0056338 120.2352345,23.0056819 120.2352314,23.0057012 120.2352084,23.0058258 120.235177,23.0059615 120.2351623,23.0060167 120.2351467,23.0060716 120.2351299,23.0061263 120.2351122,23.0061807 120.2350935,23.0062347 120.2350737,23.0062885 120.23502,23.0064212 120.2350083,23.0064478 120.234992,23.0064842 120.2349749,23.0065206 120.2349607,23.0065504 120.2349457,23.0065809 120.2349295,23.0066128 120.234914,23.0066426 120.2348946,23.0066788 120.2348782,23.0067085 120.2348596,23.0067412 120.2348401,23.0067745 120.234824,23.0068015 120.2347951,23.0068483 120.2344557,23.0073887 120.2338246,23.0083815 120.2329683,23.0097356 120.2326348,23.0095558 120.2325239,23.0095696 120.2324244,23.0097265 120.2321,23.0097932 120.2321017,23.0098032 120.2313319,23.0099611 120.2313318,23.009961 120.2313307,23.0099512 120.2313138,23.0099547 120.2313034,23.0099549 120.2313034,23.009962 120.2309898,23.0099695 120.2309897,23.0099694 120.2309869,23.009846 120.230933,23.0099377 120.2308967,23.0099321 120.2308901,23.0096413 120.2309576,23.0093363 120.2309311,23.0092986 120.230251,23.0091628 120.2302091,23.0091858 120.2300351,23.009736 120.2300349,23.0097361 120.2299649,23.0097004 120.22997,23.009684 120.2296551,23.0095957 120.2295322,23.0096028 120.2295321,23.0096027 120.2295464,23.0095707 120.2295128,23.0095697 120.2294845,23.0095838 120.2294844,23.0095837 120.2294839,23.0095606 120.2294951,23.0095421 120.2295462,23.0094848 120.229562,23.009462 120.2296032,23.0093831 120.2296286,23.0093163 120.2296403,23.0092603 120.229646,23.0091725 120.2298091,23.008776 120.229846,23.0086853 120.2299376,23.0086302 120.2299692,23.0086006 120.2299905,23.0085383 120.2300238,23.0084033 120.230026,23.0082791 120.2300473,23.0082156 120.2300636,23.008183 120.2300741,23.0081784 120.2300741,23.0081231 120.2300281,23.0081402 120.2300004,23.0081234 120.2299781,23.008018 120.2299791,23.0079636 120.2300137,23.0078606 120.2300138,23.0077975 120.2299988,23.007735 120.2299772,23.0076427 120.2299284,23.0075251 120.2299274,23.0075006 120.2299777,23.0074954 120.2299857,23.0072851 120.2299602,23.007249 120.2299306,23.0072491 120.2298961,23.0072488 120.229897,23.0071497 120.2298929,23.0069917 120.2299217,23.0068521 120.2299566,23.0067271 120.2300195,23.0066063 120.2300689,23.006542 120.2300798,23.0065132 120.2300849,23.0064986 120.2300896,23.006484 120.2300999,23.0064487 120.2301044,23.0064275 120.2301147,23.0063721 120.2301195,23.0063427 120.230121,23.0063308 120.2301224,23.0063189 120.2301234,23.0063069 120.2301243,23.006295 120.2301249,23.006283 120.2301253,23.006271 120.2301255,23.006259 120.2301255,23.006247 120.2301246,23.0062215 120.2301242,23.0062141 120.2301236,23.0062057 120.2301219,23.0061873 120.2301205,23.0061753 120.2301188,23.0061634 120.230117,23.0061516 120.2301149,23.0061397 120.2301126,23.0061279 120.2301101,23.0061162 120.230105,23.0060949 120.2300998,23.0060762 120.230027,23.005827 120.2300213,23.0058112 120.2300397,23.0057515 120.2300381,23.005698 120.2300077,23.0056192 120.2299257,23.0055219 120.2299206,23.0054742 120.2298816,23.0054133 120.2298027,23.0052843 120.2297706,23.0052341 120.2297816,23.0051709 120.2298008,23.0051214 120.2298406,23.0050149 120.2298741,23.0049053 120.2298832,23.00487 120.2299018,23.0048504 120.2299034,23.0048332 120.2299046,23.0048143 120.2299051,23.0047954 120.2299048,23.0047765 120.2299039,23.0047576 120.2299022,23.0047388 120.2298998,23.0047201 120.2298968,23.0047015 120.2298666,23.0047086 120.2298478,23.0046854 120.2298401,23.0046357 120.2298402,23.0046356 120.2303312,23.0046037 120.2303342,23.0046398 120.2309504,23.0045991 120.2312042,23.0045827 120.2318564,23.0045393 120.2326646,23.0044863 120.2328653,23.0044729 120.2335566,23.0044261 120.2351486,23.0043204</coordinates></LinearRing></outerBoundaryIs>
        </Polygon>
      </MultiGeometry>
  </Placemark>
  <Placemark>
	<Style><LineStyle><color>ff0000ff</color></LineStyle><PolyStyle><fill>0</fill></PolyStyle></Style>
	<ExtendedData><SchemaData schemaUrl="#114SEC_DKTBLPD">
		<SimpleData name="段碼">9120</SimpleData>
		<SimpleData name="段名">信義段</SimpleData>
		<SimpleData name="行政區">永康區</SimpleData>
	</SchemaData></ExtendedData>
      <MultiGeometry>
        <Polygon>
          <outerBoundaryIs><LinearRing><coordinates>120.2398545,23.0148786 120.2404203,23.0148955 120.240735,23.0149182 120.2410689,23.0151735 120.2411972,23.015367 120.2414376,23.0154735 120.2416315,23.0154662 120.2418537,23.0153125 120.2420435,23.0152327 120.2421224,23.0152244 120.2421258,23.0152193 120.2421299,23.0152142 120.2421347,23.0152096 120.2421399,23.0152055 120.2421455,23.0152018 120.2421515,23.0151988 120.2421579,23.0151963 120.2421645,23.0151945 120.2425995,23.0151114 120.2426062,23.0151098 120.2426115,23.015108 120.2426167,23.0151057 120.2426207,23.0151036 120.2426255,23.0151006 120.2426299,23.0150972 120.242634,23.0150936 120.2426371,23.0150904 120.2426405,23.0150861 120.2426435,23.0150816 120.2426456,23.0150778 120.2426474,23.0150739 120.2426493,23.0150689 120.2426506,23.0150637 120.2426514,23.0150595 120.2426519,23.0150543 120.2426518,23.0150487 120.242652,23.0150487 120.2426717,23.0151603 120.2427442,23.0151373 120.2427745,23.0151657 120.2427744,23.0151659 120.2426538,23.0152071 120.2426557,23.01521 120.2426574,23.0152131 120.2426597,23.0152186 120.2426605,23.0152211 120.2426613,23.0152244 120.2426618,23.0152277 120.2426621,23.0152311 120.2427047,23.0159954 120.2427096,23.0160852 120.2427095,23.0160892 120.2427092,23.0160931 120.2427085,23.0160983 120.2427077,23.0161021 120.2427067,23.0161059 120.2427055,23.0161097 120.2427035,23.0161146 120.2427018,23.0161182 120.2426999,23.0161217 120.2426971,23.0161262 120.2426947,23.0161294 120.2426922,23.0161326 120.2426895,23.0161356 120.2426866,23.0161385 120.2426835,23.0161412 120.2426794,23.0161445 120.2427731,23.0162233 120.2427793,23.0162539 120.2427853,23.0162845 120.2427934,23.0163224 120.24306,23.0167526 120.2430625,23.0167571 120.2430639,23.016761 120.243065,23.0167649 120.2430656,23.016769 120.2430657,23.0167735 120.2430655,23.016777 120.2430647,23.0167811 120.2430635,23.0167852 120.2430622,23.0167884 120.2430602,23.0167922 120.2430578,23.0167957 120.243055,23.016799 120.2430523,23.0168016 120.2430489,23.0168043 120.2430458,23.0168063 120.2430412,23.0168087 120.2430375,23.0168101 120.243085,23.0168827 120.2430913,23.0168827 120.243097,23.0168831 120.2431028,23.0168838 120.2431084,23.016885 120.243114,23.0168865 120.2431194,23.0168883 120.2431234,23.01689 120.2431285,23.0168924 120.2431334,23.0168952 120.2431382,23.0168983 120.2431415,23.0169008 120.2431458,23.0169044 120.2431498,23.0169083 120.2431535,23.0169124 120.2431569,23.0169167 120.2431599,23.0169213 120.2431622,23.0169252 120.243206,23.0170071 120.243215,23.0170242 120.2432338,23.0170613 120.2432723,23.0171447 120.2433581,23.0173056 120.2434341,23.0174449 120.2435562,23.018002 120.2434982,23.018021 120.2435848,23.0182723 120.2435922,23.0183063 120.2436001,23.0184344 120.2435861,23.0185821 120.2435005,23.0189049 120.2434949,23.0189737 120.2434933,23.0189983 120.2434927,23.0190254 120.2434926,23.0190255 120.2434834,23.0190252 120.2434831,23.0190267 120.2434832,23.0190288 120.2434836,23.0190304 120.2434844,23.0190321 120.2434856,23.0190336 120.243487,23.0190348 120.2434886,23.0190356 120.2434904,23.0190362 120.2434928,23.0190366 120.2434935,23.0190604 120.2434948,23.0190792 120.2434977,23.0191081 120.2435003,23.0191258 120.2435036,23.0191454 120.2435091,23.0191721 120.2435142,23.0191931 120.2435212,23.0192176 120.2435287,23.0192406 120.2435328,23.0192524 120.2435372,23.019264 120.243547,23.0192878 120.2435565,23.0193091 120.2435664,23.0193289 120.2439081,23.0199925 120.2439103,23.0199976 120.2439119,23.020003 120.2439127,23.0200078 120.243913,23.0200127 120.2439959,23.0200199 120.2441076,23.020055 120.2441004,23.0201189 120.2432499,23.0200679 120.2427497,23.0198544 120.2421656,23.019606 120.2421167,23.0195679 120.2421167,23.0195678 120.2422157,23.0195497 120.242186,23.0195303 120.2420814,23.0195484 120.241684,23.0192994 120.241406,23.0191167 120.2410578,23.0188789 120.2407954,23.0187194 120.2407033,23.0186192 120.2406227,23.0186033 120.2387284,23.0173869 120.2361618,23.015692 120.236138,23.0156735 120.2361706,23.0156349 120.2362043,23.0155007 120.2362456,23.0154531 120.2362458,23.0154531 120.2362145,23.0155736 120.2362757,23.0155941 120.2364917,23.0156009 120.2374335,23.0155931 120.2375336,23.0155642 120.2376251,23.0156008 120.2377135,23.0156647 120.2378166,23.0157646 120.2379021,23.0157637 120.2382391,23.0156357 120.2388137,23.0153178 120.2391767,23.0150716 120.2395647,23.0149102 120.2398545,23.0148786</coordinates></LinearRing></outerBoundaryIs>
        </Polygon>
      </MultiGeometry>
  </Placemark>
  <Placemark>
	<Style><LineStyle><color>ff0000ff</color></LineStyle><PolyStyle><fill>0</fill></PolyStyle></Style>
	<ExtendedData><SchemaData schemaUrl="#114SEC_DKTBLPD">
		<SimpleData name="段碼">9121</SimpleData>
		<SimpleData name="段名">忠孝段</SimpleData>
		<SimpleData name="行政區">永康區</SimpleData>
	</SchemaData></ExtendedData>
      <MultiGeometry>
        <Polygon>
          <outerBoundaryIs><LinearRing><coordinates>120.2399967,23.0053834 120.2400541,23.0054626 120.240259,23.0056374 120.2402884,23.0057096 120.2403038,23.0057253 120.2403854,23.005887 120.2403848,23.0059778 120.2403908,23.0059794 120.2404236,23.0059843 120.2404237,23.0059631 120.2404239,23.0059631 120.2404798,23.0060737 120.2406258,23.0062412 120.2406846,23.0062832 120.2407059,23.0063332 120.2408411,23.0064884 120.2409137,23.0066689 120.2409622,23.006758 120.240955,23.0067716 120.2415873,23.0083459 120.2415896,23.0083519 120.2415933,23.0083628 120.2415953,23.0083701 120.2415971,23.0083776 120.2415993,23.0083888 120.2416009,23.0084001 120.2416016,23.0084077 120.2416019,23.0084153 120.241602,23.0084259 120.2415618,23.0103616 120.2419349,23.0107416 120.2422692,23.0114673 120.2422065,23.0122742 120.2423414,23.0126702 120.2423957,23.013396 120.2426224,23.0140525 120.2426199,23.0144734 120.2426519,23.0150487 120.242652,23.0150543 120.2426513,23.0150606 120.2426505,23.0150648 120.2426494,23.0150689 120.2426479,23.015073 120.2426462,23.0150769 120.2426441,23.0150807 120.2426418,23.0150844 120.2426392,23.0150879 120.2426364,23.0150913 120.2426333,23.0150944 120.2426299,23.0150974 120.2426264,23.0151001 120.2426227,23.0151026 120.2426187,23.0151048 120.2426147,23.0151068 120.2426105,23.0151085 120.2426061,23.01511 120.2425994,23.0151116 120.2421645,23.0151947 120.2421579,23.0151965 120.2421515,23.0151989 120.2421455,23.015202 120.2421399,23.0152056 120.2421347,23.0152097 120.24213,23.0152143 120.2421258,23.0152194 120.2421224,23.0152245 120.2420435,23.0152329 120.2418537,23.0153126 120.2416314,23.0154664 120.2414374,23.0154736 120.241197,23.0153672 120.2410686,23.0151737 120.2407348,23.0149183 120.240677,23.014066 120.2406623,23.0138849 120.2406059,23.0132905 120.2405742,23.0129543 120.240574,23.0129591 120.2405732,23.012965 120.240572,23.0129698 120.2405704,23.0129745 120.2405678,23.01298 120.2405653,23.0129843 120.2405623,23.0129885 120.2405589,23.0129923 120.2405552,23.0129959 120.2405512,23.0129992 120.2405469,23.0130021 120.2405423,23.0130047 120.2405375,23.0130068 120.2405325,23.0130086 120.2405273,23.01301 120.2405216,23.0130111 120.239135,23.0131933 120.238905,23.0132237 120.2388577,23.0132267 120.2388341,23.0132312 120.238834,23.0132311 120.238829,23.0132007 120.2387314,23.0125963 120.2387198,23.0125237 120.2387186,23.0125168 120.2385754,23.0116198 120.2386209,23.0109421 120.2387486,23.0101892 120.2388094,23.0101893 120.2388213,23.0101248 120.2388383,23.0101243 120.23958,23.0101052 120.2396147,23.0100735 120.2396771,23.0086345 120.2396435,23.0086017 120.2396436,23.0086016 120.2397132,23.0085948 120.2399005,23.0085863 120.2398507,23.0079309 120.2398228,23.0079301 120.2398197,23.0078648 120.2398198,23.0078647 120.2398465,23.0078676 120.2398311,23.0070693 120.2397922,23.0070663 120.2397921,23.0070662 120.2399732,23.0059036 120.240023,23.0058844 120.2400213,23.0057546 120.2399788,23.0055394 120.2399651,23.0053876 120.2399967,23.0053834</coordinates></LinearRing></outerBoundaryIs>
        </Polygon>
      </MultiGeometry>
  </Placemark>
  <Placemark>
	<Style><LineStyle><color>ff0000ff</color></LineStyle><PolyStyle><fill>0</fill></PolyStyle></Style>
	<ExtendedData><SchemaData schemaUrl="#114SEC_DKTBLPD">
		<SimpleData name="段碼">9122</SimpleData>
		<SimpleData name="段名">仁愛段</SimpleData>
		<SimpleData name="行政區">永康區</SimpleData>
	</SchemaData></ExtendedData>
      <MultiGeometry>
        <Polygon>
          <outerBoundaryIs><LinearRing><coordinates>120.2386731,23.0047831 120.2395141,23.0049747 120.239516,23.0050359 120.2395649,23.0050434 120.2399373,23.0050776 120.2399791,23.0055393 120.2400216,23.0057546 120.2400233,23.0058844 120.2399735,23.0059037 120.2397924,23.0070661 120.2398314,23.0070692 120.2398468,23.0078677 120.2398467,23.0078678 120.23982,23.0078649 120.239823,23.0079301 120.2398509,23.0079308 120.2399008,23.0085864 120.2399007,23.0085865 120.2397133,23.008595 120.2396439,23.0086017 120.2396774,23.0086344 120.239615,23.0100735 120.2395802,23.0101053 120.2388216,23.0101249 120.2388097,23.0101894 120.2387488,23.0101893 120.2386212,23.0109421 120.2385757,23.0116197 120.2387117,23.0124712 120.2387317,23.0125963 120.2388343,23.013231 120.2388577,23.0132265 120.2389699,23.0132149 120.2405242,23.0130105 120.2405305,23.0130091 120.2405355,23.0130074 120.2405404,23.0130054 120.240545,23.013003 120.2405495,23.0130002 120.2405544,23.0129964 120.2405582,23.0129929 120.2405616,23.0129891 120.2405646,23.0129851 120.2405678,23.0129799 120.2405699,23.0129754 120.2405716,23.0129707 120.2405729,23.0129659 120.2405737,23.012961 120.2405741,23.0129561 120.2405739,23.01295 120.2405741,23.01295 120.2406062,23.0132905 120.2406626,23.0138849 120.2406773,23.014066 120.240735,23.0149183 120.2407349,23.0149184 120.2404203,23.0148957 120.2398544,23.0148788 120.2395648,23.0149104 120.2391768,23.0150718 120.2389054,23.0152555 120.2388138,23.0153179 120.2382392,23.0156358 120.2379021,23.0157639 120.2378165,23.0157648 120.2377133,23.0156649 120.237625,23.015601 120.2375336,23.0155643 120.2374335,23.0155933 120.2364917,23.015601 120.2362756,23.0155943 120.2362143,23.0155737 120.2362455,23.0154535 120.2362045,23.0155007 120.2361707,23.015635 120.236138,23.0156735 120.2355386,23.0152639 120.2355801,23.0152104 120.2356271,23.0151983 120.2360469,23.0142893 120.2360792,23.0142082 120.2360793,23.0142081 120.2360821,23.0142096 120.2360865,23.0141969 120.2360837,23.014197 120.2360836,23.0141969 120.2361052,23.0141426 120.2362234,23.0137986 120.2365427,23.0128752 120.2365483,23.0128438 120.2365792,23.0126671 120.236938,23.0113533 120.2372562,23.0101899 120.2376185,23.0088637 120.2380562,23.0072621 120.2382668,23.0064899 120.238378,23.0060769 120.238388,23.0060319 120.2384077,23.0059467 120.2386605,23.0048385 120.2386729,23.0047832 120.2386731,23.0047831</coordinates></LinearRing></outerBoundaryIs>
          <innerBoundaryIs><LinearRing><coordinates>120.240291,23.0139132 120.2402905,23.0139139 120.2402905,23.0139147 120.240291,23.0139155 120.2402919,23.0139159 120.240292,23.0139151 120.2402916,23.0139149 120.2402913,23.0139144 120.2402916,23.0139138 120.240291,23.0139132</coordinates></LinearRing></innerBoundaryIs>
          <innerBoundaryIs><LinearRing><coordinates>120.2402139,23.0139194 120.2402139,23.0139211 120.2402147,23.0139215 120.240215,23.0139222 120.2402149,23.0139228 120.2402145,23.0139232 120.2402168,23.013923 120.2402168,23.0139217 120.2402163,23.0139206 120.2402153,23.0139198 120.2402139,23.0139194</coordinates></LinearRing></innerBoundaryIs>
        </Polygon>
      </MultiGeometry>
  </Placemark>
  <Placemark>
	<Style><LineStyle><color>ff0000ff</color></LineStyle><PolyStyle><fill>0</fill></PolyStyle></Style>
	<ExtendedData><SchemaData schemaUrl="#114SEC_DKTBLPD">
		<SimpleData name="段碼">9123</SimpleData>
		<SimpleData name="段名">中興段</SimpleData>
		<SimpleData name="行政區">永康區</SimpleData>
	</SchemaData></ExtendedData>
      <MultiGeometry>
        <Polygon>
          <outerBoundaryIs><LinearRing><coordinates>120.2350838,23.0006411 120.235127,23.0006776 120.2398296,23.000736 120.2398297,23.0007361 120.2398243,23.0008444 120.2398733,23.000845 120.2399078,23.0008771 120.2399059,23.0019095 120.2399697,23.0019802 120.2400085,23.0022056 120.2399169,23.002778 120.2399147,23.0028127 120.2398947,23.0031805 120.2398936,23.0033006 120.2398842,23.0033088 120.2398766,23.0034033 120.2398924,23.0034186 120.2398867,23.0039845 120.2399059,23.0041105 120.2399042,23.0044082 120.2399303,23.0045306 120.2399166,23.0046124 120.2399374,23.0050777 120.2399372,23.0050778 120.2395649,23.0050436 120.2395159,23.005036 120.239514,23.0049749 120.238673,23.0047833 120.2387196,23.0045765 120.2386845,23.0045331 120.2377977,23.0044685 120.2376496,23.0044562 120.2361934,23.0043493 120.2355267,23.0043 120.2354858,23.0043388 120.2351933,23.0043553 120.2351885,23.0043122 120.235174,23.0041777 120.2351729,23.0041739 120.2351144,23.0036541 120.2350997,23.0035187 120.2349548,23.0021311 120.2349004,23.0016379 120.2348322,23.0010229 120.2348444,23.000971 120.2351074,23.0009913 120.2351154,23.0009185 120.2351042,23.0008263 120.2350836,23.0006412 120.2350838,23.0006411</coordinates></LinearRing></outerBoundaryIs>
        </Polygon>
      </MultiGeometry>
  </Placemark>
  <Placemark>
	<Style><LineStyle><color>ff0000ff</color></LineStyle><PolyStyle><fill>0</fill></PolyStyle></Style>
	<ExtendedData><SchemaData schemaUrl="#114SEC_DKTBLPD">
		<SimpleData name="段碼">9124</SimpleData>
		<SimpleData name="段名">成功段</SimpleData>
		<SimpleData name="行政區">永康區</SimpleData>
	</SchemaData></ExtendedData>
      <MultiGeometry>
        <Polygon>
          <outerBoundaryIs><LinearRing><coordinates>120.2382326,22.9984558 120.2391787,22.9984851 120.2399916,22.9985175 120.2399894,22.9986665 120.2398511,22.9986649 120.2398922,22.9987032 120.2399065,23.0007049 120.2398719,23.0007367 120.2351269,23.0006778 120.2350839,23.0006414 120.2351167,23.0009377 120.2351114,23.0009917 120.2348396,23.0009708 120.2348322,23.0010241 120.234832,23.0010241 120.2347408,23.0002022 120.2346937,22.9997787 120.2345715,22.9986786 120.2344958,22.9986218 120.2344958,22.9986216 120.2349308,22.9986041 120.2352487,22.998608 120.2352346,22.9984641 120.2352347,22.998464 120.2357254,22.9984555 120.23653,22.9984668 120.2369786,22.998474 120.2378802,22.9984668 120.2379602,22.9984677 120.2382326,22.9984558</coordinates></LinearRing></outerBoundaryIs>
        </Polygon>
      </MultiGeometry>
  </Placemark>
  <Placemark>
	<Style><LineStyle><color>ff0000ff</color></LineStyle><PolyStyle><fill>0</fill></PolyStyle></Style>
	<ExtendedData><SchemaData schemaUrl="#114SEC_DKTBLPD">
		<SimpleData name="段碼">9125</SimpleData>
		<SimpleData name="段名">兵南段</SimpleData>
		<SimpleData name="行政區">永康區</SimpleData>
	</SchemaData></ExtendedData>
      <MultiGeometry>
        <Polygon>
          <outerBoundaryIs><LinearRing><coordinates>120.2352343,22.9984597 120.2352489,22.9986081 120.2352488,22.9986082 120.2349308,22.9986042 120.2344961,22.9986215 120.2345717,22.9986783 120.2348506,23.0011902 120.234938,23.0019674 120.2350999,23.0035187 120.2351146,23.0036541 120.2351697,23.0041442 120.2351742,23.0041777 120.2351935,23.0043553 120.2351934,23.0043554 120.2351485,23.0043206 120.2335565,23.0044263 120.2328037,23.0044772 120.2328036,23.0044771 120.2328178,23.004306 120.2328916,23.0034152 120.2328942,23.0032801 120.2328658,23.0024639 120.23284,23.0023763 120.2328218,23.0023171 120.2328174,23.0022995 120.2327335,23.0017765 120.2327044,23.0016445 120.2326307,23.0013901 120.2325913,23.0010693 120.2326047,23.0009809 120.2327026,23.0009041 120.2327684,23.0008187 120.2327734,23.0008154 120.2327924,23.0006711 120.2329078,23.0004965 120.232989,22.9988002 120.2330225,22.9987672 120.2330985,22.9987597 120.2331602,22.9984539 120.2332915,22.9984552 120.2343726,22.9984688 120.2352343,22.9984597</coordinates></LinearRing></outerBoundaryIs>
          <innerBoundaryIs><LinearRing><coordinates>120.2335608,23.0030698 120.2335574,23.0030703 120.2335576,23.0030708 120.2335608,23.0030698</coordinates></LinearRing></innerBoundaryIs>
        </Polygon>
      </MultiGeometry>
  </Placemark>
  <Placemark>
	<Style><LineStyle><color>ff0000ff</color></LineStyle><PolyStyle><fill>0</fill></PolyStyle></Style>
	<ExtendedData><SchemaData schemaUrl="#114SEC_DKTBLPD">
		<SimpleData name="段碼">9126</SimpleData>
		<SimpleData name="段名">勝利段</SimpleData>
		<SimpleData name="行政區">永康區</SimpleData>
	</SchemaData></ExtendedData>
      <MultiGeometry>
        <Polygon>
          <outerBoundaryIs><LinearRing><coordinates>120.2309419,23.0006082 120.231153,23.0006767 120.231172,23.0006674 120.2312428,23.0006842 120.231508,23.0007345 120.2318198,23.0007607 120.2319192,23.0007902 120.2319874,23.0008092 120.2320771,23.0008337 120.2321811,23.0008624 120.2324653,23.0009164 120.2324942,23.0009457 120.2326049,23.0009809 120.2325915,23.0010693 120.23263,23.0013871 120.2327046,23.0016445 120.2327337,23.0017765 120.2328176,23.0022994 120.232822,23.0023171 120.2328402,23.0023763 120.232866,23.0024639 120.2328944,23.0032801 120.2328918,23.0034152 120.2328037,23.0044772 120.2326645,23.0044865 120.2318563,23.0045395 120.2311721,23.004585 120.2309503,23.0045992 120.230334,23.0046399 120.230331,23.0046039 120.2298402,23.0046357 120.2296728,23.0041365 120.2296629,23.0040875 120.2296457,23.004069 120.2296367,23.0040587 120.2296278,23.0040483 120.2296192,23.0040377 120.2296107,23.004027 120.2296025,23.0040162 120.2295944,23.0040052 120.2295866,23.0039941 120.2295734,23.0039744 120.2295403,23.0039761 120.229483,23.0037769 120.2292071,23.003314 120.2291736,23.0032156 120.2292063,23.0029869 120.2291866,23.0029286 120.2290189,23.0026344 120.2289056,23.0024776 120.2288927,23.0023427 120.2285955,23.0019509 120.2284672,23.0018901 120.2283761,23.0019275 120.2283441,23.0019032 120.2282962,23.0018244 120.228295,23.0018206 120.2282945,23.0018171 120.22828,23.0017938 120.2282847,23.0016906 120.2282828,23.0016145 120.2282829,23.0016144 120.2284131,23.0016283 120.2284304,23.0015919 120.2285457,23.0015731 120.2287207,23.0015163 120.2294953,23.0013242 120.2297899,23.0010766 120.2300119,23.0009217 120.230253,23.0007153 120.2306207,23.0006978 120.2309419,23.0006082</coordinates></LinearRing></outerBoundaryIs>
        </Polygon>
      </MultiGeometry>
  </Placemark>
  <Placemark>
	<Style><LineStyle><color>ff0000ff</color></LineStyle><PolyStyle><fill>0</fill></PolyStyle></Style>
	<ExtendedData><SchemaData schemaUrl="#114SEC_DKTBLPD">
		<SimpleData name="段碼">9128</SimpleData>
		<SimpleData name="段名">頂東段</SimpleData>
		<SimpleData name="行政區">永康區</SimpleData>
	</SchemaData></ExtendedData>
      <MultiGeometry>
        <Polygon>
          <outerBoundaryIs><LinearRing><coordinates>120.2301667,23.0237453 120.2321588,23.024953 120.233644,23.0258549 120.2337535,23.0258556 120.2367788,23.0276584 120.2366862,23.0278253 120.2366817,23.027967 120.236663,23.0280341 120.2366468,23.0282137 120.2366052,23.028353 120.2364868,23.0285714 120.2364442,23.0286304 120.2363671,23.0286193 120.2363681,23.0286737 120.2363679,23.0286737 120.2363609,23.0286653 120.2363519,23.0286554 120.2363423,23.028646 120.2363322,23.028637 120.2363217,23.0286286 120.2363106,23.0286206 120.2362992,23.0286133 120.23629,23.0286079 120.2343045,23.0275055 120.2340568,23.0273686 120.2338868,23.0272736 120.2319326,23.0261888 120.2303978,23.0275422 120.2303941,23.027545 120.2303891,23.0275483 120.2303838,23.0275511 120.2303795,23.0275531 120.2303749,23.0275547 120.2303691,23.0275564 120.2303632,23.0275576 120.2303584,23.0275582 120.2303523,23.0275585 120.2303475,23.0275584 120.2303426,23.027558 120.2303378,23.0275572 120.2303319,23.0275559 120.2303273,23.0275545 120.2303228,23.0275528 120.2303173,23.0275502 120.2304424,23.0276274 120.2304425,23.0276276 120.2303556,23.0277042 120.2302231,23.0276225 120.2302268,23.0276256 120.2302305,23.0276292 120.2302336,23.0276331 120.2302364,23.0276374 120.2302386,23.0276419 120.2302403,23.0276465 120.2302416,23.0276521 120.2302421,23.027657 120.2302421,23.027662 120.2302415,23.0276669 120.2302401,23.0276725 120.2302384,23.0276771 120.2302361,23.0276816 120.2302333,23.0276858 120.2302301,23.0276897 120.2302264,23.0276933 120.2288956,23.0288667 120.2288915,23.0288698 120.2288862,23.0288731 120.2288805,23.0288759 120.2288756,23.0288777 120.2288705,23.0288792 120.2288653,23.0288802 120.2288589,23.0288809 120.2288536,23.028881 120.2288483,23.0288807 120.228843,23.0288799 120.2288378,23.0288788 120.2288318,23.0288768 120.2288269,23.0288747 120.2288214,23.0288717 120.2288171,23.0288689 120.2288129,23.0288655 120.228727,23.0289392 120.2287308,23.0289429 120.2287345,23.0289473 120.2287376,23.028952 120.2287398,23.0289561 120.2287419,23.0289613 120.2287434,23.0289666 120.2287443,23.0289721 120.2287446,23.0289776 120.2287443,23.0289831 120.2287435,23.0289876 120.228742,23.028993 120.22874,23.0289982 120.2287373,23.0290031 120.2287341,23.0290078 120.2287304,23.0290121 120.228727,23.0290155 120.2264887,23.030989 120.226485,23.030992 120.2264811,23.0309948 120.2264769,23.0309974 120.2264715,23.0310002 120.2264658,23.0310026 120.2264611,23.0310041 120.2264562,23.0310054 120.2264501,23.0310065 120.2264451,23.0310071 120.2264401,23.0310073 120.2264351,23.0310072 120.2264289,23.0310066 120.226424,23.0310058 120.226418,23.0310043 120.2264132,23.0310028 120.2264086,23.0310009 120.2264031,23.0309982 120.2263979,23.0309951 120.2263929,23.0309916 120.2263883,23.0309875 120.224383,23.0291051 120.2243832,23.0291049 120.2243859,23.0291074 120.2243888,23.0291095 120.2243934,23.0291125 120.2243958,23.0291137 120.2243992,23.0291153 120.2244017,23.0291163 120.2244053,23.0291174 120.2244088,23.0291183 120.2244116,23.0291188 120.2244152,23.0291193 120.224418,23.0291195 120.2244208,23.0291196 120.2244245,23.0291195 120.2244282,23.0291192 120.224431,23.0291188 120.2244346,23.029118 120.2244373,23.0291173 120.2244408,23.0291161 120.2244434,23.0291151 120.2244459,23.029114 120.2244491,23.0291123 120.2244544,23.0291088 120.2244592,23.0291048 120.2244635,23.0291002 120.2244651,23.0290981 120.2244671,23.0290952 120.22447,23.0290898 120.2250715,23.0275956 120.225089,23.0275528 120.2251017,23.0275225 120.2252123,23.0272818 120.225235,23.0272368 120.2252565,23.0271954 120.2253516,23.0270232 120.2254318,23.0268906 120.2255511,23.0267107 120.2257294,23.0264721 120.225772,23.0264195 120.2258089,23.0263752 120.2258266,23.0263544 120.2265845,23.0254673 120.2266422,23.0254037 120.2266915,23.0253549 120.2267271,23.0253223 120.2267465,23.0253054 120.2267662,23.0252889 120.2267862,23.0252727 120.2268209,23.0252459 120.2268692,23.0252111 120.2268907,23.0251966 120.2269125,23.0251824 120.2269345,23.0251685 120.2269568,23.025155 120.2269924,23.0251345 120.2270483,23.0251048 120.2270717,23.0250931 120.2270954,23.0250819 120.2271193,23.025071 120.2271433,23.0250605 120.2271676,23.0250504 120.2271921,23.0250407 120.2272167,23.0250314 120.2272415,23.0250225 120.2272665,23.025014 120.2272916,23.0250059 120.2273169,23.0249982 120.2273423,23.0249909 120.2273679,23.0249841 120.2273936,23.0249776 120.2274194,23.0249716 120.2274453,23.0249659 120.2274713,23.0249607 120.2274974,23.0249559 120.2275236,23.0249516 120.2275498,23.0249477 120.2275929,23.0249421 120.2286403,23.024822 120.2286832,23.0248017 120.2287214,23.0247687 120.2288223,23.0246914 120.2288681,23.0246405 120.2289876,23.0245761 120.2291349,23.0244727 120.2292138,23.0244124 120.2293298,23.024323 120.229512,23.0241791 120.2296997,23.0240891 120.2301667,23.0237453</coordinates></LinearRing></outerBoundaryIs>
        </Polygon>
      </MultiGeometry>
  </Placemark>
  <Placemark>
	<Style><LineStyle><color>ff0000ff</color></LineStyle><PolyStyle><fill>0</fill></PolyStyle></Style>
	<ExtendedData><SchemaData schemaUrl="#114SEC_DKTBLPD">
		<SimpleData name="段碼">9129</SimpleData>
		<SimpleData name="段名">頂中段</SimpleData>
		<SimpleData name="行政區">永康區</SimpleData>
	</SchemaData></ExtendedData>
      <MultiGeometry>
        <Polygon>
          <outerBoundaryIs><LinearRing><coordinates>120.2254125,23.0204957 120.2255772,23.0206407 120.2260155,23.0209852 120.2259889,23.0210299 120.2263975,23.0213578 120.2266281,23.0215169 120.2274927,23.0220237 120.2277485,23.0221757 120.2283149,23.0225149 120.2289366,23.0228844 120.22971,23.0233213 120.22971,23.0233215 120.2294531,23.0233302 120.2301668,23.0237455 120.2301668,23.0237457 120.2296998,23.0240894 120.2295121,23.0241794 120.2293299,23.0243233 120.2292139,23.0244127 120.2291351,23.024473 120.2289877,23.0245764 120.2288682,23.0246408 120.2288224,23.0246917 120.2287215,23.024769 120.2286833,23.024802 120.2286403,23.0248224 120.2275764,23.0249444 120.2275406,23.0249493 120.2274974,23.0249563 120.2274505,23.0249652 120.2273937,23.0249779 120.2273347,23.0249934 120.2272916,23.0250062 120.2272429,23.0250224 120.2272171,23.0250316 120.2272024,23.0250371 120.2271838,23.0250443 120.2271615,23.0250533 120.2271194,23.0250713 120.2270656,23.0250965 120.2270481,23.0251052 120.2270272,23.025116 120.2270086,23.0251259 120.2269925,23.0251348 120.2269569,23.0251554 120.2269346,23.0251688 120.2269126,23.0251827 120.2268908,23.0251969 120.2268694,23.0252114 120.2268211,23.0252462 120.2267864,23.025273 120.2267664,23.0252892 120.2267466,23.0253057 120.2267272,23.0253226 120.2266916,23.0253552 120.2266423,23.025404 120.2265846,23.0254676 120.2258267,23.0263547 120.2258091,23.0263755 120.2257721,23.0264198 120.225722,23.0264818 120.2256965,23.0265142 120.2256763,23.0265402 120.2256663,23.0265533 120.2256207,23.0266141 120.2255963,23.0266475 120.225575,23.0266773 120.2255513,23.0267109 120.2255276,23.0267453 120.225509,23.0267726 120.2254805,23.0268154 120.225432,23.0268909 120.225413,23.0269213 120.2253967,23.0269479 120.2252566,23.0271956 120.2252352,23.0272371 120.2252086,23.02729 120.2251019,23.0275227 120.2250867,23.0275591 120.2250717,23.0275959 120.2244702,23.0290901 120.2244682,23.0290939 120.2244663,23.0290969 120.2244636,23.0291005 120.2244613,23.0291031 120.224458,23.0291063 120.2244552,23.0291086 120.2244523,23.0291107 120.2244484,23.029113 120.2244443,23.0291151 120.2244409,23.0291165 120.2244373,23.0291176 120.2244329,23.0291188 120.2244292,23.0291194 120.2244245,23.0291199 120.2244199,23.02912 120.2244162,23.0291198 120.2244115,23.0291192 120.224407,23.0291182 120.2244025,23.0291169 120.2243983,23.0291152 120.2243941,23.0291132 120.2243902,23.0291109 120.2243865,23.0291082 120.224383,23.0291052 120.2233545,23.0281397 120.2223327,23.0271983 120.2222934,23.027189 120.2221817,23.0270847 120.2221818,23.0270846 120.2222169,23.0270917 120.2208536,23.0258358 120.2201592,23.0251878 120.2201541,23.0252016 120.2201539,23.0252016 120.2201034,23.0251561 120.220261,23.0247657 120.2202547,23.0246665 120.2201705,23.0245993 120.2201486,23.0245928 120.2201485,23.0245926 120.2202545,23.0244102 120.2203998,23.0240641 120.2205361,23.023735 120.2207527,23.0237761 120.2207659,23.0237689 120.220994,23.0237973 120.2209977,23.0237525 120.2210286,23.0237509 120.2211909,23.0236036 120.2213014,23.0235058 120.2214303,23.023393 120.2214977,23.0233327 120.2216112,23.0232338 120.221799,23.0230889 120.2218936,23.0230498 120.221869,23.0229616 120.2218701,23.0228038 120.2218312,23.0227766 120.2218312,23.0227765 120.2224941,23.0225958 120.2227677,23.0224866 120.222813,23.0225035 120.2230991,23.0231317 120.223084,23.0231745 120.2234622,23.0229649 120.223532,23.0230105 120.2240733,23.0227106 120.2240859,23.0226666 120.2243237,23.0225635 120.2244291,23.0225097 120.2245948,23.0223771 120.2246468,23.0222783 120.2245832,23.0222772 120.2245831,23.0222771 120.2245833,23.0222755 120.224201,23.0222631 120.2242009,23.0222629 120.2242067,23.0222426 120.2246229,23.0207547 120.2246745,23.0207669 120.2247343,23.0207756 120.2248171,23.0207678 120.2248385,23.0207692 120.2249368,23.0207604 120.2250147,23.020723 120.2254125,23.0204957</coordinates></LinearRing></outerBoundaryIs>
        </Polygon>
      </MultiGeometry>
  </Placemark>
  <Placemark>
	<Style><LineStyle><color>ff0000ff</color></LineStyle><PolyStyle><fill>0</fill></PolyStyle></Style>
	<ExtendedData><SchemaData schemaUrl="#114SEC_DKTBLPD">
		<SimpleData name="段碼">9130</SimpleData>
		<SimpleData name="段名">頂南段</SimpleData>
		<SimpleData name="行政區">永康區</SimpleData>
	</SchemaData></ExtendedData>
      <MultiGeometry>
        <Polygon>
          <outerBoundaryIs><LinearRing><coordinates>120.2233373,23.0178581 120.2238552,23.0185791 120.2240452,23.0188413 120.2242207,23.0190652 120.2244542,23.0193419 120.224646,23.0196427 120.2248444,23.0198918 120.22503,23.0200987 120.2252932,23.0203907 120.2254126,23.0204958 120.2254126,23.0204959 120.2250148,23.0207232 120.2249369,23.0207606 120.2248385,23.0207695 120.2248171,23.020768 120.2247343,23.0207758 120.2246745,23.0207671 120.2246231,23.0207548 120.2242069,23.0222426 120.2242011,23.0222629 120.2245834,23.0222753 120.2245835,23.0222754 120.2245833,23.022277 120.2246469,23.0222782 120.224647,23.0222783 120.2245949,23.0223773 120.2244287,23.0225103 120.2243237,23.0225637 120.224086,23.0226668 120.2240734,23.0227107 120.2235321,23.0230107 120.2234623,23.0229652 120.223388,23.0230063 120.2233327,23.0230375 120.2232112,23.0231043 120.2230839,23.0231748 120.2230838,23.0231747 120.2230989,23.0231318 120.2228128,23.0225036 120.2227676,23.0224868 120.2224941,23.022596 120.2219779,23.0227368 120.2218313,23.0227768 120.2218312,23.0227767 120.2218225,23.0226661 120.2218518,23.02263 120.221852,23.0226135 120.2218751,23.0226085 120.221866,23.021803 120.2218477,23.0218034 120.2218455,23.0217988 120.2218426,23.0217932 120.2218393,23.0217878 120.2218349,23.0217815 120.2217016,23.0216006 120.2216845,23.0215771 120.2216681,23.0215744 120.2216373,23.0215704 120.2214913,23.0213591 120.2214672,23.0213744 120.2214671,23.0213743 120.2214779,23.0213211 120.221182,23.0209195 120.2211768,23.0209121 120.2210928,23.0207984 120.2210686,23.0208219 120.220112,23.0207782 120.2201121,23.0207584 120.2200733,23.020754 120.2200731,23.0207764 120.220073,23.0207764 120.2199048,23.0207687 120.2195974,23.0207372 120.2195672,23.0207016 120.2196625,23.0200365 120.2197011,23.0200092 120.2195558,23.0199905 120.2190866,23.0199295 120.2190063,23.0199254 120.2190062,23.0198757 120.2189706,23.0198746 120.2189713,23.0199458 120.2189711,23.0199459 120.2189408,23.0199106 120.2189041,23.0199058 120.2184595,23.0198489 120.2178962,23.0197763 120.2178594,23.019806 120.2177863,23.0197939 120.2177846,23.0197896 120.2177836,23.0197833 120.2177597,23.0197627 120.217748,23.0197619 120.2177488,23.019652 120.2177637,23.0193228 120.2177689,23.019246 120.217776,23.0191289 120.2177725,23.0191286 120.2177929,23.0186772 120.2177163,23.018613 120.2176021,23.0186496 120.2175893,23.0186154 120.2176832,23.0185852 120.2176415,23.0185502 120.2175962,23.0185066 120.2175559,23.0184561 120.2175423,23.0184312 120.2175293,23.0184035 120.2175223,23.0183821 120.2175207,23.0183618 120.2175212,23.0183507 120.2177645,23.0182724 120.2178598,23.0182737 120.2179019,23.0182702 120.2179821,23.0182583 120.2181128,23.0182244 120.2181744,23.0182061 120.2183268,23.0181727 120.2184146,23.0181425 120.2184595,23.0181243 120.2186765,23.0180092 120.2187949,23.017972 120.2188984,23.0179528 120.2190918,23.01793 120.2191648,23.0179249 120.2192037,23.0179254 120.2192677,23.0179378 120.2194297,23.0180116 120.2194922,23.0180567 120.2195341,23.0180916 120.2196145,23.0181756 120.21965,23.0182182 120.2197209,23.0183196 120.2198019,23.0184631 120.2198604,23.0186021 120.2198794,23.0186353 120.2199825,23.0187689 120.2205528,23.0188962 120.2206001,23.0188826 120.2207059,23.0188765 120.221113,23.0189065 120.2211985,23.0189495 120.2212114,23.0189403 120.2215001,23.0190814 120.2215246,23.0191137 120.2215526,23.0191279 120.2215614,23.0191636 120.2218054,23.0194948 120.2218551,23.0194643 120.2220353,23.0193507 120.2221207,23.0194657 120.2221681,23.01953 120.2222769,23.019514 120.2223302,23.0195577 120.2222063,23.01939 120.2222154,23.0193456 120.2224947,23.0191695 120.2226726,23.0189726 120.222766,23.0189136 120.2227574,23.0187108 120.2227445,23.0186014 120.2228082,23.0184338 120.2228084,23.0184338 120.2229068,23.0185679 120.2229245,23.0185279 120.2228243,23.0183916 120.2228735,23.0182929 120.2229787,23.0181634 120.2230328,23.0180556 120.2230555,23.0180465 120.2230693,23.0180407 120.223095,23.0180293 120.2231078,23.0180232 120.2231205,23.0180169 120.2231331,23.0180104 120.2231455,23.0180037 120.2231578,23.0179968 120.22317,23.0179897 120.223182,23.0179824 120.2231939,23.0179749 120.2232056,23.0179673 120.2232173,23.0179594 120.2232287,23.0179514 120.22324,23.0179431 120.2232512,23.0179347 120.2232621,23.0179261 120.223273,23.0179174 120.2232836,23.0179084 120.2232941,23.0178993 120.2233044,23.01789 120.2233145,23.0178806 120.2233373,23.0178581</coordinates></LinearRing></outerBoundaryIs>
        </Polygon>
      </MultiGeometry>
  </Placemark>
  <Placemark>
	<Style><LineStyle><color>ff0000ff</color></LineStyle><PolyStyle><fill>0</fill></PolyStyle></Style>
	<ExtendedData><SchemaData schemaUrl="#114SEC_DKTBLPD">
		<SimpleData name="段碼">9131</SimpleData>
		<SimpleData name="段名">頂安段</SimpleData>
		<SimpleData name="行政區">永康區</SimpleData>
	</SchemaData></ExtendedData>
      <MultiGeometry>
        <Polygon>
          <outerBoundaryIs><LinearRing><coordinates>120.2163868,23.0189982 120.2164696,23.0190083 120.2165211,23.0190142 120.2166012,23.0190402 120.2166459,23.0190626 120.2167322,23.0190185 120.2170154,23.0193316 120.2170586,23.0196104 120.2171335,23.0196183 120.2171482,23.019619 120.2171476,23.01967 120.2171508,23.0197548 120.2171507,23.0197549 120.2171208,23.0197535 120.2170264,23.0197435 120.2170246,23.019745 120.2170385,23.0197882 120.2170646,23.0197871 120.2171184,23.0198864 120.2171365,23.0199122 120.2171664,23.0199412 120.2172039,23.0199659 120.217291,23.0200094 120.2173569,23.0200473 120.2174479,23.0200861 120.2175412,23.0201122 120.2176235,23.0201144 120.2176676,23.0201013 120.2176896,23.020102 120.2177115,23.0200621 120.2177633,23.0199018 120.2177853,23.0197913 120.2177854,23.0197913 120.2177864,23.0197937 120.2178594,23.0198058 120.2178962,23.0197762 120.2184921,23.0198529 120.218866,23.0199007 120.2189408,23.0199104 120.2189711,23.0199456 120.2189704,23.0198745 120.2189705,23.0198744 120.2190063,23.0198756 120.2190064,23.0199252 120.2190866,23.0199294 120.2195558,23.0199903 120.2197014,23.0200091 120.2197014,23.0200092 120.2196627,23.0200365 120.2195674,23.0207016 120.2195974,23.020737 120.2199048,23.0207685 120.2200729,23.0207763 120.2200731,23.0207539 120.2200732,23.0207538 120.2201122,23.0207582 120.2201121,23.0207781 120.2210686,23.0208217 120.2210928,23.0207982 120.2210929,23.0207982 120.2211266,23.0208439 120.2211281,23.0208427 120.2211283,23.0208427 120.2211822,23.0209194 120.2214781,23.021321 120.2214673,23.0213741 120.2214913,23.0213589 120.2214914,23.021359 120.2216374,23.0215702 120.2216681,23.0215742 120.2216847,23.021577 120.2217018,23.0216005 120.2218351,23.0217814 120.2218383,23.0217859 120.2218417,23.0217913 120.2218448,23.0217968 120.2218478,23.0218032 120.2218661,23.0218028 120.2218662,23.0218029 120.2218753,23.0226105 120.2218521,23.0226136 120.221852,23.02263 120.2218227,23.022666 120.2218314,23.0227765 120.2218703,23.0228038 120.2218692,23.0229617 120.2218938,23.02305 120.2217991,23.0230891 120.2216113,23.023234 120.2214978,23.0233329 120.2214304,23.0233932 120.2213016,23.023506 120.2211911,23.0236038 120.2210287,23.0237511 120.2209979,23.0237526 120.2209941,23.0237974 120.220994,23.0237975 120.2207659,23.0237691 120.2207527,23.0237763 120.2205362,23.0237351 120.2204,23.0240642 120.2202547,23.0244103 120.2201488,23.0245927 120.2201706,23.0245992 120.2202549,23.0246664 120.2202612,23.0247658 120.2201095,23.0251413 120.2201094,23.0251414 120.2189522,23.0240615 120.2185656,23.0237496 120.2185563,23.0237626 120.2185562,23.0237627 120.2181167,23.0234141 120.2181166,23.023414 120.2181329,23.0233974 120.2181272,23.0233944 120.2181201,23.0233901 120.218115,23.0233866 120.2181093,23.0233821 120.2163948,23.0219908 120.2163873,23.0219842 120.2163821,23.0219791 120.2163788,23.0219756 120.2163741,23.0219701 120.2163712,23.0219663 120.216367,23.0219604 120.2163645,23.0219564 120.21636,23.0219485 120.2163576,23.0219438 120.2163548,23.0219373 120.2163515,23.0219284 120.216349,23.0219194 120.2163475,23.0219125 120.2163464,23.0219055 120.2163456,23.0218971 120.2162488,23.0202173 120.2161985,23.0198043 120.2161537,23.0195938 120.2160849,23.0192962 120.2161095,23.019277 120.2160955,23.0191999 120.2160956,23.0191998 120.2162435,23.0191831 120.2163868,23.0189982</coordinates></LinearRing></outerBoundaryIs>
        </Polygon>
      </MultiGeometry>
  </Placemark>
  <Placemark>
	<Style><LineStyle><color>ff0000ff</color></LineStyle><PolyStyle><fill>0</fill></PolyStyle></Style>
	<ExtendedData><SchemaData schemaUrl="#114SEC_DKTBLPD">
		<SimpleData name="段碼">9132</SimpleData>
		<SimpleData name="段名">頂溪段</SimpleData>
		<SimpleData name="行政區">永康區</SimpleData>
	</SchemaData></ExtendedData>
      <MultiGeometry>
        <Polygon>
          <outerBoundaryIs><LinearRing><coordinates>120.2163532,23.0219329 120.2163568,23.0219416 120.2163602,23.0219484 120.2163646,23.0219562 120.2163699,23.0219642 120.2163758,23.0219718 120.2163806,23.0219772 120.2163875,23.0219841 120.2163949,23.0219906 120.2181094,23.023382 120.2181151,23.0233864 120.2181219,23.0233911 120.2181273,23.0233942 120.2181331,23.0233973 120.2181331,23.0233974 120.2181169,23.023414 120.2185562,23.0237624 120.2185655,23.0237494 120.2185657,23.0237494 120.2189523,23.0240613 120.2201095,23.0251412 120.2201036,23.0251561 120.2201539,23.0252014 120.2201591,23.0251876 120.2201592,23.0251876 120.2208537,23.0258357 120.2222173,23.0270918 120.2222172,23.027092 120.2221821,23.0270848 120.2222935,23.0271889 120.2223328,23.0271982 120.2233547,23.0281396 120.2263551,23.0309563 120.2263395,23.0309843 120.2262854,23.0312221 120.2262565,23.0312513 120.2262596,23.0312557 120.2262621,23.0312596 120.226265,23.0312651 120.226267,23.0312693 120.2262692,23.0312751 120.2262706,23.0312795 120.2262721,23.0312854 120.2262729,23.03129 120.2262735,23.031296 120.2262737,23.0313006 120.2262736,23.0313067 120.2262731,23.0313113 120.2262725,23.0313159 120.2262712,23.0313219 120.2262699,23.0313263 120.2262684,23.0313307 120.2262654,23.0313376 120.2260223,23.0318387 120.2251242,23.0330327 120.2251212,23.0330363 120.2251181,23.0330394 120.2251154,23.0330417 120.2251119,23.0330443 120.2251088,23.0330462 120.225104,23.0330486 120.2250999,23.0330503 120.2250955,23.0330516 120.2250911,23.0330525 120.2250866,23.0330532 120.225083,23.0330534 120.2250784,23.0330533 120.2250739,23.0330529 120.2250703,23.0330523 120.2250659,23.0330512 120.2250616,23.0330498 120.2250575,23.033048 120.2250536,23.0330459 120.2250498,23.0330435 120.2250463,23.0330408 120.2245039,23.0325342 120.2243931,23.0325845 120.2243148,23.0325114 120.224289,23.0325064 120.2242492,23.032535 120.2242486,23.032571 120.224066,23.0327487 120.223813,23.0325941 120.2237218,23.0326109 120.2236048,23.0325773 120.2233965,23.0323184 120.2233383,23.0321709 120.2231508,23.0318564 120.2221428,23.0321772 120.2220281,23.0320992 120.2219555,23.0321128 120.2215095,23.0315705 120.2208334,23.0304136 120.2203974,23.0294783 120.2198739,23.0282859 120.2196775,23.0275486 120.2195048,23.026853 120.2194891,23.0267859 120.2194669,23.0265101 120.2194223,23.026294 120.2193228,23.026072 120.2191885,23.0258936 120.2191343,23.0258307 120.2190431,23.0257396 120.2188712,23.0256105 120.218771,23.0255517 120.218634,23.0254501 120.2185642,23.0254024 120.2184541,23.0253114 120.2184209,23.0252886 120.2182626,23.0251461 120.2181957,23.0250922 120.2181733,23.025068 120.2181516,23.0250533 120.2177128,23.0248242 120.2174859,23.0246981 120.2173126,23.0246005 120.217292,23.0244808 120.2172504,23.0244595 120.2172288,23.0245085 120.2171833,23.0245686 120.2171329,23.0245922 120.2170996,23.0245989 120.2170732,23.0246 120.2170437,23.0245969 120.2170184,23.0245905 120.2169777,23.0245716 120.2169632,23.0245615 120.2168087,23.0244272 120.2167468,23.0243807 120.2166866,23.0243459 120.2166623,23.0243362 120.2166284,23.0243278 120.2165952,23.024318 120.2165611,23.0243114 120.2165016,23.0243101 120.2164306,23.0243019 120.2163054,23.0242845 120.2162491,23.0242648 120.2162881,23.024145 120.2162511,23.0241366 120.2162126,23.0242545 120.2162124,23.0242545 120.2161314,23.0242207 120.2157594,23.024113 120.215941,23.0234943 120.2160376,23.0231564 120.2162752,23.0223152 120.216369,23.0220031 120.2163532,23.0219329</coordinates></LinearRing></outerBoundaryIs>
        </Polygon>
      </MultiGeometry>
  </Placemark>
  <Placemark>
	<Style><LineStyle><color>ff0000ff</color></LineStyle><PolyStyle><fill>0</fill></PolyStyle></Style>
	<ExtendedData><SchemaData schemaUrl="#114SEC_DKTBLPD">
		<SimpleData name="段碼">9133</SimpleData>
		<SimpleData name="段名">頂西段</SimpleData>
		<SimpleData name="行政區">永康區</SimpleData>
	</SchemaData></ExtendedData>
      <MultiGeometry>
        <Polygon>
          <outerBoundaryIs><LinearRing><coordinates>120.2147562,23.0185517 120.2147835,23.0185615 120.2148205,23.018583 120.2148409,23.0186117 120.2149368,23.0188556 120.2150503,23.0190614 120.2150827,23.019141 120.2150918,23.0191772 120.2151226,23.01932 120.2151303,23.0193831 120.2151305,23.0194412 120.2151463,23.0195251 120.2151744,23.0196015 120.2152284,23.0196764 120.2156237,23.0196561 120.2157405,23.0195728 120.2157283,23.019522 120.2157284,23.0195218 120.2158058,23.0195183 120.2158989,23.0194408 120.2160849,23.0192962 120.2160851,23.0192962 120.2161743,23.0196818 120.2161987,23.0198043 120.216249,23.0202173 120.2163458,23.021897 120.2163466,23.0219055 120.2163481,23.0219148 120.2163504,23.0219239 120.2163533,23.021933 120.2163509,23.0219684 120.2163648,23.0220178 120.2162754,23.0223153 120.2161345,23.0228141 120.2160382,23.0231565 120.2159696,23.0233949 120.2159412,23.0234943 120.2157595,23.0241131 120.2157594,23.0241131 120.2155918,23.0239964 120.2153624,23.0239147 120.2150196,23.0237867 120.2145593,23.0236288 120.214524,23.0236009 120.2145039,23.0235703 120.2144991,23.0235523 120.21444,23.0235535 120.2144385,23.0235701 120.2144137,23.0235984 120.2143363,23.0236249 120.2142743,23.0236272 120.2140447,23.0235847 120.2138569,23.0235629 120.213696,23.0235555 120.2136391,23.023523 120.2135833,23.0234647 120.2135901,23.0233724 120.213529,23.0233493 120.213473,23.0234193 120.2133921,23.0234638 120.2131237,23.0234315 120.2128537,23.0234136 120.2127032,23.0233305 120.2126234,23.0232219 120.2125736,23.0232984 120.2116526,23.0232474 120.2114149,23.02323 120.2110545,23.0231754 120.2101988,23.02304 120.2101285,23.0230322 120.2096052,23.0229791 120.2096051,23.022979 120.2097749,23.0227952 120.2097224,23.0226156 120.2098402,23.0225341 120.2100785,23.0223549 120.2101135,23.0223416 120.2103663,23.022218 120.2105452,23.0221263 120.2108141,23.0219933 120.2113467,23.0217084 120.2115422,23.0216075 120.2116389,23.0215563 120.21178,23.021517 120.2120145,23.0214287 120.2122015,23.0213577 120.2124829,23.0211633 120.2124712,23.0211203 120.2125962,23.0210129 120.2126722,23.0208926 120.2126864,23.0208603 120.2127877,23.0207444 120.213065,23.0202823 120.2133205,23.0201865 120.2134109,23.0201425 120.2135221,23.020078 120.2136462,23.0200517 120.2136584,23.0199988 120.2136621,23.0199125 120.2136136,23.0196776 120.2136001,23.0196055 120.2136242,23.0195081 120.2136309,23.0195015 120.2136452,23.0194815 120.2139521,23.0193467 120.2141271,23.0190779 120.214236,23.0189786 120.2143178,23.018909 120.2143629,23.0188693 120.2144502,23.0187625 120.2145479,23.0186667 120.21466,23.0185666 120.2146929,23.0185551 120.2147257,23.0185521 120.2147562,23.0185517</coordinates></LinearRing></outerBoundaryIs>
        </Polygon>
      </MultiGeometry>
  </Placemark>
  <Placemark>
	<Style><LineStyle><color>ff0000ff</color></LineStyle><PolyStyle><fill>0</fill></PolyStyle></Style>
	<ExtendedData><SchemaData schemaUrl="#114SEC_DKTBLPD">
		<SimpleData name="段碼">9134</SimpleData>
		<SimpleData name="段名">鹽東段</SimpleData>
		<SimpleData name="行政區">永康區</SimpleData>
	</SchemaData></ExtendedData>
      <MultiGeometry>
        <Polygon>
          <outerBoundaryIs><LinearRing><coordinates>120.2462953,23.0331633 120.2464496,23.0332597 120.2468729,23.0335512 120.2470568,23.033667 120.247422,23.0339111 120.2482217,23.0345131 120.2487127,23.0349104 120.2491495,23.0352661 120.250508,23.036393 120.2509113,23.03672 120.2510008,23.036792 120.251096,23.0368698 120.2517814,23.0374257 120.2518983,23.0372694 120.2518984,23.0372694 120.2562902,23.040829 120.2562902,23.0408291 120.2561274,23.0409727 120.257185,23.041852 120.2571255,23.0420184 120.2570895,23.0420713 120.2570359,23.0420992 120.2569952,23.0421036 120.25689,23.0420734 120.2568335,23.0420586 120.2567767,23.0420447 120.2567196,23.0420317 120.2565808,23.0420042 120.2564893,23.0419892 120.2563713,23.0419733 120.256337,23.0419694 120.2563079,23.0419664 120.2561977,23.0419571 120.2560883,23.0419511 120.2541934,23.0418769 120.2538015,23.0418678 120.2538427,23.0419059 120.2538426,23.041906 120.2509651,23.0418031 120.2509368,23.0417965 120.2484226,23.0416967 120.2475593,23.0416711 120.2465115,23.0416321 120.2465114,23.0416319 120.2466054,23.0415838 120.2465489,23.0415818 120.2465438,23.0415811 120.2465389,23.0415801 120.2465351,23.041579 120.2465303,23.0415772 120.2463564,23.0415753 120.2386363,23.0413129 120.2385603,23.0413103 120.2385212,23.0413087 120.2384878,23.0413069 120.2384596,23.0413052 120.2384286,23.041303 120.2384002,23.0413007 120.2383888,23.0412998 120.2383321,23.0412945 120.2382802,23.0412888 120.2382554,23.0412858 120.2382254,23.0412819 120.2381723,23.0412744 120.2381223,23.0412666 120.2381001,23.0412629 120.2380703,23.0412577 120.237995,23.0412434 120.2379466,23.0412332 120.2379316,23.04123 120.2378969,23.0412221 120.2378637,23.0412142 120.2378305,23.041206 120.2377976,23.0411975 120.2377514,23.0411851 120.2377109,23.0411735 120.237682,23.041165 120.237659,23.041158 120.2376197,23.0411456 120.2376169,23.0411446 120.2376134,23.0411432 120.2376085,23.0411407 120.2376039,23.0411376 120.2376018,23.041136 120.237599,23.0411336 120.2375959,23.0411304 120.2375925,23.0411262 120.2375896,23.0411217 120.2375873,23.041117 120.2375855,23.041112 120.2375844,23.0411078 120.2375837,23.0411035 120.2375835,23.0410983 120.2375838,23.0410931 120.2375845,23.0410888 120.2375857,23.0410845 120.2375875,23.0410802 120.2375901,23.0410753 120.2375927,23.0410714 120.2375957,23.0410677 120.2375992,23.0410641 120.2382275,23.0404796 120.2383526,23.0403691 120.2383552,23.0403641 120.2383585,23.040359 120.2383618,23.040355 120.2383658,23.0403509 120.2388934,23.03986 120.2388975,23.0398565 120.2389008,23.0398542 120.2389042,23.0398521 120.2389087,23.0398498 120.2389124,23.0398482 120.2389172,23.0398465 120.2389222,23.0398453 120.2389259,23.0398446 120.239016,23.0397626 120.2390168,23.0397588 120.2390179,23.0397552 120.2390196,23.0397508 120.2390217,23.0397465 120.2390237,23.0397432 120.239026,23.0397401 120.2390284,23.0397371 120.2390318,23.0397336 120.2392941,23.0394983 120.2392983,23.0394951 120.2393019,23.0394928 120.2393056,23.0394908 120.2393105,23.0394886 120.2393145,23.0394871 120.2393197,23.0394856 120.239325,23.0394846 120.2393298,23.039484 120.2394601,23.0393494 120.2401399,23.0387395 120.2402789,23.038612 120.2405752,23.0383345 120.2407281,23.0381965 120.2407301,23.0381926 120.2407334,23.0381877 120.2407365,23.0381837 120.2407404,23.0381798 120.2418302,23.0371591 120.2418333,23.0371564 120.2418362,23.0371542 120.24184,23.0371518 120.2418432,23.0371501 120.2418466,23.0371486 120.2418509,23.0371471 120.2418553,23.0371459 120.2418599,23.0371451 120.2419697,23.0370434 120.2419791,23.0370333 120.2419803,23.037029 120.2419818,23.0370249 120.2419835,23.0370209 120.2419856,23.0370171 120.2419879,23.0370134 120.2419905,23.0370098 120.2419934,23.0370065 120.2419968,23.037003 120.2426262,23.0364136 120.2426309,23.0364097 120.2426354,23.0364066 120.2426404,23.0364041 120.2426456,23.0364019 120.2427937,23.0362591 120.2438372,23.035314 120.2451133,23.0341585 120.2453251,23.0340425 120.24569,23.0337121 120.2462953,23.0331633</coordinates></LinearRing></outerBoundaryIs>
        </Polygon>
      </MultiGeometry>
  </Placemark>
  <Placemark>
	<Style><LineStyle><color>ff0000ff</color></LineStyle><PolyStyle><fill>0</fill></PolyStyle></Style>
	<ExtendedData><SchemaData schemaUrl="#114SEC_DKTBLPD">
		<SimpleData name="段碼">9135</SimpleData>
		<SimpleData name="段名">鹽西段</SimpleData>
		<SimpleData name="行政區">永康區</SimpleData>
	</SchemaData></ExtendedData>
      <MultiGeometry>
        <Polygon>
          <outerBoundaryIs><LinearRing><coordinates>120.2302195,23.0276201 120.2303555,23.027704 120.2304899,23.0277772 120.2308946,23.0280369 120.2327565,23.029187 120.2327609,23.0291899 120.2327645,23.0291929 120.2327678,23.0291962 120.2327708,23.0291997 120.2327734,23.0292034 120.2327761,23.0292082 120.2327779,23.0292123 120.2327794,23.0292166 120.2327802,23.0292201 120.2327807,23.0292227 120.2327811,23.0292263 120.2327812,23.029229 120.2327811,23.0292325 120.2327808,23.0292352 120.2327799,23.0292405 120.2327792,23.0292431 120.2327781,23.0292465 120.2327759,23.0292515 120.2327746,23.0292539 120.2327726,23.029257 120.2327689,23.0292618 120.2312826,23.0309627 120.2312792,23.0309663 120.2312749,23.03097 120.2312702,23.0309732 120.231266,23.0309756 120.2312608,23.0309779 120.2312553,23.0309797 120.2312505,23.0309808 120.2312448,23.0309816 120.2312389,23.0309819 120.2312341,23.0309817 120.2312283,23.0309809 120.2312236,23.0309798 120.2312181,23.030978 120.2312128,23.0309757 120.2312086,23.0309734 120.2312041,23.0309704 120.231371,23.0311181 120.2352712,23.0345874 120.2352747,23.0345903 120.235278,23.0345926 120.2352814,23.0345947 120.235285,23.0345965 120.2352887,23.0345981 120.2352925,23.0345995 120.2352964,23.0346006 120.2353004,23.0346015 120.2353044,23.0346021 120.2353085,23.0346025 120.2353126,23.0346026 120.2353167,23.0346024 120.2353208,23.0346019 120.2353248,23.0346012 120.2353287,23.0346003 120.2353328,23.034599 120.2354426,23.0346572 120.2354426,23.0346573 120.2327949,23.0372252 120.2327921,23.0372281 120.232789,23.0372317 120.2327868,23.0372345 120.2327843,23.0372385 120.232782,23.0372426 120.2327805,23.0372457 120.2327787,23.0372501 120.2327777,23.0372534 120.2327765,23.0372579 120.2327759,23.0372613 120.2327753,23.0372659 120.2327751,23.0372705 120.2327753,23.0372751 120.2327758,23.0372797 120.2327764,23.0372831 120.2327775,23.0372876 120.2327785,23.0372909 120.2327802,23.0372952 120.2327822,23.0372994 120.2327839,23.0373025 120.2327864,23.0373065 120.2327893,23.0373103 120.2327916,23.037313 120.2327949,23.0373164 120.2335013,23.0379603 120.2350902,23.0393224 120.2350902,23.0393225 120.2350492,23.0393547 120.2349069,23.0394865 120.2348804,23.0395119 120.234832,23.0394705 120.2348361,23.039475 120.2348396,23.0394796 120.2348427,23.0394845 120.2348457,23.0394906 120.2348481,23.039497 120.2348494,23.0395025 120.23485,23.0395058 120.2348504,23.0395092 120.2348507,23.0395148 120.2348504,23.0395205 120.2348495,23.0395261 120.2348488,23.0395294 120.2348479,23.0395326 120.2348459,23.039538 120.2348434,23.0395431 120.2348405,23.0395481 120.2348371,23.0395527 120.2348325,23.039558 120.2335878,23.0407543 120.2335846,23.0407571 120.2335814,23.0407595 120.2335781,23.0407617 120.2335747,23.0407637 120.2335711,23.0407655 120.2335674,23.040767 120.2335636,23.0407682 120.2335596,23.0407693 120.2335557,23.04077 120.2335516,23.0407705 120.2335476,23.0407708 120.2335446,23.0407708 120.2335405,23.0407706 120.2335375,23.0407702 120.2335345,23.0407697 120.2335305,23.0407689 120.2335267,23.0407678 120.2335236,23.0407667 120.2335201,23.0407652 120.2335165,23.0407634 120.2335131,23.0407614 120.2335098,23.0407592 120.2335074,23.0407574 120.2335047,23.040755 120.2322,23.0395458 120.2320325,23.0393939 120.2302354,23.0377975 120.2302315,23.0377938 120.2302284,23.0377901 120.2302256,23.0377862 120.2302228,23.0377812 120.2302208,23.0377768 120.2302191,23.0377714 120.2302181,23.0377668 120.2302175,23.0377609 120.2301148,23.0376926 120.2288741,23.0366677 120.2287053,23.0365173 120.2269852,23.0348564 120.2268214,23.0347006 120.2250444,23.0330388 120.2250446,23.0330387 120.2250493,23.0330426 120.225053,23.0330451 120.2250577,23.0330476 120.2250626,23.0330497 120.2250678,23.0330513 120.2250713,23.033052 120.225074,23.0330525 120.2250794,23.0330529 120.2250848,23.0330529 120.2250902,23.0330523 120.2250955,23.0330512 120.2250999,23.0330499 120.2251056,23.0330475 120.2251103,23.0330449 120.2251147,23.0330419 120.2251193,23.0330379 120.2251228,23.033034 120.2254623,23.0325827 120.2259708,23.0319074 120.2260221,23.0318385 120.2262652,23.0313373 120.2262682,23.0313304 120.2262697,23.031326 120.226271,23.0313216 120.2262723,23.0313156 120.226273,23.0313111 120.2262734,23.0313065 120.2262735,23.0313004 120.2262732,23.0312943 120.2262727,23.0312898 120.2262719,23.0312853 120.2262704,23.0312793 120.2262691,23.0312749 120.2262668,23.0312692 120.2262649,23.031265 120.2262627,23.0312609 120.2262603,23.0312569 120.2262563,23.0312511 120.2262852,23.0312219 120.2263393,23.0309841 120.2263549,23.0309561 120.2263551,23.0309561 120.2263884,23.0309874 120.2263912,23.0309899 120.226394,23.0309921 120.226397,23.0309942 120.2264,23.0309962 120.2264032,23.030998 120.2264065,23.0309997 120.2264133,23.0310026 120.2264204,23.0310047 120.226424,23.0310056 120.226429,23.0310064 120.2264327,23.0310068 120.2264376,23.0310071 120.2264414,23.0310071 120.2264464,23.0310068 120.2264513,23.0310061 120.2264562,23.0310052 120.226461,23.0310039 120.2264657,23.0310024 120.2264691,23.031001 120.2264736,23.030999 120.2264768,23.0309972 120.226481,23.0309947 120.2264849,23.0309918 120.2264885,23.0309888 120.2287268,23.0290153 120.2287303,23.029012 120.228734,23.0290076 120.2287372,23.029003 120.2287398,23.0289981 120.2287419,23.0289929 120.2287433,23.0289876 120.2287441,23.028983 120.2287444,23.0289776 120.2287441,23.0289721 120.2287432,23.0289666 120.2287417,23.0289613 120.2287396,23.0289562 120.2287374,23.028952 120.2287343,23.0289474 120.2287307,23.028943 120.2287268,23.0289391 120.2288129,23.0288653 120.2288172,23.0288687 120.2288215,23.0288716 120.228827,23.0288745 120.2288318,23.0288766 120.2288379,23.0288786 120.228843,23.0288797 120.2288483,23.0288805 120.2288536,23.0288808 120.2288589,23.0288807 120.2288652,23.02888 120.2288704,23.028879 120.2288765,23.0288772 120.2288814,23.0288752 120.228887,23.0288724 120.2288914,23.0288696 120.2288955,23.0288665 120.2302263,23.0276932 120.2302305,23.0276889 120.2302337,23.027685 120.2302367,23.02768 120.2302388,23.0276755 120.2302404,23.0276708 120.2302416,23.0276652 120.230242,23.0276603 120.2302418,23.0276554 120.2302409,23.0276497 120.2302396,23.027645 120.2302377,23.0276404 120.2302353,23.027636 120.2302319,23.0276312 120.2302286,23.0276274 120.2302248,23.027624 120.230222,23.0276219 120.2302194,23.0276202 120.2302195,23.0276201</coordinates></LinearRing></outerBoundaryIs>
        </Polygon>
      </MultiGeometry>
  </Placemark>
  <Placemark>
	<Style><LineStyle><color>ff0000ff</color></LineStyle><PolyStyle><fill>0</fill></PolyStyle></Style>
	<ExtendedData><SchemaData schemaUrl="#114SEC_DKTBLPD">
		<SimpleData name="段碼">9136</SimpleData>
		<SimpleData name="段名">鹽南段</SimpleData>
		<SimpleData name="行政區">永康區</SimpleData>
	</SchemaData></ExtendedData>
      <MultiGeometry>
        <Polygon>
          <outerBoundaryIs><LinearRing><coordinates>120.2319328,23.0261886 120.2362901,23.0286079 120.2362993,23.0286133 120.2363107,23.0286207 120.2363218,23.0286286 120.2363324,23.0286371 120.2363425,23.028646 120.236352,23.0286554 120.2363611,23.0286653 120.2363679,23.0286736 120.2363669,23.0286194 120.236367,23.0286193 120.2364441,23.0286305 120.2364866,23.0285715 120.236605,23.0283531 120.2366466,23.0282138 120.2366628,23.0280343 120.2366815,23.0279672 120.236686,23.0278254 120.2367787,23.0276587 120.2368483,23.0276609 120.2401549,23.0295885 120.2401624,23.0295829 120.2402132,23.0296097 120.2403073,23.0295581 120.2403583,23.0295881 120.2403324,23.0296608 120.2403541,23.0296778 120.2403408,23.029695 120.2411699,23.0301862 120.2414637,23.0303615 120.2422132,23.0307964 120.2427762,23.0311222 120.2433929,23.0314863 120.2436677,23.031647 120.2440068,23.0318466 120.2440444,23.0318672 120.2447095,23.0322378 120.2454617,23.0326851 120.2462828,23.0331748 120.2462828,23.0331749 120.2456602,23.0337394 120.2453253,23.0340426 120.2451134,23.0341586 120.2439097,23.0352485 120.2438279,23.0351711 120.2438239,23.0351744 120.2438193,23.0351776 120.2438145,23.0351804 120.2438094,23.0351828 120.2438044,23.0351847 120.2437985,23.0351864 120.2437929,23.0351876 120.2437872,23.0351882 120.2437814,23.0351884 120.2437757,23.0351882 120.24377,23.0351875 120.2437644,23.0351863 120.2437589,23.0351847 120.2437536,23.0351826 120.2437485,23.0351801 120.2437436,23.0351772 120.2424715,23.0342946 120.237822,23.0317945 120.2378177,23.031792 120.2378132,23.0317887 120.237809,23.0317849 120.2378053,23.0317807 120.2378025,23.031777 120.2377997,23.0317723 120.2377975,23.0317673 120.237796,23.031763 120.2377949,23.0317577 120.2377943,23.0317532 120.2377943,23.0317478 120.2377947,23.0317433 120.2377957,23.031738 120.237797,23.0317337 120.2377992,23.0317287 120.2378016,23.0317242 120.2376703,23.0318997 120.2368534,23.0329986 120.23672,23.0331774 120.2364991,23.0334726 120.2364638,23.0335194 120.2363406,23.0336782 120.2362107,23.0338381 120.2361333,23.0339301 120.2360158,23.0340651 120.2359161,23.0341757 120.2357534,23.0343488 120.2357367,23.0343661 120.2357137,23.0343898 120.2356722,23.0344319 120.2356372,23.0344671 120.2356021,23.0345022 120.2355549,23.0345486 120.2354426,23.0346575 120.2353327,23.0345994 120.2353277,23.0346009 120.2353238,23.0346018 120.2353208,23.0346023 120.2353146,23.0346029 120.2353085,23.0346029 120.2353024,23.0346022 120.2352964,23.034601 120.2352905,23.0345992 120.2352849,23.0345969 120.2352813,23.034595 120.2352779,23.0345929 120.2352738,23.03459 120.2352711,23.0345878 120.2313709,23.0311184 120.2312008,23.0309679 120.2312009,23.0309678 120.2312033,23.0309697 120.2312063,23.0309719 120.2312112,23.0309749 120.2312155,23.030977 120.2312208,23.030979 120.2312264,23.0309805 120.2312312,23.0309814 120.231237,23.0309819 120.2312428,23.0309818 120.2312486,23.0309812 120.2312543,23.03098 120.2312598,23.0309783 120.2312651,23.030976 120.2312701,23.0309733 120.2312747,23.0309701 120.231279,23.0309664 120.2312825,23.0309628 120.2327687,23.0292619 120.2327724,23.0292571 120.2327744,23.029254 120.2327757,23.0292516 120.2327779,23.0292467 120.232779,23.0292433 120.2327797,23.0292407 120.2327806,23.0292354 120.2327809,23.0292327 120.232781,23.0292292 120.2327809,23.0292265 120.2327805,23.029223 120.2327794,23.0292177 120.2327777,23.0292126 120.2327759,23.0292085 120.2327732,23.0292037 120.2327706,23.0292 120.2327676,23.0291965 120.2327643,23.0291933 120.2327607,23.0291903 120.2327564,23.0291873 120.2308945,23.0280373 120.2304898,23.0277776 120.2303554,23.0277044 120.2303554,23.0277042 120.2304422,23.0276277 120.2303128,23.0275479 120.2303129,23.0275477 120.2303175,23.0275503 120.2303229,23.0275528 120.2303274,23.0275545 120.2303331,23.0275562 120.2303391,23.0275575 120.2303451,23.0275582 120.2303511,23.0275585 120.2303559,23.0275584 120.230362,23.0275578 120.2303679,23.0275567 120.2303726,23.0275555 120.2303783,23.0275535 120.2303837,23.0275511 120.230389,23.0275483 120.2303939,23.0275451 120.2303977,23.0275422 120.2319328,23.0261886</coordinates></LinearRing></outerBoundaryIs>
          <innerBoundaryIs><LinearRing><coordinates>120.2348199,23.0311022 120.234705,23.03127 120.2347719,23.0311739 120.2348199,23.0311022</coordinates></LinearRing></innerBoundaryIs>
          <innerBoundaryIs><LinearRing><coordinates>120.2342048,23.0321917 120.2341277,23.0322744 120.234168,23.0322314 120.2342048,23.0321917</coordinates></LinearRing></innerBoundaryIs>
        </Polygon>
      </MultiGeometry>
  </Placemark>
  <Placemark>
	<Style><LineStyle><color>ff0000ff</color></LineStyle><PolyStyle><fill>0</fill></PolyStyle></Style>
	<ExtendedData><SchemaData schemaUrl="#114SEC_DKTBLPD">
		<SimpleData name="段碼">9137</SimpleData>
		<SimpleData name="段名">鹽北段</SimpleData>
		<SimpleData name="行政區">永康區</SimpleData>
	</SchemaData></ExtendedData>
      <MultiGeometry>
        <Polygon>
          <outerBoundaryIs><LinearRing><coordinates>120.2231508,23.0318562 120.2233384,23.0321709 120.2233966,23.0323183 120.2236049,23.0325772 120.2237218,23.0326108 120.2238131,23.032594 120.224066,23.0327485 120.2242484,23.0325709 120.2242491,23.0325349 120.2242889,23.0325062 120.2243149,23.0325113 120.224393,23.0325843 120.224504,23.032534 120.2252118,23.0331953 120.2268215,23.0347007 120.2269854,23.0348565 120.228704,23.0365161 120.2288742,23.0366678 120.230115,23.0376927 120.2302176,23.037761 120.2302183,23.037767 120.2302193,23.0377716 120.2302207,23.0377761 120.2302229,23.0377813 120.2302258,23.0377863 120.2302285,23.0377902 120.2302324,23.0377946 120.2302355,23.0377976 120.2320326,23.039394 120.2322001,23.0395459 120.2335061,23.0407562 120.2335107,23.0407598 120.2335158,23.040763 120.2335211,23.0407657 120.2335257,23.0407675 120.2335315,23.0407691 120.2335365,23.0407701 120.2335415,23.0407707 120.2335476,23.0407708 120.2335526,23.0407704 120.2335586,23.0407695 120.2335635,23.0407683 120.2335692,23.0407663 120.2335737,23.0407642 120.2335789,23.0407613 120.2335837,23.0407578 120.2335876,23.0407544 120.2335878,23.0407545 120.2321059,23.0421786 120.2319975,23.0423089 120.2314492,23.0428358 120.2314452,23.0428393 120.2314403,23.0428428 120.2314377,23.0428444 120.2314342,23.0428462 120.2314286,23.0428486 120.2314257,23.0428496 120.2314217,23.0428507 120.2314157,23.0428519 120.2314127,23.0428522 120.2314086,23.0428525 120.2314055,23.0428525 120.2314014,23.0428522 120.2313953,23.0428514 120.2313913,23.0428506 120.2313883,23.0428497 120.2313826,23.0428477 120.231378,23.0428455 120.2313737,23.042843 120.2313696,23.0428402 120.2313658,23.0428371 120.2313363,23.0428105 120.2312825,23.0428628 120.2312823,23.0428628 120.2311362,23.0427315 120.2311109,23.0427096 120.2310855,23.042688 120.2310345,23.0426803 120.2309286,23.0426221 120.2307313,23.0425706 120.230545,23.0425369 120.2303352,23.0425356 120.230072,23.0425652 120.2298487,23.0426168 120.2291052,23.042764 120.228981,23.0428539 120.2282664,23.0430422 120.2282028,23.0430025 120.2280695,23.0430611 120.2279738,23.0430808 120.2277768,23.0430798 120.2277333,23.0431027 120.2277011,23.0431541 120.227699,23.0432189 120.2276989,23.043219 120.2275981,23.0431681 120.2275733,23.0431522 120.2273419,23.043029 120.2267667,23.0426394 120.2262074,23.0422099 120.2261004,23.0420778 120.2258365,23.0416566 120.2256302,23.0411195 120.225528,23.0406914 120.2255098,23.0404856 120.2252723,23.0399156 120.2250709,23.0397017 120.2246537,23.0393411 120.2244996,23.0389492 120.224456,23.0384794 120.2242389,23.038094 120.2242102,23.0380463 120.2236195,23.0371297 120.2235567,23.0370249 120.2233811,23.0364998 120.2233458,23.0363334 120.2231795,23.035988 120.223111,23.0355363 120.2230703,23.0350364 120.2230521,23.0343431 120.2227906,23.0337278 120.2223881,23.0326956 120.2222061,23.0322811 120.2221427,23.0321772 120.2221428,23.032177 120.2231508,23.0318562</coordinates></LinearRing></outerBoundaryIs>
          <innerBoundaryIs><LinearRing><coordinates>120.2268675,23.0379084 120.2269059,23.0379489 120.226938,23.0379813 120.2268675,23.0379084</coordinates></LinearRing></innerBoundaryIs>
          <innerBoundaryIs><LinearRing><coordinates>120.2267284,23.0379244 120.2267672,23.0379668 120.226808,23.0380102 120.2268369,23.0380401 120.2267284,23.0379244</coordinates></LinearRing></innerBoundaryIs>
          <innerBoundaryIs><LinearRing><coordinates>120.2270334,23.0382292 120.2270762,23.0382674 120.2271052,23.0382919 120.2270334,23.0382292</coordinates></LinearRing></innerBoundaryIs>
        </Polygon>
      </MultiGeometry>
  </Placemark>
  <Placemark>
	<Style><LineStyle><color>ff0000ff</color></LineStyle><PolyStyle><fill>0</fill></PolyStyle></Style>
	<ExtendedData><SchemaData schemaUrl="#114SEC_DKTBLPD">
		<SimpleData name="段碼">9138</SimpleData>
		<SimpleData name="段名">鹽中段</SimpleData>
		<SimpleData name="行政區">永康區</SimpleData>
	</SchemaData></ExtendedData>
      <MultiGeometry>
        <Polygon>
          <outerBoundaryIs><LinearRing><coordinates>120.2378043,23.0317215 120.2378044,23.0317217 120.2378025,23.0317243 120.2378006,23.0317274 120.2377986,23.0317315 120.2377969,23.0317357 120.2377955,23.031741 120.2377946,23.0317463 120.2377944,23.0317517 120.2377948,23.031757 120.2377958,23.0317623 120.2377973,23.0317675 120.2377995,23.0317725 120.2378022,23.0317773 120.2378054,23.0317818 120.2378091,23.0317859 120.2378133,23.0317897 120.2378179,23.031793 120.237822,23.0317955 120.2424716,23.0342956 120.2437437,23.0351782 120.2437486,23.0351811 120.2437536,23.0351835 120.2437589,23.0351856 120.2437644,23.0351872 120.24377,23.0351884 120.2437757,23.0351891 120.2437814,23.0351894 120.2437872,23.0351892 120.2437929,23.0351885 120.2437985,23.0351874 120.243804,23.0351858 120.2438093,23.0351838 120.2438144,23.0351814 120.2438192,23.0351786 120.2438229,23.035176 120.2438279,23.035172 120.2439098,23.0352496 120.2427939,23.0362603 120.2426457,23.0364032 120.2426404,23.0364053 120.2426355,23.0364079 120.242631,23.036411 120.2426264,23.0364148 120.2419969,23.0370043 120.2419936,23.0370077 120.2419907,23.0370111 120.2419881,23.0370146 120.2419857,23.0370183 120.2419837,23.0370221 120.2419819,23.0370261 120.2419805,23.0370302 120.2419793,23.0370346 120.24186,23.0371463 120.2418554,23.0371472 120.2418509,23.0371484 120.2418467,23.0371499 120.2418433,23.0371514 120.2418394,23.0371535 120.2418363,23.0371555 120.2418335,23.0371576 120.2418303,23.0371603 120.2407405,23.038181 120.2407367,23.038185 120.2407335,23.0381889 120.2407303,23.0381938 120.2407282,23.0381977 120.2405753,23.0383358 120.2402791,23.0386132 120.24014,23.0387408 120.2394613,23.0393496 120.2393299,23.0394852 120.239325,23.0394859 120.2393197,23.0394869 120.2393156,23.0394881 120.2393106,23.0394899 120.2393057,23.0394921 120.239302,23.0394941 120.2392984,23.0394964 120.2392943,23.0394996 120.2390319,23.0397348 120.2390286,23.0397383 120.2390261,23.0397413 120.2390239,23.0397444 120.2390219,23.0397477 120.2390198,23.0397519 120.2390181,23.0397564 120.239017,23.03976 120.2390162,23.0397639 120.2389261,23.0398459 120.2389222,23.0398466 120.2389173,23.0398478 120.2389125,23.0398494 120.2389088,23.039851 120.2389043,23.0398533 120.2389009,23.0398555 120.2388976,23.0398578 120.2388935,23.0398613 120.2383659,23.0403521 120.2383619,23.0403562 120.2383581,23.040361 120.2383553,23.0403653 120.2383528,23.0403703 120.2382276,23.0404808 120.2375993,23.0410654 120.2375969,23.0410677 120.2375951,23.0410697 120.2375915,23.0410746 120.2375901,23.0410768 120.2375884,23.0410799 120.237587,23.0410831 120.2375861,23.0410855 120.2375846,23.0410913 120.2375841,23.0410947 120.2375838,23.0410973 120.2375837,23.0410998 120.2375838,23.0411033 120.2375847,23.0411092 120.2375863,23.041115 120.2375886,23.0411206 120.2375916,23.0411259 120.2375954,23.0411308 120.2375972,23.0411327 120.2375997,23.0411352 120.2376039,23.0411386 120.2376092,23.041142 120.2376124,23.0411437 120.2376158,23.0411452 120.2376157,23.0411453 120.2373662,23.0410541 120.2373627,23.0410528 120.2373375,23.0410423 120.2373217,23.0410356 120.2372837,23.041019 120.2372773,23.0410157 120.237272,23.0410132 120.2372639,23.0410097 120.237257,23.0410071 120.2372393,23.0409987 120.237126,23.0409445 120.2370956,23.0409289 120.2370614,23.0409109 120.2370275,23.0408927 120.2369937,23.0408739 120.2369579,23.0408535 120.2369242,23.0408337 120.236891,23.0408137 120.2368642,23.0407972 120.2368263,23.0407731 120.2367962,23.0407535 120.2367687,23.0407352 120.2367415,23.0407166 120.2367113,23.0406956 120.2366746,23.0406694 120.2366478,23.0406497 120.2366219,23.0406303 120.236589,23.040605 120.2365571,23.0405799 120.2365358,23.0405628 120.2365128,23.0405439 120.2364892,23.0405241 120.2364697,23.0405076 120.2351228,23.0393519 120.2335012,23.0379617 120.2327948,23.0373179 120.2327899,23.0373126 120.2327863,23.0373079 120.2327826,23.0373019 120.2327795,23.0372955 120.2327773,23.0372889 120.232776,23.0372833 120.2327752,23.0372776 120.232775,23.0372741 120.232775,23.0372706 120.2327754,23.0372649 120.2327763,23.0372592 120.2327771,23.0372558 120.2327782,23.0372524 120.2327803,23.037247 120.2327829,23.0372418 120.2327867,23.0372358 120.2327903,23.0372311 120.2327947,23.0372264 120.235531,23.0345727 120.2355859,23.0345188 120.2356431,23.0344618 120.2356857,23.0344189 120.2357422,23.0343613 120.2358055,23.0342955 120.2358867,23.0342085 120.2359199,23.0341724 120.2359529,23.0341362 120.2360074,23.0340754 120.2360507,23.0340265 120.2361329,23.0339314 120.2362034,23.0338477 120.2362297,23.033816 120.2362608,23.0337782 120.2362916,23.0337402 120.2363222,23.0337021 120.2363526,23.0336638 120.2364404,23.0335509 120.2364989,23.0334736 120.2365193,23.0334464 120.2367198,23.0331784 120.2368532,23.0329996 120.2376702,23.0319007 120.2378043,23.0317215</coordinates></LinearRing></outerBoundaryIs>
          <innerBoundaryIs><LinearRing><coordinates>120.2373659,23.0378791 120.2373659,23.0378813 120.2373667,23.0378816 120.2373671,23.0378825 120.2373669,23.0378834 120.2373665,23.0378837 120.237366,23.0378839 120.2373664,23.0378861 120.2373678,23.0378856 120.2373688,23.0378847 120.2373694,23.0378835 120.2373695,23.0378823 120.2373691,23.0378811 120.2373683,23.03788 120.2373672,23.0378793 120.2373659,23.0378791</coordinates></LinearRing></innerBoundaryIs>
        </Polygon>
      </MultiGeometry>
  </Placemark>
  <Placemark>
	<Style><LineStyle><color>ff0000ff</color></LineStyle><PolyStyle><fill>0</fill></PolyStyle></Style>
	<ExtendedData><SchemaData schemaUrl="#114SEC_DKTBLPD">
		<SimpleData name="段碼">9139</SimpleData>
		<SimpleData name="段名">永信段</SimpleData>
		<SimpleData name="行政區">永康區</SimpleData>
	</SchemaData></ExtendedData>
      <MultiGeometry>
        <Polygon>
          <outerBoundaryIs><LinearRing><coordinates>120.2491374,23.0127157 120.249249,23.0128859 120.2492482,23.0129 120.2492685,23.0129511 120.2492925,23.0129618 120.2495056,23.0136722 120.2496358,23.0141072 120.2497669,23.0145426 120.2498956,23.0149773 120.2500176,23.015412 120.2500334,23.0154745 120.2499946,23.0155262 120.2500024,23.0155562 120.2500627,23.0155909 120.250128,23.0158475 120.2502214,23.0162848 120.250295,23.016725 120.250348,23.017168 120.2503744,23.0175071 120.2503645,23.0175255 120.2502905,23.0176557 120.2502477,23.0177412 120.2502326,23.0177573 120.249694,23.0181487 120.2496449,23.0181906 120.2495861,23.0182399 120.2494096,23.0183771 120.2490737,23.0186366 120.2490484,23.0186606 120.2490199,23.0186881 120.248982,23.0187257 120.2489496,23.0187587 120.2489462,23.0187619 120.2489438,23.0187639 120.2489394,23.0187671 120.2489348,23.0187699 120.248929,23.0187727 120.2489238,23.0187747 120.2489186,23.0187762 120.2489132,23.0187773 120.2489077,23.0187779 120.2489022,23.0187781 120.2488978,23.0187779 120.2488923,23.0187773 120.2488869,23.0187763 120.2488816,23.0187748 120.2488765,23.0187729 120.2488725,23.0187711 120.2488687,23.018769 120.2488642,23.0187661 120.2488443,23.0187516 120.2488346,23.0187441 120.248825,23.0187365 120.2488156,23.0187287 120.2488063,23.0187207 120.2487972,23.0187126 120.2487882,23.0187044 120.2487794,23.018696 120.2487708,23.0186875 120.2487623,23.0186788 120.248754,23.01867 120.2487458,23.0186611 120.2487378,23.018652 120.24873,23.0186428 120.2487224,23.0186335 120.2487057,23.0186119 120.2486936,23.018595 120.2486868,23.0185851 120.2486803,23.0185751 120.2486739,23.018565 120.2486678,23.0185548 120.2486618,23.0185445 120.248656,23.0185341 120.2486505,23.0185236 120.2486451,23.018513 120.2486399,23.0185024 120.2486349,23.0184916 120.2486301,23.0184808 120.2486205,23.0184571 120.2486131,23.0184368 120.2486094,23.0184257 120.2486032,23.0184055 120.2485995,23.0183919 120.2484358,23.0177402 120.2484353,23.0177369 120.2484349,23.0177328 120.248435,23.0177287 120.2484354,23.0177246 120.2484363,23.0177206 120.2484375,23.0177166 120.2484391,23.0177128 120.2484406,23.0177098 120.2484428,23.0177062 120.2484448,23.0177035 120.2484473,23.0177006 120.24845,23.0176979 120.2484533,23.0176951 120.2484561,23.0176931 120.2484591,23.0176913 120.2484633,23.0176892 120.2484269,23.0176065 120.2484224,23.0176045 120.2484181,23.0176021 120.2483496,23.0176007 120.2482649,23.0175734 120.2482642,23.0175779 120.2482632,23.0175818 120.2482618,23.0175856 120.2482601,23.0175893 120.248258,23.0175927 120.2482551,23.0175967 120.2482523,23.0175998 120.2482493,23.0176026 120.2482453,23.0176057 120.2482417,23.0176079 120.248238,23.0176099 120.248234,23.0176115 120.24823,23.0176128 120.2482249,23.0176139 120.2482207,23.0176145 120.2482163,23.0176147 120.2436282,23.0176575 120.2436214,23.0176573 120.2436156,23.0176565 120.24361,23.0176553 120.2436033,23.0176533 120.243598,23.0176511 120.2435919,23.017648 120.2435862,23.0176442 120.2435813,23.0176402 120.2434979,23.0176761 120.2434977,23.0176761 120.2434457,23.0174559 120.2433284,23.0172422 120.2432838,23.0171558 120.2432642,23.0171119 120.2432454,23.0170724 120.2432307,23.0170433 120.2432176,23.0170182 120.2431737,23.0169363 120.24317,23.0169301 120.2431676,23.0169267 120.2431654,23.0169239 120.2431623,23.0169204 120.2431594,23.0169175 120.2431564,23.0169146 120.243152,23.0169111 120.2431474,23.0169079 120.2431438,23.0169056 120.2431388,23.0169029 120.243135,23.0169011 120.243131,23.0168995 120.2431256,23.0168977 120.2431215,23.0168965 120.2431173,23.0168956 120.243113,23.0168948 120.2431073,23.0168941 120.2431015,23.0168938 120.2430966,23.0168938 120.243049,23.0168212 120.2430491,23.016821 120.2430522,23.0168198 120.2430548,23.0168186 120.2430581,23.0168168 120.2430605,23.0168152 120.2430628,23.0168134 120.2430655,23.016811 120.243068,23.0168083 120.2430697,23.0168061 120.2430717,23.0168031 120.2430731,23.0168007 120.2430745,23.0167974 120.2430755,23.0167948 120.2430762,23.0167921 120.2430768,23.0167894 120.2430771,23.0167866 120.2430772,23.0167824 120.2430773,23.0167823 120.2433047,23.0168843 120.2433077,23.0168829 120.2433108,23.0168817 120.2433141,23.016881 120.2433169,23.0168806 120.2434084,23.0168732 120.2434113,23.0168732 120.2434137,23.0168734 120.243417,23.0168741 120.2434197,23.0168749 120.2434232,23.0168764 120.2434261,23.0168781 120.2434283,23.0168798 120.2434297,23.0168811 120.2434321,23.0168838 120.2434344,23.0168872 120.2434357,23.0168901 120.2434367,23.0168931 120.2434373,23.0168971 120.2434372,23.0169006 120.2434366,23.0169046 120.2434299,23.0169259 120.2434251,23.0169418 120.2435584,23.0170055 120.2435612,23.0169949 120.2435672,23.0169738 120.243573,23.0169547 120.2435798,23.0169338 120.2435876,23.0169114 120.2436017,23.0168743 120.2436158,23.0168406 120.243623,23.0168245 120.2436293,23.0168109 120.2436359,23.016797 120.2436483,23.0167725 120.2436654,23.0167406 120.243676,23.016722 120.2436935,23.0166929 120.2437098,23.0166673 120.2437162,23.0166577 120.2437338,23.0166323 120.2437432,23.0166191 120.2437535,23.0166053 120.2437613,23.016595 120.2437724,23.0165808 120.2437915,23.0165573 120.2438077,23.0165383 120.2438464,23.0164939 120.2459838,23.0140376 120.2459866,23.0140347 120.2459886,23.0140328 120.2459922,23.0140299 120.245996,23.0140273 120.2460009,23.0140246 120.2460061,23.0140224 120.2460106,23.0140209 120.2460162,23.0140197 120.2460218,23.014019 120.2460266,23.0140188 120.2460323,23.0140191 120.2460379,23.01402 120.2460425,23.0140211 120.2460479,23.0140229 120.2460522,23.0140248 120.2460571,23.0140276 120.2460609,23.0140302 120.246065,23.0140337 120.2461361,23.0139463 120.2461363,23.0139463 120.2465636,23.0143454 120.2465669,23.014348 120.2465704,23.0143503 120.2465741,23.0143525 120.2465779,23.0143544 120.2465819,23.0143561 120.246587,23.0143578 120.2465912,23.0143588 120.2465954,23.0143596 120.2465997,23.0143601 120.2466041,23.0143603 120.2466084,23.0143603 120.2466138,23.0143598 120.2466181,23.0143592 120.2466223,23.0143582 120.2466265,23.014357 120.2466305,23.0143555 120.2466344,23.0143538 120.2466382,23.0143518 120.2466427,23.0143489 120.2466461,23.0143464 120.2466853,23.014314 120.246721,23.0142826 120.2467609,23.0142448 120.2467789,23.0142267 120.2468203,23.0141829 120.2468572,23.0141404 120.2468952,23.0140928 120.2469104,23.0140726 120.2469426,23.014027 120.246958,23.0140038 120.2469581,23.0140038 120.2470245,23.0140416 120.2470484,23.0140035 120.2470701,23.0139665 120.2470996,23.0139117 120.2471113,23.0138882 120.2471226,23.0138646 120.2471334,23.0138408 120.2471527,23.013795 120.2471607,23.0137747 120.2471662,23.01376 120.2471848,23.0137068 120.2472034,23.0136446 120.2472172,23.0135905 120.2473273,23.0131168 120.247329,23.0131115 120.2473313,23.0131064 120.2473339,23.0131015 120.2473371,23.0130968 120.2473406,23.0130923 120.2473455,23.0130874 120.2473499,23.0130837 120.2473536,23.013081 120.2473586,23.013078 120.2473628,23.0130759 120.2473682,23.0130736 120.2473727,23.0130722 120.2473773,23.013071 120.2473832,23.0130699 120.2473891,23.0130693 120.2473945,23.0130692 120.2478114,23.013075 120.2480083,23.0130775 120.2485379,23.013084 120.2485447,23.0130844 120.2485508,23.0130853 120.2485544,23.013086 120.2485592,23.0130873 120.2485638,23.0130889 120.2485683,23.0130908 120.2485715,23.0130924 120.2485757,23.0130947 120.2485798,23.0130974 120.2485826,23.0130995 120.2485854,23.0131018 120.2485889,23.013105 120.2485913,23.0131076 120.2485943,23.0131112 120.2485964,23.013114 120.2485989,23.013118 120.2486006,23.013121 120.2486025,23.013125 120.2486042,23.0131295 120.2486058,23.0131348 120.2486523,23.0133227 120.24893,23.013086 120.2489707,23.0130611 120.2490913,23.0130163 120.2491124,23.0130227 120.2492011,23.012991 120.2490959,23.0127278 120.2490959,23.0127277 120.2491374,23.0127157</coordinates></LinearRing></outerBoundaryIs>
          <innerBoundaryIs><LinearRing><coordinates>120.2450683,23.0164264 120.2451419,23.0165663 120.2451213,23.0165252 120.2451054,23.0164946 120.245089,23.0164639 120.2450683,23.0164264</coordinates></LinearRing></innerBoundaryIs>
          <innerBoundaryIs><LinearRing><coordinates>120.2451518,23.0165867 120.2451777,23.0166416 120.2451643,23.0166128 120.2451518,23.0165867</coordinates></LinearRing></innerBoundaryIs>
          <innerBoundaryIs><LinearRing><coordinates>120.2451889,23.0166664 120.2452203,23.0167392 120.2452042,23.0167013 120.2451889,23.0166664</coordinates></LinearRing></innerBoundaryIs>
          <innerBoundaryIs><LinearRing><coordinates>120.2452803,23.0168973 120.2452974,23.0169469 120.2452847,23.0169092 120.2452803,23.0168973</coordinates></LinearRing></innerBoundaryIs>
          <innerBoundaryIs><LinearRing><coordinates>120.243522,23.0173152 120.2435225,23.0173368 120.2435237,23.0173594 120.243522,23.0173152</coordinates></LinearRing></innerBoundaryIs>
        </Polygon>
      </MultiGeometry>
  </Placemark>
  <Placemark>
	<Style><LineStyle><color>ff0000ff</color></LineStyle><PolyStyle><fill>0</fill></PolyStyle></Style>
	<ExtendedData><SchemaData schemaUrl="#114SEC_DKTBLPD">
		<SimpleData name="段碼">9140</SimpleData>
		<SimpleData name="段名">永和段</SimpleData>
		<SimpleData name="行政區">永康區</SimpleData>
	</SchemaData></ExtendedData>
      <MultiGeometry>
        <Polygon>
          <outerBoundaryIs><LinearRing><coordinates>120.2416072,23.0087353 120.2417375,23.0087518 120.2417409,23.0087564 120.2417444,23.0087604 120.2417482,23.0087643 120.2417526,23.0087681 120.2417566,23.0087711 120.2417601,23.0087734 120.2417648,23.0087762 120.2417697,23.0087786 120.242257,23.008978 120.2427463,23.0091181 120.2427517,23.0091193 120.2427574,23.0091199 120.2427631,23.0091199 120.2427688,23.0091192 120.2427743,23.0091179 120.2427789,23.0091163 120.2427818,23.009115 120.2427846,23.0091135 120.2427887,23.0091109 120.2427912,23.009109 120.2427935,23.0091069 120.2427968,23.0091035 120.2427996,23.0090998 120.2428024,23.0090952 120.2428045,23.0090903 120.2428059,23.0090852 120.2428066,23.0090807 120.2428068,23.0090777 120.2428068,23.0090746 120.2428069,23.0090745 120.2429265,23.0091203 120.242927,23.0091253 120.2429278,23.0091303 120.242929,23.0091351 120.2429301,23.0091387 120.2429319,23.0091434 120.2429341,23.009148 120.2429366,23.0091524 120.2429394,23.0091566 120.2429426,23.0091607 120.242946,23.0091645 120.2429497,23.0091681 120.2429527,23.0091707 120.2429558,23.009173 120.2429601,23.009176 120.2429647,23.0091787 120.2429694,23.009181 120.2429756,23.0091835 120.2429808,23.0091852 120.2430974,23.0092186 120.2440724,23.0096655 120.2440796,23.0096687 120.2440868,23.0096715 120.244094,23.0096741 120.2441014,23.0096765 120.2441088,23.0096787 120.2441164,23.0096806 120.244124,23.0096822 120.2441316,23.0096836 120.2441432,23.0096853 120.2441509,23.0096861 120.2441587,23.0096866 120.2441704,23.009687 120.2441782,23.0096869 120.2441852,23.0096866 120.2448679,23.009648 120.2448717,23.0096477 120.244877,23.0096468 120.2448821,23.0096454 120.2448871,23.0096434 120.2448925,23.0096406 120.2448969,23.0096377 120.2449009,23.0096344 120.2449045,23.0096307 120.2449077,23.0096267 120.2449104,23.0096225 120.2449126,23.0096179 120.2449143,23.0096132 120.2449154,23.0096084 120.244916,23.0096034 120.244916,23.0095985 120.2449156,23.0095943 120.244915,23.0095911 120.2449143,23.0095883 120.2449145,23.0095883 120.2449297,23.0096307 120.2450064,23.0096172 120.2449988,23.0095984 120.2449989,23.0095984 120.2450013,23.0096031 120.2450037,23.0096069 120.2450064,23.0096106 120.2450093,23.0096141 120.2450125,23.0096174 120.2450159,23.0096205 120.2450195,23.0096233 120.2450244,23.0096266 120.2450285,23.0096289 120.2450338,23.0096314 120.2450382,23.009633 120.2450427,23.0096344 120.2450474,23.0096355 120.2450521,23.0096363 120.2450568,23.0096368 120.2450628,23.009637 120.2462524,23.0095698 120.2462597,23.0095688 120.2462632,23.009568 120.2462679,23.0095667 120.2462725,23.0095651 120.2462759,23.0095637 120.2462802,23.0095616 120.2462833,23.0095598 120.2462864,23.0095579 120.2462903,23.0095551 120.2462939,23.0095521 120.2462965,23.0095497 120.2463013,23.0095445 120.2463034,23.0095418 120.246306,23.0095379 120.2463094,23.0095319 120.2463121,23.0095256 120.246314,23.009519 120.2463147,23.0095157 120.2463152,23.0095123 120.2463156,23.0095078 120.2463156,23.0095032 120.2463135,23.0094736 120.2463136,23.0094735 120.2464597,23.0094666 120.2464802,23.0097438 120.2464805,23.0097386 120.2464813,23.0097339 120.2464825,23.0097293 120.2464842,23.0097248 120.2464867,23.0097197 120.2464892,23.0097155 120.2464922,23.0097116 120.2464954,23.009708 120.246499,23.0097046 120.246503,23.0097016 120.2465071,23.0096988 120.2465125,23.009696 120.2465171,23.0096941 120.246522,23.0096925 120.2465259,23.0096916 120.246532,23.0096906 120.2470083,23.0096633 120.2470148,23.0096635 120.247019,23.0096639 120.2470222,23.0096644 120.2470264,23.0096654 120.2470295,23.0096662 120.2470356,23.0096684 120.2470394,23.0096702 120.2470423,23.0096717 120.2470476,23.009675 120.2470525,23.0096789 120.2470548,23.009681 120.2470576,23.0096839 120.2471629,23.0096703 120.247163,23.0096704 120.2471609,23.0096728 120.2471586,23.0096758 120.2471561,23.0096797 120.2471536,23.0096846 120.2471519,23.0096889 120.2471505,23.0096941 120.2471497,23.0096986 120.2471494,23.0097032 120.2471494,23.0097059 120.2471496,23.0097095 120.2473046,23.0108244 120.2472631,23.010831 120.2472722,23.010909 120.247329,23.0112136 120.2473826,23.0115525 120.247844,23.0114226 120.248121,23.0113594 120.2481703,23.0113467 120.248197,23.0113116 120.2485303,23.0112444 120.2485582,23.0112526 120.2486387,23.0112364 120.2486164,23.0111612 120.2486049,23.011108 120.2486051,23.0111079 120.2487231,23.0111342 120.2487319,23.0111721 120.2487622,23.0111723 120.2488698,23.0115529 120.248993,23.011973 120.2491184,23.0123926 120.2491824,23.0126022 120.2492001,23.0126612 120.2491184,23.0126866 120.2491375,23.0127157 120.2491374,23.0127158 120.2490961,23.0127278 120.2492012,23.0129912 120.2491124,23.0130229 120.2490914,23.0130165 120.2489708,23.0130613 120.2489302,23.0130861 120.2486523,23.013323 120.2486521,23.0133229 120.2486056,23.0131348 120.2486041,23.0131296 120.2486023,23.0131251 120.2486004,23.0131211 120.2485987,23.013118 120.2485969,23.0131151 120.2485941,23.0131113 120.2485919,23.0131086 120.2485887,23.0131052 120.2485853,23.0131019 120.2485825,23.0130996 120.2485796,23.0130975 120.2485756,23.0130949 120.2485714,23.0130925 120.2485682,23.0130909 120.2485637,23.0130891 120.2485591,23.0130875 120.2485556,23.0130865 120.2485508,23.0130855 120.2485447,23.0130846 120.2485379,23.0130842 120.2480083,23.0130777 120.2478114,23.0130752 120.2473927,23.0130693 120.2473867,23.0130697 120.247382,23.0130702 120.2473774,23.0130711 120.2473728,23.0130723 120.2473683,23.0130738 120.2473629,23.0130761 120.2473587,23.0130782 120.2473538,23.0130812 120.2473491,23.0130846 120.2473448,23.0130884 120.2473408,23.0130925 120.2473372,23.0130969 120.2473341,23.0131015 120.2473314,23.0131064 120.2473292,23.0131116 120.2473275,23.0131168 120.2472174,23.0135905 120.2472036,23.0136446 120.2471849,23.0137069 120.2471664,23.0137601 120.2471615,23.0137731 120.2471529,23.013795 120.2471336,23.0138409 120.2471227,23.0138647 120.2471115,23.0138883 120.2470998,23.0139117 120.2470703,23.0139666 120.2470486,23.0140036 120.2470247,23.0140417 120.2470245,23.0140418 120.2469581,23.014004 120.2469428,23.0140271 120.2469106,23.0140727 120.2468954,23.0140929 120.2468573,23.0141406 120.2468204,23.0141831 120.2467791,23.0142269 120.246761,23.0142449 120.2467211,23.0142827 120.2466854,23.0143142 120.2466462,23.0143466 120.2466428,23.0143491 120.2466392,23.0143514 120.2466355,23.0143534 120.2466316,23.0143553 120.2466276,23.0143568 120.2466224,23.0143584 120.2466182,23.0143593 120.2466139,23.01436 120.2466095,23.0143604 120.2466052,23.0143605 120.2466008,23.0143604 120.2465954,23.0143598 120.2465911,23.014359 120.2465859,23.0143576 120.2465818,23.0143562 120.2465778,23.0143546 120.246574,23.0143527 120.2465703,23.0143505 120.2465668,23.0143481 120.2465635,23.0143455 120.2461362,23.0139465 120.2460651,23.0140339 120.246065,23.0140339 120.2460608,23.0140304 120.246057,23.0140277 120.2460529,23.0140254 120.2460487,23.0140234 120.2460434,23.0140215 120.2460388,23.0140203 120.2460342,23.0140195 120.2460294,23.0140191 120.2460247,23.014019 120.24602,23.0140193 120.2460143,23.0140202 120.2460098,23.0140214 120.2460044,23.0140232 120.2460002,23.0140252 120.2459953,23.0140279 120.2459915,23.0140306 120.245988,23.0140336 120.2459839,23.0140378 120.2438079,23.0165385 120.2437862,23.0165641 120.2437726,23.0165808 120.2437594,23.0165978 120.2437465,23.016615 120.2437339,23.0166324 120.2437217,23.0166499 120.2437098,23.0166677 120.2436982,23.0166857 120.243687,23.0167038 120.2436761,23.0167222 120.2436656,23.0167407 120.2436485,23.0167725 120.2436361,23.0167971 120.2436313,23.0168071 120.2436099,23.0168549 120.2436019,23.0168744 120.2435942,23.0168941 120.2435869,23.0169139 120.24358,23.0169338 120.2435735,23.0169538 120.2435673,23.016974 120.2435585,23.0170056 120.2435584,23.0170057 120.243425,23.016942 120.2434295,23.0169266 120.2434364,23.0169046 120.243437,23.0169011 120.2434371,23.0168975 120.2434367,23.0168945 120.2434358,23.016891 120.2434344,23.0168877 120.2434325,23.0168847 120.2434302,23.0168819 120.2434278,23.0168797 120.2434252,23.0168778 120.2434219,23.016876 120.2434183,23.0168746 120.2434146,23.0168738 120.2434108,23.0168734 120.2434073,23.0168735 120.2433161,23.0168809 120.2433132,23.0168813 120.2433104,23.016882 120.2433073,23.0168832 120.2433047,23.0168845 120.2430773,23.0167825 120.2430767,23.0167773 120.2430756,23.0167727 120.243074,23.0167682 120.2430716,23.0167637 120.2428049,23.0163335 120.2427968,23.0162956 120.2427908,23.016265 120.2427845,23.0162344 120.2426909,23.0161556 120.2426909,23.0161555 120.2426951,23.0161521 120.2426981,23.0161494 120.242701,23.0161465 120.2427037,23.0161435 120.2427062,23.0161404 120.2427086,23.0161371 120.2427114,23.0161326 120.2427133,23.0161291 120.242715,23.0161255 120.242717,23.0161206 120.2427182,23.0161169 120.2427192,23.0161131 120.24272,23.0161093 120.2427207,23.0161041 120.242721,23.0161002 120.242721,23.0160963 120.2427161,23.0160065 120.2426736,23.0152421 120.2426733,23.0152388 120.2426727,23.0152354 120.2426719,23.0152321 120.2426711,23.0152297 120.2426688,23.0152242 120.2426672,23.0152212 120.2426652,23.0152181 120.2426653,23.015218 120.2427858,23.0151768 120.2427558,23.0151485 120.2426832,23.0151715 120.2426831,23.0151715 120.2426635,23.0150597 120.2426314,23.0144844 120.2426339,23.0140635 120.2424072,23.013407 120.2423529,23.0126812 120.2422179,23.0122853 120.2422806,23.0114783 120.2420199,23.0109115 120.2419461,23.0107525 120.2415731,23.0103726 120.2416035,23.0089057 120.2416071,23.0087353 120.2416072,23.0087353</coordinates></LinearRing></outerBoundaryIs>
          <innerBoundaryIs><LinearRing><coordinates>120.2465351,23.0126456 120.2465326,23.012688 120.2465336,23.0126735 120.2465351,23.0126456</coordinates></LinearRing></innerBoundaryIs>
          <innerBoundaryIs><LinearRing><coordinates>120.2466789,23.0126937 120.2466754,23.0127357 120.2466775,23.0127118 120.2466789,23.0126937</coordinates></LinearRing></innerBoundaryIs>
          <innerBoundaryIs><LinearRing><coordinates>120.2465149,23.0128375 120.2465057,23.0128869 120.2465121,23.0128541 120.2465149,23.0128375</coordinates></LinearRing></innerBoundaryIs>
        </Polygon>
      </MultiGeometry>
  </Placemark>
  <Placemark>
	<Style><LineStyle><color>ff0000ff</color></LineStyle><PolyStyle><fill>0</fill></PolyStyle></Style>
	<ExtendedData><SchemaData schemaUrl="#114SEC_DKTBLPD">
		<SimpleData name="段碼">9141</SimpleData>
		<SimpleData name="段名">永華段</SimpleData>
		<SimpleData name="行政區">永康區</SimpleData>
	</SchemaData></ExtendedData>
      <MultiGeometry>
        <Polygon>
          <outerBoundaryIs><LinearRing><coordinates>120.245498,23.0054487 120.245498,23.0054489 120.2454945,23.005449 120.2454906,23.0054494 120.2454858,23.0054502 120.2454811,23.0054514 120.2454756,23.0054533 120.2454703,23.0054557 120.2454662,23.0054582 120.2454623,23.0054609 120.245458,23.0054646 120.2454541,23.0054687 120.2454512,23.0054724 120.2454482,23.0054771 120.2454462,23.0054812 120.2454445,23.0054855 120.2454431,23.0054907 120.2454422,23.0054961 120.245442,23.0055016 120.2455156,23.0065156 120.2455162,23.0065193 120.2455169,23.0065221 120.245518,23.0065258 120.2455194,23.0065294 120.245521,23.0065329 120.2455225,23.0065355 120.2455246,23.0065387 120.2455269,23.0065419 120.2455295,23.0065449 120.2455316,23.006547 120.2455345,23.0065497 120.2455369,23.0065515 120.2455402,23.0065538 120.2455436,23.0065559 120.2455472,23.0065578 120.24555,23.0065591 120.2455558,23.0065611 120.2455607,23.0065624 120.2455668,23.0065635 120.245573,23.0065639 120.2455778,23.0065638 120.2456276,23.0065612 120.2456383,23.0066329 120.2460446,23.0066108 120.2460484,23.0066107 120.2460515,23.0066108 120.2460556,23.0066112 120.2460587,23.0066116 120.2460647,23.0066129 120.2460677,23.0066138 120.2460715,23.0066152 120.2460771,23.0066177 120.2460797,23.0066192 120.2460832,23.0066214 120.246088,23.006625 120.246091,23.0066277 120.2460931,23.0066298 120.246095,23.0066321 120.2460974,23.0066352 120.2460991,23.0066376 120.2461011,23.006641 120.2461032,23.0066453 120.2461046,23.0066489 120.246106,23.0066536 120.2461069,23.0066583 120.2461073,23.0066619 120.2461107,23.006708 120.2462532,23.0066543 120.2462531,23.0066494 120.2462535,23.0066437 120.2462544,23.0066391 120.246256,23.0066336 120.2462578,23.0066292 120.2462605,23.0066241 120.2462638,23.0066193 120.2462669,23.0066156 120.2462711,23.0066114 120.246275,23.0066083 120.2462791,23.0066055 120.2462844,23.0066026 120.24629,23.0066002 120.2462948,23.0065987 120.2462997,23.0065975 120.2463048,23.0065968 120.2473314,23.0065409 120.2476556,23.0065234 120.2476608,23.0065599 120.2477225,23.0067681 120.2478462,23.0072282 120.2478328,23.0073526 120.2478856,23.0073905 120.2478951,23.0074367 120.2480015,23.0079697 120.2480761,23.0082947 120.2481275,23.0086508 120.2481033,23.0088855 120.248266,23.0089436 120.24826,23.0091199 120.2482518,23.0093103 120.2482479,23.0094716 120.2484905,23.0103629 120.2486401,23.0106258 120.2486913,23.0108121 120.2486769,23.0108259 120.2486576,23.0108278 120.2486567,23.0108455 120.2487232,23.0111343 120.2487231,23.0111344 120.2486052,23.0111081 120.2486166,23.0111612 120.2486389,23.0112364 120.2486389,23.0112365 120.2485582,23.0112528 120.2485303,23.0112446 120.248197,23.0113118 120.2481703,23.0113468 120.248121,23.0113596 120.2478441,23.0114227 120.2473826,23.0115527 120.2473824,23.0115526 120.2473288,23.0112137 120.247272,23.010909 120.2472629,23.010831 120.2473044,23.0108243 120.2471495,23.0097095 120.2471492,23.009705 120.2471492,23.0097023 120.2471495,23.0096986 120.2471503,23.0096941 120.2471517,23.0096888 120.2471534,23.0096845 120.2471559,23.0096796 120.247159,23.0096749 120.2471627,23.0096705 120.2470576,23.0096841 120.2470524,23.009679 120.2470475,23.0096752 120.2470422,23.0096718 120.2470384,23.0096699 120.2470353,23.0096685 120.2470315,23.009667 120.2470285,23.0096661 120.2470222,23.0096646 120.247019,23.0096641 120.2470147,23.0096637 120.2470083,23.0096635 120.246532,23.0096908 120.246526,23.0096917 120.2465211,23.009693 120.2465163,23.0096946 120.2465108,23.009697 120.2465064,23.0096995 120.2465015,23.0097029 120.2464984,23.0097054 120.2464942,23.0097095 120.2464911,23.0097133 120.2464878,23.0097181 120.2464851,23.0097232 120.2464833,23.0097276 120.2464817,23.009733 120.2464808,23.0097377 120.2464804,23.0097434 120.2464805,23.0097483 120.2464803,23.0097483 120.2464596,23.0094668 120.2463137,23.0094737 120.2463158,23.0095032 120.2463158,23.0095078 120.2463154,23.0095123 120.2463149,23.0095157 120.2463142,23.009519 120.2463123,23.0095256 120.2463096,23.009532 120.2463062,23.009538 120.2463036,23.0095419 120.2463014,23.0095446 120.2462967,23.0095498 120.2462941,23.0095523 120.2462904,23.0095553 120.2462865,23.0095581 120.2462835,23.00956 120.2462803,23.0095618 120.2462759,23.0095639 120.2462726,23.0095653 120.246268,23.0095669 120.2462633,23.0095682 120.2462597,23.009569 120.2462524,23.00957 120.2450628,23.0096372 120.245058,23.009637 120.2450532,23.0096366 120.2450485,23.0096359 120.2450438,23.0096349 120.2450393,23.0096336 120.2450348,23.009632 120.2450305,23.0096301 120.2450263,23.0096279 120.2450223,23.0096255 120.2450185,23.0096228 120.245014,23.0096191 120.2450107,23.0096159 120.2450076,23.0096125 120.2450048,23.0096089 120.2450023,23.0096051 120.245,23.0096011 120.2450066,23.0096172 120.2450065,23.0096173 120.2449297,23.0096309 120.244915,23.0095904 120.2449159,23.0095951 120.2449163,23.0096001 120.244916,23.0096051 120.2449153,23.00961 120.2449139,23.0096149 120.2449121,23.0096195 120.2449097,23.009624 120.2449068,23.0096282 120.2449035,23.0096321 120.2448997,23.0096357 120.2448956,23.0096389 120.2448911,23.0096416 120.2448863,23.009644 120.2448822,23.0096455 120.244877,23.009647 120.2448717,23.0096479 120.244868,23.0096482 120.2441852,23.0096868 120.2441782,23.0096871 120.2441704,23.0096871 120.2441587,23.0096868 120.2441509,23.0096863 120.2441431,23.0096855 120.2441316,23.0096838 120.2441239,23.0096824 120.2441163,23.0096807 120.2441088,23.0096788 120.2441013,23.0096767 120.244094,23.0096743 120.2440867,23.0096717 120.2440795,23.0096688 120.2440723,23.0096657 120.2430973,23.0092188 120.2429808,23.0091854 120.2429755,23.0091837 120.2429694,23.0091812 120.2429646,23.0091788 120.24296,23.0091761 120.2429557,23.0091732 120.2429526,23.0091708 120.2429496,23.0091682 120.2429459,23.0091646 120.2429424,23.0091608 120.2429393,23.0091567 120.2429364,23.0091525 120.2429339,23.009148 120.2429318,23.0091435 120.2429299,23.0091388 120.2429288,23.0091352 120.2429276,23.0091303 120.2429268,23.0091254 120.2429264,23.0091205 120.242807,23.0090747 120.242807,23.0090792 120.2428067,23.0090822 120.2428061,23.0090852 120.2428047,23.0090903 120.2428025,23.0090953 120.2427998,23.0090999 120.2427969,23.0091036 120.2427937,23.0091071 120.2427913,23.0091092 120.2427888,23.0091111 120.2427847,23.0091137 120.2427819,23.0091152 120.2427789,23.0091165 120.2427743,23.0091181 120.2427688,23.0091194 120.2427631,23.0091201 120.2427574,23.0091201 120.2427517,23.0091195 120.2427462,23.0091182 120.2422569,23.0089781 120.2417697,23.0087788 120.2417659,23.008777 120.2417611,23.0087743 120.2417565,23.0087713 120.2417525,23.0087682 120.2417481,23.0087644 120.2417442,23.0087605 120.2417407,23.0087565 120.2417374,23.008752 120.2416072,23.0087354 120.2416133,23.0084369 120.2416133,23.0084301 120.241613,23.0084225 120.2416125,23.0084149 120.2416117,23.0084073 120.2416106,23.0083998 120.2416084,23.0083885 120.2416066,23.0083811 120.2416045,23.0083738 120.2416021,23.0083665 120.2415986,23.0083569 120.2409661,23.0067826 120.2409734,23.006769 120.2409248,23.0066799 120.2408523,23.0064994 120.2407171,23.0063443 120.2406958,23.0062943 120.240637,23.0062523 120.2404909,23.0060848 120.2404352,23.0059745 120.2404351,23.0059954 120.240435,23.0059955 120.240396,23.0059889 120.2403965,23.0058981 120.2403149,23.0057363 120.2402995,23.0057207 120.2402701,23.0056485 120.2400652,23.0054737 120.2400572,23.0054626 120.2400572,23.0054625 120.2402144,23.0054621 120.245498,23.0054487</coordinates></LinearRing></outerBoundaryIs>
        </Polygon>
      </MultiGeometry>
  </Placemark>
  <Placemark>
	<Style><LineStyle><color>ff0000ff</color></LineStyle><PolyStyle><fill>0</fill></PolyStyle></Style>
	<ExtendedData><SchemaData schemaUrl="#114SEC_DKTBLPD">
		<SimpleData name="段碼">9142</SimpleData>
		<SimpleData name="段名">永仁段</SimpleData>
		<SimpleData name="行政區">永康區</SimpleData>
	</SchemaData></ExtendedData>
      <MultiGeometry>
        <Polygon>
          <outerBoundaryIs><LinearRing><coordinates>120.2429055,22.9999472 120.2429095,22.9999474 120.2429134,22.9999479 120.2429172,22.9999487 120.2429202,22.9999496 120.2429232,22.9999506 120.2429267,22.9999522 120.2429308,22.9999545 120.2429333,22.9999562 120.2429357,22.9999581 120.2429385,22.9999607 120.2429411,22.9999635 120.2429433,22.9999665 120.2429453,22.9999696 120.2429467,22.9999722 120.2429481,22.9999756 120.2429492,22.9999791 120.2429498,22.999982 120.2429503,22.9999849 120.2429505,22.9999878 120.2429505,22.9999906 120.2429458,23.0001094 120.2429456,23.0001255 120.2429459,23.0001432 120.2429464,23.0001545 120.242947,23.0001658 120.2429479,23.0001771 120.2429491,23.0001884 120.2429504,23.0001996 120.2429519,23.0002108 120.2429536,23.000222 120.2429575,23.0002428 120.2429649,23.0002753 120.2429717,23.0002992 120.2429751,23.0003101 120.2429787,23.0003209 120.2429825,23.0003316 120.2429865,23.0003423 120.2429907,23.0003529 120.2429952,23.0003634 120.2429998,23.0003739 120.2430046,23.0003843 120.2430096,23.0003946 120.2430201,23.0004147 120.2430368,23.0004436 120.24305,23.0004643 120.2430564,23.0004738 120.2430631,23.0004832 120.2430738,23.0004977 120.2430842,23.0005109 120.2430941,23.0005229 120.243107,23.0005377 120.2431148,23.0005462 120.2431227,23.0005546 120.2431382,23.0005701 120.2434119,23.0008364 120.2434311,23.0008544 120.2434403,23.0008626 120.2434498,23.0008707 120.2434593,23.0008787 120.2434691,23.0008864 120.243479,23.000894 120.243489,23.0009015 120.2434991,23.0009088 120.2435094,23.0009159 120.2435198,23.0009229 120.2435304,23.0009297 120.2435411,23.0009363 120.2435519,23.0009427 120.2435628,23.000949 120.2435738,23.0009551 120.243585,23.000961 120.2435963,23.0009667 120.2436076,23.0009723 120.2436191,23.0009776 120.2436307,23.0009828 120.2436423,23.0009878 120.2436541,23.0009926 120.2436754,23.0010008 120.2437019,23.0010099 120.2437141,23.0010137 120.2437264,23.0010174 120.2437387,23.0010208 120.2437511,23.001024 120.2437635,23.0010271 120.243776,23.0010299 120.2437983,23.0010345 120.2438263,23.0010392 120.243839,23.001041 120.2438692,23.0010445 120.2438983,23.0010468 120.2445811,23.0010872 120.2445848,23.0010875 120.2445898,23.0010883 120.2445948,23.0010895 120.2446006,23.0010915 120.2446052,23.0010936 120.2446105,23.0010965 120.2446146,23.0010994 120.2446184,23.0011025 120.2446226,23.0011067 120.2446263,23.0011113 120.2446289,23.0011154 120.2446316,23.0011205 120.2446334,23.001125 120.244635,23.0011305 120.2446358,23.0011352 120.2446362,23.0011399 120.2446361,23.0011451 120.2447528,23.0011519 120.2447529,23.001152 120.2447106,23.0017408 120.2447107,23.0017446 120.244711,23.0017483 120.2447116,23.001752 120.2447125,23.0017556 120.2447133,23.0017583 120.2447147,23.0017619 120.2447163,23.0017653 120.2447182,23.0017686 120.2447203,23.0017718 120.2447227,23.0017748 120.2447252,23.0017777 120.244728,23.0017804 120.244731,23.0017829 120.2447342,23.0017852 120.2447384,23.0017878 120.244741,23.0017892 120.2447446,23.0017909 120.2447474,23.0017919 120.2447532,23.0017937 120.2447591,23.0017949 120.2447621,23.0017953 120.2447659,23.0017956 120.2460367,23.0018471 120.2462686,23.0019222 120.2462728,23.0019244 120.2462767,23.0019261 120.2462808,23.0019276 120.246285,23.0019288 120.2467845,23.0020415 120.247242,23.0022144 120.2472471,23.0022164 120.2472543,23.0022196 120.2472613,23.0022232 120.2472658,23.0022257 120.2472724,23.0022298 120.2472767,23.0022327 120.2472829,23.0022373 120.2472888,23.0022422 120.2472945,23.0022474 120.247298,23.002251 120.2473032,23.0022567 120.247308,23.0022625 120.247311,23.0022666 120.2473152,23.0022728 120.2473191,23.0022792 120.2473215,23.0022836 120.2473248,23.0022903 120.2473275,23.0022967 120.2476806,23.0023273 120.2476809,23.002314 120.2476811,23.0023139 120.2476961,23.0023211 120.2477022,23.0023522 120.2477001,23.0025939 120.2476861,23.002611 120.2476857,23.0026626 120.2477,23.0026813 120.247698,23.0029626 120.2476669,23.0029911 120.2476665,23.0030407 120.2476947,23.0030652 120.2476931,23.0036375 120.2476954,23.0040319 120.2476552,23.0040696 120.2476606,23.0041606 120.2476995,23.0042044 120.2476932,23.0045943 120.2476795,23.0048435 120.2476349,23.005261 120.2475948,23.0055629 120.2475764,23.0057495 120.2475726,23.0059175 120.2475819,23.0060854 120.2475992,23.0062523 120.2476271,23.006405 120.2475906,23.0064651 120.2475933,23.0065071 120.2475943,23.0065201 120.2476486,23.0065192 120.24765,23.0065237 120.2476499,23.0065238 120.2463082,23.0065967 120.2463038,23.0065971 120.2462988,23.0065979 120.2462929,23.0065994 120.2462872,23.0066015 120.2462827,23.0066037 120.2462784,23.0066062 120.2462743,23.006609 120.2462698,23.0066129 120.2462664,23.0066164 120.2462634,23.0066202 120.2462602,23.006625 120.2462576,23.0066301 120.2462559,23.0066346 120.2462546,23.0066391 120.2462536,23.0066447 120.2462533,23.0066494 120.2462533,23.0066544 120.2461106,23.0067082 120.2461105,23.0067081 120.2461071,23.006662 120.2461067,23.0066583 120.246106,23.0066545 120.2461047,23.0066499 120.246103,23.0066454 120.2461009,23.006641 120.2460989,23.0066377 120.2460973,23.0066353 120.2460936,23.0066307 120.2460908,23.0066278 120.2460886,23.0066258 120.2460863,23.0066239 120.2460831,23.0066215 120.2460796,23.0066194 120.246077,23.0066179 120.2460714,23.0066154 120.2460686,23.0066143 120.2460647,23.0066131 120.2460586,23.0066118 120.2460556,23.0066113 120.2460515,23.006611 120.2460484,23.0066109 120.2460446,23.006611 120.2456382,23.0066331 120.2456274,23.0065613 120.2455778,23.006564 120.245573,23.0065641 120.2455668,23.0065636 120.2455607,23.0065626 120.2455557,23.0065613 120.2455499,23.0065592 120.2455462,23.0065575 120.2455426,23.0065556 120.2455392,23.0065534 120.2455367,23.0065517 120.2455344,23.0065498 120.2455314,23.0065471 120.2455293,23.006545 120.2455268,23.006542 120.2455244,23.0065388 120.2455228,23.0065364 120.2455209,23.006533 120.2455192,23.0065295 120.2455178,23.0065259 120.2455167,23.0065222 120.245516,23.0065194 120.2455154,23.0065156 120.2454418,23.0055016 120.2454419,23.005497 120.2454425,23.0054925 120.2454438,23.0054872 120.2454453,23.0054828 120.2454476,23.0054778 120.24545,23.0054738 120.2454527,23.00547 120.2454565,23.0054658 120.2454607,23.005462 120.2454645,23.0054591 120.2454685,23.0054565 120.2454728,23.0054543 120.2454782,23.0054521 120.2454829,23.0054507 120.2454877,23.0054496 120.2454933,23.0054489 120.2400572,23.0054627 120.2400079,23.0053946 120.2399764,23.0053987 120.2399763,23.0053986 120.2399483,23.0050887 120.2399276,23.0046234 120.2399412,23.0045416 120.2399152,23.0044192 120.2399168,23.0041215 120.2398978,23.0039967 120.2399033,23.0034297 120.2398875,23.0034143 120.2398951,23.0033198 120.2399045,23.0033115 120.2399056,23.0031915 120.2399256,23.0028237 120.2399277,23.0027889 120.2400193,23.0022166 120.2399806,23.0019912 120.2399178,23.0019212 120.2399226,23.0014437 120.2399186,23.000888 120.2399187,23.0008879 120.2400358,23.0009114 120.240036,23.000907 120.2400366,23.0009023 120.2400379,23.0008968 120.2400394,23.0008922 120.2400419,23.000887 120.2400444,23.0008828 120.2400472,23.0008789 120.2400504,23.0008752 120.240054,23.0008717 120.2400578,23.0008686 120.240062,23.0008658 120.2400673,23.0008629 120.2400719,23.0008609 120.2400777,23.000859 120.2400837,23.0008576 120.2400888,23.0008569 120.2400944,23.0008567 120.2402408,23.0008562 120.2404943,23.0008606 120.24056,23.0008608 120.2405967,23.0008601 120.2406334,23.0008588 120.24067,23.0008569 120.2407066,23.0008544 120.2407432,23.0008514 120.2407797,23.0008477 120.2408161,23.0008434 120.2408524,23.0008386 120.2409137,23.000829 120.2410341,23.0008052 120.2410528,23.0008009 120.2410745,23.0007956 120.2411387,23.0007788 120.2411738,23.0007688 120.2412086,23.0007582 120.2412433,23.000747 120.2412777,23.0007353 120.2413607,23.0007044 120.2413798,23.0006967 120.2414189,23.0006804 120.2414793,23.0006533 120.2415364,23.0006257 120.2416082,23.000588 120.2416396,23.0005704 120.2416707,23.0005523 120.2417384,23.0005103 120.2417562,23.0004986 120.2421751,23.0002219 120.2421854,23.0002152 120.2421971,23.0002083 120.242209,23.0002017 120.2422212,23.0001956 120.2422273,23.0001926 120.2422398,23.0001871 120.2422462,23.0001844 120.2422605,23.0001789 120.2423042,23.000163 120.2423655,23.0001401 120.2424005,23.0001272 120.2424865,23.0000966 120.2428888,22.9999501 120.2428931,22.9999488 120.2428969,22.9999479 120.2429016,22.9999474 120.2429055,22.9999472</coordinates></LinearRing></outerBoundaryIs>
        </Polygon>
      </MultiGeometry>
  </Placemark>
  <Placemark>
	<Style><LineStyle><color>ff0000ff</color></LineStyle><PolyStyle><fill>0</fill></PolyStyle></Style>
	<ExtendedData><SchemaData schemaUrl="#114SEC_DKTBLPD">
		<SimpleData name="段碼">9143</SimpleData>
		<SimpleData name="段名">永興段</SimpleData>
		<SimpleData name="行政區">永康區</SimpleData>
	</SchemaData></ExtendedData>
      <MultiGeometry>
        <Polygon>
          <outerBoundaryIs><LinearRing><coordinates>120.2400005,22.9986639 120.2404368,22.9986996 120.2405181,22.998706 120.2406017,22.9987123 120.2407103,22.9987199 120.2408192,22.9987271 120.2408982,22.9987319 120.2410165,22.9987386 120.2410931,22.9987426 120.2411598,22.9987459 120.2412666,22.9987507 120.2413777,22.9987551 120.2414975,22.9987592 120.2416105,22.9987625 120.2417188,22.9987651 120.2418213,22.9987671 120.2419401,22.9987687 120.2420171,22.9987695 120.2421116,22.99877 120.2421884,22.9987701 120.242274,22.9987699 120.2423729,22.9987693 120.2424527,22.9987685 120.2425308,22.9987674 120.2426005,22.9987661 120.2427009,22.998764 120.2427772,22.998762 120.2428466,22.99876 120.2429266,22.9987575 120.2430081,22.9987545 120.243086,22.9987514 120.2431774,22.9987474 120.2432524,22.9987439 120.2433094,22.9987456 120.2433141,22.9987461 120.2433189,22.9987471 120.2435666,22.9987522 120.2435718,22.9987518 120.2435781,22.9987516 120.2465234,22.9987506 120.246887,22.9987508 120.2468942,22.9987505 120.2476939,22.9987503 120.2477588,22.9987862 120.2477633,22.9987863 120.2477553,22.9994129 120.2477522,22.9995526 120.2477509,22.9997557 120.2477495,22.9998712 120.2477452,23.000326 120.2477242,23.0005457 120.2477326,23.0005456 120.2477327,23.0005456 120.2477216,23.0009281 120.2477112,23.0013258 120.2477109,23.0013917 120.2477042,23.0017806 120.2476995,23.0017995 120.2476974,23.0018391 120.2477098,23.0018492 120.2477071,23.0020975 120.247707,23.0020976 120.2476581,23.0020958 120.2476961,23.0023211 120.247696,23.0023212 120.2476811,23.0023141 120.2476807,23.0023274 120.2476806,23.0023275 120.2473274,23.0022969 120.2473246,23.0022904 120.2473213,23.0022837 120.247319,23.0022793 120.2473151,23.0022729 120.2473108,23.0022667 120.2473078,23.0022626 120.247303,23.0022568 120.2472979,23.0022512 120.2472925,23.0022458 120.2472868,23.0022408 120.2472827,23.0022375 120.2472766,23.0022329 120.2472723,23.00223 120.2472657,23.0022259 120.2472589,23.0022221 120.2472542,23.0022198 120.2472494,23.0022176 120.247242,23.0022146 120.2467844,23.0020417 120.246285,23.001929 120.2462808,23.0019278 120.2462767,23.0019263 120.2462727,23.0019246 120.2462685,23.0019224 120.2460366,23.0018473 120.2447659,23.0017957 120.2447591,23.0017951 120.2447529,23.0017938 120.2447464,23.0017918 120.2447409,23.0017894 120.2447374,23.0017875 120.2447349,23.0017859 120.2447317,23.0017836 120.2447286,23.0017812 120.2447265,23.0017792 120.2447231,23.0017756 120.2447207,23.0017726 120.2447185,23.0017695 120.2447166,23.0017662 120.2447149,23.0017628 120.2447135,23.0017593 120.2447123,23.0017557 120.2447114,23.001752 120.2447108,23.0017483 120.2447105,23.0017446 120.2447104,23.0017408 120.2447527,23.0011521 120.244636,23.0011453 120.2446359,23.001139 120.2446356,23.0011352 120.2446348,23.0011305 120.2446332,23.001125 120.2446314,23.0011206 120.2446288,23.0011155 120.2446261,23.0011114 120.2446224,23.0011069 120.2446183,23.0011027 120.2446145,23.0010995 120.2446104,23.0010967 120.2446051,23.0010937 120.2446005,23.0010917 120.2445948,23.0010897 120.2445898,23.0010885 120.2445848,23.0010877 120.2445811,23.0010874 120.2438983,23.001047 120.2438773,23.0010454 120.2438645,23.0010442 120.2438517,23.0010428 120.243839,23.0010412 120.2438263,23.0010394 120.2438136,23.0010374 120.243801,23.0010351 120.2437884,23.0010327 120.2437759,23.0010301 120.2437634,23.0010272 120.243751,23.0010242 120.2437386,23.001021 120.2437263,23.0010175 120.2437141,23.0010139 120.2437019,23.00101 120.2436754,23.0010009 120.243654,23.0009928 120.2436423,23.000988 120.2436306,23.000983 120.243619,23.0009778 120.2436075,23.0009724 120.2435962,23.0009669 120.2435849,23.0009612 120.2435737,23.0009552 120.2435627,23.0009492 120.2435518,23.0009429 120.243541,23.0009364 120.2435303,23.0009298 120.2435197,23.000923 120.2435093,23.0009161 120.243499,23.0009089 120.2434888,23.0009016 120.2434788,23.0008942 120.243469,23.0008866 120.2434592,23.0008788 120.2434496,23.0008709 120.2434402,23.0008628 120.2434309,23.0008545 120.2434117,23.0008365 120.243138,23.0005703 120.2431226,23.0005548 120.2431146,23.0005463 120.2431067,23.0005377 120.243099,23.0005289 120.2430915,23.0005201 120.2430737,23.0004978 120.2430629,23.0004833 120.2430563,23.0004739 120.2430498,23.0004644 120.2430366,23.0004437 120.2430199,23.0004148 120.2430094,23.0003947 120.2430044,23.0003844 120.2429996,23.000374 120.242995,23.0003635 120.2429906,23.0003529 120.2429863,23.0003423 120.2429823,23.0003317 120.2429785,23.0003209 120.2429749,23.0003101 120.2429715,23.0002993 120.2429648,23.0002754 120.2429573,23.0002428 120.2429535,23.000222 120.2429517,23.0002109 120.2429502,23.0001996 120.2429489,23.0001884 120.2429477,23.0001771 120.2429469,23.0001658 120.2429462,23.0001546 120.2429457,23.0001433 120.2429454,23.0001255 120.2429456,23.0001094 120.2429503,22.9999906 120.2429502,22.9999871 120.2429499,22.9999835 120.2429494,22.9999806 120.2429486,22.9999778 120.2429474,22.9999743 120.2429462,22.9999716 120.2429444,22.9999684 120.2429423,22.9999653 120.2429399,22.9999624 120.2429384,22.9999608 120.2429356,22.9999582 120.2429332,22.9999564 120.2429307,22.9999546 120.2429273,22.9999527 120.2429238,22.9999511 120.2429209,22.99995 120.2429172,22.9999489 120.2429141,22.9999482 120.242911,22.9999477 120.2429079,22.9999475 120.2429051,22.9999474 120.2429016,22.9999475 120.2428985,22.9999479 120.2428954,22.9999484 120.2428924,22.9999492 120.2428888,22.9999503 120.2424866,23.0000968 120.2424006,23.0001273 120.2423655,23.0001402 120.2423043,23.0001632 120.2422606,23.0001791 120.2422462,23.0001846 120.2422399,23.0001872 120.2422274,23.0001928 120.2422152,23.0001988 120.2422031,23.0002051 120.2421913,23.0002119 120.2421855,23.0002154 120.2421752,23.000222 120.2417563,23.0004988 120.2417385,23.0005105 120.2416708,23.0005524 120.2416397,23.0005705 120.2416083,23.0005882 120.2415365,23.0006259 120.2414794,23.0006535 120.2414189,23.0006805 120.2413799,23.0006969 120.2413607,23.0007045 120.2412778,23.0007354 120.2412434,23.0007472 120.2412087,23.0007583 120.2411739,23.0007689 120.2411388,23.000779 120.2410746,23.0007958 120.2410459,23.0008027 120.2410341,23.0008054 120.2409137,23.0008292 120.2408525,23.0008388 120.2408161,23.0008436 120.2407797,23.0008479 120.2407432,23.0008515 120.2407066,23.0008546 120.24067,23.0008571 120.2406334,23.000859 120.2405967,23.0008603 120.24056,23.000861 120.2404943,23.0008608 120.2402408,23.0008564 120.2400944,23.0008568 120.2400908,23.000857 120.2400868,23.0008573 120.2400807,23.0008584 120.2400758,23.0008597 120.2400711,23.0008614 120.2400665,23.0008635 120.2400621,23.000866 120.240058,23.0008688 120.2400541,23.0008719 120.2400506,23.0008753 120.2400474,23.000879 120.2400445,23.0008829 120.2400421,23.0008871 120.2400396,23.0008923 120.2400381,23.0008968 120.2400369,23.0009014 120.2400362,23.0009061 120.240036,23.0009115 120.2400359,23.0009116 120.2399187,23.0008881 120.2398842,23.000856 120.2398352,23.0008555 120.2398351,23.0008554 120.2398405,23.000747 120.2398828,23.0007475 120.2399173,23.0007157 120.2399029,22.9987141 120.2398617,22.9986757 120.2398618,22.9986756 120.2400002,22.9986773 120.2400004,22.998664 120.2400005,22.9986639</coordinates></LinearRing></outerBoundaryIs>
        </Polygon>
      </MultiGeometry>
  </Placemark>
  <Placemark>
	<Style><LineStyle><color>ff0000ff</color></LineStyle><PolyStyle><fill>0</fill></PolyStyle></Style>
	<ExtendedData><SchemaData schemaUrl="#114SEC_DKTBLPD">
		<SimpleData name="段碼">9144</SimpleData>
		<SimpleData name="段名">永中段</SimpleData>
		<SimpleData name="行政區">永康區</SimpleData>
	</SchemaData></ExtendedData>
      <MultiGeometry>
        <Polygon>
          <outerBoundaryIs><LinearRing><coordinates>120.2444126,22.9913539 120.2448492,22.991685 120.2449718,22.9918181 120.2450347,22.9919268 120.2450236,22.992067 120.24513,22.9921443 120.2451538,22.9921907 120.2451987,22.9922338 120.245297,22.9922564 120.2453364,22.9923193 120.2453548,22.9924371 120.2454195,22.992471 120.2454619,22.9925056 120.2454875,22.9924897 120.2456046,22.9923581 120.2457436,22.992433 120.2458163,22.9924347 120.2459198,22.9924386 120.2464525,22.9925973 120.2464914,22.9925802 120.2465502,22.992602 120.2466597,22.9925951 120.2467588,22.9925735 120.2467857,22.9925394 120.2467927,22.9925092 120.2469005,22.9924789 120.2469502,22.9924411 120.2470129,22.9924239 120.2471429,22.9923498 120.247143,22.9923499 120.2471495,22.9923995 120.2471762,22.9927592 120.2471891,22.9928257 120.2472016,22.9929952 120.2471896,22.9930294 120.2472281,22.9935069 120.2478,22.9935225 120.2478018,22.9935446 120.2477893,22.9939324 120.2477607,22.9943832 120.2477266,22.9948339 120.2476882,22.9952847 120.2476757,22.9955094 120.2476693,22.9957352 120.2476666,22.9958555 120.247671,22.9959739 120.2475882,22.9959806 120.2476326,22.9964153 120.2476698,22.9967662 120.2477071,22.997144 120.2477084,22.9974641 120.2477204,22.9976129 120.2477371,22.9978905 120.2477337,22.9980274 120.2477333,22.998228 120.2477385,22.9982512 120.247737,22.998405 120.2476606,22.9984966 120.2476564,22.9987295 120.2476939,22.9987503 120.2476939,22.9987504 120.2468942,22.9987507 120.246887,22.9987509 120.2465234,22.9987508 120.2435781,22.9987518 120.2435718,22.998752 120.2435666,22.9987524 120.2433189,22.9987473 120.2433141,22.9987463 120.2433094,22.9987458 120.2432524,22.9987441 120.2431774,22.9987476 120.2430861,22.9987516 120.2430081,22.9987547 120.2429266,22.9987576 120.2428466,22.9987602 120.2427772,22.9987622 120.2427009,22.9987642 120.2426005,22.9987663 120.2425424,22.9987674 120.2424611,22.9987685 120.2423729,22.9987695 120.242274,22.9987701 120.2421884,22.9987703 120.2421116,22.9987702 120.2420171,22.9987696 120.2419401,22.9987689 120.2418213,22.9987672 120.2417188,22.9987653 120.2416105,22.9987627 120.2415474,22.9987609 120.24147,22.9987585 120.2413622,22.9987547 120.2413069,22.9987525 120.2412267,22.9987491 120.2411063,22.9987435 120.2410165,22.9987388 120.2408981,22.9987321 120.2408191,22.9987273 120.2407103,22.9987201 120.2406016,22.9987124 120.2405181,22.9987062 120.2404448,22.9987004 120.2400005,22.9986641 120.2400024,22.9985285 120.2399714,22.9985272 120.2399497,22.9984579 120.2399418,22.9983319 120.2399381,22.9983102 120.2398994,22.9980674 120.2398649,22.9977354 120.2398648,22.9976865 120.2398635,22.9976261 120.2397878,22.9970836 120.2397611,22.9965832 120.2397694,22.9963919 120.2397802,22.9963514 120.2397873,22.9962613 120.2398004,22.9960665 120.2398153,22.995958 120.2398216,22.9959155 120.2398467,22.9957863 120.2398532,22.9956916 120.2398386,22.995568 120.2398237,22.9954352 120.2398001,22.9949082 120.2397908,22.9946854 120.2397853,22.9945615 120.2398084,22.9944414 120.2398199,22.9944064 120.2398299,22.9943766 120.2398375,22.9943303 120.2398468,22.9942725 120.2398465,22.9941682 120.2398238,22.9940758 120.2398053,22.9936059 120.2398131,22.9934665 120.2398194,22.9933645 120.2398151,22.9931355 120.2398606,22.9931162 120.2400335,22.9931003 120.2401203,22.9931722 120.24021,22.9932084 120.2405738,22.993313 120.2410723,22.9930475 120.2419247,22.9931889 120.2419248,22.993189 120.2419226,22.993199 120.2420399,22.9932312 120.2422117,22.9932272 120.2422965,22.9932241 120.2427239,22.9932835 120.2428344,22.9929604 120.2429227,22.992755 120.2429502,22.9926901 120.2429924,22.9925114 120.2430132,22.9922833 120.243141,22.9920067 120.2431272,22.9919108 120.2431739,22.9918903 120.2432343,22.9918344 120.2432704,22.991771 120.2432542,22.99159 120.2433548,22.991562 120.2434842,22.9915035 120.2436565,22.991454 120.2437004,22.9914599 120.2437316,22.9914723 120.2437361,22.9914921 120.2440923,22.9915967 120.2441311,22.9916043 120.2443497,22.9913873 120.2444126,22.9913539</coordinates></LinearRing></outerBoundaryIs>
        </Polygon>
      </MultiGeometry>
  </Placemark>
  <Placemark>
	<Style><LineStyle><color>ff0000ff</color></LineStyle><PolyStyle><fill>0</fill></PolyStyle></Style>
	<ExtendedData><SchemaData schemaUrl="#114SEC_DKTBLPD">
		<SimpleData name="段碼">9145</SimpleData>
		<SimpleData name="段名">東橋段</SimpleData>
		<SimpleData name="行政區">永康區</SimpleData>
	</SchemaData></ExtendedData>
      <MultiGeometry>
        <Polygon>
          <outerBoundaryIs><LinearRing><coordinates>120.2355491,23.0152755 120.2361489,23.015685 120.2361728,23.0157034 120.2387406,23.0173982 120.2406355,23.0186144 120.240716,23.0186303 120.2408083,23.0187305 120.2410708,23.01889 120.2414192,23.0191278 120.2416973,23.0193104 120.2420948,23.0195594 120.2421989,23.0195414 120.2422289,23.0195608 120.2422289,23.019561 120.2421303,23.019579 120.2421789,23.019617 120.2432624,23.0200791 120.2441129,23.0201299 120.244158,23.02013 120.2444996,23.020175 120.2448242,23.0202857 120.2449434,23.0203395 120.244996,23.020354 120.245689,23.0206067 120.2460071,23.020726 120.2470221,23.0210846 120.2470931,23.0210999 120.2476667,23.0212953 120.2482375,23.0215014 120.2483446,23.0215394 120.2489588,23.0217702 120.2489797,23.0217773 120.2496083,23.0220114 120.2496589,23.0220308 120.2497393,23.0220609 120.2496908,23.0222416 120.2496888,23.0222588 120.2496379,23.0224677 120.2496049,23.0226081 120.2495147,23.0230181 120.2493528,23.0237462 120.2493334,23.0238066 120.249185,23.0247054 120.2491273,23.0251569 120.2490925,23.0254833 120.2490806,23.0256095 120.2490449,23.0260629 120.2490259,23.026413 120.2490257,23.026413 120.2467494,23.0248118 120.2462119,23.0244259 120.245747,23.02408 120.2454219,23.0238581 120.2454025,23.0238436 120.2453973,23.0238401 120.2453891,23.0238519 120.245378,23.0238765 120.245323,23.0238995 120.245279,23.024202 120.245217,23.0247169 120.2451958,23.0249509 120.2451523,23.0254037 120.2448725,23.0254546 120.2442448,23.0254464 120.2439886,23.0254657 120.2439438,23.0255838 120.2439501,23.0257392 120.2439458,23.0261509 120.2439792,23.0262417 120.243971,23.0262995 120.2439986,23.0263676 120.2440655,23.0264339 120.244062,23.0266924 120.2440438,23.026761 120.2440041,23.0268455 120.2438958,23.0271567 120.2438987,23.0277707 120.2436113,23.0279303 120.2435754,23.0279553 120.2436375,23.0279898 120.2436733,23.0281381 120.2437493,23.0281976 120.243775,23.0282431 120.2437924,23.0283449 120.2437925,23.0285265 120.2438398,23.0286528 120.2439187,23.0287057 120.2439411,23.0289107 120.2439833,23.0290846 120.2439793,23.0292604 120.2439746,23.0294105 120.2439396,23.0295113 120.2439638,23.0298481 120.2439435,23.0299831 120.2439845,23.0300758 120.2439892,23.0302607 120.244041,23.030344 120.244044,23.0303804 120.2441623,23.0304885 120.2441459,23.0307373 120.2441838,23.0309266 120.2442269,23.0314945 120.244204,23.0316314 120.2441338,23.0317456 120.2440154,23.0318582 120.2436761,23.0316585 120.2434014,23.0314979 120.2427847,23.0311338 120.2422216,23.030808 120.2414722,23.0303731 120.2411783,23.0301979 120.2403491,23.0297066 120.2403491,23.0297064 120.2403625,23.0296893 120.2403407,23.0296723 120.2403667,23.0295996 120.2403158,23.0295698 120.2402218,23.0296214 120.2401709,23.0295946 120.2401635,23.0296002 120.2368568,23.0276727 120.2367873,23.0276703 120.2354073,23.026848 120.2354073,23.0268479 120.2355232,23.0266892 120.2373045,23.0277195 120.2381744,23.0255111 120.2390878,23.0238613 120.237671,23.0231941 120.2376658,23.0231911 120.2376609,23.0231877 120.2376563,23.0231839 120.2376529,23.0231806 120.237649,23.0231762 120.2376455,23.0231715 120.2376424,23.0231663 120.2376405,23.0231623 120.2376387,23.0231581 120.237637,23.0231526 120.2376358,23.023147 120.2376352,23.0231425 120.237635,23.0231368 120.2376353,23.0231311 120.2376361,23.0231254 120.2376372,23.023121 120.2376394,23.0231145 120.2376407,23.0231113 120.2376428,23.0231073 120.239527,23.0197037 120.238413,23.0191798 120.2384069,23.0191765 120.2384015,23.0191729 120.238399,23.0191709 120.2383959,23.019168 120.2383915,23.0191634 120.238389,23.01916 120.2383872,23.0191574 120.2383851,23.0191539 120.2383837,23.0191511 120.238382,23.0191473 120.238381,23.0191444 120.2383794,23.0191384 120.2383785,23.0191323 120.2383783,23.0191272 120.2383787,23.0191211 120.2383798,23.019115 120.2383815,23.0191091 120.2383839,23.0191034 120.238387,23.019098 120.2383906,23.0190928 120.2392995,23.0179476 120.2393036,23.0179431 120.2393088,23.0179384 120.2393144,23.0179342 120.2393195,23.0179312 120.2393249,23.0179285 120.2393304,23.0179263 120.2393362,23.0179246 120.2393427,23.0179231 120.2393489,23.0179223 120.2393552,23.017922 120.2393615,23.0179222 120.2393652,23.0179225 120.2393689,23.017923 120.239375,23.0179243 120.239381,23.0179261 120.2393867,23.0179283 120.239393,23.0179314 120.2391268,23.0177576 120.2391319,23.017762 120.2391368,23.017767 120.239141,23.0177725 120.2391446,23.0177783 120.2391476,23.0177845 120.2391498,23.0177909 120.2391506,23.0177942 120.2391512,23.0177975 120.2391517,23.0178008 120.2391519,23.0178037 120.2387451,23.0180674 120.2383845,23.0182161 120.2382684,23.0183306 120.2382397,23.018383 120.2382131,23.0184289 120.2381837,23.018479 120.2381431,23.018531 120.2381091,23.0185762 120.2378722,23.0188415 120.2364179,23.0178892 120.2352493,23.0171101 120.2352459,23.0171076 120.2352435,23.0171058 120.2352397,23.0171024 120.2352365,23.017099 120.2352328,23.0170946 120.2352302,23.0170908 120.2352274,23.0170859 120.235225,23.0170808 120.2352231,23.0170755 120.2352217,23.01707 120.235221,23.0170656 120.2352206,23.01706 120.2352206,23.0170555 120.2352211,23.01705 120.2352219,23.0170456 120.2352233,23.0170401 120.2352253,23.0170349 120.2352277,23.0170297 120.2352306,23.0170248 120.2352333,23.0170211 120.2361637,23.0159019 120.2361684,23.0158967 120.236173,23.0158926 120.2361779,23.0158889 120.2361832,23.0158856 120.2361887,23.0158827 120.2361945,23.0158803 120.2362017,23.015878 120.2362079,23.0158767 120.2362142,23.0158759 120.2362205,23.0158755 120.2362269,23.0158757 120.2362307,23.0158761 120.2362345,23.0158766 120.2362407,23.0158779 120.2362467,23.0158797 120.2362526,23.015882 120.236259,23.0158852 120.235461,23.0153642 120.235461,23.015364 120.2355491,23.0152755</coordinates></LinearRing></outerBoundaryIs>
        </Polygon>
      </MultiGeometry>
  </Placemark>
  <Placemark>
	<Style><LineStyle><color>ff0000ff</color></LineStyle><PolyStyle><fill>0</fill></PolyStyle></Style>
	<ExtendedData><SchemaData schemaUrl="#114SEC_DKTBLPD">
		<SimpleData name="段碼">9146</SimpleData>
		<SimpleData name="段名">二王段</SimpleData>
		<SimpleData name="行政區">永康區</SimpleData>
	</SchemaData></ExtendedData>
      <MultiGeometry>
        <Polygon>
          <outerBoundaryIs><LinearRing><coordinates>120.2503743,23.0175071 120.2503751,23.0178373 120.2503655,23.0180833 120.2503914,23.0185047 120.2503631,23.0189495 120.2503147,23.0193929 120.250246,23.0198341 120.2501599,23.0202741 120.2500611,23.0207133 120.2499665,23.0211036 120.2499976,23.0211174 120.2497393,23.0220609 120.2497391,23.022061 120.2496588,23.022031 120.2496082,23.0220115 120.2489796,23.0217775 120.2489588,23.0217704 120.2483446,23.0215396 120.2482374,23.0215016 120.2476666,23.0212955 120.247093,23.0211 120.2470221,23.0210848 120.2460071,23.0207261 120.2456889,23.0206069 120.2449959,23.0203542 120.2449433,23.0203396 120.2448242,23.0202858 120.2444995,23.0201751 120.244158,23.0201302 120.2441129,23.0201301 120.2441128,23.02013 120.2441189,23.0200743 120.2441199,23.0200664 120.2440082,23.0200313 120.2439246,23.0200238 120.2439243,23.0200184 120.2439234,23.0200136 120.243922,23.020009 120.2439197,23.0200039 120.2435784,23.0193397 120.2435688,23.0193203 120.243559,23.0192988 120.2435492,23.0192747 120.2435448,23.0192632 120.2435407,23.0192515 120.2435332,23.0192286 120.2435263,23.0192043 120.2435211,23.0191831 120.2435156,23.0191562 120.2435123,23.0191368 120.2435068,23.0190902 120.2435056,23.019071 120.2435048,23.0190476 120.2435047,23.0190383 120.2435053,23.0190096 120.2435069,23.0189843 120.2435126,23.0189159 120.2435979,23.0185932 120.2436119,23.0184456 120.243604,23.0183175 120.2435966,23.0182836 120.2435099,23.0180321 120.2435679,23.0180132 120.2434977,23.0176761 120.2435812,23.0176401 120.2435872,23.0176447 120.243592,23.0176478 120.2435971,23.0176505 120.2436034,23.0176531 120.24361,23.0176552 120.2436157,23.0176564 120.2436226,23.0176572 120.2436282,23.0176573 120.2482163,23.0176146 120.2482215,23.0176142 120.2482257,23.0176136 120.2482299,23.0176126 120.248234,23.0176113 120.2482386,23.0176093 120.2482423,23.0176073 120.2482459,23.017605 120.2482491,23.0176025 120.2482527,23.0175991 120.2482554,23.017596 120.2482578,23.0175927 120.2482599,23.0175892 120.2482616,23.0175855 120.248263,23.0175818 120.248264,23.0175779 120.2482648,23.0175733 120.2482649,23.0175732 120.2483497,23.0176005 120.2484182,23.017602 120.2484225,23.0176043 120.2484271,23.0176064 120.2484635,23.0176892 120.2484592,23.0176915 120.2484562,23.0176933 120.2484528,23.0176958 120.2484502,23.017698 120.2484474,23.0177008 120.248445,23.0177036 120.248442,23.0177077 120.2484404,23.0177106 120.2484386,23.0177144 120.2484371,23.0177183 120.2484363,23.0177214 120.2484355,23.0177255 120.2484352,23.0177287 120.2484351,23.0177328 120.2484355,23.0177369 120.248436,23.0177402 120.2485996,23.0183918 120.2486034,23.0184055 120.2486096,23.0184256 120.2486133,23.0184368 120.2486207,23.0184571 120.2486303,23.0184807 120.2486351,23.0184916 120.2486401,23.0185023 120.2486452,23.018513 120.2486506,23.0185235 120.2486562,23.018534 120.248662,23.0185444 120.2486679,23.0185547 120.2486741,23.0185649 120.2486805,23.018575 120.248687,23.0185851 120.2486937,23.0185949 120.2487058,23.0186118 120.2487225,23.0186334 120.2487302,23.0186427 120.248738,23.0186519 120.248746,23.018661 120.2487541,23.0186699 120.2487624,23.0186787 120.2487709,23.0186874 120.2487796,23.0186959 120.2487884,23.0187043 120.2487974,23.0187125 120.2488065,23.0187206 120.2488157,23.0187285 120.2488252,23.0187363 120.2488347,23.018744 120.2488444,23.0187515 120.2488643,23.018766 120.2488688,23.0187689 120.2488726,23.0187709 120.2488776,23.0187732 120.2488827,23.018775 120.248887,23.0187761 120.2488924,23.0187772 120.2488978,23.0187778 120.2489033,23.0187779 120.2489088,23.0187776 120.2489142,23.0187769 120.2489196,23.0187757 120.2489248,23.0187742 120.2489299,23.0187722 120.2489347,23.0187697 120.2489393,23.018767 120.2489436,23.0187638 120.2489461,23.0187618 120.2489494,23.0187586 120.2489825,23.018725 120.2490179,23.0186899 120.2490456,23.018663 120.2490736,23.0186365 120.2494095,23.018377 120.249586,23.0182397 120.2496447,23.0181905 120.2496939,23.0181486 120.2502324,23.0177572 120.2502476,23.0177411 120.2502904,23.0176556 120.2503643,23.0175254 120.2503743,23.0175071</coordinates></LinearRing></outerBoundaryIs>
          <innerBoundaryIs><LinearRing><coordinates>120.2479499,23.0196061 120.2479034,23.0196192 120.2479276,23.0196126 120.2479499,23.0196061</coordinates></LinearRing></innerBoundaryIs>
        </Polygon>
      </MultiGeometry>
  </Placemark>
  <Placemark>
	<Style><LineStyle><color>ff0000ff</color></LineStyle><PolyStyle><fill>0</fill></PolyStyle></Style>
	<ExtendedData><SchemaData schemaUrl="#114SEC_DKTBLPD">
		<SimpleData name="段碼">9147</SimpleData>
		<SimpleData name="段名">永二段</SimpleData>
		<SimpleData name="行政區">永康區</SimpleData>
	</SchemaData></ExtendedData>
      <MultiGeometry>
        <Polygon>
          <outerBoundaryIs><LinearRing><coordinates>120.2546265,23.0163486 120.2547005,23.0164354 120.2547076,23.0164093 120.2547077,23.0164092 120.2562055,23.0168032 120.2559782,23.0176162 120.2559312,23.0180671 120.2559019,23.0180651 120.2558515,23.0183326 120.2558465,23.0187664 120.2560309,23.019297 120.2560125,23.019303 120.2562592,23.0197693 120.2562591,23.0197694 120.2532024,23.0210347 120.25167,23.0216694 120.2506911,23.0220934 120.2506877,23.0220951 120.2506827,23.0220979 120.2506778,23.022101 120.2506747,23.0221031 120.2506702,23.0221066 120.2506658,23.0221102 120.2506617,23.0221141 120.250659,23.0221168 120.2506553,23.0221209 120.2506529,23.0221238 120.2506507,23.0221268 120.2506475,23.0221313 120.2506446,23.022136 120.2506428,23.0221393 120.2506411,23.0221425 120.2506388,23.0221476 120.2506368,23.0221527 120.2506349,23.0221586 120.2505664,23.0223981 120.2505653,23.0224028 120.2505646,23.0224087 120.2505644,23.0224147 120.2505646,23.0224194 120.250565,23.022423 120.2505662,23.0224288 120.2505675,23.0224334 120.2505696,23.022439 120.2505717,23.0224434 120.2505747,23.0224487 120.2505775,23.0224527 120.2505814,23.0224574 120.2505848,23.022461 120.2505894,23.0224651 120.2505945,23.0224688 120.2505994,23.0224719 120.2505993,23.022472 120.2502558,23.0222758 120.2497601,23.0219842 120.2499974,23.0211174 120.2499663,23.0211037 120.2500609,23.0207133 120.2501597,23.0202741 120.2502459,23.0198341 120.2503145,23.0193928 120.250363,23.0189495 120.2503912,23.0185047 120.2503654,23.0180833 120.2503677,23.0180237 120.2503678,23.0180237 120.250394,23.0180866 120.2510359,23.0179148 120.2512532,23.0178539 120.2515462,23.0177802 120.2516778,23.0177883 120.2525613,23.0175079 120.2525645,23.0175068 120.2525678,23.0175054 120.2527357,23.0174399 120.2527402,23.0174383 120.2527448,23.0174363 120.2531527,23.0172391 120.253156,23.0172373 120.2532965,23.0171695 120.253802,23.0169251 120.2538056,23.0169232 120.2538296,23.0169117 120.2539626,23.01683 120.2539659,23.0168282 120.2539692,23.0168259 120.2545728,23.0163903 120.2546204,23.0163531 120.2546265,23.0163486</coordinates></LinearRing></outerBoundaryIs>
        </Polygon>
      </MultiGeometry>
  </Placemark>
  <Placemark>
	<Style><LineStyle><color>ff0000ff</color></LineStyle><PolyStyle><fill>0</fill></PolyStyle></Style>
	<ExtendedData><SchemaData schemaUrl="#114SEC_DKTBLPD">
		<SimpleData name="段碼">9148</SimpleData>
		<SimpleData name="段名">文化段</SimpleData>
		<SimpleData name="行政區">永康區</SimpleData>
	</SchemaData></ExtendedData>
      <MultiGeometry>
        <Polygon>
          <outerBoundaryIs><LinearRing><coordinates>120.2512237,23.0058128 120.2513511,23.0060574 120.2516486,23.0066882 120.2517525,23.0069115 120.2518396,23.0071059 120.2520418,23.0075682 120.2521833,23.0078833 120.2522292,23.0079642 120.252502,23.0085439 120.2526281,23.0088163 120.2527996,23.0092056 120.2531294,23.0099267 120.2535621,23.0108586 120.2537688,23.0113088 120.2538445,23.011472 120.2541206,23.0120688 120.2542703,23.0123912 120.2544763,23.012871 120.2545156,23.0129134 120.2546554,23.0131953 120.2551641,23.0143173 120.2552191,23.0144407 120.255219,23.0144408 120.2551782,23.0144304 120.255176,23.0146383 120.2550854,23.0146946 120.2551303,23.0147073 120.255135,23.0147091 120.2551386,23.0147109 120.2551421,23.0147128 120.2551462,23.0147156 120.2551508,23.0147193 120.2551529,23.0147213 120.2551555,23.0147242 120.2551591,23.0147287 120.2551621,23.0147336 120.2551645,23.0147388 120.2551664,23.0147442 120.2551676,23.0147497 120.2551682,23.0147553 120.2551682,23.0147609 120.2551677,23.0147656 120.2551667,23.0147702 120.2551655,23.0147744 120.2550566,23.0150858 120.2551059,23.0151561 120.2547078,23.0164093 120.2547007,23.0164356 120.2547005,23.0164356 120.2546265,23.0163489 120.2546206,23.0163533 120.2545729,23.0163904 120.2539694,23.016826 120.253966,23.0168283 120.2539627,23.0168302 120.2538297,23.0169119 120.2538057,23.0169233 120.253802,23.0169253 120.2532966,23.0171697 120.2531561,23.0172375 120.2531528,23.0172392 120.2527449,23.0174365 120.2527402,23.0174385 120.2527357,23.01744 120.2525679,23.0175055 120.2525645,23.017507 120.2525481,23.0175123 120.2516778,23.0177885 120.2515462,23.0177804 120.2512533,23.0178541 120.2510359,23.017915 120.250394,23.0180868 120.2503677,23.0180237 120.2503749,23.0178373 120.2503742,23.0175072 120.2503478,23.0171681 120.2502948,23.016725 120.2502212,23.0162848 120.2501278,23.0158476 120.2500625,23.0155909 120.2500022,23.0155563 120.2499944,23.0155261 120.2500332,23.0154745 120.2500174,23.015412 120.2498954,23.0149773 120.2497667,23.0145427 120.2496356,23.0141072 120.2495054,23.0136722 120.2492923,23.0129619 120.2492684,23.0129512 120.249248,23.0129001 120.2492488,23.012886 120.2491182,23.0126866 120.2491183,23.0126865 120.2491999,23.0126611 120.2491822,23.0126022 120.2491182,23.0123926 120.2489928,23.011973 120.2488696,23.011553 120.248762,23.0111724 120.2487317,23.0111722 120.2486565,23.0108455 120.2486575,23.0108277 120.2486768,23.0108257 120.2486911,23.0108121 120.2486399,23.0106259 120.2484903,23.0103629 120.2482477,23.0094716 120.2482517,23.0093102 120.2482598,23.0091199 120.2482658,23.0089437 120.2481031,23.0088855 120.2481273,23.0086508 120.2480759,23.0082947 120.2480013,23.0079697 120.2478949,23.0074367 120.2478855,23.0073906 120.2478326,23.0073526 120.247846,23.0072282 120.2477223,23.0067681 120.2476606,23.00656 120.2476554,23.0065235 120.2476499,23.0065238 120.2476486,23.0065194 120.2475941,23.0065202 120.2475931,23.0065072 120.2475905,23.006465 120.2476269,23.006405 120.247599,23.0062523 120.2475964,23.0062269 120.2475965,23.0062268 120.2478647,23.0062104 120.2481041,23.0061312 120.2484153,23.0062275 120.248423,23.0062689 120.2484352,23.0065001 120.2484936,23.0065757 120.248557,23.0065769 120.2485896,23.006578 120.2486452,23.0065425 120.2487422,23.0064086 120.2488376,23.0063596 120.2490176,23.0063418 120.249082,23.0063851 120.2490402,23.006505 120.2491885,23.0064534 120.2495654,23.0063274 120.2498006,23.0062535 120.2500149,23.0061863 120.2504821,23.0060333 120.2506883,23.005965 120.2512237,23.0058128</coordinates></LinearRing></outerBoundaryIs>
        </Polygon>
      </MultiGeometry>
  </Placemark>
  <Placemark>
	<Style><LineStyle><color>ff0000ff</color></LineStyle><PolyStyle><fill>0</fill></PolyStyle></Style>
	<ExtendedData><SchemaData schemaUrl="#114SEC_DKTBLPD">
		<SimpleData name="段碼">9149</SimpleData>
		<SimpleData name="段名">建國段</SimpleData>
		<SimpleData name="行政區">永康區</SimpleData>
	</SchemaData></ExtendedData>
      <MultiGeometry>
        <Polygon>
          <outerBoundaryIs><LinearRing><coordinates>120.2485404,22.9923919 120.2488265,22.9924381 120.2488761,22.9924466 120.2491032,22.9924835 120.2492736,22.9924763 120.2492737,22.9924764 120.2492689,22.9925285 120.2492746,22.9925383 120.2492678,22.9926469 120.2492585,22.9926814 120.2491623,22.9929818 120.248825,22.9938338 120.2488579,22.9950715 120.2488756,22.9954016 120.2489103,22.9954215 120.2489257,22.9956082 120.2489925,22.9958098 120.2490664,22.9960955 120.2490775,22.9962271 120.2491579,22.9964494 120.2491947,22.9966483 120.2491946,22.9966484 120.2491694,22.9966499 120.2491859,22.9970127 120.2491867,22.9970633 120.2491881,22.9972001 120.2503567,22.9971744 120.2503872,22.9974932 120.2503917,22.9975381 120.2503972,22.9975381 120.2504222,22.9984665 120.250422,22.9984718 120.2504215,22.9984764 120.2504204,22.9984811 120.2504189,22.9984856 120.2504171,22.9984899 120.2504143,22.9984949 120.2504115,22.9984989 120.2504078,22.9985033 120.2504043,22.9985067 120.2503997,22.9985103 120.2503947,22.9985135 120.2503903,22.9985158 120.2503856,22.9985177 120.2503799,22.9985195 120.250375,22.9985206 120.250369,22.9985213 120.250477,22.9985213 120.2504787,22.999146 120.2504768,22.9994098 120.2504739,22.9999822 120.2504753,23.0001573 120.2504974,23.0015658 120.2504725,23.0015662 120.2505216,23.0016296 120.2505168,23.0018888 120.2505124,23.0021391 120.2505022,23.0028149 120.2504977,23.0031823 120.2505217,23.003504 120.250597,23.0039409 120.2506834,23.0044479 120.2506872,23.0044626 120.2507638,23.004755 120.2510184,23.0053403 120.2511916,23.005735 120.2512238,23.0058128 120.2512237,23.0058129 120.2506883,23.0059652 120.2504821,23.0060334 120.2500149,23.0061865 120.2498006,23.0062537 120.2495655,23.0063276 120.2491886,23.0064536 120.2490401,23.0065053 120.24904,23.0065052 120.2490818,23.0063852 120.2490176,23.006342 120.2488376,23.0063598 120.2487424,23.0064087 120.2486453,23.0065426 120.2485896,23.0065782 120.248557,23.0065771 120.2484934,23.0065759 120.248435,23.0065002 120.2484228,23.0062689 120.2484152,23.0062276 120.2481041,23.0061314 120.2478647,23.0062105 120.2475965,23.006227 120.2475817,23.0060854 120.2475724,23.0059175 120.2475762,23.0057495 120.2475946,23.0055629 120.2476347,23.005261 120.2476794,23.0048435 120.247693,23.0045943 120.2476993,23.0042044 120.2476604,23.0041606 120.2476551,23.0040696 120.2476952,23.0040319 120.2476929,23.0036375 120.2476945,23.0030653 120.2476663,23.0030408 120.2476667,23.0029911 120.2476978,23.0029625 120.2476998,23.0026813 120.2476855,23.0026627 120.2476859,23.002611 120.2476999,23.0025938 120.247702,23.0023522 120.2476959,23.0023211 120.2476579,23.0020958 120.247658,23.0020957 120.2477069,23.0020974 120.2477096,23.0018493 120.2476972,23.0018392 120.2476993,23.0017995 120.247704,23.0017806 120.2477107,23.0013917 120.247711,23.0013258 120.2477214,23.0009281 120.2477326,23.0005457 120.2477241,23.0005459 120.247724,23.0005458 120.247745,23.000326 120.2477493,22.9998712 120.2477507,22.9997557 120.247752,22.9995526 120.2477551,22.9994129 120.2477631,22.9987864 120.2477587,22.9987864 120.2476562,22.9987295 120.2476604,22.9984966 120.2477368,22.9984049 120.2477383,22.9982512 120.2477331,22.998228 120.2477335,22.9980274 120.2477369,22.9978905 120.2477203,22.9976129 120.2477082,22.9974641 120.2477069,22.997144 120.2476696,22.9967662 120.2476324,22.9964154 120.247588,22.9959806 120.2475881,22.9959805 120.2476708,22.9959738 120.2476664,22.9958555 120.2476691,22.9957351 120.2476755,22.9955094 120.247688,22.9952847 120.2477264,22.9948339 120.2477605,22.9943832 120.2477891,22.9939324 120.2478016,22.9935446 120.2477998,22.9935226 120.2472279,22.993507 120.2471894,22.9930294 120.2472014,22.9929952 120.2471889,22.9928257 120.247176,22.9927592 120.2471539,22.9924617 120.2473387,22.9924335 120.2474445,22.9924262 120.2476879,22.9924978 120.2482981,22.9924675 120.2485399,22.9924872 120.2485403,22.992392 120.2485404,22.9923919</coordinates></LinearRing></outerBoundaryIs>
        </Polygon>
      </MultiGeometry>
  </Placemark>
  <Placemark>
	<Style><LineStyle><color>ff0000ff</color></LineStyle><PolyStyle><fill>0</fill></PolyStyle></Style>
	<ExtendedData><SchemaData schemaUrl="#114SEC_DKTBLPD">
		<SimpleData name="段碼">9150</SimpleData>
		<SimpleData name="段名">橋北段</SimpleData>
		<SimpleData name="行政區">永康區</SimpleData>
	</SchemaData></ExtendedData>
      <MultiGeometry>
        <Polygon>
          <outerBoundaryIs><LinearRing><coordinates>120.2359881,23.0157083 120.2362632,23.0158879 120.2362631,23.015888 120.2362568,23.0158843 120.2362511,23.0158817 120.2362452,23.0158795 120.2362416,23.0158784 120.2362379,23.0158775 120.2362317,23.0158764 120.2362279,23.015876 120.2362241,23.0158758 120.2362178,23.0158758 120.2362115,23.0158763 120.236204,23.0158777 120.2361979,23.0158793 120.236192,23.0158814 120.2361863,23.015884 120.2361809,23.015887 120.2361778,23.0158891 120.2361748,23.0158913 120.2361692,23.015896 120.236165,23.0159004 120.2352334,23.0170212 120.2352308,23.0170249 120.2352284,23.0170288 120.2352263,23.0170328 120.2352246,23.017037 120.2352232,23.0170413 120.2352221,23.0170456 120.2352213,23.01705 120.2352208,23.0170544 120.2352207,23.0170589 120.2352209,23.0170633 120.2352215,23.0170678 120.2352224,23.0170721 120.2352236,23.0170765 120.2352252,23.0170807 120.235227,23.0170848 120.2352292,23.0170888 120.235233,23.0170945 120.2352359,23.017098 120.2352382,23.0171006 120.2352433,23.0171053 120.235246,23.0171075 120.2352494,23.0171099 120.2364181,23.0178891 120.2378724,23.0188414 120.2381089,23.0185761 120.238143,23.0185309 120.2381834,23.0184791 120.2382129,23.0184288 120.2382395,23.0183829 120.2382682,23.0183305 120.2383844,23.018216 120.238745,23.0180673 120.2391516,23.0178036 120.2391513,23.0178 120.2391507,23.0177966 120.2391497,23.0177922 120.2391488,23.017789 120.2391463,23.0177826 120.2391432,23.0177765 120.2391393,23.0177708 120.2391349,23.0177654 120.2391298,23.0177606 120.2391262,23.0177576 120.2391222,23.0177548 120.2391224,23.0177547 120.2393973,23.0179342 120.2393972,23.0179343 120.2393942,23.0179325 120.2393899,23.0179301 120.2393842,23.0179276 120.2393808,23.0179263 120.2393772,23.0179252 120.2393712,23.0179237 120.239365,23.0179228 120.2393576,23.0179222 120.2393538,23.0179223 120.2393501,23.0179224 120.2393439,23.0179232 120.2393366,23.0179247 120.2393307,23.0179265 120.2393272,23.0179278 120.2393238,23.0179293 120.2393184,23.0179321 120.2393132,23.0179353 120.2393103,23.0179375 120.2393075,23.0179398 120.2393048,23.0179422 120.2393022,23.0179447 120.2392983,23.0179492 120.2379913,23.0195963 120.2378893,23.0197297 120.2378402,23.0197976 120.2377924,23.0198663 120.2377458,23.0199357 120.2377006,23.0200059 120.2375964,23.0201794 120.237549,23.0203088 120.2375638,23.0203881 120.2379455,23.0205135 120.2379455,23.0205136 120.2376075,23.0212073 120.2377024,23.021349 120.2376846,23.0214004 120.2371425,23.0213028 120.237133,23.0213412 120.2371233,23.021382 120.2370666,23.0216298 120.2370313,23.0217698 120.2370144,23.0218289 120.2369964,23.0218878 120.2369774,23.0219463 120.2369572,23.0220045 120.2369359,23.0220624 120.2369135,23.0221199 120.23689,23.0221771 120.2368655,23.0222339 120.2368399,23.0222903 120.2368133,23.0223462 120.2367443,23.0224799 120.2365803,23.0227816 120.2375324,23.0236456 120.2375323,23.0236458 120.237027,23.0240024 120.2370513,23.0240254 120.2365276,23.0245518 120.2365934,23.0246056 120.2368017,23.024536 120.2368018,23.0245361 120.236618,23.0249046 120.2353423,23.0263947 120.2355232,23.0266893 120.235523,23.0266894 120.2297579,23.0233119 120.2297579,23.0233118 120.2360028,23.015799 120.2360051,23.015796 120.2360071,23.0157932 120.23601,23.0157884 120.2360128,23.0157823 120.2360149,23.0157759 120.2360162,23.0157705 120.2360169,23.0157639 120.236017,23.0157573 120.2360163,23.0157507 120.2360148,23.0157442 120.2360126,23.0157378 120.2360097,23.0157318 120.2360068,23.0157269 120.2360035,23.0157223 120.2359989,23.0157172 120.2359946,23.0157133 120.235991,23.0157105 120.235988,23.0157084 120.2359881,23.0157083</coordinates></LinearRing></outerBoundaryIs>
        </Polygon>
      </MultiGeometry>
  </Placemark>
  <Placemark>
	<Style><LineStyle><color>ff0000ff</color></LineStyle><PolyStyle><fill>0</fill></PolyStyle></Style>
	<ExtendedData><SchemaData schemaUrl="#114SEC_DKTBLPD">
		<SimpleData name="段碼">9151</SimpleData>
		<SimpleData name="段名">永大段</SimpleData>
		<SimpleData name="行政區">永康區</SimpleData>
	</SchemaData></ExtendedData>
      <MultiGeometry>
        <Polygon>
          <outerBoundaryIs><LinearRing><coordinates>120.2650048,23.0072675 120.2650824,23.0073849 120.2656342,23.0083 120.2657309,23.0083796 120.2657226,23.0083918 120.2657174,23.0083998 120.2657076,23.008416 120.2656984,23.0084326 120.2656898,23.0084494 120.2656819,23.0084665 120.2656746,23.0084838 120.2656679,23.0085014 120.2656649,23.0085102 120.2656605,23.0085241 120.2653024,23.0097006 120.2652962,23.0097218 120.2652632,23.0098304 120.2652113,23.01 120.2645474,23.0121821 120.2645464,23.0121857 120.2645459,23.0121891 120.2645458,23.0121925 120.264546,23.0121967 120.2645466,23.0122007 120.2645478,23.0122047 120.2645494,23.0122086 120.2645513,23.0122123 120.2645538,23.0122157 120.2645565,23.0122189 120.2645597,23.0122219 120.2645631,23.0122245 120.2645668,23.0122267 120.2645709,23.0122287 120.2645749,23.0122301 120.2645792,23.0122312 120.2645829,23.0122318 120.2645873,23.0122321 120.2645918,23.012232 120.2645969,23.0122313 120.2652378,23.0120903 120.2653748,23.0120621 120.2654104,23.0120488 120.2654159,23.0120492 120.2654204,23.0120492 120.265425,23.0120488 120.2654301,23.0120479 120.2661081,23.0118987 120.2661134,23.0118974 120.2661193,23.0118953 120.266125,23.0118929 120.2661294,23.0118905 120.2661336,23.0118879 120.2661385,23.0118843 120.2661431,23.0118803 120.2661473,23.011876 120.2661511,23.0118713 120.2661538,23.0118674 120.2661562,23.0118632 120.2661587,23.0118579 120.2661608,23.0118524 120.266162,23.0118479 120.2661631,23.0118421 120.2661636,23.0118361 120.2661638,23.0118361 120.2661599,23.0119322 120.2661543,23.0119679 120.2661386,23.0120237 120.2661423,23.0120272 120.266146,23.0120316 120.2661487,23.0120356 120.266151,23.0120399 120.2661529,23.0120452 120.2661541,23.0120498 120.2661547,23.0120546 120.2661548,23.0120593 120.2661077,23.0132213 120.2661072,23.0132267 120.2661064,23.0132309 120.2661054,23.013235 120.266104,23.0132391 120.2661028,23.013242 120.2661009,23.0132459 120.2660585,23.0134008 120.2660575,23.0134058 120.266056,23.0134104 120.2657343,23.0141835 120.2657323,23.0141879 120.2657301,23.0141918 120.2657269,23.0141965 120.2657248,23.0141992 120.2657218,23.0142027 120.2657185,23.0142059 120.265715,23.0142089 120.2657112,23.0142117 120.2657073,23.0142142 120.2657031,23.0142165 120.2656989,23.0142185 120.2656944,23.0142202 120.2656899,23.0142217 120.2656852,23.0142228 120.2656805,23.0142236 120.2656757,23.0142241 120.2656709,23.0142243 120.2656673,23.0142243 120.2656637,23.0142241 120.2656591,23.0142235 120.2650975,23.0141391 120.2650567,23.0141328 120.2649042,23.01411 120.2637866,23.0139419 120.2637935,23.013902 120.263801,23.0138476 120.2638058,23.0137987 120.2638076,23.0137728 120.263809,23.0137469 120.2638099,23.013721 120.2638103,23.013695 120.2638102,23.0136691 120.2638096,23.0136431 120.2638085,23.0136172 120.2638069,23.0135913 120.2638049,23.0135654 120.2638023,23.0135395 120.2637993,23.0135137 120.2637957,23.013488 120.2637917,23.0134623 120.2637873,23.0134367 120.2637823,23.0134111 120.2637721,23.0133651 120.2637675,23.0133473 120.2637641,23.0133335 120.263759,23.0133156 120.263754,23.0132976 120.2629667,23.0106156 120.2625983,23.0093601 120.2625705,23.0092662 120.2621878,23.0079625 120.2623281,23.0079239 120.2623024,23.0078362 120.2623026,23.0078361 120.2623047,23.0078419 120.2623067,23.0078462 120.2623097,23.007851 120.262312,23.0078541 120.2623152,23.0078577 120.2623195,23.0078617 120.2623242,23.0078653 120.2623283,23.0078679 120.2623328,23.0078701 120.2623383,23.0078723 120.2623441,23.007874 120.2623491,23.0078749 120.2623551,23.0078756 120.2623611,23.0078756 120.2623671,23.007875 120.2623721,23.0078741 120.2634681,23.0075735 120.2634719,23.0075722 120.2634756,23.0075708 120.2634797,23.0075689 120.2634824,23.0075674 120.2634856,23.0075653 120.2634886,23.0075631 120.2634915,23.0075606 120.2634942,23.007558 120.2635485,23.0075554 120.263652,23.007564 120.2639671,23.0076504 120.2639731,23.0076517 120.2639811,23.0076529 120.2639891,23.0076536 120.2639972,23.0076537 120.2640053,23.0076534 120.2640114,23.0076528 120.2640194,23.0076515 120.2640253,23.0076502 120.2640326,23.0076482 120.2640407,23.0076454 120.2640463,23.0076431 120.2640508,23.007641 120.2640555,23.0076385 120.2644715,23.0074078 120.2645684,23.007386 120.2647411,23.0073476 120.2648986,23.0073123 120.2649812,23.0072797 120.2650048,23.0072675</coordinates></LinearRing></outerBoundaryIs>
        </Polygon>
      </MultiGeometry>
  </Placemark>
  <Placemark>
	<Style><LineStyle><color>ff0000ff</color></LineStyle><PolyStyle><fill>0</fill></PolyStyle></Style>
	<ExtendedData><SchemaData schemaUrl="#114SEC_DKTBLPD">
		<SimpleData name="段碼">9152</SimpleData>
		<SimpleData name="段名">北灣段</SimpleData>
		<SimpleData name="行政區">永康區</SimpleData>
	</SchemaData></ExtendedData>
      <MultiGeometry>
        <Polygon>
          <outerBoundaryIs><LinearRing><coordinates>120.2691364,23.0091174 120.2691416,23.0091219 120.2691466,23.0091254 120.269152,23.0091285 120.269158,23.0091311 120.2691663,23.0091444 120.2691783,23.0091642 120.2692024,23.0092031 120.2692112,23.0092178 120.2692454,23.0092708 120.2692463,23.009276 120.269247,23.0092787 120.2692481,23.0092823 120.2692492,23.0092849 120.2692508,23.0092883 120.2692538,23.0092934 120.2700386,23.0104573 120.2700613,23.0104814 120.2701556,23.0106033 120.2703329,23.0108625 120.2703609,23.0109171 120.2704377,23.0110754 120.270441,23.0110337 120.2704412,23.0110336 120.2706443,23.0113657 120.27098,23.0119149 120.27098,23.011915 120.2707207,23.0119738 120.2703708,23.0120743 120.2703374,23.0120836 120.2703067,23.0120919 120.2702775,23.0120995 120.2702535,23.0121056 120.2702176,23.0121144 120.2701868,23.0121216 120.2701551,23.0121288 120.2701169,23.0121371 120.2700814,23.0121445 120.2700493,23.0121508 120.270018,23.0121568 120.2699866,23.0121625 120.2699372,23.0121709 120.2698938,23.0121777 120.2698506,23.012184 120.2698018,23.0121906 120.269765,23.0121951 120.269714,23.0122008 120.2696844,23.0122038 120.2696583,23.0122063 120.2696147,23.01221 120.2695699,23.0122133 120.2695249,23.0122161 120.2694739,23.0122187 120.2694237,23.0122205 120.2693798,23.0122216 120.2693315,23.0122223 120.2692918,23.0122224 120.2692416,23.0122219 120.2692155,23.0122214 120.2690362,23.0122134 120.2689656,23.012208 120.2688406,23.0121979 120.2682158,23.0121487 120.2680209,23.0121319 120.2675305,23.0120858 120.2673369,23.0120625 120.2663342,23.0119167 120.2661612,23.0118969 120.2661634,23.0118409 120.2661627,23.0118455 120.2661613,23.0118512 120.2661598,23.0118557 120.2661579,23.01186 120.2661558,23.0118643 120.2661526,23.0118693 120.2661498,23.0118732 120.2661458,23.0118778 120.2661424,23.0118812 120.2661386,23.0118844 120.2661337,23.011888 120.2661295,23.0118906 120.2661251,23.0118929 120.2661194,23.0118954 120.2661134,23.0118974 120.2661081,23.0118988 120.2654301,23.012048 120.265425,23.0120489 120.2654205,23.0120493 120.265415,23.0120492 120.2654105,23.0120488 120.2653749,23.0120622 120.2652379,23.0120903 120.2645982,23.0122311 120.2645947,23.0122317 120.2645918,23.0122321 120.2645888,23.0122322 120.2645851,23.0122321 120.2645814,23.0122317 120.2645785,23.0122311 120.2645756,23.0122304 120.2645728,23.0122295 120.2645694,23.0122281 120.2645667,23.0122268 120.2645642,23.0122253 120.2645618,23.0122237 120.2645595,23.0122219 120.2645574,23.01222 120.2645554,23.0122179 120.2645536,23.0122157 120.2645512,23.0122122 120.2645489,23.0122079 120.2645472,23.0122033 120.2645462,23.0121993 120.2645456,23.0121952 120.2645456,23.0121911 120.264546,23.0121869 120.2645472,23.0121819 120.2649071,23.010999 120.2656823,23.0110954 120.2658614,23.0110837 120.2658687,23.0108501 120.2658722,23.0107612 120.2658441,23.0105711 120.2658215,23.0103697 120.2658145,23.0103126 120.2659561,23.0102864 120.2665944,23.0104184 120.2665996,23.0104193 120.2666044,23.0104198 120.2666106,23.01042 120.2666155,23.0104198 120.2666203,23.0104193 120.2666264,23.0104182 120.2666311,23.0104169 120.2666357,23.0104154 120.2666402,23.0104136 120.2666456,23.0104109 120.2666507,23.0104078 120.2666546,23.010405 120.2666582,23.010402 120.2666625,23.0103979 120.2666663,23.0103935 120.2666691,23.0103897 120.2666709,23.0103868 120.2666728,23.0103836 120.2667628,23.0102134 120.2667744,23.0101994 120.266794,23.01019 120.2667952,23.0101839 120.2668488,23.0101659 120.2668547,23.0101642 120.2668609,23.0101618 120.2689312,23.0092623 120.2689342,23.0092608 120.2689375,23.0092591 120.2689406,23.0092571 120.2689428,23.0092554 120.268945,23.0092537 120.2689476,23.0092513 120.2689513,23.0092473 120.2689535,23.0092444 120.268955,23.0092422 120.2689579,23.0092367 120.2689593,23.0092335 120.2689602,23.009231 120.2689611,23.0092276 120.2689618,23.0092244 120.2689888,23.0092094 120.2690312,23.0092701 120.2690886,23.0091878 120.2691364,23.0091174</coordinates></LinearRing></outerBoundaryIs>
        </Polygon>
      </MultiGeometry>
  </Placemark>
  <Placemark>
	<Style><LineStyle><color>ff0000ff</color></LineStyle><PolyStyle><fill>0</fill></PolyStyle></Style>
	<ExtendedData><SchemaData schemaUrl="#114SEC_DKTBLPD">
		<SimpleData name="段碼">9153</SimpleData>
		<SimpleData name="段名">中灣段</SimpleData>
		<SimpleData name="行政區">永康區</SimpleData>
	</SchemaData></ExtendedData>
      <MultiGeometry>
        <Polygon>
          <outerBoundaryIs><LinearRing><coordinates>120.2672853,23.0062805 120.2673381,23.0063793 120.2675765,23.0067686 120.2677518,23.0070787 120.267755,23.0070832 120.2677587,23.0070873 120.2677621,23.0070904 120.2677663,23.0070936 120.2679081,23.0073098 120.2683596,23.0080046 120.2683632,23.0080092 120.2683652,23.0080113 120.268368,23.0080141 120.2683726,23.0080178 120.2683775,23.008021 120.2684764,23.0081678 120.2684778,23.0081731 120.2684798,23.0081783 120.2684819,23.0081825 120.2684851,23.0081874 120.2688287,23.008663 120.2691294,23.0091091 120.2691323,23.0091129 120.2691365,23.0091177 120.2690887,23.009188 120.2690312,23.0092705 120.2690311,23.0092705 120.2689888,23.0092097 120.2689619,23.0092247 120.2689613,23.0092278 120.2689604,23.0092312 120.2689595,23.0092337 120.2689581,23.0092369 120.2689551,23.0092424 120.2689536,23.0092447 120.2689515,23.0092475 120.2689478,23.0092515 120.2689451,23.009254 120.2689429,23.0092557 120.2689407,23.0092574 120.2689376,23.0092594 120.2689343,23.0092611 120.2689313,23.0092626 120.266861,23.0101621 120.2668548,23.0101645 120.2668488,23.0101662 120.2667953,23.0101842 120.2667942,23.0101903 120.2667745,23.0101997 120.266763,23.0102137 120.2666729,23.0103838 120.2666711,23.010387 120.2666692,23.01039 120.2666665,23.0103937 120.2666626,23.0103982 120.2666592,23.0104015 120.2666547,23.0104053 120.2666508,23.0104081 120.2666457,23.0104112 120.2666403,23.0104139 120.2666357,23.0104157 120.2666311,23.0104172 120.2666264,23.0104185 120.2666204,23.0104196 120.2666155,23.0104201 120.2666106,23.0104203 120.2666044,23.0104202 120.2665995,23.0104197 120.2665943,23.0104188 120.2659561,23.0102867 120.2658146,23.0103129 120.2658217,23.0103698 120.2658443,23.0105712 120.2658724,23.0107614 120.2658689,23.0108502 120.2658615,23.011084 120.2656823,23.0110957 120.2649072,23.0109992 120.2649071,23.0109991 120.2652111,23.01 120.265263,23.0098304 120.265296,23.0097218 120.2653022,23.0097006 120.2656603,23.008524 120.2656647,23.0085102 120.2656678,23.0085013 120.2656744,23.0084838 120.2656817,23.0084665 120.2656896,23.0084494 120.2656982,23.0084325 120.2657074,23.008416 120.2657173,23.0083998 120.2657224,23.0083918 120.2657307,23.0083796 120.265634,23.0083002 120.2650823,23.0073851 120.2650047,23.0072675 120.265018,23.007259 120.2650231,23.0072599 120.2650271,23.0072603 120.265032,23.0072605 120.265037,23.0072602 120.2650419,23.0072595 120.2650458,23.0072587 120.2650506,23.0072574 120.2650554,23.0072555 120.2658028,23.0069335 120.2661012,23.0067692 120.2661039,23.0067674 120.2661074,23.006765 120.2661107,23.0067622 120.2661138,23.0067593 120.2661159,23.006757 120.2661186,23.0067538 120.2661204,23.0067512 120.2661226,23.0067477 120.2661246,23.0067441 120.2661259,23.0067413 120.2661273,23.0067374 120.2661285,23.0067335 120.2661293,23.0067295 120.2661298,23.0067265 120.2661301,23.0067224 120.2661302,23.0067194 120.2661299,23.0067143 120.2661289,23.0067082 120.2661275,23.0067033 120.2661257,23.0066985 120.2661241,23.0066952 120.266094,23.0066361 120.2660982,23.0066239 120.2670663,23.0064073 120.2670698,23.0064064 120.267074,23.006405 120.2670765,23.0064039 120.2670803,23.006402 120.2670833,23.0064003 120.2670861,23.0063983 120.2670894,23.0063956 120.2670925,23.0063927 120.2670947,23.0063901 120.2670968,23.0063874 120.2670986,23.0063847 120.2671002,23.0063817 120.2671019,23.006378 120.2671031,23.0063749 120.2671041,23.0063709 120.2671047,23.0063676 120.267105,23.0063642 120.2671052,23.0063641 120.2671068,23.0063665 120.2671565,23.0063375 120.2672853,23.0062805</coordinates></LinearRing></outerBoundaryIs>
        </Polygon>
      </MultiGeometry>
  </Placemark>
  <Placemark>
	<Style><LineStyle><color>ff0000ff</color></LineStyle><PolyStyle><fill>0</fill></PolyStyle></Style>
	<ExtendedData><SchemaData schemaUrl="#114SEC_DKTBLPD">
		<SimpleData name="段碼">9154</SimpleData>
		<SimpleData name="段名">國聖段</SimpleData>
		<SimpleData name="行政區">永康區</SimpleData>
	</SchemaData></ExtendedData>
      <MultiGeometry>
        <Polygon>
          <outerBoundaryIs><LinearRing><coordinates>120.2698455,23.005589 120.269882,23.0056225 120.2698846,23.005625 120.2698874,23.0056281 120.2698905,23.0056323 120.2698927,23.0056357 120.2698951,23.0056402 120.2698967,23.005644 120.2698978,23.0056468 120.2698993,23.0056527 120.2699002,23.0056587 120.2699004,23.0056628 120.2699003,23.0056658 120.2699001,23.0056688 120.2698996,23.0056728 120.2698982,23.0056787 120.2698962,23.0056844 120.2698944,23.0056881 120.2698928,23.005691 120.2714197,23.0056611 120.2717153,23.0079142 120.2717156,23.0079187 120.2717156,23.0079235 120.2717197,23.0080592 120.2717232,23.0080625 120.2717267,23.0080666 120.2717299,23.0080708 120.2717326,23.0080753 120.2717349,23.0080801 120.2717366,23.0080845 120.2717381,23.00809 120.271739,23.0080949 120.2719661,23.0098259 120.2719664,23.0098296 120.2719663,23.0098333 120.2719658,23.0098376 120.2719649,23.0098414 120.2719606,23.0099759 120.2719637,23.0099805 120.271966,23.0099845 120.2719684,23.0099897 120.2719704,23.0099951 120.2719718,23.0100007 120.2719726,23.0100063 120.271973,23.010012 120.2719728,23.010017 120.2719293,23.010633 120.2719285,23.0106388 120.2719271,23.0106445 120.2719228,23.0106774 120.2719205,23.0106772 120.2719177,23.0107269 120.2719105,23.0107941 120.2719116,23.010799 120.2719122,23.0108046 120.2719121,23.0108103 120.2719116,23.0108152 120.2719042,23.0108566 120.2718995,23.0108796 120.2718943,23.0109026 120.2718887,23.0109255 120.2718826,23.0109482 120.27187,23.0109914 120.2718542,23.0110385 120.271846,23.0110607 120.2718374,23.0110828 120.2718284,23.0111048 120.271819,23.0111266 120.2718092,23.0111482 120.2717989,23.0111697 120.2717883,23.0111911 120.2717773,23.0112122 120.2717658,23.0112332 120.271754,23.011254 120.2717418,23.0112746 120.2717292,23.0112949 120.2717162,23.0113151 120.2717028,23.0113351 120.2716891,23.0113548 120.271675,23.0113744 120.2716605,23.0113936 120.2716457,23.0114127 120.2716125,23.0114529 120.2715828,23.0114865 120.2715662,23.0115042 120.2715493,23.0115217 120.2715321,23.011539 120.2715145,23.0115559 120.2714732,23.0115936 120.2714297,23.0116302 120.2714057,23.0116492 120.2713384,23.0116981 120.2710414,23.0119016 120.271036,23.0119048 120.2710326,23.0119064 120.27103,23.0119075 120.2710265,23.0119088 120.2710238,23.0119095 120.2710182,23.0119107 120.2710126,23.0119113 120.2710069,23.0119114 120.2710032,23.0119111 120.2710003,23.0119108 120.2709945,23.0119096 120.2709797,23.0119151 120.270441,23.0110341 120.2704377,23.011076 120.2704375,23.011076 120.2703606,23.0109173 120.2703326,23.0108627 120.2701553,23.0106035 120.270061,23.0104817 120.2700383,23.0104576 120.2692535,23.0092936 120.2692505,23.0092885 120.2692492,23.009286 120.2692478,23.0092825 120.2692467,23.0092789 120.269246,23.0092762 120.2692451,23.009271 120.2692109,23.0092181 120.2692021,23.0092033 120.269178,23.0091645 120.269166,23.0091447 120.2691577,23.0091314 120.2691537,23.0091297 120.2691499,23.0091278 120.2691455,23.0091252 120.2691421,23.0091228 120.2691389,23.0091202 120.2691362,23.0091177 120.2691333,23.0091145 120.2691301,23.0091106 120.2688284,23.008663 120.2684848,23.0081875 120.2684817,23.0081826 120.2684795,23.0081784 120.2684775,23.0081731 120.2684761,23.0081678 120.2683772,23.0080211 120.2683774,23.008021 120.2683809,23.0080229 120.2683846,23.0080246 120.2683883,23.008026 120.2683921,23.0080272 120.2683971,23.0080283 120.2684001,23.0080288 120.2684042,23.0080292 120.2684083,23.0080294 120.2684123,23.0080293 120.2684164,23.0080289 120.2684204,23.0080283 120.2684244,23.0080274 120.2684282,23.0080262 120.2684313,23.0080251 120.2684357,23.0080232 120.2684392,23.0080213 120.2696377,23.0073353 120.2696426,23.0073321 120.269647,23.0073284 120.2696493,23.007326 120.2696514,23.0073236 120.2696547,23.0073189 120.2696562,23.0073161 120.2696576,23.0073132 120.2696587,23.0073102 120.2696596,23.0073071 120.2696603,23.007304 120.2696607,23.0073008 120.2696609,23.0072977 120.2696609,23.0072945 120.2696606,23.0072913 120.2696601,23.0072882 120.2696593,23.0072851 120.2696583,23.0072821 120.2696561,23.0072769 120.2696541,23.0072734 120.2696522,23.0072708 120.2696491,23.007267 120.2696455,23.0072636 120.2695568,23.007189 120.2695588,23.0070444 120.2690556,23.0066218 120.2691738,23.0064937 120.2692858,23.0063575 120.2693114,23.0063266 120.2695313,23.0060868 120.2696389,23.0059942 120.2696734,23.005964 120.2697723,23.0057968 120.2697906,23.0057668 120.2697969,23.0057553 120.2698455,23.005589</coordinates></LinearRing></outerBoundaryIs>
        </Polygon>
      </MultiGeometry>
  </Placemark>
  <Placemark>
	<Style><LineStyle><color>ff0000ff</color></LineStyle><PolyStyle><fill>0</fill></PolyStyle></Style>
	<ExtendedData><SchemaData schemaUrl="#114SEC_DKTBLPD">
		<SimpleData name="段碼">9155</SimpleData>
		<SimpleData name="段名">東灣段</SimpleData>
		<SimpleData name="行政區">永康區</SimpleData>
	</SchemaData></ExtendedData>
      <MultiGeometry>
        <Polygon>
          <outerBoundaryIs><LinearRing><coordinates>120.2686275,23.0022287 120.2705883,23.0040492 120.2706271,23.0040871 120.2706882,23.0041453 120.2707326,23.0042066 120.2707368,23.0042066 120.2707417,23.004207 120.2707465,23.0042077 120.2707512,23.0042089 120.2707558,23.0042104 120.2707602,23.0042123 120.2707644,23.0042146 120.2707684,23.0042171 120.2707714,23.0042194 120.2707742,23.0042218 120.2708343,23.0042776 120.2708623,23.0043041 120.2708811,23.0043226 120.2709067,23.0043487 120.2709366,23.0043805 120.2709499,23.0043952 120.2709649,23.0044121 120.2709755,23.0044243 120.2709922,23.0044441 120.2710112,23.0044672 120.271025,23.0044846 120.2710402,23.0045043 120.2710553,23.0045243 120.2710689,23.0045429 120.271118,23.0046146 120.2711728,23.0047056 120.2711766,23.0047123 120.2711854,23.0047284 120.2711963,23.0047489 120.2712133,23.0047821 120.2712314,23.0048197 120.2712524,23.0048664 120.271277,23.004927 120.2712885,23.0049575 120.2712978,23.0049841 120.2713078,23.005014 120.2713174,23.0050449 120.2713247,23.0050698 120.271329,23.0050853 120.2713345,23.005106 120.2713418,23.0051351 120.2713497,23.00517 120.2713538,23.0051891 120.2713583,23.0052121 120.2713612,23.005228 120.271366,23.0052558 120.2713696,23.0052796 120.271373,23.0053037 120.2714198,23.0056609 120.2714197,23.005661 120.2698928,23.005691 120.2698927,23.0056909 120.2698944,23.0056878 120.2698961,23.0056841 120.2698981,23.0056784 120.2698995,23.0056726 120.2699001,23.0056686 120.2699003,23.0056656 120.2699003,23.0056626 120.2699001,23.0056585 120.2698992,23.0056526 120.2698977,23.0056467 120.2698967,23.0056438 120.2698951,23.0056401 120.2698927,23.0056356 120.2698905,23.0056322 120.2698873,23.005628 120.2698846,23.005625 120.269882,23.0056224 120.2698457,23.0055891 120.2697972,23.0057552 120.2697909,23.0057667 120.2697726,23.0057966 120.2696737,23.0059639 120.2696391,23.0059941 120.2695316,23.0060867 120.2693117,23.0063265 120.269286,23.0063574 120.2691741,23.0064937 120.2690559,23.0066216 120.2695591,23.0070441 120.2695571,23.0071887 120.2696458,23.0072632 120.2696488,23.0072661 120.269652,23.0072698 120.2696539,23.0072725 120.2696556,23.0072752 120.2696571,23.0072781 120.2696584,23.0072811 120.2696594,23.0072841 120.2696602,23.0072872 120.2696608,23.0072903 120.2696612,23.0072935 120.2696613,23.0072967 120.2696611,23.0072999 120.2696607,23.007303 120.2696601,23.0073062 120.2696593,23.0073093 120.2696582,23.0073123 120.2696569,23.0073152 120.2696554,23.0073181 120.2696536,23.0073208 120.2696517,23.0073235 120.2696478,23.0073278 120.2696454,23.00733 120.2696428,23.0073321 120.2696379,23.0073353 120.2684394,23.0080213 120.2684359,23.0080231 120.2684315,23.0080251 120.2684275,23.0080265 120.2684235,23.0080276 120.2684185,23.0080286 120.2684145,23.0080291 120.2684104,23.0080293 120.2684063,23.0080293 120.2684002,23.0080288 120.2683972,23.0080283 120.2683932,23.0080274 120.2683903,23.0080266 120.2683865,23.0080253 120.2683837,23.0080242 120.2683801,23.0080225 120.2683774,23.008021 120.2683741,23.0080189 120.2683716,23.0080171 120.2683686,23.0080146 120.2683664,23.0080126 120.2683637,23.0080098 120.2683612,23.0080068 120.2683595,23.0080045 120.2679079,23.0073097 120.2677661,23.0070935 120.2677613,23.0070897 120.2677579,23.0070865 120.2677543,23.0070824 120.2677517,23.0070786 120.2675763,23.0067685 120.2673379,23.0063792 120.2665032,23.0048133 120.2665013,23.0048089 120.2665001,23.0048053 120.2664989,23.0048008 120.2664983,23.0047971 120.2664979,23.0047924 120.266498,23.0047886 120.2664983,23.0047849 120.266499,23.0047802 120.2665002,23.0047757 120.2665019,23.0047712 120.2665035,23.0047678 120.2665059,23.0047636 120.266508,23.0047604 120.2665111,23.0047567 120.2665137,23.0047539 120.2665177,23.0047503 120.266471,23.004648 120.2664711,23.0046479 120.2664757,23.0046464 120.266479,23.0046451 120.2672274,23.0043203 120.2673952,23.0042485 120.2676186,23.0042501 120.2676237,23.0042497 120.267628,23.0042489 120.267633,23.0042475 120.2676378,23.0042456 120.2676424,23.0042433 120.2676467,23.0042406 120.2676506,23.0042374 120.2676542,23.0042339 120.2676578,23.0042294 120.2676604,23.0042252 120.2676626,23.0042208 120.2676644,23.0042155 120.2676652,23.0042123 120.2676656,23.00421 120.267666,23.0042051 120.2676658,23.0042003 120.2676649,23.0041947 120.2675227,23.0036575 120.26752,23.0036465 120.2675178,23.0036357 120.267516,23.0036249 120.2675146,23.003614 120.2675141,23.0036086 120.2675136,23.0036031 120.2675131,23.0035922 120.2675129,23.0035867 120.267513,23.0035757 120.2675135,23.0035648 120.2675138,23.0035593 120.2675143,23.0035539 120.2675159,23.0035414 120.2675719,23.0031514 120.2675722,23.0031472 120.2675721,23.0031416 120.2675718,23.0031392 120.2675711,23.0031352 120.2675699,23.0031314 120.2675684,23.0031276 120.2675662,23.0031233 120.2675642,23.0031202 120.2675406,23.0030242 120.2675407,23.0030241 120.2675471,23.003023 120.2675528,23.0030214 120.2675582,23.0030193 120.2675626,23.0030171 120.2675667,23.0030146 120.2675713,23.0030112 120.2675755,23.0030074 120.2675793,23.0030031 120.2677157,23.0029678 120.26772,23.0029672 120.2677242,23.0029663 120.2677275,23.0029653 120.2677307,23.0029641 120.2681012,23.0027999 120.2683777,23.0026175 120.268633,23.0023078 120.2686369,23.0023025 120.2686396,23.0022979 120.2686415,23.0022941 120.2686434,23.0022892 120.2686449,23.0022841 120.2686457,23.00228 120.2686462,23.0022747 120.2686463,23.0022695 120.2686459,23.0022643 120.268645,23.0022591 120.2686439,23.002255 120.2686422,23.0022501 120.2686399,23.0022452 120.2686372,23.0022406 120.2686348,23.0022371 120.2686321,23.0022337 120.2686274,23.0022289 120.2686275,23.0022287</coordinates></LinearRing></outerBoundaryIs>
        </Polygon>
      </MultiGeometry>
  </Placemark>
  <Placemark>
	<Style><LineStyle><color>ff0000ff</color></LineStyle><PolyStyle><fill>0</fill></PolyStyle></Style>
	<ExtendedData><SchemaData schemaUrl="#114SEC_DKTBLPD">
		<SimpleData name="段碼">9156</SimpleData>
		<SimpleData name="段名">西灣段</SimpleData>
		<SimpleData name="行政區">永康區</SimpleData>
	</SchemaData></ExtendedData>
      <MultiGeometry>
        <Polygon>
          <outerBoundaryIs><LinearRing><coordinates>120.2664711,23.0046481 120.2665179,23.0047505 120.2665146,23.0047535 120.2665118,23.0047563 120.2665093,23.0047592 120.2665065,23.0047631 120.2665046,23.0047664 120.2665024,23.0047706 120.2665007,23.004775 120.2664994,23.0047796 120.2664986,23.0047842 120.2664982,23.0047879 120.2664981,23.0047926 120.2664984,23.0047963 120.2664989,23.0048 120.2665,23.0048046 120.2665015,23.004809 120.2665034,23.0048134 120.2672854,23.0062806 120.2672854,23.0062807 120.2671566,23.0063376 120.2671068,23.0063667 120.2671052,23.0063645 120.2671049,23.0063677 120.2671041,23.0063717 120.2671032,23.0063749 120.2671018,23.0063788 120.2671004,23.0063818 120.2670988,23.0063847 120.2670969,23.0063875 120.2670943,23.0063909 120.2670914,23.006394 120.2670889,23.0063963 120.2670862,23.0063985 120.2670826,23.0064009 120.2670785,23.0064032 120.2670757,23.0064045 120.2670725,23.0064057 120.267069,23.0064068 120.2660983,23.0066241 120.2660942,23.0066361 120.266125,23.0066965 120.2661267,23.0067004 120.266128,23.0067043 120.266129,23.0067082 120.2661299,23.0067132 120.2661304,23.0067194 120.2661301,23.0067255 120.2661291,23.0067315 120.2661275,23.0067375 120.2661252,23.0067432 120.2661223,23.0067487 120.2661187,23.0067539 120.2661146,23.0067587 120.2661108,23.0067624 120.2661075,23.0067651 120.2661032,23.0067682 120.2660995,23.0067704 120.2658029,23.0069336 120.2650555,23.0072557 120.2650506,23.0072575 120.2650459,23.0072589 120.265042,23.0072597 120.265037,23.0072604 120.265032,23.0072606 120.265027,23.0072605 120.2650221,23.00726 120.2650181,23.0072592 120.2650048,23.0072677 120.2649812,23.0072799 120.2648987,23.0073125 120.2647412,23.0073478 120.2645685,23.0073863 120.2644716,23.007408 120.2640556,23.0076387 120.2640509,23.0076412 120.2640445,23.0076441 120.2640389,23.0076463 120.2640327,23.0076484 120.2640253,23.0076504 120.2640174,23.0076521 120.2640094,23.0076532 120.2640013,23.0076539 120.2639932,23.007654 120.2639851,23.0076535 120.263977,23.0076526 120.2639691,23.0076511 120.2639628,23.0076496 120.263652,23.0075643 120.2635485,23.0075556 120.2634943,23.0075582 120.2634916,23.0075608 120.2634888,23.0075633 120.2634857,23.0075655 120.2634825,23.0075676 120.2634798,23.0075691 120.2634757,23.007571 120.263472,23.0075725 120.2634681,23.0075737 120.2623731,23.0078741 120.2623682,23.0078751 120.2623621,23.0078758 120.2623571,23.0078759 120.262352,23.0078755 120.262347,23.0078748 120.2623411,23.0078734 120.2623364,23.0078719 120.2623318,23.0078699 120.2623274,23.0078676 120.2623232,23.0078649 120.2623193,23.0078619 120.2623151,23.0078579 120.2623113,23.0078535 120.2623085,23.0078496 120.2623061,23.0078455 120.2623038,23.0078405 120.2623283,23.0079241 120.262188,23.0079626 120.2621878,23.0079626 120.2618369,23.0067669 120.2619688,23.0066995 120.2619715,23.0067065 120.2619742,23.0067117 120.2619763,23.0067151 120.2619781,23.0067175 120.261982,23.006722 120.2619842,23.0067241 120.2619872,23.0067268 120.2619922,23.0067304 120.2619975,23.0067335 120.2620003,23.0067348 120.2620041,23.0067364 120.26201,23.0067383 120.2620161,23.0067397 120.2620192,23.0067401 120.2620234,23.0067405 120.2620297,23.0067405 120.2620359,23.0067399 120.26204,23.0067392 120.262043,23.0067385 120.262049,23.0067366 120.2620529,23.0067351 120.262056,23.0067336 120.2625656,23.0064714 120.2648233,23.0052337 120.2649908,23.0051468 120.2658996,23.0048495 120.2661839,23.0047484 120.2663531,23.0046999 120.2664711,23.0046481</coordinates></LinearRing></outerBoundaryIs>
        </Polygon>
      </MultiGeometry>
  </Placemark>
  <Placemark>
	<Style><LineStyle><color>ff0000ff</color></LineStyle><PolyStyle><fill>0</fill></PolyStyle></Style>
	<ExtendedData><SchemaData schemaUrl="#114SEC_DKTBLPD">
		<SimpleData name="段碼">9157</SimpleData>
		<SimpleData name="段名">頭前段</SimpleData>
		<SimpleData name="行政區">永康區</SimpleData>
	</SchemaData></ExtendedData>
      <MultiGeometry>
        <Polygon>
          <outerBoundaryIs><LinearRing><coordinates>120.265587,23.0031116 120.2655955,23.003128 120.2656024,23.0031237 120.2656025,23.0031238 120.265639,23.0031828 120.2656398,23.0031882 120.2656411,23.0031933 120.2656429,23.0031983 120.2656454,23.0032036 120.2660306,23.0039263 120.2660322,23.0039292 120.2660349,23.0039331 120.2660386,23.0039376 120.2660429,23.0039417 120.2660459,23.0039441 120.2660491,23.0039464 120.2660542,23.0039494 120.2660587,23.0039515 120.2660634,23.0039532 120.2660682,23.0039546 120.2660737,23.0039556 120.2660782,23.0039561 120.2660833,23.0039563 120.2660883,23.003956 120.2660934,23.0039553 120.2660983,23.0039542 120.2661043,23.0039524 120.266137,23.0040189 120.2661318,23.0040227 120.2661287,23.0040253 120.2661259,23.0040281 120.2661226,23.0040318 120.2661198,23.0040358 120.2661173,23.00404 120.2661152,23.0040444 120.2661135,23.004049 120.2661122,23.0040537 120.2661114,23.0040584 120.2661111,23.0040632 120.2661112,23.0040681 120.2661116,23.0040719 120.2661125,23.0040766 120.2661139,23.0040813 120.2661157,23.0040858 120.2661173,23.0040889 120.2664014,23.0046218 120.2664041,23.0046259 120.2664071,23.0046298 120.2664106,23.0046335 120.2664135,23.0046362 120.2664175,23.0046392 120.2664218,23.004642 120.2664263,23.0046444 120.266431,23.0046464 120.2664359,23.004648 120.266441,23.0046493 120.2664461,23.0046501 120.2664513,23.0046505 120.2664555,23.0046505 120.2664606,23.0046501 120.2664658,23.0046494 120.2664711,23.0046481 120.2664711,23.0046483 120.2663532,23.0047001 120.266184,23.0047486 120.2658997,23.0048496 120.2649909,23.005147 120.2648234,23.0052338 120.2625657,23.0064716 120.2620561,23.0067337 120.262053,23.0067352 120.2620491,23.0067368 120.2620431,23.0067387 120.26204,23.0067394 120.2620359,23.0067401 120.2620297,23.0067407 120.2620234,23.0067407 120.2620192,23.0067403 120.2620161,23.0067399 120.2620099,23.0067385 120.262004,23.0067366 120.2620002,23.006735 120.2619974,23.0067336 120.261992,23.0067305 120.2619871,23.0067269 120.261984,23.0067242 120.2619819,23.0067221 120.2619779,23.0067176 120.2619762,23.0067151 120.261974,23.0067118 120.2619713,23.0067065 120.2619698,23.0067029 120.2619688,23.0066998 120.261837,23.006767 120.2618369,23.006767 120.2616154,23.0060126 120.2612151,23.0050226 120.26141,23.0049352 120.2614101,23.0049353 120.2614235,23.0049714 120.2625282,23.004454 120.2628758,23.0042904 120.2628957,23.0042814 120.2629146,23.0042738 120.2629326,23.0042671 120.2629489,23.0042617 120.2629702,23.0042554 120.262986,23.0042512 120.2629989,23.0042481 120.2632085,23.0042044 120.2632045,23.0041948 120.2632046,23.0041947 120.2634264,23.0041531 120.2635817,23.0041433 120.263589,23.0041794 120.2636783,23.0041696 120.2637128,23.0041653 120.2637305,23.0041626 120.2637482,23.0041597 120.2637658,23.0041564 120.2637833,23.0041529 120.2638201,23.0041446 120.2638729,23.0041302 120.2638819,23.0041275 120.263921,23.0041147 120.2639378,23.0041086 120.2639544,23.0041023 120.2639709,23.0040958 120.2639873,23.0040889 120.2640199,23.0040745 120.2640357,23.0040669 120.2640554,23.0040571 120.2647522,23.003693 120.2647633,23.0036875 120.2647716,23.0036838 120.2647844,23.0036788 120.2647974,23.0036743 120.2648106,23.0036705 120.2648195,23.0036684 120.264833,23.0036657 120.2648437,23.003664 120.2648714,23.0036602 120.2649562,23.0036372 120.2649896,23.0036158 120.2651375,23.0034858 120.2652696,23.0032789 120.2653597,23.0032255 120.2654094,23.0032066 120.2654429,23.0031967 120.2654284,23.0031688 120.2654285,23.0031686 120.2655315,23.0031294 120.265587,23.0031116</coordinates></LinearRing></outerBoundaryIs>
        </Polygon>
      </MultiGeometry>
  </Placemark>
  <Placemark>
	<Style><LineStyle><color>ff0000ff</color></LineStyle><PolyStyle><fill>0</fill></PolyStyle></Style>
	<ExtendedData><SchemaData schemaUrl="#114SEC_DKTBLPD">
		<SimpleData name="段碼">9158</SimpleData>
		<SimpleData name="段名">北極段</SimpleData>
		<SimpleData name="行政區">永康區</SimpleData>
	</SchemaData></ExtendedData>
      <MultiGeometry>
        <Polygon>
          <outerBoundaryIs><LinearRing><coordinates>120.2647186,23.0014681 120.2647264,23.0014807 120.2647322,23.0014907 120.2647408,23.0015064 120.2650952,23.0021713 120.265097,23.002174 120.2650997,23.0021778 120.2651022,23.0021808 120.2651051,23.0021838 120.2651083,23.0021867 120.2651117,23.0021894 120.2651153,23.0021919 120.2651191,23.0021941 120.265123,23.002196 120.2651271,23.0021977 120.26513,23.0021988 120.2651356,23.0022003 120.2651399,23.0022012 120.2651443,23.0022018 120.2651488,23.0022021 120.265153,23.0022021 120.2651531,23.0022023 120.2651125,23.0022226 120.2651253,23.0022478 120.2651271,23.0022612 120.2651311,23.0022593 120.2651312,23.0022593 120.2651467,23.0022896 120.2651931,23.0022728 120.2651932,23.0022729 120.2651902,23.0022757 120.2651871,23.002279 120.2651849,23.0022818 120.2651824,23.0022856 120.2651802,23.0022895 120.2651788,23.0022927 120.2651774,23.0022969 120.2651765,23.0023003 120.2651759,23.0023038 120.2651755,23.0023081 120.2651755,23.0023125 120.2651758,23.002316 120.2651764,23.0023195 120.2651772,23.0023229 120.2651786,23.0023271 120.2651804,23.0023312 120.2655408,23.0030074 120.2655438,23.0030122 120.265547,23.0030165 120.2655514,23.0030209 120.2655559,23.0030246 120.2655996,23.0031055 120.265587,23.0031118 120.2655316,23.0031296 120.2654286,23.0031688 120.2654431,23.0031967 120.2654431,23.0031968 120.2654095,23.0032067 120.2653598,23.0032257 120.2652698,23.003279 120.2651376,23.0034859 120.2649897,23.0036159 120.2649563,23.0036374 120.2648715,23.0036604 120.2648438,23.0036642 120.2648331,23.0036658 120.2648196,23.0036685 120.2648106,23.0036707 120.2647974,23.0036745 120.2647844,23.0036789 120.2647717,23.003684 120.2647634,23.0036877 120.2647523,23.0036932 120.2640555,23.0040572 120.2640358,23.0040671 120.26402,23.0040746 120.2639874,23.0040891 120.263971,23.0040959 120.2639545,23.0041025 120.2639378,23.0041088 120.2639211,23.0041148 120.2638819,23.0041277 120.263873,23.0041304 120.2638202,23.0041447 120.2637833,23.0041531 120.2637658,23.0041566 120.2637482,23.0041598 120.2637305,23.0041628 120.2637128,23.0041654 120.2636783,23.0041698 120.263589,23.0041796 120.2635817,23.0041435 120.2634264,23.0041533 120.2632047,23.0041948 120.2632088,23.0042044 120.2632087,23.0042046 120.2629989,23.0042483 120.262986,23.0042514 120.2629702,23.0042555 120.2629489,23.0042619 120.2629326,23.0042673 120.2629147,23.0042739 120.2628958,23.0042816 120.2628759,23.0042905 120.2625282,23.0044541 120.2614235,23.0049716 120.2614234,23.0049715 120.26141,23.0049354 120.2612152,23.0050227 120.2612151,23.0050227 120.2603723,23.0029386 120.2603724,23.0029385 120.2605212,23.0029201 120.2605271,23.0029225 120.2605327,23.0029243 120.2605384,23.0029257 120.2605442,23.0029268 120.2605501,23.0029275 120.260556,23.0029278 120.260562,23.0029277 120.2605679,23.0029273 120.2605752,23.0029262 120.2605823,23.0029246 120.2605874,23.0029243 120.2605924,23.0029238 120.2610376,23.0028645 120.2616114,23.0027176 120.2630466,23.0021022 120.2632089,23.0020292 120.2632156,23.0020287 120.2632232,23.0020275 120.2632307,23.0020258 120.2632386,23.0020232 120.2647186,23.0014681</coordinates></LinearRing></outerBoundaryIs>
        </Polygon>
      </MultiGeometry>
  </Placemark>
  <Placemark>
	<Style><LineStyle><color>ff0000ff</color></LineStyle><PolyStyle><fill>0</fill></PolyStyle></Style>
	<ExtendedData><SchemaData schemaUrl="#114SEC_DKTBLPD">
		<SimpleData name="段碼">9159</SimpleData>
		<SimpleData name="段名">南灣段</SimpleData>
		<SimpleData name="行政區">永康區</SimpleData>
	</SchemaData></ExtendedData>
      <MultiGeometry>
        <Polygon>
          <outerBoundaryIs><LinearRing><coordinates>120.2594002,23.0001479 120.2594035,23.000155 120.2594061,23.00016 120.25941,23.0001664 120.2594133,23.000171 120.2594181,23.0001769 120.2594219,23.0001811 120.2594274,23.0001865 120.2594333,23.0001914 120.2594395,23.000196 120.2594444,23.0001991 120.2594512,23.000203 120.2594565,23.0002055 120.2594638,23.0002086 120.2594693,23.0002105 120.2594769,23.0002127 120.2594834,23.0002142 120.2642358,23.0011434 120.2642652,23.0011497 120.2642775,23.0011527 120.2642898,23.001156 120.2643021,23.0011594 120.2643142,23.001163 120.2643263,23.0011668 120.2643383,23.0011708 120.2643503,23.001175 120.2643621,23.0011794 120.2643739,23.001184 120.2643856,23.0011887 120.2643972,23.0011937 120.2644087,23.0011988 120.2644201,23.0012041 120.2644314,23.0012097 120.2644426,23.0012153 120.2644536,23.0012212 120.2644646,23.0012273 120.2644755,23.0012335 120.2644862,23.0012399 120.2644968,23.0012465 120.2645073,23.0012532 120.2645177,23.0012601 120.2645279,23.0012672 120.264538,23.0012745 120.2645479,23.0012819 120.2645578,23.0012894 120.2645674,23.0012972 120.264577,23.001305 120.2645863,23.0013131 120.2645955,23.0013212 120.2646046,23.0013296 120.2646135,23.0013381 120.2646223,23.0013467 120.2646308,23.0013554 120.2646393,23.0013643 120.2646475,23.0013733 120.2646556,23.0013825 120.2646635,23.0013918 120.2646712,23.0014012 120.2646787,23.0014108 120.2646861,23.0014204 120.2646933,23.0014302 120.2647003,23.0014401 120.2647071,23.0014501 120.2647187,23.0014681 120.2647187,23.0014683 120.2632386,23.0020234 120.2632308,23.0020259 120.2632233,23.0020277 120.2632156,23.0020289 120.263209,23.0020293 120.2630467,23.0021024 120.2616115,23.0027178 120.2610376,23.0028647 120.2605924,23.002924 120.2605874,23.0029245 120.2605823,23.0029247 120.2605753,23.0029264 120.2605679,23.0029275 120.260562,23.0029279 120.260556,23.002928 120.2605501,23.0029277 120.2605442,23.002927 120.2605384,23.0029259 120.2605326,23.0029244 120.260527,23.0029226 120.2605212,23.0029203 120.2603724,23.0029387 120.2598181,23.0015683 120.259813,23.0015555 120.2593334,23.0003696 120.2593336,23.0003695 120.259503,23.0004026 120.2594001,23.000148 120.2594002,23.0001479</coordinates></LinearRing></outerBoundaryIs>
        </Polygon>
      </MultiGeometry>
  </Placemark>
  <Placemark>
	<Style><LineStyle><color>ff0000ff</color></LineStyle><PolyStyle><fill>0</fill></PolyStyle></Style>
	<ExtendedData><SchemaData schemaUrl="#114SEC_DKTBLPD">
		<SimpleData name="段碼">9160</SimpleData>
		<SimpleData name="段名">東南段</SimpleData>
		<SimpleData name="行政區">永康區</SimpleData>
	</SchemaData></ExtendedData>
      <MultiGeometry>
        <Polygon>
          <outerBoundaryIs><LinearRing><coordinates>120.258702,22.9980546 120.2587109,22.998055 120.258718,22.9980558 120.2587268,22.9980575 120.258735,22.9980598 120.2611998,22.9988482 120.2612349,22.9988589 120.2612277,22.9988212 120.2612278,22.9988211 120.2612322,22.9988227 120.2613849,22.9988709 120.2613923,22.9989067 120.2679947,23.0009159 120.2679947,23.000916 120.2677795,23.0013937 120.267737,23.0014964 120.267818,23.0015522 120.2681096,23.0017479 120.2686293,23.0022305 120.2686336,23.0022354 120.2686374,23.0022406 120.2686406,23.0022462 120.2686431,23.0022521 120.2686449,23.0022581 120.2686461,23.0022643 120.2686465,23.0022706 120.2686462,23.0022769 120.2686457,23.0022811 120.2686448,23.0022852 120.2686436,23.0022893 120.2686425,23.0022923 120.2686408,23.0022962 120.2686393,23.002299 120.2686371,23.0023026 120.2686346,23.0023061 120.2683778,23.0026177 120.2681013,23.0028001 120.2677299,23.0029647 120.2677242,23.0029665 120.26772,23.0029674 120.2677157,23.002968 120.2675794,23.0030033 120.2675756,23.0030076 120.2675714,23.0030114 120.2675676,23.0030143 120.2675626,23.0030174 120.2675574,23.0030199 120.2675519,23.003022 120.2675471,23.0030232 120.2675408,23.0030243 120.2675644,23.0031202 120.2675667,23.003124 120.2675686,23.0031276 120.2675701,23.0031314 120.2675712,23.0031353 120.2675719,23.0031384 120.2675723,23.0031416 120.2675725,23.0031449 120.2675724,23.0031481 120.267572,23.0031515 120.267516,23.0035415 120.2675145,23.003554 120.267514,23.0035594 120.2675133,23.0035703 120.2675132,23.0035758 120.2675131,23.0035868 120.2675134,23.003596 120.2675142,23.0036086 120.2675148,23.0036141 120.2675161,23.003625 120.2675179,23.0036358 120.2675201,23.0036466 120.2675228,23.0036576 120.2676651,23.0041948 120.267666,23.0042004 120.2676661,23.0042044 120.2676658,23.0042093 120.2676648,23.0042148 120.2676633,23.0042195 120.2676614,23.004224 120.2676589,23.0042282 120.2676559,23.0042322 120.2676525,23.0042359 120.2676481,23.0042398 120.2676432,23.0042431 120.2676394,23.0042451 120.2676347,23.0042472 120.2676297,23.0042487 120.2676246,23.0042498 120.2676194,23.0042504 120.2676158,23.0042505 120.2673952,23.0042488 120.2672274,23.0043206 120.2664767,23.0046463 120.2664728,23.0046477 120.2664688,23.0046488 120.2664648,23.0046496 120.2664596,23.0046503 120.2664544,23.0046506 120.2664502,23.0046505 120.2664461,23.0046501 120.2664419,23.0046495 120.2664379,23.0046486 120.2664339,23.0046475 120.266429,23.0046457 120.2664253,23.004644 120.2664217,23.004642 120.2664182,23.0046398 120.2664149,23.0046375 120.2664111,23.0046342 120.2664076,23.0046306 120.2664051,23.0046275 120.2664022,23.0046235 120.2664,23.0046197 120.266117,23.0040889 120.2661155,23.0040857 120.2661137,23.0040812 120.2661123,23.0040765 120.2661114,23.0040718 120.266111,23.004068 120.2661109,23.0040631 120.2661112,23.0040583 120.266112,23.0040535 120.2661133,23.0040489 120.266115,23.0040442 120.2661171,23.0040398 120.2661196,23.0040356 120.2661225,23.0040316 120.2661257,23.0040278 120.2661293,23.0040244 120.2661333,23.0040212 120.2661367,23.0040188 120.2661041,23.0039525 120.2660993,23.003954 120.2660944,23.0039552 120.2660894,23.003956 120.2660843,23.0039563 120.2660792,23.0039562 120.2660736,23.0039557 120.2660682,23.0039547 120.2660633,23.0039533 120.2660586,23.0039516 120.2660541,23.0039494 120.2660498,23.003947 120.2660457,23.0039442 120.2660427,23.0039417 120.2660385,23.0039376 120.2660353,23.0039339 120.266032,23.0039292 120.2660304,23.0039263 120.2656452,23.0032036 120.2656427,23.0031982 120.2656409,23.0031932 120.2656396,23.0031881 120.2656388,23.0031827 120.2656024,23.0031238 120.2655955,23.0031281 120.2655953,23.0031281 120.2655869,23.0031116 120.2655994,23.0031053 120.2655557,23.0030245 120.2655513,23.003021 120.2655474,23.0030171 120.2655452,23.0030144 120.2655436,23.0030122 120.2655406,23.0030074 120.2651798,23.0023303 120.2651784,23.0023271 120.265177,23.0023228 120.265176,23.0023185 120.2651755,23.0023151 120.2651752,23.0023107 120.2651753,23.0023072 120.2651757,23.0023036 120.2651765,23.0022993 120.2651774,23.0022959 120.2651789,23.0022917 120.2651804,23.0022885 120.2651826,23.0022846 120.2651847,23.0022816 120.2651869,23.0022788 120.26519,23.0022755 120.2651927,23.002273 120.2651466,23.0022897 120.2651311,23.0022594 120.265127,23.0022613 120.2651269,23.0022612 120.2651251,23.0022478 120.2651123,23.0022224 120.2651526,23.0022022 120.2651488,23.0022021 120.2651443,23.0022018 120.2651399,23.0022012 120.2651355,23.0022004 120.2651323,23.0021995 120.265127,23.0021978 120.2651229,23.0021961 120.265119,23.0021941 120.2651161,23.0021925 120.2651125,23.0021901 120.265109,23.0021874 120.2651058,23.0021846 120.2651027,23.0021816 120.2650995,23.0021778 120.2650968,23.002174 120.265095,23.0021713 120.264739,23.0015033 120.264732,23.0014907 120.26472,23.0014704 120.2647135,23.0014602 120.2647069,23.0014501 120.2647001,23.00144 120.264693,23.0014301 120.2646772,23.001409 120.2646633,23.0013918 120.2646554,23.0013825 120.2646409,23.0013663 120.2646221,23.0013467 120.2646134,23.0013381 120.2645961,23.0013219 120.2645768,23.0013051 120.2645673,23.0012972 120.2645465,23.0012809 120.2645278,23.0012673 120.2645175,23.0012602 120.2645072,23.0012532 120.2644967,23.0012465 120.2644733,23.0012323 120.2644535,23.0012213 120.2644425,23.0012154 120.2644313,23.0012097 120.26442,23.0012042 120.2644086,23.0011989 120.2643856,23.0011888 120.264362,23.0011794 120.2643502,23.001175 120.2643382,23.0011708 120.2643262,23.0011669 120.2643003,23.0011589 120.264291,23.0011564 120.2642652,23.0011498 120.2642358,23.0011435 120.2594834,23.0002142 120.2594768,23.0002128 120.2594711,23.0002112 120.2594655,23.0002093 120.25946,23.0002072 120.2594546,23.0002048 120.2594494,23.0002021 120.2594443,23.0001992 120.2594394,23.000196 120.2594362,23.0001938 120.2594316,23.0001903 120.2594254,23.0001848 120.2594204,23.0001798 120.2594154,23.000174 120.2594109,23.0001679 120.2594068,23.0001616 120.2594033,23.000155 120.2594,23.0001479 120.2586054,22.9981828 120.2586038,22.9981784 120.2586023,22.9981736 120.2586011,22.9981688 120.2586001,22.9981639 120.2585993,22.9981573 120.2585989,22.9981507 120.258599,22.9981458 120.2585993,22.9981414 120.2586003,22.9981342 120.2586013,22.9981293 120.258603,22.9981229 120.2586053,22.9981166 120.2586073,22.998112 120.2586095,22.9981075 120.258612,22.9981031 120.2586148,22.9980988 120.2586188,22.9980933 120.2586221,22.9980894 120.2586256,22.9980856 120.2586306,22.9980809 120.2586346,22.9980776 120.2586402,22.9980734 120.2586446,22.9980706 120.2586491,22.9980679 120.2586554,22.9980647 120.2586615,22.9980621 120.2586669,22.9980602 120.2586737,22.9980581 120.2586789,22.9980569 120.2586842,22.998056 120.2586895,22.9980552 120.2586948,22.9980548 120.258702,22.9980546</coordinates></LinearRing></outerBoundaryIs>
        </Polygon>
      </MultiGeometry>
  </Placemark>
  <Placemark>
	<Style><LineStyle><color>ff0000ff</color></LineStyle><PolyStyle><fill>0</fill></PolyStyle></Style>
	<ExtendedData><SchemaData schemaUrl="#114SEC_DKTBLPD">
		<SimpleData name="段碼">9161</SimpleData>
		<SimpleData name="段名">禹帝段</SimpleData>
		<SimpleData name="行政區">永康區</SimpleData>
	</SchemaData></ExtendedData>
      <MultiGeometry>
        <Polygon>
          <outerBoundaryIs><LinearRing><coordinates>120.2351005,23.0393342 120.2364804,23.0405181 120.2365063,23.0405401 120.2365376,23.040566 120.2365691,23.0405915 120.2365995,23.0406154 120.2366323,23.0406406 120.2366583,23.0406601 120.236678,23.0406746 120.2367216,23.0407059 120.2367596,23.0407323 120.236782,23.0407474 120.2368044,23.0407624 120.2368458,23.0407892 120.2368874,23.0408153 120.2369284,23.0408403 120.236965,23.0408619 120.2370042,23.0408843 120.2370474,23.0409081 120.2370684,23.0409195 120.2370967,23.0409344 120.2371363,23.0409547 120.2372029,23.0409875 120.2372793,23.0410228 120.2372758,23.0412064 120.2371693,23.0414134 120.2365338,23.0417848 120.2364065,23.0418484 120.2363966,23.041865 120.234721,23.0428441 120.2347172,23.0428461 120.2347139,23.0428477 120.2347095,23.0428495 120.234706,23.0428507 120.2347025,23.0428517 120.2346977,23.0428528 120.2346941,23.0428534 120.2346891,23.0428539 120.2346794,23.042879 120.2345729,23.042931 120.2345693,23.0429268 120.2345653,23.0429227 120.2345608,23.0429191 120.2345584,23.0429174 120.2345552,23.0429155 120.2340099,23.0424203 120.2339241,23.0423699 120.2337606,23.0425174 120.233731,23.0425479 120.233678,23.0426005 120.2335821,23.0427016 120.2335586,23.0426935 120.233543,23.0426885 120.2335147,23.0426804 120.233501,23.0426768 120.2334871,23.0426734 120.2334732,23.0426702 120.2334593,23.0426673 120.2334452,23.0426646 120.2334153,23.0426596 120.2333889,23.042656 120.2333746,23.0426545 120.2333604,23.0426531 120.2333461,23.042652 120.2333318,23.0426511 120.2333069,23.0426502 120.2332889,23.0426499 120.2332729,23.04265 120.2332206,23.0426522 120.2331378,23.0425919 120.2330808,23.0426444 120.2330744,23.04265 120.2330696,23.0426538 120.2330637,23.0426581 120.2330592,23.0426611 120.2330546,23.0426639 120.2330475,23.0426679 120.2330426,23.0426704 120.2330352,23.0426738 120.2330249,23.0426777 120.2330145,23.042681 120.2330091,23.0426824 120.2330037,23.0426836 120.2329961,23.042685 120.2327871,23.0427188 120.2327781,23.0427201 120.2327699,23.042721 120.2327574,23.0427218 120.232745,23.0427221 120.2327367,23.0427219 120.2327284,23.0427215 120.232716,23.0427203 120.2327078,23.0427192 120.2326996,23.0427178 120.2326906,23.042716 120.2325325,23.0426807 120.2325283,23.0426794 120.2325249,23.042678 120.232521,23.042676 120.2325186,23.0426745 120.2325163,23.0426728 120.2325136,23.0426705 120.2325111,23.042668 120.2325093,23.0426658 120.2325077,23.0426635 120.2325059,23.0426606 120.2325047,23.0426581 120.2325034,23.0426549 120.2325024,23.0426516 120.2325018,23.0426483 120.2325015,23.0426455 120.2325014,23.0426428 120.2325015,23.0426401 120.2325018,23.0426374 120.2325025,23.042634 120.2325035,23.0426308 120.2324354,23.0425758 120.2324319,23.0425766 120.2324279,23.0425772 120.2324249,23.0425775 120.2324208,23.0425777 120.2324177,23.0425776 120.2324137,23.0425774 120.2324097,23.0425768 120.2324067,23.0425762 120.2324027,23.0425753 120.2323998,23.0425743 120.232397,23.0425733 120.2323933,23.0425717 120.2323881,23.0425688 120.2323847,23.0425667 120.2323823,23.0425648 120.232379,23.042562 120.2321702,23.0423698 120.2321674,23.0423669 120.2321655,23.0423646 120.2321632,23.0423614 120.2321612,23.0423581 120.2321594,23.0423546 120.2321582,23.0423519 120.2321568,23.0423483 120.2321558,23.0423445 120.2321552,23.0423417 120.2321546,23.0423379 120.2321544,23.042334 120.2321544,23.0423302 120.2321547,23.0423263 120.2321553,23.0423225 120.2321559,23.0423197 120.2321569,23.0423164 120.2320716,23.0422435 120.2321164,23.0421904 120.2348428,23.0395699 120.2348474,23.0395646 120.2348508,23.03956 120.2348537,23.039555 120.2348566,23.0395489 120.2348585,23.0395435 120.2348593,23.0395402 120.23486,23.0395369 120.2348608,23.0395302 120.2348609,23.0395247 120.2348603,23.0395179 120.234859,23.0395113 120.2348569,23.0395048 120.2348546,23.0394996 120.2348512,23.0394936 120.2348479,23.0394889 120.2348441,23.0394845 120.2348416,23.039482 120.2348386,23.0394792 120.2348388,23.0394791 120.2348908,23.0395238 120.2350594,23.0393664 120.2351005,23.0393342</coordinates></LinearRing></outerBoundaryIs>
        </Polygon>
      </MultiGeometry>
  </Placemark>
  <Placemark>
	<Style><LineStyle><color>ff0000ff</color></LineStyle><PolyStyle><fill>0</fill></PolyStyle></Style>
	<ExtendedData><SchemaData schemaUrl="#114SEC_DKTBLPD">
		<SimpleData name="段碼">9162</SimpleData>
		<SimpleData name="段名">鹽埕段</SimpleData>
		<SimpleData name="行政區">永康區</SimpleData>
	</SchemaData></ExtendedData>
      <MultiGeometry>
        <Polygon>
          <outerBoundaryIs><LinearRing><coordinates>120.2320716,23.0422435 120.2321571,23.0423163 120.2321559,23.0423207 120.2321553,23.0423235 120.2321549,23.0423263 120.2321546,23.0423302 120.2321546,23.042334 120.2321548,23.0423378 120.2321554,23.0423417 120.232156,23.0423445 120.232157,23.0423482 120.2321584,23.0423518 120.2321595,23.0423545 120.2321613,23.042358 120.2321634,23.0423613 120.2321657,23.0423645 120.2321676,23.0423668 120.2321703,23.0423697 120.2323791,23.0425619 120.2323824,23.0425647 120.2323849,23.0425665 120.2323882,23.0425687 120.2323934,23.0425715 120.2323971,23.0425731 120.2323999,23.0425742 120.2324028,23.0425751 120.2324067,23.0425761 120.2324097,23.0425766 120.2324137,23.0425772 120.2324178,23.0425775 120.2324208,23.0425775 120.2324248,23.0425773 120.2324279,23.042577 120.2324309,23.0425766 120.2324355,23.0425756 120.2325037,23.0426307 120.2325027,23.0426341 120.232502,23.0426374 120.2325016,23.0426428 120.232502,23.0426482 120.2325026,23.0426516 120.2325034,23.0426542 120.2325043,23.0426568 120.2325057,23.0426599 120.2325071,23.0426623 120.2325086,23.0426646 120.2325103,23.0426668 120.2325127,23.0426694 120.2325153,23.0426718 120.2325176,23.0426735 120.2325211,23.0426759 120.232525,23.0426779 120.2325297,23.0426797 120.2325337,23.0426808 120.2326906,23.0427158 120.2326997,23.0427176 120.2327078,23.042719 120.232716,23.0427201 120.2327284,23.0427213 120.2327367,23.0427217 120.232745,23.0427219 120.2327574,23.0427217 120.2327657,23.0427212 120.232774,23.0427204 120.2327871,23.0427186 120.2329961,23.0426849 120.2330037,23.0426834 120.233009,23.0426822 120.2330144,23.0426809 120.2330197,23.0426793 120.2330249,23.0426776 120.2330326,23.0426747 120.2330401,23.0426714 120.233045,23.042669 120.2330498,23.0426665 120.2330568,23.0426624 120.2330613,23.0426595 120.233068,23.0426548 120.2330743,23.0426499 120.2330807,23.0426443 120.2331379,23.0425917 120.2332206,23.042652 120.2332728,23.0426498 120.2332889,23.0426497 120.2333069,23.04265 120.2333318,23.042651 120.2333461,23.0426518 120.2333604,23.0426529 120.2333747,23.0426543 120.2333889,23.0426559 120.2334154,23.0426594 120.2334453,23.0426644 120.2334593,23.0426671 120.2334733,23.0426701 120.2334872,23.0426732 120.233501,23.0426766 120.2335148,23.0426802 120.2335418,23.042688 120.2335587,23.0426933 120.2335821,23.0427014 120.2336779,23.0426004 120.2337309,23.0425478 120.2337605,23.0425173 120.2339241,23.0423697 120.23401,23.0424202 120.2345554,23.0429154 120.2345585,23.0429173 120.2345609,23.0429189 120.2345639,23.0429213 120.2345661,23.0429233 120.2345695,23.0429267 120.2345729,23.0429309 120.234618,23.0429714 120.2346489,23.0430013 120.2346607,23.0430124 120.2346948,23.0430468 120.2350703,23.0434018 120.2350721,23.0434036 120.2350748,23.0434066 120.2350782,23.0434111 120.2351859,23.0435184 120.2351914,23.0435206 120.2351974,23.0435237 120.2352026,23.0435272 120.2352073,23.0435312 120.2354122,23.0437246 120.2354148,23.0437272 120.2354168,23.0437295 120.2354202,23.043734 120.2354897,23.0438041 120.2355136,23.0438381 120.2355178,23.0438387 120.2355228,23.0438397 120.2355276,23.0438412 120.2355314,23.0438426 120.2355351,23.0438443 120.2355386,23.0438462 120.2355428,23.0438489 120.235546,23.0438513 120.2355492,23.0438542 120.2357437,23.0440384 120.2358292,23.0441027 120.2358874,23.044147 120.2358873,23.0441471 120.2358826,23.0441446 120.2358778,23.0441425 120.2358728,23.0441409 120.2358687,23.0441398 120.2358645,23.0441391 120.2358593,23.0441385 120.235855,23.0441383 120.2358497,23.0441385 120.2358444,23.0441391 120.2358392,23.0441402 120.2358342,23.0441416 120.2358302,23.0441431 120.2358255,23.0441452 120.2358209,23.0441478 120.2358166,23.0441507 120.2358134,23.0441533 120.2351868,23.0447426 120.2351844,23.0447449 120.2351818,23.0447479 120.2351788,23.0447518 120.2351767,23.0447552 120.2351744,23.0447595 120.2351729,23.0447631 120.2351714,23.0447678 120.2351705,23.0447716 120.2351699,23.0447754 120.2351696,23.0447793 120.2351695,23.0447831 120.2351699,23.044788 120.2351706,23.0447918 120.2351715,23.0447956 120.2351727,23.0447993 120.2351742,23.0448029 120.2351759,23.0448064 120.2351785,23.0448107 120.235182,23.0448154 120.2351863,23.0448199 120.2353014,23.044931 120.2352688,23.0449649 120.2350919,23.0451161 120.2348577,23.0452848 120.234842,23.0452927 120.2347541,23.0453387 120.2344411,23.0455186 120.234411,23.0455495 120.2342453,23.0455757 120.2340705,23.0456141 120.2338615,23.0457695 120.2337018,23.0459277 120.2336535,23.0460683 120.2337335,23.0465021 120.2337582,23.046789 120.2337581,23.0467891 120.2337297,23.046771 120.2337377,23.0468613 120.2336425,23.0470223 120.2337517,23.0470954 120.2337767,23.0471532 120.2337712,23.0472591 120.2337617,23.0474663 120.2337284,23.047483 120.2336752,23.0476151 120.2335765,23.0477215 120.2335107,23.0478303 120.2334953,23.047971 120.2335318,23.0481765 120.2335316,23.0481766 120.2330434,23.0479164 120.2328666,23.047813 120.2324389,23.0474962 120.2323386,23.0473789 120.2321312,23.0473835 120.2316634,23.0470459 120.2312826,23.0465608 120.2311707,23.0463188 120.2309059,23.0457894 120.2308624,23.0456667 120.2309329,23.045636 120.2308808,23.0454376 120.2307923,23.0453299 120.2306753,23.0453911 120.2305621,23.0452458 120.2304994,23.0452106 120.2302758,23.0450777 120.2301034,23.0449661 120.2298729,23.0448037 120.2296218,23.0446015 120.2294541,23.0444564 120.2292645,23.0442814 120.2291149,23.0441262 120.229005,23.0440089 120.2288062,23.04378 120.2284426,23.0436195 120.2284426,23.0436193 120.2286337,23.0435555 120.2279545,23.0433368 120.2277997,23.0432783 120.2277508,23.0432541 120.2277094,23.0432306 120.2277115,23.0431657 120.2277437,23.0431143 120.2277873,23.0430914 120.2279843,23.0430923 120.2280799,23.0430726 120.2282133,23.0430139 120.2282774,23.043054 120.2289914,23.0428658 120.2291157,23.0427759 120.2298592,23.0426287 120.2300825,23.042577 120.2303457,23.0425474 120.2305556,23.0425488 120.2307419,23.0425824 120.2309393,23.0426339 120.2310472,23.0426932 120.2310961,23.0426994 120.2311258,23.0427246 120.2311431,23.0427398 120.2311603,23.0427554 120.2312927,23.0428743 120.2313465,23.0428221 120.2313466,23.0428221 120.2313787,23.0428508 120.231381,23.0428526 120.2313843,23.0428548 120.2313869,23.0428564 120.2313905,23.0428582 120.2313951,23.0428602 120.2314009,23.0428621 120.2314069,23.0428634 120.231411,23.0428639 120.2314161,23.0428643 120.2314212,23.0428642 120.2314263,23.0428636 120.2314313,23.0428627 120.2314352,23.0428617 120.2314391,23.0428604 120.2314428,23.0428589 120.2314464,23.0428571 120.2314499,23.0428552 120.2314532,23.0428529 120.2314564,23.0428505 120.2314596,23.0428477 120.2320081,23.0423205 120.2320273,23.0422975 120.2320716,23.0422435</coordinates></LinearRing></outerBoundaryIs>
        </Polygon>
      </MultiGeometry>
  </Placemark>
  <Placemark>
	<Style><LineStyle><color>ff0000ff</color></LineStyle><PolyStyle><fill>0</fill></PolyStyle></Style>
	<ExtendedData><SchemaData schemaUrl="#114SEC_DKTBLPD">
		<SimpleData name="段碼">9163</SimpleData>
		<SimpleData name="段名">三村段</SimpleData>
		<SimpleData name="行政區">永康區</SimpleData>
	</SchemaData></ExtendedData>
      <MultiGeometry>
        <Polygon>
          <outerBoundaryIs><LinearRing><coordinates>120.2371855,23.0413816 120.2372153,23.0413987 120.2372873,23.0414223 120.2375367,23.04165 120.2375393,23.0416522 120.2375419,23.0416541 120.237546,23.0416566 120.2375496,23.0416583 120.2375542,23.04166 120.2375589,23.0416613 120.2375637,23.0416621 120.2375686,23.0416625 120.2375735,23.0416623 120.2375784,23.0416617 120.2375831,23.0416607 120.237587,23.0416594 120.2375915,23.0416575 120.2375957,23.0416552 120.237599,23.041653 120.2376027,23.0416499 120.2376054,23.0416472 120.2376091,23.0416427 120.2376092,23.0416426 120.2376957,23.0417287 120.2376933,23.041734 120.237692,23.0417375 120.2376906,23.0417423 120.2376896,23.0417472 120.237689,23.0417509 120.2376886,23.0417559 120.2376886,23.0417609 120.2376889,23.0417658 120.2376895,23.0417702 120.2376907,23.0417756 120.2376918,23.0417792 120.2376935,23.0417839 120.2376956,23.0417885 120.2376974,23.0417918 120.2377,23.0417961 120.237703,23.0418003 120.2377071,23.0418052 120.2377115,23.0418094 120.2379623,23.0420383 120.2383349,23.0425475 120.2383697,23.0425973 120.2383835,23.0426183 120.2383969,23.0426396 120.2384099,23.0426611 120.2384301,23.0426965 120.2384397,23.0427143 120.2384514,23.0427366 120.2384578,23.0427493 120.2384703,23.0427752 120.2394327,23.0448286 120.2394168,23.0448372 120.2393305,23.044883 120.2393327,23.0448884 120.2393342,23.0448933 120.2393353,23.0448993 120.2393357,23.0449043 120.2393356,23.0449094 120.2393349,23.0449155 120.2393338,23.0449204 120.2393322,23.0449253 120.2393301,23.04493 120.2393277,23.0449345 120.2393242,23.0449396 120.2393208,23.0449436 120.2393171,23.0449474 120.239313,23.0449508 120.2393077,23.0449544 120.2393028,23.0449572 120.2370585,23.0460816 120.2370533,23.0460839 120.2370477,23.0460859 120.2366543,23.046283 120.2359421,23.0461163 120.2352498,23.0458794 120.2348239,23.0457173 120.2345748,23.045594 120.234411,23.0455495 120.2344109,23.0455493 120.234441,23.0455185 120.234754,23.0453385 120.2348419,23.0452926 120.2348576,23.0452846 120.2350918,23.0451159 120.2352687,23.0449647 120.2353012,23.044931 120.2351861,23.0448201 120.2351819,23.0448155 120.2351783,23.0448107 120.2351757,23.0448065 120.235174,23.044803 120.2351725,23.0447993 120.2351713,23.0447956 120.2351704,23.0447918 120.2351697,23.044788 120.2351694,23.0447841 120.2351693,23.0447802 120.2351696,23.0447763 120.2351701,23.0447725 120.2351709,23.0447687 120.235172,23.0447649 120.2351734,23.0447613 120.2351751,23.0447577 120.235177,23.0447542 120.2351798,23.0447501 120.2351829,23.0447462 120.2351866,23.0447424 120.2358133,23.0441531 120.2358165,23.0441505 120.2358208,23.0441476 120.2358254,23.0441451 120.2358302,23.0441429 120.2358341,23.0441415 120.2358392,23.04414 120.2358444,23.044139 120.2358486,23.0441384 120.2358539,23.0441381 120.2358582,23.0441382 120.2358635,23.0441387 120.2358687,23.0441397 120.2358728,23.0441407 120.2358779,23.0441424 120.2358817,23.044144 120.2358862,23.0441463 120.235829,23.0441028 120.2357436,23.0440385 120.2355491,23.0438543 120.2355459,23.0438514 120.2355427,23.043849 120.2355385,23.0438464 120.235535,23.0438445 120.2355314,23.0438428 120.2355276,23.0438414 120.2355227,23.0438399 120.2355187,23.043839 120.2355134,23.0438383 120.2354895,23.0438043 120.2354201,23.0437341 120.2354167,23.0437296 120.2354147,23.0437273 120.2354121,23.0437247 120.2352072,23.0435313 120.2352025,23.0435274 120.2351973,23.0435238 120.2351913,23.0435207 120.2351858,23.0435185 120.235078,23.0434112 120.2350747,23.0434067 120.235072,23.0434037 120.2350701,23.0434019 120.2346947,23.043047 120.2346605,23.0430125 120.2346488,23.0430014 120.2346178,23.0429715 120.2345727,23.042931 120.2345728,23.0429309 120.2346793,23.0428789 120.234689,23.0428537 120.2346941,23.0428532 120.2346977,23.0428526 120.2347024,23.0428515 120.2347059,23.0428505 120.2347094,23.0428493 120.2347139,23.0428475 120.2347171,23.042846 120.2347209,23.0428439 120.2363964,23.0418648 120.2364064,23.0418483 120.2365337,23.0417846 120.2371692,23.0414133 120.2371855,23.0413816</coordinates></LinearRing></outerBoundaryIs>
        </Polygon>
      </MultiGeometry>
  </Placemark>
  <Placemark>
	<Style><LineStyle><color>ff0000ff</color></LineStyle><PolyStyle><fill>0</fill></PolyStyle></Style>
	<ExtendedData><SchemaData schemaUrl="#114SEC_DKTBLPD">
		<SimpleData name="段碼">9164</SimpleData>
		<SimpleData name="段名">鹽新段</SimpleData>
		<SimpleData name="行政區">永康區</SimpleData>
	</SchemaData></ExtendedData>
      <MultiGeometry>
        <Polygon>
          <outerBoundaryIs><LinearRing><coordinates>120.2372793,23.0410225 120.2373155,23.0410384 120.237348,23.0410523 120.237409,23.0410773 120.2374655,23.0410993 120.2374805,23.0411049 120.2375167,23.0411182 120.23755,23.04113 120.237565,23.0411351 120.2376755,23.041171 120.2377607,23.0411959 120.2377887,23.0412035 120.2378208,23.041212 120.2378529,23.0412202 120.2378908,23.0412294 120.2379254,23.0412374 120.2379663,23.0412464 120.2380053,23.0412545 120.2380406,23.0412614 120.2380718,23.0412672 120.2381063,23.0412733 120.2381344,23.0412781 120.2382297,23.0412922 120.2382861,23.0412994 120.2383427,23.0413056 120.2383994,23.041311 120.2384562,23.0413154 120.2385813,23.0413218 120.2421853,23.0414442 120.2421854,23.0414444 120.2421447,23.0414664 120.242165,23.0417508 120.2421669,23.0417551 120.242168,23.0417583 120.2421693,23.0417627 120.24217,23.041766 120.2421708,23.0417727 120.242171,23.0417772 120.2421708,23.0417809 120.2420933,23.042924 120.2420879,23.042998 120.2420786,23.043141 120.2420419,23.0436818 120.2420473,23.0436833 120.2420501,23.0436843 120.2420537,23.0436858 120.2420589,23.0436885 120.2420638,23.0436917 120.2420683,23.0436953 120.2420723,23.0436994 120.2420759,23.0437038 120.2420784,23.0437077 120.2420803,23.043711 120.2420927,23.0437374 120.2420988,23.0437512 120.2421047,23.0437651 120.242113,23.0437864 120.2421166,23.0437962 120.2421218,23.0438109 120.2421268,23.0438263 120.2421338,23.0438495 120.2421377,23.0438639 120.2421414,23.0438784 120.2421485,23.0439105 120.2421555,23.0439506 120.2421585,23.0439736 120.2421607,23.0439954 120.2421622,23.044014 120.2421634,23.0440398 120.2421637,23.0440545 120.2421638,23.0440694 120.2421636,23.0440842 120.2421621,23.0441172 120.2420208,23.0462383 120.242025,23.0462401 120.2420286,23.046242 120.242032,23.046244 120.2420352,23.0462463 120.2420382,23.0462488 120.2420411,23.0462514 120.2420437,23.0462543 120.2420467,23.0462581 120.2420493,23.0462621 120.2420512,23.0462654 120.2420527,23.0462689 120.242054,23.0462724 120.242055,23.0462761 120.2420558,23.0462797 120.2420562,23.0462825 120.2420565,23.0462869 120.2420587,23.0462544 120.2435453,23.0463082 120.2435488,23.0463085 120.2435528,23.0463091 120.2435567,23.0463102 120.2435605,23.0463116 120.2435641,23.0463134 120.2435669,23.0463152 120.24357,23.0463176 120.2435729,23.0463202 120.2435751,23.0463227 120.2435773,23.0463258 120.2435792,23.0463292 120.2435807,23.0463327 120.2435818,23.0463363 120.2435825,23.04634 120.2435828,23.0463431 120.2435826,23.0463475 120.2435821,23.0463507 120.2435816,23.0463531 120.2435806,23.0463561 120.2435796,23.0463585 120.2435771,23.0463629 120.2435752,23.0463656 120.2435733,23.0463678 120.2413639,23.0487398 120.2413609,23.0487427 120.2413574,23.0487455 120.241353,23.0487483 120.2413496,23.04875 120.2413453,23.0487516 120.2413409,23.0487528 120.2413363,23.0487536 120.2413325,23.048754 120.2413278,23.0487539 120.241324,23.0487536 120.2413195,23.0487527 120.2413158,23.0487517 120.2413115,23.0487501 120.2413074,23.0487481 120.2413042,23.0487461 120.2413006,23.0487433 120.2412979,23.0487408 120.2412949,23.0487375 120.2412927,23.0487346 120.2412905,23.0487308 120.2407981,23.0476834 120.2406565,23.0473875 120.2405488,23.0473851 120.2397785,23.0472361 120.2396052,23.0471658 120.2384691,23.0468256 120.2381968,23.0466953 120.2366543,23.0462827 120.2366542,23.0462825 120.2370476,23.0460854 120.2370532,23.0460834 120.2370584,23.0460811 120.2393027,23.0449567 120.2393076,23.0449539 120.2393129,23.0449503 120.2393169,23.0449469 120.2393206,23.0449432 120.239324,23.0449392 120.2393269,23.044935 120.2393299,23.0449296 120.239332,23.0449249 120.2393335,23.04492 120.2393347,23.0449151 120.2393354,23.0449091 120.2393354,23.044904 120.239335,23.044899 120.2393342,23.044894 120.2393325,23.0448881 120.2393303,23.0448826 120.2394324,23.0448283 120.2384701,23.0427749 120.2384576,23.0427491 120.23845,23.0427341 120.2384395,23.042714 120.2384299,23.0426963 120.2384097,23.0426609 120.2383967,23.0426394 120.2383833,23.0426181 120.2383695,23.042597 120.2383347,23.0425472 120.2379621,23.0420381 120.2377113,23.0418093 120.237707,23.041805 120.2377028,23.0418001 120.2376998,23.0417959 120.2376972,23.0417916 120.2376954,23.0417882 120.2376933,23.0417836 120.2376916,23.0417789 120.2376905,23.0417753 120.2376893,23.0417699 120.2376887,23.0417655 120.2376884,23.0417606 120.2376884,23.0417556 120.2376888,23.0417506 120.2376893,23.0417469 120.2376904,23.041742 120.2376918,23.0417372 120.2376936,23.0417325 120.2376955,23.0417284 120.2376091,23.0416425 120.2376066,23.0416458 120.2376033,23.0416492 120.2375997,23.0416523 120.2375958,23.041655 120.2375915,23.0416573 120.2375871,23.0416592 120.2375832,23.0416605 120.2375784,23.0416616 120.2375735,23.0416622 120.2375686,23.0416623 120.2375637,23.041662 120.2375588,23.0416612 120.2375541,23.0416599 120.2375495,23.0416582 120.2375459,23.0416564 120.2375418,23.0416539 120.2375392,23.041652 120.2375366,23.0416498 120.2372871,23.0414221 120.2372152,23.0413986 120.2371855,23.0413815 120.2372756,23.041206 120.2372793,23.0410225</coordinates></LinearRing></outerBoundaryIs>
        </Polygon>
      </MultiGeometry>
  </Placemark>
  <Placemark>
	<Style><LineStyle><color>ff0000ff</color></LineStyle><PolyStyle><fill>0</fill></PolyStyle></Style>
	<ExtendedData><SchemaData schemaUrl="#114SEC_DKTBLPD">
		<SimpleData name="段碼">9165</SimpleData>
		<SimpleData name="段名">永保段</SimpleData>
		<SimpleData name="行政區">永康區</SimpleData>
	</SchemaData></ExtendedData>
      <MultiGeometry>
        <Polygon>
          <outerBoundaryIs><LinearRing><coordinates>120.2525333,23.0237906 120.2537085,23.0244629 120.2537103,23.0244537 120.2537105,23.0244536 120.2538508,23.0245403 120.2539174,23.0245824 120.2543743,23.0248437 120.2543979,23.0247323 120.2544173,23.0246561 120.2544174,23.0246561 120.2546777,23.024805 120.2549521,23.0249614 120.254957,23.0249639 120.2549607,23.0249655 120.2549668,23.0249674 120.2549671,23.024966 120.2549672,23.024966 120.2549719,23.0249686 120.2550432,23.0250097 120.255083,23.025034 120.2550843,23.0250397 120.2550859,23.0250446 120.2550884,23.0250501 120.255091,23.0250545 120.2550946,23.0250596 120.255098,23.0250635 120.2551026,23.0250678 120.2551065,23.0250708 120.2552324,23.0251607 120.2555036,23.0253441 120.2555289,23.0253609 120.2555419,23.0253694 120.2555637,23.0253833 120.2555841,23.0253958 120.2556017,23.0254065 120.2556263,23.0254209 120.2556779,23.0254497 120.2557087,23.0254661 120.2557399,23.0254819 120.2558011,23.0255112 120.2558002,23.0255174 120.2558781,23.0255559 120.2560355,23.0256055 120.2560359,23.0256026 120.256036,23.0256025 120.2561352,23.0256318 120.2561682,23.0256405 120.2562055,23.0256496 120.2563095,23.0256756 120.2564139,23.0256962 120.2564186,23.0256989 120.2564236,23.0257012 120.2564287,23.0257031 120.2564337,23.0257045 120.2572466,23.0259002 120.2572467,23.0259003 120.2571962,23.0260228 120.2571721,23.0261094 120.2571728,23.0261157 120.257173,23.0261214 120.2571724,23.0261283 120.2571714,23.026134 120.257062,23.0265637 120.256976,23.0268573 120.2569635,23.026894 120.2568105,23.0274536 120.2567695,23.027519 120.2567906,23.0275264 120.2567376,23.02772 120.2565072,23.0285355 120.2565052,23.028541 120.2565027,23.0285463 120.2564997,23.0285514 120.2564976,23.0285543 120.2564954,23.0285571 120.2564914,23.0285616 120.256487,23.0285657 120.2564822,23.0285695 120.2564762,23.0285733 120.2564398,23.0287127 120.2564424,23.0287165 120.2564449,23.0287212 120.2564466,23.0287254 120.2564477,23.0287298 120.2564484,23.0287343 120.2564485,23.0287395 120.2564481,23.028744 120.256447,23.0287487 120.2560735,23.0300709 120.2560725,23.0300741 120.2560711,23.0300777 120.256069,23.0300819 120.256067,23.0300852 120.2560648,23.0300883 120.2560623,23.0300913 120.2560596,23.0300941 120.2560563,23.0300972 120.2560534,23.0301086 120.2560229,23.0302146 120.256024,23.0302181 120.2560249,23.0302219 120.2560255,23.0302257 120.2560259,23.0302296 120.2560259,23.0302335 120.2560256,23.0302383 120.256025,23.0302421 120.256024,23.0302463 120.2557984,23.0310449 120.2557968,23.0310496 120.2557948,23.0310536 120.255792,23.031058 120.2557891,23.0310615 120.2557853,23.0310652 120.255781,23.0310684 120.255777,23.0310708 120.255772,23.0310731 120.255769,23.0310741 120.255766,23.0310749 120.2557605,23.0310759 120.2557574,23.0310762 120.2557542,23.0310763 120.2557487,23.031076 120.2557455,23.0310755 120.2557424,23.0310748 120.2557372,23.0310732 120.2557343,23.031072 120.2557315,23.0310706 120.2557266,23.0310675 120.2545185,23.0302022 120.2545146,23.0301989 120.2545105,23.0301946 120.2545075,23.0301906 120.254505,23.0301863 120.2545029,23.0301817 120.2545012,23.0301762 120.2545002,23.0301706 120.2544999,23.0301657 120.2545004,23.03016 120.2545013,23.0301551 120.2545028,23.0301504 120.2545048,23.0301459 120.2545073,23.0301415 120.2545103,23.0301375 120.2545138,23.0301337 120.2545163,23.0301314 120.2545184,23.0301297 120.2544235,23.0300617 120.2544235,23.0300616 120.2545586,23.0299591 120.2545616,23.0299564 120.2545644,23.0299536 120.254567,23.0299506 120.2545693,23.0299474 120.2545714,23.029944 120.2545733,23.0299406 120.2545749,23.029937 120.2545761,23.0299337 120.2546606,23.0298694 120.2546762,23.0298577 120.2546813,23.0298571 120.2546853,23.0298563 120.2546891,23.0298553 120.2546929,23.0298541 120.2546975,23.0298521 120.2547011,23.0298503 120.2547045,23.0298483 120.2547082,23.0298457 120.2550888,23.0295571 120.2550927,23.0295534 120.2550961,23.0295494 120.2550986,23.0295458 120.2551011,23.0295413 120.2551028,23.0295373 120.2551044,23.0295324 120.2551054,23.0295273 120.2551058,23.0295222 120.2551056,23.0295171 120.2551049,23.0295121 120.2551038,23.0295079 120.255102,23.0295031 120.2551001,23.0294992 120.2550974,23.0294947 120.2550942,23.0294906 120.2550905,23.0294867 120.2550881,23.0294846 120.2547453,23.0292019 120.2546022,23.0290841 120.2545991,23.0290813 120.2542254,23.0287731 120.254076,23.0286545 120.2536795,23.0283535 120.2531728,23.0280362 120.2530081,23.0279452 120.2530037,23.0279424 120.2530006,23.0279408 120.2525607,23.0277426 120.2523751,23.0276637 120.2518599,23.0274657 120.2519738,23.0265864 120.2519885,23.0264288 120.2519906,23.0264254 120.251992,23.0264229 120.2519943,23.0264177 120.251996,23.0264123 120.2519971,23.0264064 120.252108,23.0255502 120.2521205,23.025465 120.2521319,23.0253852 120.2521275,23.0253843 120.2521274,23.0253842 120.2521286,23.0253814 120.2521297,23.0253779 120.2521308,23.0253734 120.2521314,23.0253702 120.2522242,23.0246537 120.2522246,23.0246481 120.2522245,23.024643 120.2522239,23.0246381 120.2522228,23.0246328 120.2522401,23.0245793 120.2522378,23.0245791 120.2522446,23.0244733 120.2522495,23.0244429 120.2522531,23.0244235 120.2522571,23.0244041 120.2522614,23.0243848 120.2522662,23.0243656 120.2522712,23.0243465 120.2522767,23.0243274 120.2522825,23.0243084 120.2522886,23.0242896 120.2522951,23.0242708 120.252302,23.0242522 120.2523167,23.0242152 120.2523329,23.0241787 120.2523415,23.0241607 120.2523504,23.0241428 120.252368,23.0241098 120.2523895,23.0240726 120.2524001,23.0240556 120.252411,23.0240387 120.2524315,23.0240085 120.2524577,23.0239727 120.2524702,23.0239568 120.2524914,23.0239309 120.2525475,23.0238647 120.2525498,23.0238618 120.2525517,23.023859 120.2525535,23.0238559 120.252555,23.0238527 120.2525566,23.0238486 120.2525579,23.0238443 120.2525587,23.02384 120.2525591,23.0238356 120.252559,23.0238312 120.2525586,23.0238269 120.2525578,23.0238225 120.2525565,23.0238183 120.2525545,23.0238133 120.2525529,23.0238102 120.2525505,23.0238064 120.2525477,23.0238028 120.2525447,23.0237994 120.2525413,23.0237963 120.2525384,23.0237941 120.2525333,23.0237908 120.2525333,23.0237906</coordinates></LinearRing></outerBoundaryIs>
        </Polygon>
      </MultiGeometry>
  </Placemark>
  <Placemark>
	<Style><LineStyle><color>ff0000ff</color></LineStyle><PolyStyle><fill>0</fill></PolyStyle></Style>
	<ExtendedData><SchemaData schemaUrl="#114SEC_DKTBLPD">
		<SimpleData name="段碼">9166</SimpleData>
		<SimpleData name="段名">安康段</SimpleData>
		<SimpleData name="行政區">永康區</SimpleData>
	</SchemaData></ExtendedData>
      <MultiGeometry>
        <Polygon>
          <outerBoundaryIs><LinearRing><coordinates>120.2574285,23.0192851 120.2576272,23.0197333 120.2576092,23.0197403 120.2579245,23.0204803 120.2579291,23.0204787 120.2586195,23.021947 120.2586309,23.0219401 120.258647,23.0219533 120.2594559,23.0237632 120.2598097,23.0245954 120.2600476,23.0251353 120.2600378,23.0251451 120.2600158,23.0251622 120.2600145,23.0251671 120.2600129,23.0251717 120.2600103,23.0251772 120.2600079,23.0251815 120.2600045,23.0251867 120.2600014,23.0251906 120.259998,23.0251942 120.2599934,23.0251985 120.2594738,23.0256108 120.258955,23.0259774 120.2589519,23.0259795 120.2589493,23.025981 120.2589456,23.0259829 120.2589399,23.0259852 120.2589339,23.025987 120.2589308,23.0259876 120.2589268,23.0259883 120.2589173,23.0259954 120.2588553,23.0260155 120.2587859,23.0260441 120.2587871,23.0260466 120.2587885,23.0260502 120.2587893,23.0260529 120.2587902,23.0260565 120.258791,23.0260621 120.2587912,23.0260659 120.2587912,23.0260687 120.2587909,23.0260724 120.2587903,23.0260761 120.2587897,23.0260789 120.2587886,23.0260826 120.2587876,23.0260852 120.2587861,23.0260887 120.2587833,23.0260937 120.2587805,23.0260977 120.2587774,23.0261014 120.258774,23.0261048 120.2587702,23.026108 120.2587501,23.0261222 120.2587458,23.0261252 120.2587407,23.0261282 120.2587372,23.0261302 120.25873,23.0261337 120.2587263,23.0261352 120.2587206,23.0261374 120.2587129,23.0261398 120.2587051,23.0261417 120.2586971,23.0261431 120.2586931,23.0261436 120.258687,23.0261441 120.2586789,23.0261443 120.2586708,23.026144 120.2586627,23.0261432 120.2573932,23.0259356 120.2564337,23.0257047 120.2564286,23.0257033 120.2564235,23.0257014 120.2564185,23.0256991 120.2564138,23.0256964 120.2563095,23.0256758 120.2562055,23.0256498 120.2561681,23.0256406 120.2561352,23.025632 120.2560361,23.0256027 120.2560357,23.0256057 120.2560355,23.0256058 120.255878,23.025556 120.2558,23.0255175 120.2558009,23.0255114 120.2557398,23.0254821 120.2557087,23.0254663 120.2556609,23.0254407 120.2556543,23.025437 120.2556262,23.025421 120.2555924,23.0254011 120.2555633,23.0253832 120.2555445,23.0253713 120.2555262,23.0253594 120.2555034,23.0253442 120.2552322,23.0251608 120.2551064,23.0250709 120.2551025,23.0250679 120.2550979,23.0250636 120.2550938,23.0250589 120.2550908,23.0250546 120.2550878,23.0250493 120.2550857,23.0250446 120.2550841,23.0250398 120.2550828,23.0250342 120.2550431,23.0250099 120.2549718,23.0249687 120.2549672,23.0249662 120.2549669,23.0249675 120.2549668,23.0249676 120.2549616,23.024966 120.2549569,23.024964 120.254952,23.0249615 120.2546776,23.0248052 120.2544175,23.0246563 120.2543981,23.0247324 120.2543744,23.0248439 120.2543743,23.0248439 120.2539173,23.0245825 120.2538507,23.0245405 120.2537105,23.0244538 120.2537087,23.024463 120.2537085,23.0244631 120.2504406,23.0225935 120.2502739,23.0224983 120.2503197,23.0223122 120.2503199,23.0223121 120.2505948,23.0224693 120.2505913,23.0224667 120.2505874,23.0224636 120.2505838,23.0224602 120.2505804,23.0224566 120.2505773,23.0224527 120.2505745,23.0224487 120.2505721,23.0224445 120.2505699,23.0224402 120.2505681,23.0224357 120.2505666,23.0224312 120.2505653,23.0224256 120.2505647,23.0224217 120.2505643,23.022417 120.2505642,23.0224122 120.2505645,23.0224075 120.2505651,23.0224027 120.2505667,23.0223963 120.2506347,23.0221585 120.2506361,23.0221543 120.250638,23.0221491 120.2506401,23.0221441 120.2506426,23.0221391 120.2506453,23.0221343 120.2506483,23.0221296 120.2506516,23.0221251 120.2506551,23.0221207 120.2506589,23.0221166 120.2506615,23.0221139 120.2506657,23.02211 120.25067,23.0221064 120.2506746,23.0221029 120.2506777,23.0221008 120.2506826,23.0220977 120.2506876,23.0220949 120.2506911,23.0220931 120.2511677,23.0218772 120.2532147,23.0210293 120.2574285,23.0192851</coordinates></LinearRing></outerBoundaryIs>
        </Polygon>
      </MultiGeometry>
  </Placemark>
  <Placemark>
	<Style><LineStyle><color>ff0000ff</color></LineStyle><PolyStyle><fill>0</fill></PolyStyle></Style>
	<ExtendedData><SchemaData schemaUrl="#114SEC_DKTBLPD">
		<SimpleData name="段碼">9167</SimpleData>
		<SimpleData name="段名">正強段</SimpleData>
		<SimpleData name="行政區">永康區</SimpleData>
	</SchemaData></ExtendedData>
      <MultiGeometry>
        <Polygon>
          <outerBoundaryIs><LinearRing><coordinates>120.2497601,23.0219839 120.2502558,23.0222755 120.2503198,23.022312 120.250274,23.0224981 120.2504406,23.0225933 120.2525334,23.0237905 120.2525362,23.0237922 120.2525392,23.0237944 120.2525421,23.0237967 120.2525448,23.0237992 120.2525472,23.0238019 120.252549,23.023804 120.2525511,23.0238069 120.252553,23.02381 120.2525542,23.0238124 120.2525557,23.0238156 120.2525569,23.023819 120.2525579,23.0238224 120.2525586,23.0238259 120.252559,23.0238285 120.2525592,23.0238311 120.2525592,23.0238346 120.2525591,23.0238373 120.2525587,23.0238408 120.2525582,23.0238434 120.2525573,23.0238468 120.2525565,23.0238494 120.2525552,23.0238527 120.2525536,23.0238559 120.2525523,23.0238582 120.2525499,23.0238618 120.2525476,23.0238647 120.2524915,23.0239309 120.2524703,23.0239568 120.2524579,23.0239727 120.2524316,23.0240085 120.2524111,23.0240387 120.2524002,23.0240555 120.2523897,23.0240726 120.2523681,23.0241098 120.2523405,23.0241629 120.2523371,23.0241701 120.2523248,23.0241968 120.2523169,23.0242152 120.2523021,23.0242521 120.2522953,23.0242708 120.2522888,23.0242895 120.2522826,23.0243084 120.2522768,23.0243274 120.2522714,23.0243464 120.2522663,23.0243655 120.2522616,23.0243848 120.2522572,23.024404 120.2522532,23.0244234 120.2522496,23.0244428 120.2522447,23.0244732 120.252238,23.0245789 120.2522402,23.0245791 120.2522403,23.0245792 120.2522229,23.0246327 120.252224,23.0246379 120.2522246,23.0246429 120.2522247,23.024648 120.2522243,23.0246536 120.2521315,23.0253701 120.252131,23.0253733 120.2521301,23.0253769 120.252129,23.0253805 120.2521276,23.025384 120.252132,23.025385 120.2521206,23.025465 120.2521082,23.0255501 120.2519973,23.0264063 120.2519961,23.0264122 120.2519954,23.026415 120.2519941,23.0264185 120.2519917,23.0264237 120.2519886,23.0264287 120.251974,23.0265863 120.2518601,23.0274656 120.2523751,23.0276634 120.2525595,23.0277418 120.2530006,23.0279405 120.2530048,23.0279428 120.2530082,23.0279449 120.2531728,23.028036 120.2536796,23.0283533 120.254076,23.0286542 120.2542255,23.0287728 120.2545992,23.0290811 120.2546023,23.0290838 120.2547454,23.0292017 120.2550882,23.0294844 120.2550925,23.0294884 120.2550959,23.0294924 120.2550985,23.029496 120.2551011,23.0295005 120.2551031,23.0295053 120.2551046,23.02951 120.2551054,23.0295145 120.2551059,23.0295187 120.2551058,23.0295239 120.2551054,23.0295281 120.2551043,23.0295332 120.255103,23.0295373 120.2551008,23.029542 120.2550987,23.0295458 120.2550956,23.0295501 120.2550927,23.0295534 120.2550889,23.0295571 120.254707,23.0298467 120.2547037,23.0298489 120.2547003,23.0298509 120.2546967,23.0298526 120.254693,23.0298541 120.2546891,23.0298554 120.2546843,23.0298566 120.2546803,23.0298573 120.2546762,23.0298578 120.2545762,23.0299337 120.2545746,23.0299379 120.254573,23.0299414 120.2545705,23.0299457 120.2545683,23.029949 120.2545658,23.0299521 120.2545631,23.0299551 120.2545602,23.0299578 120.2545568,23.0299606 120.254387,23.0300894 120.2543815,23.0300931 120.2543784,23.030095 120.2543752,23.0300966 120.2543707,23.0300986 120.2543662,23.0301003 120.2543615,23.0301016 120.2543568,23.0301027 120.254352,23.0301035 120.2543459,23.030104 120.254341,23.030104 120.2543361,23.0301038 120.2543312,23.0301032 120.2543264,23.0301023 120.2543217,23.0301011 120.2543171,23.0300996 120.2543126,23.0300978 120.2543083,23.0300958 120.2543041,23.0300934 120.2542999,23.0300906 120.2536271,23.0296124 120.2536225,23.0296112 120.2534044,23.0294641 120.2534045,23.029464 120.2534264,23.0294697 120.2519994,23.0284553 120.2519898,23.0284784 120.2519897,23.0284784 120.2504983,23.0274297 120.2504273,23.0274132 120.2504319,23.027383 120.2496471,23.0268311 120.2490257,23.0264129 120.2490446,23.0260627 120.2490803,23.0256093 120.2490923,23.0254831 120.249127,23.0251567 120.2491848,23.0247052 120.2493331,23.0238064 120.2493526,23.023746 120.2495144,23.0230179 120.2496046,23.0226079 120.2496376,23.0224675 120.2496886,23.0222586 120.2496906,23.0222414 120.249739,23.0220607 120.2497601,23.0219839</coordinates></LinearRing></outerBoundaryIs>
        </Polygon>
      </MultiGeometry>
  </Placemark>
  <Placemark>
	<Style><LineStyle><color>ff0000ff</color></LineStyle><PolyStyle><fill>0</fill></PolyStyle></Style>
	<ExtendedData><SchemaData schemaUrl="#114SEC_DKTBLPD">
		<SimpleData name="段碼">9168</SimpleData>
		<SimpleData name="段名">永強段</SimpleData>
		<SimpleData name="行政區">永康區</SimpleData>
	</SchemaData></ExtendedData>
      <MultiGeometry>
        <Polygon>
          <outerBoundaryIs><LinearRing><coordinates>120.2490256,23.0264129 120.2496471,23.0268311 120.2504319,23.0273831 120.2504273,23.0274132 120.2504983,23.0274297 120.2517502,23.0283101 120.2517286,23.028484 120.2514492,23.0307108 120.2514484,23.0307155 120.2514472,23.0307206 120.2514456,23.0307256 120.2514437,23.0307305 120.2514414,23.0307352 120.2514387,23.0307398 120.2514357,23.0307442 120.2514324,23.0307484 120.2514287,23.0307524 120.2514248,23.0307561 120.2514206,23.0307596 120.2514162,23.0307628 120.2514115,23.0307656 120.2514066,23.0307682 120.2514015,23.0307705 120.2513965,23.0307723 120.2514429,23.0307601 120.251443,23.0307602 120.2514312,23.0308122 120.2513618,23.0308942 120.2513671,23.0308931 120.2513719,23.0308927 120.2513774,23.0308927 120.2513829,23.0308934 120.251386,23.0308941 120.251389,23.030895 120.2513934,23.0308966 120.2513983,23.0308991 120.2514028,23.0309021 120.2514069,23.0309056 120.2514105,23.0309096 120.2514135,23.0309139 120.251416,23.0309185 120.2514178,23.0309233 120.251419,23.0309284 120.2514195,23.0309335 120.2514193,23.0309386 120.2511704,23.0327919 120.251155,23.0329349 120.2516675,23.0330794 120.251673,23.0330812 120.2516778,23.0330833 120.2516825,23.0330858 120.251688,23.0330894 120.2518318,23.0331305 120.251838,23.0331301 120.2518438,23.0331303 120.2518497,23.0331311 120.2518551,23.0331323 120.2522405,23.033241 120.2522452,23.0332428 120.2522488,23.0332444 120.2522531,23.0332468 120.2522572,23.0332495 120.252261,23.0332525 120.2522645,23.0332559 120.2522676,23.0332595 120.2522699,23.0332625 120.2522725,23.0332665 120.2522745,23.0332706 120.2522763,23.0332751 120.2522774,23.0332787 120.2522784,23.0332832 120.2522788,23.0332869 120.252279,23.0332906 120.2522789,23.0332952 120.2522786,23.033298 120.2522779,23.0333017 120.252277,23.0333053 120.2522759,23.0333086 120.251923,23.0342561 120.2519212,23.0342602 120.2519188,23.0342649 120.251916,23.0342693 120.2519127,23.0342735 120.251909,23.0342774 120.2519059,23.0342803 120.2519016,23.0342837 120.2518976,23.0342863 120.2518701,23.0343688 120.2518595,23.0343972 120.2518605,23.0344006 120.2518613,23.034405 120.2518618,23.0344093 120.2518618,23.0344129 120.2518616,23.0344164 120.251861,23.0344208 120.2518599,23.0344251 120.2518589,23.0344282 120.2514103,23.0356324 120.2514091,23.0356353 120.2514074,23.0356389 120.2514043,23.0356439 120.2514019,23.0356471 120.2514,23.0356494 120.2513973,23.0356523 120.2513947,23.0356547 120.2513483,23.0357748 120.2513491,23.035779 120.2513495,23.0357818 120.2513496,23.0357855 120.2513496,23.0357893 120.2513493,23.0357921 120.2513487,23.0357958 120.2513479,23.0357995 120.251347,23.0358022 120.2512066,23.0361792 120.2512046,23.0361838 120.2512028,23.0361872 120.2512008,23.0361905 120.2511985,23.0361936 120.2511959,23.0361966 120.2511932,23.0361993 120.2511895,23.0362026 120.2511861,23.0362051 120.2511619,23.0362991 120.2511726,23.0363028 120.2510813,23.036548 120.2510811,23.0365481 120.2510694,23.0365389 120.250978,23.0367765 120.2509778,23.0367766 120.2504805,23.0363733 120.2503712,23.036282 120.2499191,23.035907 120.2498448,23.0355245 120.2497596,23.0350795 120.2496762,23.034634 120.2495952,23.034188 120.2495173,23.0337413 120.2494432,23.0332939 120.2493735,23.0328458 120.2492983,23.0324846 120.2492712,23.0321082 120.2492501,23.0319468 120.2492005,23.0315235 120.2491955,23.0314788 120.2491507,23.0310451 120.2491341,23.0308652 120.2491121,23.0308669 120.249112,23.0308668 120.2490927,23.0306201 120.2489793,23.0301076 120.2489794,23.0301075 120.2490405,23.0301038 120.249024,23.0292383 120.2490082,23.028783 120.2489977,23.0283303 120.2489959,23.027877 120.2489979,23.0274238 120.2490053,23.0269706 120.2490198,23.026517 120.2490255,23.026413 120.2490256,23.0264129</coordinates></LinearRing></outerBoundaryIs>
        </Polygon>
      </MultiGeometry>
  </Placemark>
  <Placemark>
	<Style><LineStyle><color>ff0000ff</color></LineStyle><PolyStyle><fill>0</fill></PolyStyle></Style>
	<ExtendedData><SchemaData schemaUrl="#114SEC_DKTBLPD">
		<SimpleData name="段碼">9169</SimpleData>
		<SimpleData name="段名">四維段</SimpleData>
		<SimpleData name="行政區">永康區</SimpleData>
	</SchemaData></ExtendedData>
      <MultiGeometry>
        <Polygon>
          <outerBoundaryIs><LinearRing><coordinates>120.2555143,23.0319699 120.2555144,23.03197 120.2546433,23.0350536 120.2546027,23.0352127 120.2545919,23.0352491 120.254593,23.035254 120.2545934,23.0352571 120.2545935,23.0352602 120.2545934,23.0352633 120.2545931,23.0352663 120.2545921,23.0352716 120.2544031,23.0359617 120.2544016,23.0359662 120.2543998,23.0359704 120.2543976,23.0359745 120.2543949,23.0359784 120.2543926,23.0359813 120.2543894,23.0359848 120.2543858,23.035988 120.2543817,23.0359911 120.2543552,23.0361107 120.2543564,23.0361169 120.2543567,23.0361209 120.2543568,23.0361239 120.2543567,23.0361268 120.2543563,23.0361308 120.2543558,23.0361338 120.2543549,23.0361375 120.254153,23.0368749 120.2541518,23.0368787 120.2541497,23.0368838 120.2540951,23.0370593 120.2540958,23.037062 120.2540965,23.0370656 120.2540969,23.0370692 120.254097,23.037073 120.2540968,23.0370767 120.2540965,23.0370794 120.2540961,23.0370822 120.2540952,23.0370857 120.2539364,23.0376658 120.253926,23.0376779 120.2539243,23.037684 120.2536301,23.0380776 120.2536272,23.0380811 120.2535979,23.0381207 120.2535978,23.0381208 120.253563,23.0380938 120.2533636,23.037964 120.2532243,23.038117 120.2532205,23.0381144 120.253099,23.0382457 120.2530989,23.0382457 120.2519086,23.0372809 120.2517918,23.0374371 120.2517916,23.0374371 120.2511061,23.0368812 120.250978,23.0367765 120.2510695,23.0365387 120.2510696,23.0365386 120.2510813,23.0365478 120.2511726,23.0363028 120.2511619,23.0362992 120.2511861,23.036205 120.2511903,23.0362018 120.2511932,23.0361992 120.251196,23.0361964 120.2511985,23.0361935 120.2512008,23.0361904 120.2512029,23.0361871 120.2512051,23.0361829 120.2512066,23.0361791 120.2513465,23.0358037 120.2513476,23.0358004 120.2513485,23.0357967 120.2513492,23.035793 120.2513496,23.0357893 120.2513497,23.0357865 120.2513495,23.0357827 120.2513491,23.035779 120.2513483,23.0357748 120.2513947,23.0356546 120.2513981,23.0356515 120.2514001,23.0356493 120.251402,23.035647 120.2514044,23.0356438 120.2514074,23.0356388 120.2514091,23.0356353 120.2514103,23.0356323 120.2518589,23.0344281 120.2518599,23.034425 120.251861,23.0344207 120.2518615,23.0344173 120.2518618,23.0344129 120.2518618,23.0344094 120.2518614,23.034405 120.2518607,23.0344015 120.2518595,23.0343971 120.2518701,23.0343688 120.2518976,23.0342862 120.2519017,23.0342835 120.2519059,23.0342802 120.2519099,23.0342766 120.2519134,23.0342726 120.251916,23.0342692 120.2519188,23.0342648 120.2519208,23.0342611 120.251923,23.034256 120.2522759,23.0333086 120.2522775,23.0333034 120.2522785,23.0332989 120.252279,23.0332943 120.252279,23.0332897 120.2522785,23.0332842 120.2522776,23.0332796 120.2522763,23.0332751 120.2522746,23.0332706 120.2522829,23.0332483 120.252416,23.0332848 120.252464,23.0331637 120.2524631,23.0331599 120.2524625,23.0331563 120.2524621,23.0331526 120.2524621,23.0331489 120.2524623,23.0331452 120.2524628,23.0331415 120.2524636,23.0331379 120.2524647,23.0331344 120.2525582,23.0328831 120.2525598,23.0328792 120.2525617,23.0328756 120.2525638,23.0328721 120.2525661,23.0328688 120.2525687,23.0328656 120.2525716,23.0328627 120.2525746,23.0328599 120.2525782,23.032857 120.2526209,23.0327423 120.2526199,23.0327384 120.2526194,23.0327348 120.252619,23.0327311 120.252619,23.0327275 120.2526192,23.0327238 120.2526197,23.0327202 120.2526205,23.0327166 120.2526215,23.0327131 120.252711,23.0324729 120.2527126,23.0324689 120.2527144,23.0324653 120.2527166,23.0324618 120.2527189,23.0324585 120.2527215,23.0324553 120.2527244,23.0324523 120.2527282,23.0324489 120.252731,23.0324467 120.2527737,23.032332 120.2527739,23.032332 120.2527749,23.0323351 120.2527763,23.0323385 120.2527775,23.032341 120.2527794,23.0323442 120.2527814,23.0323473 120.2527831,23.0323495 120.2527856,23.0323524 120.2527876,23.0323544 120.2527904,23.0323569 120.2527926,23.0323587 120.2527949,23.0323604 120.2527982,23.0323624 120.2528016,23.0323643 120.2528042,23.0323655 120.2528069,23.0323666 120.2528106,23.0323679 120.2533879,23.0325162 120.2533921,23.0325171 120.2533951,23.0325176 120.2533992,23.032518 120.2534032,23.0325182 120.2535168,23.0325607 120.2541589,23.0328085 120.2555143,23.0319699</coordinates></LinearRing></outerBoundaryIs>
        </Polygon>
      </MultiGeometry>
  </Placemark>
  <Placemark>
	<Style><LineStyle><color>ff0000ff</color></LineStyle><PolyStyle><fill>0</fill></PolyStyle></Style>
	<ExtendedData><SchemaData schemaUrl="#114SEC_DKTBLPD">
		<SimpleData name="段碼">9170</SimpleData>
		<SimpleData name="段名">自強段</SimpleData>
		<SimpleData name="行政區">永康區</SimpleData>
	</SchemaData></ExtendedData>
      <MultiGeometry>
        <Polygon>
          <outerBoundaryIs><LinearRing><coordinates>120.2517503,23.02831 120.2519897,23.0284784 120.2519993,23.0284553 120.2519995,23.0284553 120.253427,23.0294701 120.2534269,23.0294702 120.253405,23.0294645 120.2536227,23.0296112 120.2536272,23.0296124 120.2543022,23.0300922 120.2543084,23.0300958 120.254315,23.0300988 120.2543195,23.0301004 120.254323,23.0301015 120.2543301,23.030103 120.2543374,23.0301039 120.254341,23.030104 120.2543459,23.030104 120.2543496,23.0301037 120.2543532,23.0301033 120.2543604,23.0301019 120.2543662,23.0301003 120.2543718,23.0300981 120.2543772,23.0300955 120.2543824,23.0300925 120.2543869,23.0300894 120.2544236,23.0300616 120.2545186,23.0301297 120.2545186,23.0301298 120.2545145,23.0301333 120.254511,23.030137 120.2545075,23.0301417 120.254505,23.030146 120.2545027,23.0301513 120.2545013,23.030156 120.2545004,23.0301617 120.2545001,23.0301666 120.2545006,23.0301722 120.2545016,23.0301771 120.2545034,23.0301825 120.2545055,23.030187 120.2545086,23.0301919 120.2545118,23.0301959 120.2545154,23.0301994 120.2545197,23.030203 120.2557283,23.0310685 120.2557316,23.0310705 120.2557351,23.0310722 120.2557387,23.0310736 120.2557425,23.0310747 120.2557463,23.0310756 120.2557503,23.0310761 120.255755,23.0310762 120.2557589,23.031076 120.2557628,23.0310755 120.2557667,23.0310747 120.2557712,23.0310733 120.2557741,23.0310721 120.2557775,23.0310703 120.2557808,23.0310683 120.2557839,23.0310661 120.2557874,23.0310631 120.2557875,23.0310632 120.2557378,23.0311793 120.2555144,23.0319701 120.2541589,23.0328087 120.2535167,23.0325608 120.2534031,23.0325183 120.2533992,23.0325182 120.2533951,23.0325178 120.2533921,23.0325173 120.2533878,23.0325163 120.2528105,23.032368 120.2528068,23.0323668 120.2528041,23.0323657 120.2528015,23.0323644 120.2527981,23.0323626 120.2527948,23.0323605 120.2527925,23.0323589 120.2527902,23.0323571 120.2527874,23.0323545 120.2527848,23.0323518 120.2527824,23.0323489 120.2527787,23.0323435 120.2527769,23.0323402 120.2527758,23.0323377 120.2527738,23.0323324 120.2527312,23.0324468 120.2527284,23.032449 120.2527245,23.0324525 120.2527217,23.0324555 120.2527191,23.0324586 120.2527167,23.0324619 120.2527146,23.0324654 120.2527128,23.032469 120.2527111,23.032473 120.2526217,23.0327132 120.2526207,23.0327167 120.2526199,23.0327202 120.2526194,23.0327239 120.2526192,23.0327275 120.2526192,23.0327311 120.2526195,23.0327348 120.2526201,23.0327384 120.2526211,23.0327424 120.2525784,23.0328571 120.2525747,23.03286 120.2525717,23.0328628 120.2525689,23.0328658 120.2525663,23.0328689 120.2525639,23.0328722 120.2525618,23.0328757 120.25256,23.0328793 120.2525584,23.0328832 120.2524648,23.0331344 120.2524638,23.033138 120.252463,23.0331416 120.2524625,23.0331452 120.2524623,23.0331489 120.2524623,23.0331526 120.2524627,23.0331563 120.2524633,23.0331599 120.2524642,23.0331638 120.252416,23.033285 120.252283,23.0332485 120.2522747,23.0332707 120.2522746,23.0332707 120.2522734,23.0332683 120.2522715,23.033265 120.2522683,23.0332603 120.2522658,23.0332574 120.2522639,23.0332553 120.2522596,23.0332514 120.2522548,23.033248 120.2522498,23.033245 120.2522444,23.0332426 120.2522384,23.0332405 120.2518552,23.0331325 120.2518498,23.0331312 120.251844,23.0331305 120.2518382,23.0331302 120.2518319,23.0331306 120.2516881,23.0330896 120.2516835,23.0330865 120.2516779,23.0330835 120.2516721,23.033081 120.2516676,23.0330796 120.251155,23.0329351 120.2511704,23.0327919 120.2514193,23.0309386 120.2514195,23.0309335 120.251419,23.0309284 120.2514178,23.0309234 120.251416,23.0309185 120.2514136,23.0309139 120.2514105,23.0309097 120.251407,23.0309057 120.2514029,23.0309023 120.2513984,23.0308993 120.2513936,23.0308968 120.2513892,23.0308951 120.2513862,23.0308943 120.2513831,23.0308936 120.2513776,23.0308929 120.2513721,23.0308928 120.2513673,23.0308933 120.2513618,23.0308944 120.2513617,23.0308943 120.2514312,23.0308121 120.251443,23.0307603 120.2513914,23.0307739 120.2513914,23.0307737 120.2513965,23.0307722 120.251403,23.0307698 120.251408,23.0307674 120.2514128,23.0307648 120.2514174,23.0307618 120.2514218,23.0307586 120.2514259,23.0307551 120.2514306,23.0307503 120.2514341,23.0307462 120.2514373,23.030742 120.2514408,23.0307363 120.2514432,23.0307316 120.2514452,23.0307268 120.2514469,23.0307218 120.2514482,23.0307168 120.2514492,23.0307108 120.2517286,23.028484 120.2517502,23.0283101 120.2517503,23.02831</coordinates></LinearRing></outerBoundaryIs>
          <innerBoundaryIs><LinearRing><coordinates>120.2538094,23.0305269 120.2537881,23.0305419 120.2537962,23.0305364 120.2538094,23.0305269</coordinates></LinearRing></innerBoundaryIs>
        </Polygon>
      </MultiGeometry>
  </Placemark>
  <Placemark>
	<Style><LineStyle><color>ff0000ff</color></LineStyle><PolyStyle><fill>0</fill></PolyStyle></Style>
	<ExtendedData><SchemaData schemaUrl="#114SEC_DKTBLPD">
		<SimpleData name="段碼">9171</SimpleData>
		<SimpleData name="段名">亞太段</SimpleData>
		<SimpleData name="行政區">永康區</SimpleData>
	</SchemaData></ExtendedData>
      <MultiGeometry>
        <Polygon>
          <outerBoundaryIs><LinearRing><coordinates>120.2453973,23.0238399 120.2454026,23.0238435 120.245422,23.023858 120.2457472,23.0240799 120.246212,23.0244258 120.2467495,23.0248116 120.2490259,23.026413 120.2490202,23.026517 120.2490057,23.0269706 120.2489983,23.0274238 120.2489963,23.027877 120.2489981,23.0283303 120.2490086,23.028783 120.2490244,23.0292383 120.2490409,23.0301039 120.2489797,23.0301077 120.2490931,23.0306201 120.2491124,23.0308667 120.2491345,23.0308651 120.2491511,23.0310451 120.2491959,23.0314788 120.2492009,23.0315235 120.2492505,23.0319468 120.2492716,23.0321082 120.2492987,23.0324846 120.2493739,23.0328457 120.2494436,23.0332939 120.2495177,23.0337413 120.2495956,23.034188 120.2496766,23.034634 120.24976,23.0350794 120.2498452,23.0355244 120.2499195,23.035907 120.2499193,23.035907 120.2491596,23.0352773 120.2487229,23.0349216 120.2482318,23.0345242 120.2474322,23.0339221 120.2470669,23.033678 120.2468831,23.0335622 120.2464598,23.0332706 120.2463063,23.0331748 120.2462937,23.0331862 120.2454722,23.0326964 120.2447201,23.0322492 120.2440153,23.0318582 120.2440152,23.031858 120.2441336,23.0317455 120.2442038,23.0316314 120.2442267,23.0314945 120.2441836,23.0309266 120.2441457,23.0307373 120.2441621,23.0304885 120.2440439,23.0303805 120.2440408,23.0303441 120.243989,23.0302608 120.2439843,23.0300758 120.2439433,23.0299831 120.2439636,23.0298481 120.2439394,23.0295113 120.2439744,23.0294105 120.2439791,23.0292604 120.2439831,23.0290846 120.243941,23.0289107 120.2439185,23.0287058 120.2438396,23.0286529 120.2437923,23.0285265 120.2437922,23.0283449 120.2437748,23.0282431 120.2437491,23.0281977 120.2436731,23.0281382 120.2436373,23.0279899 120.2435752,23.0279554 120.2435752,23.0279552 120.2436112,23.0279301 120.2438985,23.0277707 120.2438956,23.0271567 120.2440039,23.0268454 120.2440436,23.0267609 120.2440618,23.0266924 120.2440653,23.0264339 120.2439985,23.0263676 120.2439708,23.0262995 120.243979,23.0262418 120.2439456,23.0261509 120.2439499,23.0257392 120.2439436,23.0255837 120.2439885,23.0254655 120.2442448,23.0254462 120.2448725,23.0254544 120.2451521,23.0254036 120.2451956,23.0249509 120.2452168,23.0247169 120.2452788,23.024202 120.2453228,23.0238995 120.2453779,23.0238764 120.245389,23.0238519 120.2453973,23.0238399</coordinates></LinearRing></outerBoundaryIs>
        </Polygon>
      </MultiGeometry>
  </Placemark>
  <Placemark>
	<Style><LineStyle><color>ff0000ff</color></LineStyle><PolyStyle><fill>0</fill></PolyStyle></Style>
	<ExtendedData><SchemaData schemaUrl="#114SEC_DKTBLPD">
		<SimpleData name="段碼">9172</SimpleData>
		<SimpleData name="段名">保生段</SimpleData>
		<SimpleData name="行政區">永康區</SimpleData>
	</SchemaData></ExtendedData>
      <MultiGeometry>
        <Polygon>
          <outerBoundaryIs><LinearRing><coordinates>120.2607627,23.0245837 120.2608118,23.0246069 120.2608119,23.0246071 120.2607399,23.0246727 120.260718,23.0247811 120.2607225,23.0247815 120.260727,23.0247824 120.2607313,23.0247837 120.2607347,23.0247851 120.260738,23.0247868 120.2607418,23.0247892 120.2607453,23.0247919 120.2607479,23.0247944 120.2607507,23.0247977 120.2607532,23.0248012 120.2607552,23.024805 120.2607566,23.0248082 120.2607578,23.0248123 120.2607585,23.0248157 120.2607589,23.0248199 120.2607588,23.0248234 120.2606098,23.0262003 120.2606087,23.0262057 120.2606071,23.0262109 120.2606048,23.026216 120.260603,23.0262193 120.2606015,23.0262216 120.2605981,23.0262261 120.2605942,23.0262302 120.2605921,23.0262321 120.260589,23.0262346 120.2605841,23.0262378 120.2605789,23.0262405 120.2605735,23.0262428 120.2605678,23.0262444 120.2605619,23.0262456 120.2605561,23.0262461 120.2605501,23.0262461 120.2605448,23.0262456 120.2605362,23.0262443 120.2605798,23.0263413 120.2605816,23.0263438 120.2605837,23.0263473 120.2605856,23.0263508 120.2605868,23.0263536 120.2605888,23.0263592 120.26059,23.026365 120.2605906,23.0263699 120.2605907,23.0263758 120.2605905,23.0263792 120.2604999,23.0272154 120.2604989,23.0272203 120.2604974,23.0272251 120.260495,23.0272307 120.2604921,23.027236 120.2604885,23.027241 120.2604852,23.0272449 120.2604814,23.0272485 120.2604774,23.0272518 120.2604721,23.0272553 120.2604675,23.0272577 120.2604626,23.0272599 120.2604575,23.0272616 120.2604513,23.0272631 120.260446,23.0272639 120.2604406,23.0272643 120.2604344,23.0272642 120.2603836,23.0273251 120.260312,23.0274066 120.2604435,23.0274351 120.2604435,23.0274353 120.2604275,23.027457 120.2604314,23.0274599 120.2604354,23.0274633 120.2604383,23.0274661 120.2604419,23.0274699 120.2604452,23.027474 120.2604482,23.0274783 120.2604508,23.0274828 120.2604531,23.0274874 120.260455,23.0274921 120.2604566,23.027497 120.2604576,23.0275007 120.2604585,23.0275057 120.2604589,23.0275095 120.2604592,23.0275146 120.2604591,23.0275196 120.2604586,23.0275247 120.2602818,23.0285633 120.260281,23.0285673 120.2602797,23.0285719 120.2602781,23.0285765 120.2602761,23.0285809 120.2602738,23.0285853 120.2602712,23.0285894 120.2602675,23.0285943 120.2602642,23.0285981 120.2602607,23.0286016 120.2602568,23.0286048 120.2602528,23.0286078 120.2602485,23.0286106 120.2602441,23.028613 120.2602394,23.0286152 120.2602346,23.028617 120.2602297,23.0286186 120.2602242,23.0286199 120.2602054,23.0287125 120.260181,23.0287282 120.260187,23.0287289 120.2601939,23.0287304 120.2602005,23.0287326 120.2602059,23.0287348 120.2602118,23.0287381 120.2602167,23.0287413 120.260222,23.0287456 120.2602268,23.0287504 120.2602309,23.0287555 120.2602347,23.0287613 120.2602376,23.0287672 120.2602395,23.0287723 120.2602412,23.0287787 120.260242,23.0287841 120.2602424,23.0287906 120.260242,23.0287971 120.259953,23.0304949 120.2599523,23.0304985 120.2599515,23.0305016 120.2599493,23.0305078 120.2599479,23.0305108 120.2599458,23.0305147 120.2599422,23.0305203 120.2599401,23.0305229 120.2599372,23.0305263 120.2599323,23.0305309 120.2599269,23.0305351 120.259924,23.0305369 120.25992,23.0305392 120.2599137,23.0305421 120.2599071,23.0305445 120.2599026,23.0305456 120.2598992,23.0305463 120.2598922,23.0305472 120.2598852,23.0305474 120.2598782,23.0305469 120.2598736,23.0305462 120.2598615,23.0305436 120.25987,23.0306527 120.2598579,23.0306541 120.2592825,23.0305281 120.2590604,23.0304582 120.2563546,23.0298002 120.256349,23.0297992 120.2563432,23.0297988 120.2563375,23.029799 120.2563317,23.0297997 120.256328,23.0298005 120.2563252,23.0298012 120.2563199,23.0298031 120.2563156,23.0298051 120.2563107,23.0298079 120.2563061,23.0298111 120.256302,23.0298148 120.2562983,23.0298189 120.256295,23.0298233 120.2562927,23.0298271 120.256291,23.0298307 120.2562871,23.0298438 120.2562869,23.0298439 120.256156,23.0297787 120.2564468,23.0287488 120.2564477,23.0287448 120.2564483,23.0287396 120.2564482,23.0287344 120.2564475,23.0287299 120.2564464,23.0287256 120.2564448,23.0287213 120.2564423,23.0287166 120.2564396,23.0287128 120.256476,23.0285733 120.2564811,23.0285701 120.256484,23.028568 120.2564869,23.0285657 120.2564913,23.0285616 120.2564937,23.0285589 120.256496,23.0285562 120.2564995,23.0285514 120.2565014,23.0285483 120.2565031,23.0285452 120.2565055,23.0285399 120.2565076,23.0285337 120.2567374,23.0277201 120.2567904,23.0275265 120.2567693,23.0275192 120.2567692,23.0275191 120.2568103,23.0274536 120.2569634,23.026894 120.2569758,23.0268574 120.2570618,23.0265637 120.2571712,23.026134 120.2571722,23.0261283 120.2571728,23.0261215 120.2571726,23.0261158 120.2571719,23.0261095 120.257196,23.0260228 120.2572465,23.0259003 120.2573932,23.0259355 120.2586593,23.0261426 120.2586667,23.0261436 120.2586748,23.0261441 120.2586829,23.0261442 120.258691,23.0261437 120.2586991,23.0261427 120.258707,23.0261412 120.2587148,23.0261391 120.2587225,23.0261366 120.2587299,23.0261336 120.2587371,23.0261301 120.258744,23.0261261 120.25875,23.0261222 120.2587682,23.0261093 120.2587716,23.0261067 120.2587745,23.0261041 120.2587773,23.0261013 120.2587798,23.0260984 120.258782,23.0260953 120.2587841,23.0260921 120.2587854,23.0260896 120.2587867,23.026087 120.2587881,23.0260835 120.258789,23.0260806 120.2587899,23.0260771 120.2587904,23.0260743 120.2587909,23.0260706 120.258791,23.0260678 120.2587909,23.0260641 120.2587907,23.0260613 120.2587902,23.0260576 120.2587894,23.0260539 120.2587886,23.0260512 120.2587876,23.0260485 120.2587857,23.026044 120.2588553,23.0260154 120.2589172,23.0259953 120.2589267,23.0259882 120.2589308,23.0259875 120.2589338,23.0259869 120.2589398,23.0259851 120.2589455,23.0259828 120.2589492,23.0259809 120.2589518,23.0259794 120.2589549,23.0259774 120.2594737,23.0256108 120.2599933,23.0251985 120.2599979,23.0251942 120.2600012,23.0251905 120.2600043,23.0251866 120.2600078,23.0251815 120.2600102,23.0251772 120.2600127,23.0251717 120.2600143,23.0251671 120.2600157,23.0251622 120.2600376,23.025145 120.2600475,23.0251353 120.2600476,23.0251354 120.2600554,23.0251493 120.26074,23.0246061 120.2607461,23.024601 120.2607517,23.0245958 120.260757,23.0245903 120.2607627,23.0245837</coordinates></LinearRing></outerBoundaryIs>
        </Polygon>
      </MultiGeometry>
  </Placemark>
  <Placemark>
	<Style><LineStyle><color>ff0000ff</color></LineStyle><PolyStyle><fill>0</fill></PolyStyle></Style>
	<ExtendedData><SchemaData schemaUrl="#114SEC_DKTBLPD">
		<SimpleData name="段碼">9173</SimpleData>
		<SimpleData name="段名">埔園段</SimpleData>
		<SimpleData name="行政區">永康區</SimpleData>
	</SchemaData></ExtendedData>
      <MultiGeometry>
        <Polygon>
          <outerBoundaryIs><LinearRing><coordinates>120.2561558,23.0297785 120.2562867,23.0298437 120.2562906,23.0298306 120.2562927,23.0298263 120.2562951,23.0298224 120.2562984,23.029818 120.2563022,23.029814 120.2563065,23.0298104 120.2563111,23.0298072 120.2563161,23.0298045 120.2563216,23.0298021 120.2563277,23.0298003 120.2563324,23.0297994 120.2563381,23.0297988 120.2563439,23.0297987 120.2563497,23.0297992 120.2563553,23.0298002 120.2590602,23.030458 120.2590646,23.0304592 120.259068,23.0304604 120.2592823,23.030528 120.2598601,23.0306546 120.2598665,23.0306564 120.2598702,23.0306578 120.2598739,23.0306594 120.2598797,23.0306623 120.2598831,23.0306644 120.2598863,23.0306665 120.2598924,23.0306713 120.259897,23.0306757 120.2599013,23.0306805 120.2599036,23.0306835 120.2599057,23.0306866 120.2599083,23.0306911 120.2599115,23.0306977 120.2599135,23.0307036 120.2599148,23.0307084 120.2599157,23.0307132 120.2599163,23.0307194 120.2599163,23.0307256 120.2599158,23.0307317 120.259488,23.0338162 120.2594873,23.0338201 120.2594864,23.0338232 120.2594854,23.0338261 120.2594841,23.0338291 120.2594822,23.0338326 120.2594799,23.0338359 120.2594774,23.0338391 120.2594751,23.0338415 120.2594721,23.0338442 120.2594695,23.0338462 120.259466,23.0338485 120.2594631,23.0338501 120.25946,23.0338515 120.2594561,23.033853 120.259452,23.0338542 120.2594479,23.033855 120.2594547,23.033929 120.2594429,23.0340793 120.2594448,23.0340882 120.2594455,23.0340937 120.259446,23.0340993 120.2594461,23.0341049 120.2594459,23.0341105 120.2594455,23.0341151 120.2594448,23.0341199 120.2593775,23.0345409 120.2593768,23.0345448 120.2593758,23.0345487 120.2593746,23.0345525 120.259373,23.034557 120.2593716,23.0345602 120.2593698,23.0345638 120.2593675,23.0345678 120.2593638,23.0345732 120.2593613,23.0345765 120.2593585,23.0345797 120.2593556,23.0345827 120.2593525,23.0345856 120.2593493,23.0345883 120.2593459,23.0345909 120.2593423,23.0345933 120.2593387,23.0345955 120.2593349,23.0345976 120.259331,23.0345994 120.2593256,23.0346016 120.2593215,23.034603 120.2593173,23.0346042 120.2593116,23.0346055 120.2593059,23.0346064 120.2593012,23.0346068 120.2586702,23.0346526 120.2584769,23.034673 120.2574174,23.0348196 120.2574173,23.0348195 120.2574163,23.0348127 120.2573778,23.0348176 120.2573788,23.0348249 120.2570125,23.0348756 120.2570069,23.0348761 120.2570023,23.0348763 120.2569976,23.0348761 120.2569929,23.0348756 120.2569872,23.0348746 120.2569827,23.0348735 120.2569783,23.034872 120.2569735,23.0348701 120.2569364,23.0348749 120.2568599,23.0348955 120.2561659,23.0349742 120.2548813,23.0350825 120.254876,23.0350827 120.2548727,23.0350825 120.2548694,23.0350821 120.2548638,23.035081 120.2548585,23.0350792 120.2548539,23.0350771 120.2548512,23.0350756 120.2548486,23.0350738 120.2548442,23.0350704 120.2548402,23.0350662 120.2548206,23.0350675 120.2546363,23.0351092 120.2546286,23.0351099 120.2546285,23.0351098 120.2546429,23.0350535 120.2557373,23.0311792 120.2557871,23.0310631 120.2557906,23.0310591 120.2557938,23.0310546 120.255795,23.0310523 120.2557963,23.0310496 120.2557979,23.0310449 120.2560235,23.0302463 120.2560245,23.0302422 120.2560252,23.0302374 120.2560255,23.0302335 120.2560254,23.0302297 120.2560251,23.0302258 120.2560245,23.0302221 120.2560235,23.0302182 120.2560224,23.0302147 120.2560529,23.0301086 120.2560558,23.0300972 120.2560585,23.0300947 120.2560612,23.030092 120.2560637,23.030089 120.256066,23.030086 120.2560681,23.0300827 120.2560698,23.0300794 120.2560714,23.0300759 120.2560726,23.0300724 120.2561558,23.0297785</coordinates></LinearRing></outerBoundaryIs>
        </Polygon>
      </MultiGeometry>
  </Placemark>
  <Placemark>
	<Style><LineStyle><color>ff0000ff</color></LineStyle><PolyStyle><fill>0</fill></PolyStyle></Style>
	<ExtendedData><SchemaData schemaUrl="#114SEC_DKTBLPD">
		<SimpleData name="段碼">9174</SimpleData>
		<SimpleData name="段名">埔北段</SimpleData>
		<SimpleData name="行政區">永康區</SimpleData>
	</SchemaData></ExtendedData>
      <MultiGeometry>
        <Polygon>
          <outerBoundaryIs><LinearRing><coordinates>120.2593677,23.0345676 120.2593678,23.0345678 120.2593269,23.034685 120.2593134,23.0347269 120.2593167,23.0347292 120.2593192,23.0347311 120.2593223,23.0347338 120.2593252,23.0347368 120.2593279,23.0347398 120.2593303,23.034743 120.2593329,23.0347472 120.2593348,23.0347508 120.2593363,23.0347544 120.2593376,23.0347582 120.2593386,23.034762 120.2593394,23.0347659 120.2593398,23.0347698 120.2593399,23.0347737 120.2593397,23.0347776 120.2593393,23.0347817 120.2590607,23.0365234 120.2590596,23.0365287 120.2590585,23.0365329 120.2590572,23.0365369 120.2590551,23.0365422 120.2590525,23.0365474 120.2590504,23.0365511 120.2590472,23.0365559 120.2590446,23.0365594 120.2590418,23.0365628 120.2590378,23.036567 120.2590346,23.03657 120.25903,23.0365738 120.2590264,23.0365764 120.2590214,23.0365796 120.2590162,23.0365825 120.2590121,23.0365844 120.2590065,23.0365867 120.2589993,23.036589 120.2589919,23.0365908 120.2589855,23.0365918 120.2548812,23.0370875 120.254871,23.0370885 120.2548597,23.0370891 120.2548483,23.0370891 120.2548407,23.0370889 120.2548294,23.037088 120.2548182,23.0370866 120.2548107,23.0370853 120.2548034,23.0370838 120.2547924,23.0370811 120.2547852,23.0370791 120.2543127,23.0369346 120.2541368,23.036925 120.2541367,23.0369249 120.2541495,23.0368836 120.2541516,23.0368786 120.2541528,23.0368748 120.2543547,23.0361374 120.2543556,23.0361337 120.2543561,23.0361307 120.2543565,23.0361268 120.2543566,23.0361238 120.2543565,23.0361208 120.2543562,23.0361169 120.254355,23.0361107 120.2543816,23.0359909 120.2543857,23.0359878 120.2543892,23.0359846 120.2543925,23.0359812 120.2543953,23.0359775 120.2543979,23.0359735 120.2543996,23.0359702 120.2544014,23.0359661 120.2544029,23.0359616 120.2545919,23.0352715 120.254593,23.0352663 120.2545933,23.0352632 120.2545933,23.0352601 120.2545932,23.035257 120.2545928,23.035254 120.2545917,23.035249 120.2546025,23.0352126 120.2546288,23.0351096 120.2546365,23.035109 120.2548208,23.0350672 120.2548405,23.035066 120.2548446,23.0350702 120.2548483,23.0350732 120.254853,23.0350762 120.2548581,23.0350787 120.2548633,23.0350805 120.2548681,23.0350816 120.2548738,23.0350824 120.2548796,23.0350824 120.255394,23.0350391 120.2561662,23.034974 120.2568601,23.0348953 120.2569366,23.0348747 120.2569737,23.0348699 120.2569786,23.0348718 120.256983,23.0348733 120.2569875,23.0348744 120.2569921,23.0348752 120.2569967,23.0348758 120.2570025,23.034876 120.2570083,23.0348758 120.2570128,23.0348754 120.2573789,23.0348247 120.257378,23.0348174 120.2574166,23.0348124 120.2574177,23.0348193 120.2584771,23.0346728 120.2586704,23.0346524 120.2593014,23.0346066 120.2593061,23.0346062 120.2593104,23.0346055 120.2593147,23.0346046 120.2593203,23.0346032 120.2593244,23.0346019 120.2593285,23.0346003 120.2593325,23.0345986 120.2593376,23.034596 120.2593413,23.0345938 120.2593449,23.0345915 120.2593483,23.034589 120.2593516,23.0345863 120.2593557,23.0345825 120.2593596,23.0345785 120.2593623,23.0345753 120.2593648,23.0345719 120.2593677,23.0345676</coordinates></LinearRing></outerBoundaryIs>
        </Polygon>
      </MultiGeometry>
  </Placemark>
  <Placemark>
	<Style><LineStyle><color>ff0000ff</color></LineStyle><PolyStyle><fill>0</fill></PolyStyle></Style>
	<ExtendedData><SchemaData schemaUrl="#114SEC_DKTBLPD">
		<SimpleData name="段碼">9175</SimpleData>
		<SimpleData name="段名">王行段</SimpleData>
		<SimpleData name="行政區">永康區</SimpleData>
	</SchemaData></ExtendedData>
      <MultiGeometry>
        <Polygon>
          <outerBoundaryIs><LinearRing><coordinates>120.2807343,23.0319259 120.2812043,23.0320558 120.2812043,23.0320559 120.2812019,23.0320553 120.2806805,23.033839 120.2847018,23.0348984 120.2842795,23.0367823 120.2842794,23.0367824 120.2830569,23.036455 120.2829956,23.0366599 120.2824576,23.0384234 120.281699,23.0382252 120.2814586,23.0390025 120.2814378,23.0389972 120.28031,23.0426439 120.2828138,23.0433094 120.2826074,23.0442266 120.2825511,23.0443547 120.2824572,23.0447515 120.2822884,23.0455314 120.2822341,23.0457755 120.2821522,23.0461553 120.2821236,23.0462751 120.2820666,23.0465094 120.281945,23.0470312 120.281906,23.0472075 120.2818706,23.0474012 120.2818244,23.0476405 120.2818007,23.0477713 120.2817451,23.0479983 120.281664,23.0483371 120.28158,23.0486844 120.2815152,23.0489592 120.2814327,23.0492986 120.2813921,23.0494791 120.2812584,23.0497881 120.2812583,23.0497882 120.276046,23.0462589 120.2753259,23.0470157 120.2753257,23.0470157 120.2746379,23.0451658 120.2736418,23.0430659 120.2732166,23.0417491 120.2732167,23.041749 120.2733264,23.0417784 120.273603,23.0408789 120.2735853,23.0408741 120.2738754,23.0399363 120.2737796,23.0399108 120.2737796,23.0399107 120.274058,23.0390221 120.2740508,23.0390202 120.2743234,23.0381528 120.2749333,23.0362552 120.2752167,23.0353492 120.2751825,23.0353399 120.2754622,23.0344299 120.2754809,23.0344348 120.2755445,23.0342278 120.2759731,23.0341621 120.2760229,23.0341914 120.2765428,23.0341117 120.2765122,23.0337317 120.2765124,23.0337316 120.2765198,23.0337336 120.2764901,23.0334681 120.2764244,23.0326918 120.2764245,23.0326917 120.2802096,23.0337134 120.2807342,23.031926 120.2807343,23.0319259</coordinates></LinearRing></outerBoundaryIs>
        </Polygon>
      </MultiGeometry>
  </Placemark>
  <Placemark>
	<Style><LineStyle><color>ff0000ff</color></LineStyle><PolyStyle><fill>0</fill></PolyStyle></Style>
	<ExtendedData><SchemaData schemaUrl="#114SEC_DKTBLPD">
		<SimpleData name="段碼">9176</SimpleData>
		<SimpleData name="段名">富強段</SimpleData>
		<SimpleData name="行政區">永康區</SimpleData>
	</SchemaData></ExtendedData>
      <MultiGeometry>
        <Polygon>
          <outerBoundaryIs><LinearRing><coordinates>120.2761233,23.0191662 120.2761291,23.0191666 120.276133,23.0191671 120.2761368,23.0191678 120.2761415,23.0191691 120.276146,23.0191708 120.2761504,23.0191728 120.2761545,23.0191752 120.2761576,23.0191774 120.2761613,23.0191803 120.2761647,23.0191835 120.2761672,23.0191864 120.27617,23.01919 120.2761725,23.0191939 120.2761742,23.0191972 120.276176,23.0192014 120.2761773,23.0192057 120.2761784,23.0192111 120.2761788,23.0192147 120.2761789,23.0192174 120.2761778,23.0192596 120.2761779,23.0192761 120.2761782,23.0192925 120.2761794,23.019318 120.2761828,23.0193579 120.2761847,23.0193741 120.276187,23.0193904 120.2761895,23.0194066 120.2761966,23.0194443 120.2762027,23.019471 120.2762067,23.019487 120.2762111,23.0195029 120.2762157,23.0195187 120.2762207,23.0195344 120.2762259,23.0195501 120.2762314,23.0195657 120.2762428,23.019595 120.2766769,23.0206492 120.2767436,23.0206552 120.2768001,23.0207937 120.2768,23.0207938 120.2767307,23.0207865 120.2767334,23.0207915 120.2767355,23.0207961 120.276943,23.0213 120.2769781,23.0214042 120.2770893,23.0216809 120.2770892,23.021681 120.2764825,23.0217045 120.2761301,23.0242684 120.27613,23.0242684 120.2733557,23.0237949 120.2734415,23.0197769 120.2736486,23.0197115 120.2736487,23.0197116 120.2736484,23.0197497 120.2741214,23.0196004 120.2742722,23.01956 120.2742749,23.0195575 120.2742776,23.0195554 120.2742803,23.0195534 120.2742841,23.019551 120.2742881,23.0195488 120.2742912,23.0195473 120.2742975,23.0195449 120.2748353,23.0193752 120.2752399,23.0192754 120.275272,23.0192697 120.2753817,23.0192322 120.2754537,23.0192071 120.275457,23.0192034 120.2754594,23.0192011 120.2754627,23.0191984 120.2754663,23.019196 120.2754701,23.0191939 120.275474,23.0191921 120.2754781,23.0191906 120.2754823,23.0191895 120.2754875,23.0191886 120.2754924,23.0191882 120.2761233,23.0191662</coordinates></LinearRing></outerBoundaryIs>
        </Polygon>
      </MultiGeometry>
  </Placemark>
  <Placemark>
	<Style><LineStyle><color>ff0000ff</color></LineStyle><PolyStyle><fill>0</fill></PolyStyle></Style>
	<ExtendedData><SchemaData schemaUrl="#114SEC_DKTBLPD">
		<SimpleData name="段碼">9177</SimpleData>
		<SimpleData name="段名">市政段</SimpleData>
		<SimpleData name="行政區">永康區</SimpleData>
	</SchemaData></ExtendedData>
      <MultiGeometry>
        <Polygon>
          <outerBoundaryIs><LinearRing><coordinates>120.2590495,23.0131169 120.2590545,23.0131171 120.2590594,23.0131176 120.2590642,23.0131184 120.2590683,23.0131193 120.261225,23.0136795 120.2614525,23.0137261 120.2632664,23.0140004 120.2632665,23.0140005 120.2631571,23.0144777 120.2635005,23.0145294 120.2635006,23.0145296 120.2628441,23.0167245 120.2628439,23.0167246 120.2605302,23.0160754 120.2603915,23.0165081 120.2603914,23.0165082 120.2582285,23.0159013 120.2582244,23.0159001 120.2582197,23.0158983 120.2582152,23.0158963 120.258212,23.0158945 120.2582078,23.015892 120.2582038,23.0158892 120.2582,23.0158861 120.2581973,23.0158837 120.2581948,23.0158811 120.2581917,23.0158774 120.2581888,23.0158736 120.2581863,23.0158696 120.2581845,23.0158665 120.2581825,23.0158623 120.2581808,23.0158579 120.2581795,23.0158535 120.2581785,23.0158489 120.2581778,23.0158443 120.2581775,23.0158397 120.2581774,23.0158362 120.2581777,23.0158316 120.2581782,23.0158281 120.2581791,23.0158235 120.2581801,23.0158198 120.2589811,23.0131647 120.2589829,23.0131596 120.2589847,23.0131554 120.2589875,23.0131503 120.2589908,23.0131455 120.2589945,23.0131409 120.2589986,23.0131366 120.2590021,23.0131335 120.2590069,23.0131299 120.259012,23.0131267 120.2590163,23.0131244 120.2590219,23.013122 120.2590277,23.01312 120.2590336,23.0131185 120.2590385,23.0131177 120.2590434,23.0131171 120.2590495,23.0131169</coordinates></LinearRing></outerBoundaryIs>
        </Polygon>
        <Polygon>
          <outerBoundaryIs><LinearRing><coordinates>120.2570596,23.0130356 120.2587373,23.0134698 120.2580205,23.0158458 120.2580183,23.0158516 120.2580167,23.015855 120.2580148,23.0158583 120.2580127,23.0158614 120.2580109,23.0158637 120.2580084,23.0158665 120.2580063,23.0158686 120.2580042,23.0158705 120.2580011,23.0158729 120.2579988,23.0158746 120.2579954,23.0158767 120.257992,23.0158785 120.2579883,23.0158801 120.2579846,23.0158815 120.2579818,23.0158823 120.2579779,23.0158833 120.257974,23.015884 120.25797,23.0158844 120.257965,23.0158846 120.25796,23.0158844 120.2579561,23.0158839 120.2579521,23.0158832 120.2579476,23.015882 120.2563427,23.0154011 120.2570596,23.0130356</coordinates></LinearRing></outerBoundaryIs>
        </Polygon>
      </MultiGeometry>
  </Placemark>
  <Placemark>
	<Style><LineStyle><color>ff0000ff</color></LineStyle><PolyStyle><fill>0</fill></PolyStyle></Style>
	<ExtendedData><SchemaData schemaUrl="#114SEC_DKTBLPD">
		<SimpleData name="段碼">9178</SimpleData>
		<SimpleData name="段名">廣興段</SimpleData>
		<SimpleData name="行政區">永康區</SimpleData>
	</SchemaData></ExtendedData>
      <MultiGeometry>
        <Polygon>
          <outerBoundaryIs><LinearRing><coordinates>120.2782464,23.016754 120.2783043,23.0168219 120.2783117,23.01683 120.2784051,23.0169387 120.278595,23.0173448 120.2787848,23.0176309 120.2789453,23.0179534 120.2793479,23.0187592 120.279406,23.0188004 120.279448,23.01885 120.2800786,23.0192267 120.280226,23.0192721 120.2803043,23.0193038 120.2807653,23.0195712 120.2809894,23.0197519 120.2811202,23.0201064 120.2811716,23.0203764 120.2811679,23.0205745 120.2811135,23.0207896 120.280952,23.0213102 120.2809045,23.0214668 120.2808573,23.0214725 120.2807941,23.0214804 120.2798786,23.0215934 120.277564,23.0216612 120.2770869,23.0216756 120.2769779,23.0214042 120.2769428,23.0213 120.2767353,23.0207962 120.2767333,23.0207916 120.2767304,23.0207864 120.2767305,23.0207863 120.2767998,23.0207936 120.2767435,23.0206554 120.2766767,23.0206493 120.2762426,23.019595 120.2762313,23.0195658 120.2762257,23.0195502 120.2762205,23.0195345 120.2762155,23.0195187 120.2762109,23.0195029 120.2762065,23.019487 120.2762025,23.019471 120.2761964,23.0194443 120.2761893,23.0194066 120.2761868,23.0193904 120.2761845,23.0193742 120.2761826,23.0193579 120.2761792,23.019318 120.276178,23.0192925 120.2761777,23.0192761 120.2761776,23.0192596 120.2761784,23.0192273 120.2761787,23.01922 120.2761786,23.0192147 120.2761782,23.0192111 120.2761776,23.0192075 120.2761766,23.019204 120.2761755,23.0192006 120.276174,23.0191972 120.2761723,23.019194 120.2761704,23.0191909 120.2761686,23.0191884 120.2761678,23.0191634 120.2761639,23.0191226 120.2761607,23.0190718 120.2761592,23.0190035 120.27616,23.018988 120.2761618,23.0189592 120.2761633,23.0189429 120.2761651,23.0189266 120.2761672,23.0189103 120.2761696,23.0188941 120.2761723,23.0188779 120.2761753,23.0188618 120.2761786,23.0188457 120.2761822,23.0188296 120.2761861,23.0188137 120.2761903,23.0187977 120.2761948,23.0187819 120.2761997,23.0187661 120.2762096,23.0187365 120.2762159,23.0187192 120.2762222,23.0187031 120.2762291,23.0186863 120.2762356,23.0186714 120.2762417,23.0186579 120.2762498,23.0186411 120.2762639,23.0186136 120.2762718,23.0185989 120.2762801,23.0185844 120.2762886,23.0185701 120.2763057,23.018543 120.2763254,23.018514 120.2763353,23.0185004 120.2763454,23.0184869 120.2763557,23.0184736 120.2763663,23.0184605 120.2763772,23.0184475 120.2763883,23.0184348 120.2764124,23.0184085 120.276435,23.0183855 120.2764472,23.0183737 120.2764711,23.0183518 120.2769366,23.0179384 120.2769441,23.0179326 120.2769499,23.0179287 120.2769581,23.0179238 120.2769644,23.0179206 120.2769731,23.0179167 120.2769798,23.0179141 120.2769867,23.0179119 120.2769958,23.0179095 120.2770491,23.0178527 120.2782464,23.016754</coordinates></LinearRing></outerBoundaryIs>
        </Polygon>
      </MultiGeometry>
  </Placemark>
  <Placemark>
	<Style><LineStyle><color>ff0000ff</color></LineStyle><PolyStyle><fill>0</fill></PolyStyle></Style>
	<ExtendedData><SchemaData schemaUrl="#114SEC_DKTBLPD">
		<SimpleData name="段碼">9179</SimpleData>
		<SimpleData name="段名">廣富段</SimpleData>
		<SimpleData name="行政區">永康區</SimpleData>
	</SchemaData></ExtendedData>
      <MultiGeometry>
        <Polygon>
          <outerBoundaryIs><LinearRing><coordinates>120.2749547,23.0113023 120.2819832,23.0141239 120.2819832,23.0141241 120.2818852,23.014183 120.2821163,23.0142849 120.2821668,23.0141792 120.2870884,23.0139626 120.2874954,23.0139469 120.2877107,23.0139352 120.2891733,23.0138708 120.2897613,23.013845 120.2903456,23.0138266 120.2903523,23.0138781 120.2906007,23.0139562 120.2906159,23.0139656 120.2907374,23.0140259 120.2908595,23.0141023 120.2911006,23.0143033 120.2913265,23.0146084 120.2913631,23.0147307 120.2914041,23.0148131 120.2915304,23.015055 120.29178,23.0149982 120.2917896,23.0150151 120.291826,23.0150629 120.2918423,23.0151799 120.2918378,23.0152313 120.2917469,23.0152805 120.2916706,23.015268 120.2915884,23.0151866 120.2915509,23.0151146 120.2915303,23.0150552 120.2902432,23.0153485 120.2900885,23.0153763 120.2900533,23.0153828 120.289603,23.0155153 120.2894849,23.0155431 120.2891129,23.0156516 120.2877202,23.0160869 120.2876998,23.0161015 120.2873006,23.0165344 120.2871426,23.0165729 120.2866904,23.0167133 120.2865113,23.0167977 120.286244,23.0168708 120.2859283,23.0169499 120.2858423,23.017116 120.285695,23.0172571 120.2856136,23.0175302 120.2854417,23.0177307 120.2850607,23.0177784 120.2849079,23.0181479 120.2848058,23.0184193 120.284784,23.0185249 120.2846975,23.0186895 120.2845945,23.0187764 120.2844843,23.0188895 120.2844573,23.018904 120.2841351,23.0190929 120.2833311,23.0195135 120.2834875,23.0197274 120.2832099,23.019956 120.2830828,23.0202709 120.2829338,23.0204527 120.2826254,23.0206552 120.2825939,23.0209557 120.2824812,23.0209512 120.2824517,23.0212965 120.2824516,23.0212966 120.2820009,23.0212529 120.2818974,23.0212765 120.2818973,23.0212764 120.2819455,23.021179 120.2811371,23.0207397 120.2811268,23.0207368 120.2811677,23.0205745 120.2811714,23.0203764 120.28112,23.0201064 120.2809893,23.019752 120.2807652,23.0195714 120.2803042,23.019304 120.2802259,23.0192723 120.2800785,23.0192268 120.2794478,23.0188501 120.2794059,23.0188005 120.2793477,23.0187593 120.2789451,23.0179534 120.2787846,23.017631 120.2785949,23.0173449 120.2784049,23.0169388 120.2783115,23.0168301 120.2783041,23.016822 120.2782464,23.0167542 120.2770493,23.0178529 120.2769959,23.0179097 120.2769868,23.0179121 120.2769777,23.0179151 120.2769688,23.0179187 120.2769624,23.0179218 120.2769541,23.0179263 120.2769461,23.0179314 120.2769386,23.017937 120.276933,23.0179417 120.2764712,23.0183519 120.2764474,23.0183738 120.2764351,23.0183856 120.2764125,23.0184086 120.2763884,23.0184349 120.2763773,23.0184476 120.2763665,23.0184606 120.2763559,23.0184737 120.2763455,23.018487 120.2763354,23.0185005 120.2763256,23.0185141 120.2763059,23.0185431 120.2762888,23.0185702 120.2762803,23.0185845 120.276272,23.018599 120.276264,23.0186136 120.27625,23.0186411 120.2762419,23.018658 120.276232,23.01868 120.2762235,23.0187003 120.2762161,23.0187192 120.2762098,23.0187365 120.2761998,23.0187662 120.276195,23.0187819 120.2761905,23.0187978 120.2761863,23.0188137 120.2761824,23.0188297 120.2761788,23.0188457 120.2761755,23.0188618 120.2761725,23.0188779 120.2761698,23.0188941 120.2761674,23.0189103 120.2761653,23.0189266 120.2761635,23.0189429 120.276162,23.0189592 120.2761602,23.018988 120.2761594,23.0190035 120.2761609,23.0190718 120.2761641,23.0191226 120.276168,23.0191634 120.2761688,23.0191884 120.2761687,23.0191884 120.2761665,23.0191857 120.2761639,23.019183 120.2761612,23.0191805 120.276159,23.0191787 120.2761568,23.019177 120.2761536,23.0191749 120.2761485,23.0191722 120.2761432,23.0191699 120.2761368,23.019168 120.2761303,23.0191668 120.2761233,23.0191664 120.2754924,23.0191884 120.2754884,23.0191886 120.2754832,23.0191895 120.275479,23.0191905 120.2754749,23.0191919 120.2754717,23.0191933 120.2754671,23.0191957 120.2754629,23.0191985 120.2754596,23.0192012 120.2754571,23.0192035 120.2754538,23.0192072 120.2753818,23.0192324 120.275272,23.0192699 120.27524,23.0192756 120.2748353,23.0193753 120.2742976,23.019545 120.2742913,23.0195475 120.2742882,23.0195489 120.2742842,23.0195511 120.2742804,23.0195536 120.2742777,23.0195556 120.2742751,23.0195577 120.2742723,23.0195602 120.2741214,23.0196006 120.2736483,23.0197499 120.2736482,23.0197498 120.2736485,23.0197117 120.2734416,23.019777 120.2734415,23.0197769 120.27347,23.0184443 120.2731716,23.017959 120.27332,23.0178344 120.2739813,23.0172813 120.2739836,23.0172795 120.2739865,23.0172775 120.2739895,23.0172757 120.2739927,23.0172741 120.274022,23.0172515 120.2741919,23.0171103 120.2741946,23.0171052 120.2741858,23.0170907 120.2744279,23.0168814 120.274524,23.0167962 120.2745249,23.0167936 120.2745265,23.0167901 120.2745278,23.0167875 120.2745298,23.0167842 120.2745321,23.016781 120.2745339,23.0167788 120.2745359,23.0167766 120.2745387,23.0167738 120.2752776,23.0161405 120.275236,23.016004 120.2752145,23.0159091 120.2752253,23.0157524 120.275193,23.0155765 120.2751714,23.0154647 120.275112,23.0147572 120.2750878,23.0145009 120.2750852,23.0142958 120.2750595,23.0140979 120.2750265,23.0137746 120.2749818,23.013163 120.2749358,23.0124151 120.2750243,23.0123744 120.275061,23.0123746 120.2750919,23.0123741 120.2750915,23.0123538 120.2750655,23.0123275 120.2749545,23.0113023 120.2749547,23.0113023</coordinates></LinearRing></outerBoundaryIs>
        </Polygon>
      </MultiGeometry>
  </Placemark>
  <Placemark>
	<Style><LineStyle><color>ff0000ff</color></LineStyle><PolyStyle><fill>0</fill></PolyStyle></Style>
	<ExtendedData><SchemaData schemaUrl="#114SEC_DKTBLPD">
		<SimpleData name="段碼">9180</SimpleData>
		<SimpleData name="段名">王新段</SimpleData>
		<SimpleData name="行政區">永康區</SimpleData>
	</SchemaData></ExtendedData>
      <MultiGeometry>
        <Polygon>
          <outerBoundaryIs><LinearRing><coordinates>120.2757192,23.034201 120.2757192,23.0342012 120.2755447,23.0342279 120.2754811,23.034435 120.2754624,23.0344301 120.2751827,23.0353399 120.2752169,23.0353492 120.2749412,23.0362294 120.2749411,23.0362295 120.2748566,23.0362065 120.2748253,23.0361975 120.2748088,23.0361923 120.2747925,23.0361868 120.2747762,23.0361811 120.2747601,23.0361752 120.274744,23.0361689 120.2747281,23.0361624 120.2746932,23.0361471 120.2746658,23.0361339 120.2746505,23.0361262 120.2746355,23.0361182 120.2746205,23.03611 120.2746058,23.0361015 120.2745912,23.0360928 120.2745631,23.0360751 120.2734521,23.0353475 120.2734469,23.0353435 120.2734421,23.0353391 120.2734378,23.0353344 120.2734339,23.0353293 120.2734318,23.0353261 120.2734299,23.0353228 120.2734272,23.0353172 120.273425,23.0353113 120.2734233,23.0353053 120.2734222,23.0352991 120.2734217,23.0352929 120.2734218,23.0352867 120.2734225,23.0352804 120.2734238,23.0352743 120.2734256,23.0352683 120.273428,23.0352625 120.273431,23.0352567 120.2733787,23.0352515 120.2733786,23.0352514 120.2735902,23.0349148 120.2739501,23.03431 120.2740254,23.0343125 120.2740781,23.0343124 120.2741958,23.0343444 120.2742423,23.0343522 120.2742834,23.0343787 120.2743319,23.0343854 120.2744291,23.0343972 120.2745747,23.0343719 120.2746256,23.0343664 120.2748295,23.0343374 120.2748348,23.0343266 120.2748651,23.0343213 120.2748653,23.0343215 120.2748595,23.0343328 120.275068,23.0343076 120.2752235,23.0342797 120.2752235,23.034277 120.2754513,23.0342421 120.2755775,23.0342159 120.2757192,23.034201</coordinates></LinearRing></outerBoundaryIs>
        </Polygon>
        <Polygon>
          <outerBoundaryIs><LinearRing><coordinates>120.2811268,23.0207366 120.2811372,23.0207396 120.2819457,23.0211789 120.2818975,23.0212763 120.2820009,23.0212527 120.282001,23.0212528 120.281919,23.0217265 120.2817164,23.0225736 120.2816742,23.0228096 120.2814968,23.0232324 120.2814173,23.0234203 120.2812705,23.0237188 120.2812693,23.0237287 120.2813202,23.0240207 120.281352,23.0242797 120.2814721,23.0245841 120.2815116,23.024752 120.2815893,23.0249555 120.2817392,23.0251965 120.2818683,23.0253432 120.2819803,23.0254713 120.2820904,23.0255861 120.2821211,23.0256197 120.2821741,23.0256594 120.2822023,23.0256764 120.2822398,23.0257035 120.2822889,23.0257434 120.2823416,23.0258065 120.2823741,23.0258348 120.2824295,23.0259181 120.2824797,23.0259707 120.2825269,23.0260166 120.2826122,23.0261248 120.2826714,23.0261793 120.2827386,23.0262496 120.2828105,23.0263294 120.282891,23.0263925 120.2829334,23.0264131 120.282955,23.0264264 120.2829948,23.0264625 120.283089,23.0265727 120.2831099,23.0266106 120.2832341,23.0267729 120.2833492,23.0269047 120.2833951,23.026934 120.2834939,23.0269807 120.283602,23.0270238 120.2836375,23.0270431 120.2836771,23.0270734 120.2837356,23.0271262 120.2837639,23.0271555 120.2838067,23.0272177 120.2838126,23.0272365 120.2838223,23.0272561 120.2838395,23.0272989 120.2839212,23.0274447 120.2839622,23.0274885 120.2840265,23.0275686 120.2840575,23.0276403 120.2840712,23.0277296 120.2840865,23.0279124 120.2840847,23.0280382 120.2840956,23.0281112 120.2841354,23.0282452 120.28463,23.0283554 120.2848258,23.0287386 120.2848659,23.0287847 120.2849009,23.0287577 120.2849232,23.0287375 120.2856067,23.0282111 120.2862437,23.0288951 120.2862758,23.0288705 120.2862896,23.0288857 120.2863176,23.0289172 120.2869741,23.0296504 120.2869109,23.029699 120.287539,23.0304031 120.2874313,23.0304862 120.2874559,23.0304889 120.2874935,23.030491 120.2876687,23.0307043 120.2878808,23.0311134 120.287794,23.03163 120.2875611,23.0320691 120.2875271,23.0321941 120.2874771,23.0324022 120.287307,23.0327162 120.2870442,23.0332762 120.2870097,23.0333835 120.2870158,23.033462 120.2869528,23.0337577 120.2868668,23.0342047 120.2868666,23.0342047 120.2858756,23.0336727 120.2856645,23.0342823 120.2855184,23.0344108 120.2854412,23.034416 120.2853864,23.0344548 120.2853021,23.0344547 120.2849641,23.0346738 120.2849287,23.0346966 120.2848863,23.0346978 120.2848025,23.0346462 120.284521,23.0359144 120.2845208,23.0359144 120.2844766,23.0359024 120.2847015,23.0348984 120.2806803,23.0338391 120.2806852,23.0338221 120.2812018,23.0320552 120.2807344,23.0319261 120.2802098,23.0337135 120.2802097,23.0337136 120.2764246,23.0326919 120.2764902,23.0334681 120.27652,23.0337337 120.2765199,23.0337338 120.2765124,23.0337318 120.2765429,23.0341119 120.2760229,23.0341915 120.2759731,23.0341623 120.2759077,23.0341723 120.2759076,23.0341721 120.2759138,23.034171 120.2759191,23.0341699 120.275927,23.034168 120.2759372,23.0341647 120.2759448,23.0341619 120.2759545,23.0341575 120.2759616,23.0341539 120.2759708,23.0341484 120.2759785,23.0341432 120.2759155,23.0341644 120.2758105,23.0341724 120.2756891,23.0341865 120.2755689,23.0342089 120.2755307,23.0342198 120.2755306,23.0342197 120.2755372,23.0341718 120.27563,23.0341536 120.2757384,23.0341408 120.2758468,23.0341084 120.2755642,23.0341517 120.2755316,23.0341669 120.2752927,23.0342145 120.2752107,23.0342059 120.2751512,23.034215 120.2751455,23.0342155 120.2751402,23.0342154 120.275135,23.0342146 120.2751307,23.0342135 120.2751265,23.034212 120.2751218,23.0342098 120.2751175,23.034207 120.2751136,23.0342037 120.2751101,23.0342001 120.2751073,23.0341963 120.2750399,23.0341907 120.27499,23.0341632 120.274905,23.0339645 120.2747804,23.03384 120.2747341,23.0337898 120.2746822,23.0336682 120.2746699,23.0335663 120.2745758,23.0335455 120.2745705,23.0335445 120.2745654,23.0335439 120.2745615,23.0335437 120.2745576,23.0335436 120.2745525,23.0335439 120.2745474,23.0335444 120.2745436,23.0335451 120.2745386,23.0335462 120.2745344,23.0335474 120.2745386,23.0335623 120.2746038,23.0335911 120.2746567,23.0336817 120.2747144,23.0338047 120.2748354,23.0339358 120.2748872,23.0339806 120.2749333,23.0340958 120.2749166,23.0341602 120.274871,23.0342521 120.274611,23.0342937 120.2744255,23.0343095 120.2743233,23.0343089 120.2742373,23.034288 120.2741606,23.0342685 120.2740234,23.0342061 120.2739696,23.0341034 120.2739182,23.0341712 120.2733647,23.03525 120.2732721,23.0352409 120.2732582,23.0352393 120.273221,23.0352361 120.2732209,23.035236 120.2733635,23.0349943 120.2735964,23.0346292 120.2737573,23.0343603 120.2739087,23.0341401 120.2739527,23.0340712 120.2739952,23.0340078 120.2741566,23.0337537 120.274145,23.0336756 120.2741395,23.033682 120.2741393,23.033682 120.2740825,23.033446 120.2741088,23.0332579 120.2740628,23.033194 120.2741318,23.0328695 120.2740496,23.0328838 120.2740495,23.0328837 120.2740435,23.032756 120.2740541,23.0326065 120.2741544,23.0325201 120.2744039,23.0325492 120.2739846,23.0305027 120.2738322,23.0304794 120.2738322,23.0304793 120.2738579,23.0303419 120.273484,23.0302996 120.2735149,23.0299527 120.273515,23.0299526 120.2739272,23.0300512 120.2739716,23.0300616 120.2739873,23.0300452 120.2740057,23.0300149 120.2740284,23.0298405 120.2740286,23.0298405 120.2740376,23.0299006 120.2740696,23.0299089 120.2740942,23.0299142 120.2740976,23.0299201 120.2740993,23.0299228 120.2741041,23.0299294 120.2741073,23.0299331 120.2741107,23.0299366 120.2741142,23.02994 120.274118,23.0299433 120.2741219,23.0299463 120.274126,23.0299491 120.2741303,23.0299518 120.2741347,23.0299542 120.2741392,23.0299564 120.2741439,23.0299584 120.2741486,23.0299602 120.2741535,23.0299617 120.2753091,23.0302578 120.2753094,23.0302459 120.2753096,23.0302458 120.275668,23.0303415 120.2760132,23.030421 120.2762794,23.0304981 120.2765651,23.0305764 120.2767685,23.0306317 120.2768945,23.0306643 120.2770771,23.0307128 120.2772309,23.0307544 120.2775074,23.0308309 120.2776297,23.0308638 120.2777332,23.030891 120.278181,23.0310075 120.2783984,23.031062 120.2784149,23.0310663 120.2785951,23.0311147 120.2789434,23.0312069 120.2790572,23.0312352 120.2792025,23.0312721 120.279557,23.0313722 120.2797866,23.0314352 120.279993,23.0315033 120.2802279,23.0315704 120.2804278,23.0316238 120.2806405,23.0316768 120.2808382,23.0317284 120.2808383,23.0317285 120.2808263,23.0317628 120.280984,23.0318064 120.2810679,23.0315614 120.2810892,23.0314703 120.2810931,23.0313856 120.2810882,23.0312905 120.2810795,23.0312037 120.2810407,23.0310789 120.2810157,23.0310265 120.2810051,23.0309996 120.2808814,23.0307036 120.2808058,23.0305141 120.2806644,23.0301608 120.28052,23.0297949 120.2804576,23.0296294 120.2801644,23.0288754 120.2801422,23.0288156 120.280093,23.0286918 120.2800604,23.0286385 120.2800359,23.0286035 120.2799367,23.028372 120.2798213,23.028094 120.2795715,23.02748 120.2794836,23.0272743 120.2793922,23.0270593 120.2792479,23.0267037 120.2791601,23.0264963 120.2787814,23.025541 120.2786129,23.0250428 120.2784246,23.0245539 120.278284,23.0242011 120.2781378,23.0238261 120.2780198,23.023515 120.2778711,23.0231384 120.2776002,23.0224819 120.277592,23.0224614 120.2773963,23.0219822 120.2773641,23.0218962 120.2772786,23.0216698 120.2772787,23.0216697 120.277564,23.021661 120.2798786,23.0215932 120.2809044,23.0214666 120.2809411,23.0213451 120.2809518,23.0213102 120.2811133,23.0207896 120.2811264,23.0207378 120.2811268,23.0207366</coordinates></LinearRing></outerBoundaryIs>
        </Polygon>
      </MultiGeometry>
  </Placemark>
  <Placemark>
	<Style><LineStyle><color>ff0000ff</color></LineStyle><PolyStyle><fill>0</fill></PolyStyle></Style>
	<ExtendedData><SchemaData schemaUrl="#114SEC_DKTBLPD">
		<SimpleData name="段碼">9181</SimpleData>
		<SimpleData name="段名">崑山段</SimpleData>
		<SimpleData name="行政區">永康區</SimpleData>
	</SchemaData></ExtendedData>
      <MultiGeometry>
        <Polygon>
          <outerBoundaryIs><LinearRing><coordinates>120.2580184,22.9975035 120.2583602,22.997576 120.2594992,23.0003927 120.2595033,23.0004027 120.2595032,23.0004028 120.2593335,23.0003696 120.2593004,23.0002879 120.259299,23.0002851 120.2592967,23.0002816 120.259294,23.0002783 120.259291,23.0002752 120.2592877,23.0002725 120.259284,23.0002701 120.2592801,23.0002681 120.2592767,23.0002667 120.2592721,23.0002653 120.2548184,22.999394 120.254969,23.000073 120.2549517,23.0000784 120.2552699,23.0009389 120.2552809,23.0009689 120.2550412,23.0010457 120.2550536,23.0010799 120.2547211,23.0011864 120.2506138,23.0024633 120.2505069,23.0024965 120.2505068,23.0024964 120.2505122,23.0021391 120.2505166,23.0018888 120.2505215,23.0016296 120.2504722,23.0015662 120.2504723,23.001566 120.2504972,23.0015657 120.2504751,23.0001573 120.2504737,22.9999822 120.2504766,22.9994098 120.2504785,22.999146 120.2504768,22.9985214 120.2503643,22.9985215 120.2503643,22.9985214 120.2503699,22.9985211 120.2503749,22.9985204 120.2503798,22.9985194 120.2503846,22.9985179 120.2503893,22.9985161 120.2503937,22.9985138 120.2503971,22.9985118 120.2504019,22.9985084 120.2504056,22.9985052 120.2504089,22.9985017 120.2504119,22.998498 120.2504146,22.998494 120.2504169,22.9984898 120.2504188,22.9984855 120.25042,22.9984819 120.2504214,22.9984763 120.2506138,22.998476 120.2518342,22.9984064 120.2519791,22.9983983 120.2520094,22.9983909 120.2520145,22.998392 120.2520195,22.9983926 120.2520245,22.9983928 120.2520299,22.9983926 120.2550445,22.998142 120.2578817,22.997721 120.2578926,22.9977191 120.2579014,22.997717 120.2579085,22.997715 120.2579189,22.9977115 120.2579273,22.9977082 120.2579356,22.9977044 120.2579435,22.9977003 120.2579513,22.9976957 120.2579588,22.9976908 120.2579628,22.997688 120.2579684,22.9976837 120.257973,22.9976799 120.2579778,22.9976756 120.2579858,22.9976678 120.2579917,22.9976612 120.2579972,22.9976544 120.2580023,22.9976474 120.2580055,22.9976425 120.2580085,22.9976376 120.2580126,22.99763 120.2580163,22.9976222 120.2580196,22.9976143 120.2580224,22.9976062 120.2580247,22.9975979 120.2580266,22.9975896 120.258028,22.9975812 120.2580289,22.9975728 120.2580294,22.9975643 120.2580293,22.9975558 120.2580288,22.9975473 120.2580278,22.9975388 120.2580264,22.9975304 120.2580244,22.9975221 120.258022,22.9975139 120.2580182,22.9975036 120.2580184,22.9975035</coordinates></LinearRing></outerBoundaryIs>
        </Polygon>
      </MultiGeometry>
  </Placemark>
  <Placemark>
	<Style><LineStyle><color>ff0000ff</color></LineStyle><PolyStyle><fill>0</fill></PolyStyle></Style>
	<ExtendedData><SchemaData schemaUrl="#114SEC_DKTBLPD">
		<SimpleData name="段碼">9182</SimpleData>
		<SimpleData name="段名">龍潭段</SimpleData>
		<SimpleData name="行政區">永康區</SimpleData>
	</SchemaData></ExtendedData>
      <MultiGeometry>
        <Polygon>
          <outerBoundaryIs><LinearRing><coordinates>120.2663528,23.0317305 120.2663551,23.0317369 120.266357,23.0317412 120.2663599,23.0317465 120.2663626,23.0317505 120.2663664,23.0317552 120.2663706,23.0317597 120.2663752,23.0317638 120.2663791,23.0317667 120.2663844,23.0317701 120.2663888,23.0317725 120.2663933,23.0317746 120.2663992,23.0317768 120.2664053,23.0317785 120.2664103,23.0317795 120.2664154,23.0317801 120.266422,23.0317806 120.2664771,23.03189 120.266477,23.0318901 120.266474,23.0318901 120.2664709,23.0318904 120.2664662,23.0318911 120.2664609,23.0318925 120.2664559,23.0318945 120.2664511,23.0318971 120.2664468,23.0319001 120.2664434,23.0319032 120.2664398,23.0319071 120.2664369,23.0319113 120.2664345,23.0319159 120.2664327,23.0319207 120.2664317,23.031925 120.2664312,23.03193 120.2664313,23.0319351 120.2664321,23.0319402 120.2664333,23.0319444 120.2664346,23.0319477 120.266691,23.0325186 120.2666929,23.0325224 120.2666955,23.0325267 120.2666985,23.0325308 120.2667019,23.0325347 120.2667057,23.0325383 120.2667106,23.0325421 120.2667151,23.032545 120.2667197,23.0325474 120.2667246,23.0325495 120.2667297,23.0325512 120.2667349,23.0325525 120.2667402,23.0325533 120.2667466,23.0325538 120.266752,23.0325537 120.2667574,23.0325531 120.2667626,23.0325522 120.2667679,23.0325508 120.266821,23.0326105 120.2668209,23.0326106 120.2668175,23.0326118 120.2668149,23.0326128 120.2668109,23.0326149 120.266807,23.0326172 120.2668027,23.0326204 120.2667988,23.032624 120.2667959,23.0326272 120.2667928,23.0326315 120.2667902,23.032636 120.2667881,23.0326407 120.2667867,23.0326448 120.2667857,23.0326497 120.2667852,23.032654 120.2667852,23.0326591 120.2667856,23.0326634 120.2667868,23.0326692 120.2667882,23.0326733 120.2667896,23.0326764 120.2667912,23.0326796 120.2669621,23.0329788 120.2669711,23.0329954 120.266979,23.0330112 120.2669862,23.0330272 120.2669896,23.0330353 120.2669959,23.0330516 120.2670016,23.0330681 120.267007,23.0330861 120.2670911,23.0333851 120.2670926,23.0333898 120.2670942,23.0333934 120.267096,23.0333968 120.267098,23.0334002 120.2671009,23.033404 120.2671036,23.0334072 120.2671063,23.0334099 120.2671093,23.0334125 120.2671117,23.0334144 120.2671151,23.0334167 120.2671186,23.0334187 120.2671223,23.0334205 120.267126,23.0334221 120.2671299,23.0334235 120.2671339,23.0334245 120.267138,23.0334254 120.2671411,23.0334258 120.2671473,23.0334262 120.2671525,23.0334261 120.2671576,23.0334256 120.2671627,23.0334247 120.2677253,23.0332977 120.2677381,23.0332946 120.2677444,23.0332929 120.2677507,23.0332911 120.2677647,23.0332867 120.2677758,23.0332828 120.2677819,23.0332805 120.2677941,23.0332755 120.267806,23.0332702 120.2678166,23.0332651 120.2678293,23.0332584 120.2678405,23.033252 120.2678521,23.0332448 120.2678625,23.0332379 120.267873,23.0332304 120.2678781,23.0332265 120.2678881,23.0332186 120.2678979,23.0332102 120.2679073,23.0332016 120.2679158,23.0331933 120.2679252,23.0331833 120.2679336,23.0331738 120.2679377,23.033169 120.2679453,23.0331594 120.267953,23.0331489 120.2679566,23.0331437 120.2679635,23.0331332 120.2679668,23.0331279 120.2679731,23.0331171 120.267979,23.0331061 120.2679844,23.0330949 120.267987,23.0330892 120.2679895,23.0330835 120.2679941,23.033072 120.2679983,23.0330603 120.2680002,23.0330544 120.268002,23.0330485 120.2680058,23.0330344 120.2680093,23.0330186 120.2680115,23.0330064 120.2680124,23.0330002 120.2680138,23.0329884 120.2680527,23.0326028 120.268053,23.032598 120.2680528,23.0325943 120.2680523,23.0325897 120.2680515,23.032586 120.2680709,23.0324223 120.2680907,23.0322254 120.2681139,23.0319961 120.268114,23.0319961 120.2682742,23.0320102 120.2682743,23.0320103 120.2682719,23.0320323 120.2682757,23.0320319 120.2682797,23.0320316 120.2682838,23.0320316 120.2682873,23.0320319 120.2694564,23.0321383 120.269459,23.032115 120.2698289,23.0321478 120.269829,23.0321479 120.2695162,23.0349797 120.2690755,23.0349439 120.269071,23.0349431 120.2690656,23.0349418 120.2690604,23.0349399 120.2690563,23.034938 120.2690524,23.0349358 120.269048,23.0349326 120.2690446,23.0349297 120.2690411,23.0349262 120.2689946,23.0349221 120.2689939,23.0349601 120.2689909,23.0349821 120.2689941,23.0350369 120.2690023,23.0353153 120.268939,23.0358183 120.2688703,23.0358218 120.2687045,23.0358596 120.2686743,23.0358613 120.268412,23.0358987 120.2682005,23.0359575 120.2682594,23.0359847 120.2683896,23.036147 120.2683936,23.036381 120.2683828,23.0364828 120.2679874,23.0364837 120.2679805,23.0366053 120.2679804,23.0366054 120.2676783,23.0365845 120.2676755,23.0365873 120.2676724,23.0365901 120.2676669,23.0365944 120.267661,23.0365983 120.2676547,23.0366016 120.2676482,23.0366045 120.2676414,23.0366068 120.2676344,23.0366086 120.2676273,23.0366098 120.26762,23.0366104 120.2674523,23.0366177 120.267448,23.0366176 120.2674447,23.0366173 120.2674404,23.0366167 120.2674372,23.0366161 120.267434,23.0366153 120.2674298,23.0366141 120.2674258,23.0366125 120.2674226,23.0366111 120.2673298,23.0366291 120.2670133,23.0366022 120.2668723,23.0366028 120.2666854,23.036588 120.266564,23.0365912 120.266329,23.0366271 120.2662387,23.0366299 120.2661377,23.0366418 120.2658794,23.036655 120.2658206,23.0366535 120.2657291,23.0366373 120.2656677,23.0366574 120.2655824,23.0366777 120.2654083,23.0367103 120.2653546,23.0366704 120.2653282,23.0366747 120.2653281,23.0366746 120.2653255,23.0366487 120.2649722,23.0363862 120.2649501,23.0363694 120.2649236,23.0363478 120.2649088,23.0363352 120.2648934,23.0363215 120.2648692,23.0362988 120.2648565,23.0362863 120.264844,23.0362736 120.2648318,23.0362606 120.2648198,23.0362475 120.2648081,23.0362342 120.2647966,23.0362207 120.2647854,23.036207 120.2647744,23.0361932 120.2647637,23.0361792 120.2647533,23.036165 120.2647371,23.0361418 120.2647142,23.0361064 120.2647051,23.0360914 120.2646964,23.0360763 120.2646879,23.036061 120.2646797,23.0360456 120.2646718,23.0360301 120.2646642,23.0360144 120.2646513,23.0359862 120.2646486,23.0359798 120.2646397,23.0359582 120.2646325,23.0359396 120.2646305,23.0359341 120.2646193,23.0359016 120.2646141,23.0358851 120.2646046,23.0358516 120.2645965,23.0358183 120.2645885,23.0357785 120.2645828,23.0357422 120.2645609,23.0355839 120.2645605,23.0355778 120.2645607,23.0355722 120.2645616,23.0355655 120.2645631,23.0355597 120.2645569,23.0355649 120.2645567,23.0355649 120.2645451,23.0354844 120.264536,23.035404 120.2644286,23.034628 120.2644283,23.0346243 120.2644284,23.0346205 120.2644287,23.0346167 120.2644292,23.0346129 120.2644301,23.0346092 120.2644313,23.0346056 120.2644327,23.0346021 120.2644344,23.0345986 120.2644363,23.0345953 120.2644385,23.0345921 120.2644409,23.034589 120.2644436,23.0345861 120.2644464,23.0345834 120.2644495,23.0345809 120.2644536,23.034578 120.2644568,23.0345761 120.2644253,23.0345797 120.2644058,23.0344582 120.2644047,23.0344539 120.2644039,23.0344498 120.2643611,23.0341406 120.2643608,23.0341347 120.2643611,23.0341298 120.2643618,23.0341249 120.2643633,23.0341191 120.2643656,23.0341132 120.2643676,23.0341091 120.2643702,23.0341049 120.2643733,23.0341008 120.2643766,23.0340971 120.2643804,23.0340936 120.2643853,23.0340898 120.2643897,23.0340871 120.2643943,23.0340846 120.2644001,23.0340823 120.2644052,23.0340807 120.2644112,23.0340795 120.2643978,23.0339718 120.2643919,23.0339725 120.2643859,23.0339726 120.264381,23.0339722 120.2643751,23.0339712 120.2643703,23.0339699 120.2643647,23.0339679 120.2643594,23.0339654 120.2643552,23.0339629 120.2643505,23.0339594 120.2643468,23.0339562 120.2643429,23.033952 120.2643395,23.0339475 120.2643366,23.0339426 120.2643347,23.0339383 120.2643331,23.033934 120.2643318,23.0339286 120.2642672,23.0334621 120.2642673,23.033462 120.264279,23.0334608 120.2642758,23.0334575 120.2642733,23.0334545 120.264271,23.0334514 120.2642685,23.0334472 120.2642664,23.0334429 120.264265,23.0334393 120.2642637,23.0334348 120.2642627,23.0334297 120.2642202,23.0331226 120.2642199,23.0331169 120.2642201,23.0331131 120.2642204,23.0331102 120.2642209,23.0331074 120.2642218,23.0331036 120.2642236,23.0330982 120.2642247,23.0330955 120.2642265,23.0330921 120.2642285,23.0330887 120.2642308,23.0330855 120.2642333,23.0330825 120.264236,23.0330796 120.2642382,23.0330776 120.2642413,23.033075 120.2642446,23.0330727 120.264248,23.0330706 120.2642507,23.0330691 120.2642543,23.0330674 120.2642582,23.0330659 120.2642621,23.0330647 120.2642661,23.0330638 120.2642691,23.0330632 120.2649008,23.032986 120.2648865,23.0329259 120.2648254,23.0329334 120.2648239,23.0329227 120.2648181,23.0329231 120.2648141,23.0329231 120.2648111,23.0329229 120.2648051,23.0329221 120.2647992,23.0329207 120.2647935,23.0329188 120.2647881,23.0329163 120.264783,23.0329133 120.2647782,23.0329098 120.2647746,23.0329066 120.2647713,23.0329031 120.2647683,23.0328993 120.2647662,23.0328961 120.2647639,23.032892 120.2647623,23.0328885 120.264761,23.032885 120.2647598,23.0328805 120.2647589,23.0328751 120.264727,23.0325896 120.2647268,23.0325866 120.2647267,23.0325828 120.2647271,23.032578 120.2647279,23.0325733 120.2647288,23.0325696 120.26473,23.0325659 120.264732,23.0325615 120.2647338,23.0325581 120.2647359,23.0325548 120.2647388,23.0325509 120.2647414,23.0325479 120.264745,23.0325445 120.2647489,23.0325413 120.2647522,23.0325391 120.2647565,23.0325365 120.2647611,23.0325343 120.2647659,23.0325325 120.2647694,23.0325315 120.2647597,23.032458 120.264755,23.0324574 120.26475,23.0324563 120.2647451,23.0324549 120.2647404,23.032453 120.2647358,23.0324508 120.2647324,23.0324488 120.2647282,23.0324459 120.2647244,23.0324428 120.2647209,23.0324393 120.2647177,23.0324356 120.2647154,23.0324324 120.2647129,23.0324282 120.2647108,23.0324239 120.2647091,23.0324194 120.2647081,23.0324157 120.2647073,23.032412 120.2646882,23.0322407 120.2647003,23.0322394 120.2646865,23.0321182 120.2646878,23.0321162 120.2646902,23.032113 120.2646943,23.0321086 120.2646988,23.0321046 120.2647038,23.032101 120.2647064,23.0320994 120.2647101,23.0320975 120.2647129,23.0320962 120.2647168,23.0320947 120.2647207,23.0320935 120.2647238,23.0320927 120.2647304,23.0320916 120.2662368,23.0319134 120.2662419,23.0319131 120.2662457,23.0319131 120.2662507,23.0319134 120.2662545,23.0319138 120.2662594,23.0319146 120.2662631,23.0319155 120.2662667,23.0319165 120.2662714,23.0319181 120.2662749,23.0319195 120.2662783,23.0319211 120.2662826,23.0319235 120.2662858,23.0319254 120.2662888,23.0319275 120.2662927,23.0319305 120.2662954,23.0319329 120.2662979,23.0319354 120.2662385,23.0318093 120.2662268,23.0317911 120.2662304,23.0317861 120.2662331,23.0317816 120.2662345,23.0317784 120.2662355,23.0317759 120.2662363,23.0317735 120.2662371,23.0317701 120.266238,23.0317641 120.2662382,23.0317589 120.2662379,23.0317555 120.2662376,23.0317529 120.2662363,23.0317475 120.2662364,23.0317474 120.2663528,23.0317305</coordinates></LinearRing></outerBoundaryIs>
        </Polygon>
      </MultiGeometry>
  </Placemark>
  <Placemark>
	<Style><LineStyle><color>ff0000ff</color></LineStyle><PolyStyle><fill>0</fill></PolyStyle></Style>
	<ExtendedData><SchemaData schemaUrl="#114SEC_DKTBLPD">
		<SimpleData name="段碼">9183</SimpleData>
		<SimpleData name="段名">烏竹段</SimpleData>
		<SimpleData name="行政區">永康區</SimpleData>
	</SchemaData></ExtendedData>
      <MultiGeometry>
        <Polygon>
          <outerBoundaryIs><LinearRing><coordinates>120.2621723,23.0361434 120.2621759,23.0361435 120.2621795,23.0361439 120.2621831,23.0361446 120.2621866,23.0361455 120.2621899,23.0361468 120.2621925,23.036148 120.2621962,23.0361501 120.2621991,23.036152 120.2631541,23.0368709 120.2631582,23.0368742 120.2631628,23.0368785 120.2631669,23.0368832 120.2631706,23.0368882 120.2631738,23.0368934 120.2631764,23.036899 120.2631786,23.0369047 120.2631801,23.03691 120.2632727,23.0369796 120.2632776,23.0369791 120.2632826,23.036979 120.2632876,23.0369794 120.2632926,23.0369803 120.2632974,23.0369817 120.263302,23.0369836 120.2633057,23.0369854 120.2633099,23.0369881 120.2638902,23.0374247 120.2642526,23.037703 120.2642486,23.0377124 120.2642802,23.0377361 120.2642843,23.0377266 120.2642844,23.0377266 120.2645803,23.0379465 120.2645842,23.0379497 120.2645878,23.0379532 120.2645911,23.0379569 120.2645941,23.0379609 120.2645969,23.037965 120.2645993,23.0379692 120.2646014,23.0379736 120.2646034,23.0379788 120.2646118,23.0379851 120.2646265,23.03795 120.2646267,23.03795 120.2647469,23.0380284 120.2647257,23.0380791 120.264731,23.0380781 120.2647368,23.0380777 120.2647418,23.0380779 120.2647451,23.0380783 120.2647484,23.0380789 120.2647532,23.0380802 120.2647586,23.0380823 120.2647637,23.038085 120.2647678,23.0380878 120.2660634,23.039073 120.2660634,23.0390732 120.2660493,23.039088 120.2660794,23.0391107 120.2660937,23.0390958 120.2662386,23.0392036 120.2662386,23.0392037 120.2662234,23.0392199 120.266229,23.0392242 120.266229,23.0392243 120.2636997,23.0419001 120.2660483,23.0438062 120.2660483,23.0438063 120.2654385,23.0444451 120.2644427,23.0455001 120.2634473,23.0465433 120.2634472,23.0465433 120.2622738,23.045592 120.2620793,23.045421 120.2620764,23.0454188 120.2620732,23.045417 120.2620706,23.0454156 120.2620671,23.0454143 120.2620643,23.0454133 120.2620607,23.0454124 120.262057,23.0454119 120.2620533,23.0454116 120.2620502,23.0454116 120.2620465,23.0454118 120.2620428,23.0454124 120.2620399,23.045413 120.2620363,23.0454141 120.2620336,23.0454152 120.2620309,23.0454164 120.2620273,23.0454184 120.2619205,23.0453306 120.261921,23.0453252 120.2619212,23.0453212 120.261921,23.0453157 120.2619206,23.0453117 120.2619197,23.0453063 120.2619188,23.0453023 120.2619172,23.0452971 120.2619157,23.0452932 120.2619141,23.0452894 120.2619115,23.0452845 120.2619086,23.0452798 120.2619062,23.0452764 120.2619036,23.0452731 120.2618998,23.0452689 120.2618958,23.045265 120.2618921,23.0452619 120.2608476,23.0444246 120.2608971,23.0443686 120.2608933,23.0443649 120.2608899,23.0443608 120.2608873,23.0443573 120.2608846,23.0443527 120.2608823,23.044348 120.2608804,23.044343 120.2608793,23.044339 120.2608783,23.0443338 120.2608777,23.0443286 120.2608777,23.0443234 120.2608781,23.0443192 120.2608789,23.0443141 120.2608803,23.044309 120.2608821,23.044304 120.2608839,23.0443002 120.2608865,23.0442956 120.2610334,23.0440906 120.2610351,23.0440783 120.2610359,23.044075 120.2610368,23.0440717 120.261038,23.0440685 120.2610399,23.0440646 120.2610421,23.0440609 120.2610446,23.0440574 120.2610487,23.0440528 120.2610534,23.0440488 120.2610578,23.0440457 120.2610634,23.0440427 120.2610658,23.0440417 120.2610693,23.0440404 120.2610745,23.0440389 120.2610781,23.0440383 120.2610817,23.0440378 120.2610879,23.0440376 120.2610984,23.0439626 120.2610937,23.0439604 120.2610887,23.0439575 120.2610849,23.043955 120.2610805,23.0439514 120.2610764,23.0439475 120.2610735,23.0439442 120.2610707,23.0439407 120.2610677,23.0439361 120.2610656,23.0439322 120.2610634,23.0439272 120.261062,23.0439231 120.2610606,23.0439178 120.2610599,23.0439136 120.2610595,23.0439082 120.2610595,23.0439038 120.26106,23.0438984 120.2610943,23.0436506 120.2610949,23.0436473 120.2610957,23.0436441 120.261097,23.0436403 120.2610987,23.0436365 120.2611004,23.0436336 120.2611027,23.0436301 120.2611053,23.0436268 120.2611083,23.0436238 120.2611115,23.043621 120.261115,23.0436185 120.2611187,23.0436162 120.2611226,23.0436143 120.2611266,23.0436127 120.2611308,23.0436114 120.2611351,23.0436104 120.2611395,23.0436099 120.261143,23.0436097 120.2611477,23.0436097 120.2611583,23.0435341 120.2611537,23.0435318 120.2611496,23.0435294 120.2611447,23.043526 120.261141,23.043523 120.2611368,23.0435189 120.2611337,23.0435155 120.2611308,23.0435118 120.2611276,23.043507 120.2611255,23.0435029 120.2611236,23.0434988 120.2611217,23.0434934 120.2611203,23.0434879 120.2611195,23.0434834 120.2611191,23.0434778 120.2611191,23.0434733 120.2611196,23.0434676 120.2611556,23.0432073 120.2611562,23.0432041 120.261157,23.0432009 120.2611584,23.0431971 120.2611601,23.0431933 120.2611621,23.0431897 120.2611645,23.0431863 120.2611672,23.043183 120.2611702,23.04318 120.2611735,23.0431773 120.261177,23.0431748 120.2611807,23.0431726 120.2611839,23.0431711 120.2611888,23.0431692 120.2611921,23.0431682 120.2611964,23.0431673 120.2612008,23.0431667 120.2612052,23.0431665 120.2612097,23.0431666 120.2612202,23.0430911 120.2612151,23.0430886 120.261211,23.0430862 120.261207,23.0430835 120.2612024,23.0430798 120.261199,23.0430766 120.261195,23.0430723 120.2611922,23.0430686 120.261189,23.0430638 120.2611863,23.0430587 120.2611845,23.0430545 120.2611827,23.0430491 120.2611816,23.0430447 120.2611809,23.0430402 120.2611804,23.0430345 120.2611804,23.04303 120.261181,23.0430244 120.2612238,23.042715 120.2612249,23.0427094 120.2612262,23.0427055 120.2612278,23.0427017 120.2612298,23.042698 120.2612321,23.0426946 120.2612348,23.0426913 120.2612377,23.0426882 120.2612416,23.0426849 120.2612452,23.0426824 120.2612489,23.0426803 120.2612528,23.0426784 120.2612569,23.0426768 120.2612611,23.0426756 120.2612654,23.0426748 120.2612698,23.0426743 120.2612734,23.0426741 120.2612785,23.0426743 120.261289,23.0425991 120.2612832,23.0425962 120.261279,23.0425938 120.2612751,23.0425911 120.2612705,23.0425875 120.2612662,23.0425834 120.2612631,23.0425799 120.2612603,23.0425763 120.2612571,23.0425715 120.2612549,23.0425674 120.2612526,23.0425622 120.2612511,23.0425579 120.2612497,23.0425524 120.2612488,23.0425468 120.2612485,23.0425422 120.2612486,23.0425366 120.2612491,23.0425321 120.26129,23.0422363 120.2612909,23.0422317 120.2612924,23.0422271 120.261294,23.0422234 120.2612959,23.0422198 120.2612982,23.0422163 120.2613008,23.0422131 120.2613037,23.0422101 120.2613069,23.0422074 120.261311,23.0422044 120.2613147,23.0422023 120.2613186,23.0422004 120.2613234,23.0421986 120.2613276,23.0421975 120.2613319,23.0421967 120.2613371,23.0421962 120.2613406,23.0421962 120.2613453,23.0421965 120.261362,23.0420845 120.2613574,23.0420824 120.261352,23.0420794 120.261347,23.042076 120.2613432,23.0420731 120.2613387,23.042069 120.2613355,23.0420655 120.2613318,23.0420609 120.2613286,23.0420559 120.2613258,23.0420508 120.261324,23.0420465 120.2613222,23.042041 120.2613211,23.0420365 120.2613203,23.0420319 120.2613199,23.0420262 120.2613199,23.0420216 120.2613204,23.0420158 120.2615589,23.0402993 120.2615598,23.0402953 120.2615611,23.0402914 120.2615624,23.0402883 120.2615643,23.0402847 120.2615665,23.0402812 120.2615685,23.0402785 120.2615713,23.0402754 120.2615738,23.0402731 120.2615771,23.0402704 120.2615806,23.040268 120.2615836,23.0402663 120.2615875,23.0402644 120.2615916,23.0402629 120.2615958,23.0402617 120.2615992,23.040261 120.2616029,23.0402605 120.2616191,23.0401428 120.2616146,23.0401396 120.2616118,23.0401374 120.2616082,23.0401342 120.261605,23.0401308 120.2616019,23.0401272 120.2615992,23.0401234 120.2615968,23.0401195 120.2615946,23.0401153 120.2615928,23.0401111 120.2615913,23.0401068 120.2615901,23.0401023 120.2615895,23.040099 120.2615889,23.0400944 120.2615887,23.0400899 120.2615888,23.0400853 120.2615892,23.0400808 120.2617019,23.0392703 120.2617026,23.0392672 120.2617039,23.0392634 120.2617055,23.0392597 120.261707,23.0392568 120.2617087,23.039254 120.2617112,23.0392508 120.261714,23.0392477 120.2617164,23.0392454 120.261719,23.0392433 120.2617224,23.0392409 120.2617261,23.0392387 120.2617291,23.0392372 120.2617331,23.0392357 120.2617363,23.0392346 120.2617405,23.0392337 120.2617442,23.0392331 120.2617607,23.0391135 120.2617571,23.0391109 120.2617534,23.0391078 120.2617499,23.0391044 120.2617467,23.0391008 120.2617438,23.039097 120.2617418,23.0390941 120.2617393,23.03909 120.2617372,23.0390858 120.2617355,23.0390814 120.261734,23.0390769 120.2617329,23.0390724 120.2617323,23.039069 120.2617319,23.0390655 120.2617316,23.0390608 120.2617318,23.0390562 120.2617322,23.0390515 120.2617652,23.0388145 120.2617655,23.0388122 120.2617663,23.0388091 120.2617672,23.038806 120.2617684,23.038803 120.2617699,23.0388 120.261772,23.0387965 120.2617739,23.0387939 120.2617765,23.0387907 120.2617788,23.0387883 120.2617813,23.0387861 120.2617847,23.0387836 120.2617876,23.0387817 120.2617905,23.0387801 120.2617936,23.0387787 120.2617968,23.0387774 120.2618001,23.0387764 120.2618035,23.0387756 120.2618072,23.0387749 120.2618186,23.0386922 120.2618145,23.0386891 120.2618109,23.0386859 120.2618075,23.0386825 120.2618051,23.0386798 120.2618029,23.038677 120.2618002,23.0386731 120.2617978,23.038669 120.2617957,23.0386648 120.2617939,23.0386605 120.2617925,23.038656 120.2617916,23.0386526 120.2617908,23.0386481 120.2617904,23.0386446 120.2617901,23.03864 120.2617902,23.0386354 120.2617907,23.0386307 120.2618271,23.0383689 120.2618278,23.0383647 120.2618296,23.038359 120.2618321,23.0383535 120.2618353,23.0383484 120.2618374,23.0383456 120.2618391,23.0383436 120.2618409,23.0383417 120.2618436,23.0383393 120.2618485,23.0383356 120.2618516,23.0383337 120.261854,23.0383324 120.2618564,23.0383312 120.2618601,23.0383297 120.261861,23.0381807 120.2618596,23.0381768 120.2618587,23.0381736 120.2618574,23.0381673 120.2618568,23.0381608 120.261857,23.0381543 120.2618999,23.0378448 120.2619008,23.0378406 120.2619019,23.0378373 120.2619032,23.0378341 120.2619047,23.0378309 120.2619065,23.0378279 120.2619084,23.037825 120.2619106,23.0378222 120.2619137,23.037819 120.2619163,23.0378166 120.2619191,23.0378143 120.2619221,23.0378123 120.261926,23.03781 120.2619301,23.037808 120.2619336,23.0378067 120.2619371,23.0378056 120.2619407,23.0378047 120.261952,23.0377228 120.2619494,23.037721 120.2619459,23.0377182 120.2619426,23.0377153 120.2619395,23.0377121 120.2619367,23.0377087 120.2619347,23.0377061 120.2619324,23.0377024 120.2619303,23.0376986 120.2619285,23.0376946 120.2619271,23.0376906 120.2619259,23.0376865 120.2619252,23.0376833 120.2619247,23.0376802 120.2619243,23.0376759 120.2619243,23.0376717 120.2619245,23.0376674 120.2620498,23.036766 120.2620505,23.0367627 120.2620514,23.0367594 120.2620527,23.0367562 120.2620541,23.0367531 120.2620558,23.03675 120.2620577,23.0367471 120.2620598,23.0367444 120.2620628,23.0367411 120.2620653,23.0367387 120.2620681,23.0367364 120.2620717,23.0367338 120.2620748,23.036732 120.2620789,23.03673 120.2620822,23.0367286 120.2620866,23.0367272 120.262089,23.0367266 120.2621005,23.0366433 120.2620978,23.0366412 120.2620943,23.0366383 120.2620911,23.0366352 120.2620888,23.0366327 120.2620867,23.0366302 120.2620841,23.0366266 120.2620824,23.0366238 120.2620803,23.0366199 120.2620785,23.036616 120.2620773,23.0366129 120.2620761,23.0366087 120.2620753,23.0366056 120.2620746,23.0366013 120.2620743,23.0365981 120.2620742,23.0365949 120.2620743,23.0365905 120.2620747,23.0365862 120.2621316,23.036177 120.2621322,23.0361737 120.2621331,23.0361704 120.2621346,23.0361667 120.2621362,23.0361636 120.262138,23.0361607 120.2621402,23.036158 120.2621425,23.0361555 120.2621451,23.0361531 120.2621479,23.036151 120.262151,23.0361491 120.2621541,23.0361475 120.2621574,23.0361461 120.2621616,23.0361448 120.2621651,23.036144 120.262168,23.0361436 120.2621723,23.0361434</coordinates></LinearRing></outerBoundaryIs>
          <innerBoundaryIs><LinearRing><coordinates>120.2642746,23.0455363 120.2641244,23.0455662 120.2642588,23.0456751 120.2642746,23.0455363</coordinates></LinearRing></innerBoundaryIs>
        </Polygon>
      </MultiGeometry>
  </Placemark>
  <Placemark>
	<Style><LineStyle><color>ff0000ff</color></LineStyle><PolyStyle><fill>0</fill></PolyStyle></Style>
	<ExtendedData><SchemaData schemaUrl="#114SEC_DKTBLPD">
		<SimpleData name="段碼">9184</SimpleData>
		<SimpleData name="段名">三民段</SimpleData>
		<SimpleData name="行政區">永康區</SimpleData>
	</SchemaData></ExtendedData>
      <MultiGeometry>
        <Polygon>
          <outerBoundaryIs><LinearRing><coordinates>120.234411,23.0455493 120.2345749,23.0455938 120.234824,23.0457171 120.2352499,23.0458793 120.2359422,23.0461161 120.2366543,23.0462828 120.2381969,23.0466954 120.2384692,23.0468257 120.2396053,23.047166 120.2397786,23.0472362 120.2405489,23.0473852 120.2406567,23.0473877 120.2407983,23.0476837 120.24129,23.0487297 120.2412922,23.0487336 120.2412946,23.0487372 120.241297,23.04874 120.2412996,23.0487426 120.2413025,23.0487449 120.2413062,23.0487475 120.2413095,23.0487493 120.241313,23.0487508 120.2413166,23.0487521 120.2413188,23.0487527 120.2413225,23.0487535 120.2413256,23.0487539 120.2413286,23.0487541 120.241334,23.048754 120.2413397,23.0487533 120.2414876,23.0487949 120.2415393,23.0488283 120.2415393,23.0488284 120.2414392,23.0489359 120.2414368,23.0489386 120.2414341,23.0489419 120.241409,23.0489683 120.241362,23.0490188 120.2413619,23.0490187 120.2413552,23.0490046 120.239877,23.0509093 120.2400354,23.0510145 120.2414087,23.049245 120.2417543,23.048874 120.2418047,23.0488855 120.2430052,23.0501254 120.2437724,23.0506375 120.2451032,23.0510188 120.2452441,23.0511074 120.2455071,23.0512595 120.2455658,23.051235 120.2493486,23.0517493 120.2495484,23.0519289 120.2495725,23.0519188 120.2495823,23.0519143 120.2496016,23.051905 120.2496205,23.051895 120.2496299,23.0518897 120.2496482,23.0518788 120.2496573,23.0518731 120.2496662,23.0518673 120.2496837,23.0518552 120.2496922,23.051849 120.249709,23.0518361 120.2497277,23.0518206 120.249741,23.0518088 120.2497543,23.0517963 120.252414,23.0492084 120.2524142,23.0492084 120.2524351,23.0493559 120.2524368,23.0493558 120.2524927,23.0498081 120.2525434,23.0502097 120.2525973,23.0506562 120.2526476,23.0511031 120.2526906,23.0515348 120.2527339,23.0520239 120.2527376,23.0522723 120.2527093,23.0522746 120.2527217,23.0523663 120.2527727,23.0527712 120.2527764,23.0527715 120.2527976,23.0529483 120.2528455,23.053704 120.2528539,23.0538292 120.2528953,23.0547268 120.252921,23.0556254 120.2529402,23.0563606 120.2529397,23.056781 120.2530045,23.0567677 120.2535281,23.0566804 120.253606,23.0566706 120.253922,23.0566476 120.2539288,23.0566489 120.2539294,23.0566922 120.2544593,23.0566486 120.2549084,23.0566482 120.2560875,23.0567204 120.2566318,23.056768 120.2575039,23.0568746 120.2581093,23.0569756 120.2598675,23.0572915 120.2610841,23.0574738 120.2611095,23.0574569 120.2654983,23.0580605 120.2668035,23.0582769 120.2682502,23.0584388 120.2685323,23.0584614 120.2705344,23.0584401 120.2716877,23.0584863 120.2723387,23.058503 120.2724167,23.0585216 120.273589,23.0584708 120.2742208,23.0583952 120.2746341,23.0583464 120.2749029,23.0582999 120.2752454,23.0581933 120.2753406,23.0582432 120.2754316,23.0583013 120.2755389,23.0584199 120.2757346,23.0585311 120.2757536,23.0585357 120.2758185,23.0585945 120.2759347,23.0586755 120.2760467,23.0587178 120.2762971,23.0589054 120.276297,23.0589056 120.2762708,23.0589179 120.2762481,23.0589188 120.2762288,23.058925 120.2762115,23.0589327 120.2761753,23.0589482 120.2761391,23.0589536 120.2759534,23.0589695 120.2758602,23.0589723 120.2756841,23.0589833 120.2755627,23.0589882 120.2755312,23.0589924 120.2754571,23.0589818 120.2751138,23.0589525 120.275068,23.0589776 120.2750454,23.0589846 120.275011,23.0589901 120.2749289,23.058997 120.274702,23.0590015 120.2746608,23.059 120.2745981,23.0590033 120.2742802,23.0590431 120.2742056,23.0590584 120.2739653,23.0590878 120.2738477,23.0591048 120.2737765,23.0591201 120.2737264,23.059126 120.2736871,23.0591418 120.2734983,23.0591691 120.2733822,23.0591875 120.2732518,23.0592128 120.2731759,23.0592198 120.2731332,23.0592214 120.2731057,23.0592191 120.2730028,23.0592014 120.2728446,23.0592053 120.2727959,23.0592103 120.272747,23.0592174 120.2726903,23.0592328 120.2726138,23.0592599 120.272572,23.0592709 120.2725468,23.059271 120.2724958,23.0592618 120.2724428,23.0592488 120.2724053,23.0592316 120.272366,23.0592145 120.2723341,23.0591932 120.2722103,23.0591506 120.2720069,23.059088 120.2719293,23.0590701 120.2717898,23.0590435 120.2716441,23.0590262 120.2715467,23.059016 120.2714492,23.0590112 120.2713332,23.0590136 120.2711577,23.0590104 120.2711256,23.0589978 120.2710806,23.0590104 120.2707352,23.0589694 120.2706267,23.0589619 120.2702432,23.0589582 120.2700933,23.0589629 120.2699527,23.0589736 120.2697114,23.0590001 120.2696255,23.0590166 120.2694621,23.0590551 120.2694178,23.0590681 120.2693067,23.0591057 120.2690901,23.0591694 120.2690082,23.0591977 120.2689685,23.0592229 120.2689215,23.0592438 120.2688984,23.0592594 120.2688906,23.0592629 120.2688184,23.0593197 120.2687544,23.0593742 120.2686506,23.0594709 120.2685044,23.0596128 120.2684063,23.0597017 120.2683252,23.0597715 120.2682458,23.0598457 120.2685229,23.059936 120.2686998,23.0600144 120.2689574,23.0601136 120.2689574,23.0601137 120.2688146,23.0601961 120.268596,23.0603516 120.2678945,23.0606292 120.2677754,23.0606055 120.2670355,23.060839 120.266784,23.0608503 120.2667292,23.0608851 120.2666437,23.0608966 120.2662039,23.0609623 120.2657994,23.0612712 120.2656508,23.0611136 120.2656462,23.0610852 120.2653642,23.061262 120.2648685,23.0618267 120.2648684,23.0618267 120.2645211,23.0614802 120.2644594,23.0615336 120.264303,23.0614857 120.2642161,23.061596 120.2636657,23.0617372 120.2635369,23.0617 120.2632964,23.0617081 120.2631067,23.0616251 120.2630126,23.0616161 120.262894,23.0617827 120.262299,23.0617543 120.261866,23.0617403 120.2616113,23.0616641 120.2613917,23.0614899 120.2612156,23.0614866 120.2610369,23.0615562 120.26072,23.0615703 120.2605687,23.0615009 120.2606221,23.0613529 120.2606065,23.0613167 120.2604694,23.0612374 120.2605184,23.0608991 120.260526,23.0607105 120.2604738,23.0606968 120.2604219,23.0606318 120.2602139,23.0603767 120.2601234,23.0603061 120.2599444,23.0600925 120.2599171,23.0600681 120.2598547,23.059969 120.2599133,23.0597315 120.2598479,23.0596701 120.2594335,23.0595279 120.2592924,23.0594851 120.2592745,23.0595046 120.2591468,23.0596464 120.2591358,23.0596847 120.2591992,23.0597426 120.2589632,23.0600042 120.258963,23.0600042 120.2584648,23.0595616 120.2583695,23.0595648 120.2582884,23.0596144 120.2574813,23.0597584 120.2572787,23.0597943 120.2571668,23.0596457 120.2568461,23.059714 120.2567731,23.0597723 120.2566143,23.0598487 120.256423,23.0600338 120.2563551,23.0602028 120.256226,23.0604758 120.2561833,23.0606293 120.2561403,23.0606805 120.2560946,23.0608346 120.2560181,23.0609196 120.2559243,23.0610477 120.2558917,23.0611225 120.255789,23.0612464 120.2556768,23.0613658 120.255321,23.0616275 120.2552306,23.0616631 120.2550954,23.0617777 120.2549724,23.0616845 120.2548331,23.0616362 120.2547675,23.0616144 120.2542689,23.0614514 120.2539974,23.0613483 120.2538225,23.0612405 120.2535384,23.0611613 120.253315,23.0611581 120.2530434,23.0611986 120.2527701,23.0613133 120.2526905,23.0613794 120.2526327,23.0614441 120.25256,23.0615352 120.2525459,23.0617138 120.2525396,23.0621426 120.2525118,23.0623202 120.252499,23.0626428 120.2524198,23.0631408 120.2523462,23.0635825 120.2522239,23.0641232 120.252112,23.064584 120.2518685,23.065773 120.2518921,23.0658198 120.2519244,23.0658824 120.2522582,23.0664786 120.2522158,23.0665024 120.2522157,23.0665024 120.2521615,23.0664037 120.2520584,23.0666068 120.2519798,23.0667303 120.2516484,23.0667682 120.2510128,23.066732 120.2506365,23.0667096 120.2496312,23.0666454 120.249249,23.0666758 120.2489339,23.0667233 120.2485642,23.0667359 120.2482424,23.0666995 120.2482167,23.0670106 120.2480774,23.0670432 120.2479942,23.0668161 120.2479305,23.0666832 120.2478905,23.0663935 120.247885,23.0661351 120.2479054,23.0659902 120.2479252,23.0653976 120.2478978,23.0651311 120.2478121,23.0650515 120.2476894,23.0647808 120.2475602,23.0645697 120.2470586,23.06363 120.2470026,23.063476 120.2468511,23.0630365 120.2467297,23.0627586 120.2464943,23.0622382 120.246399,23.0618552 120.2463947,23.061651 120.2463676,23.0616412 120.2463609,23.0616186 120.2463674,23.0615812 120.246284,23.0614486 120.2461718,23.0610051 120.2460245,23.0604088 120.2458999,23.0599243 120.2458299,23.0596506 120.2455164,23.0584553 120.2453887,23.057706 120.2452909,23.0574271 120.2451071,23.056817 120.2449758,23.0565641 120.2449394,23.0566076 120.2449393,23.0566076 120.2446209,23.056255 120.244637,23.0562309 120.2445591,23.0561535 120.2445247,23.056089 120.2445247,23.0560889 120.2445409,23.0560838 120.2445306,23.0560532 120.2444362,23.056074 120.2440593,23.0554685 120.2440016,23.0553753 120.2438916,23.0551943 120.2436236,23.0547223 120.2434008,23.0545043 120.2425847,23.0539595 120.2423576,23.0538824 120.2420947,23.0537916 120.2420382,23.0537728 120.2418519,23.0537378 120.2415202,23.0536224 120.2414547,23.05353 120.241267,23.0533727 120.2406731,23.0531651 120.2404634,23.0530612 120.2395239,23.0518757 120.2393305,23.0516721 120.2394022,23.0514067 120.2394104,23.0512074 120.2392788,23.0510397 120.2388425,23.0506703 120.2385036,23.0504446 120.2379992,23.0502193 120.2373039,23.0499589 120.2368128,23.0497165 120.2360955,23.049434 120.2336554,23.0482098 120.233645,23.0478375 120.2337494,23.0477654 120.2337803,23.0477113 120.2339804,23.0473454 120.2340181,23.0472778 120.233781,23.0470609 120.2337375,23.0468613 120.2337295,23.0467708 120.2337296,23.0467708 120.233758,23.0467888 120.2337333,23.0465022 120.2336533,23.0460682 120.2337016,23.0459276 120.2338614,23.0457693 120.2340704,23.045614 120.2342452,23.0455756 120.234411,23.0455493</coordinates></LinearRing></outerBoundaryIs>
        </Polygon>
      </MultiGeometry>
  </Placemark>
  <Placemark>
	<Style><LineStyle><color>ff0000ff</color></LineStyle><PolyStyle><fill>0</fill></PolyStyle></Style>
	<ExtendedData><SchemaData schemaUrl="#114SEC_DKTBLPD">
		<SimpleData name="段碼">9185</SimpleData>
		<SimpleData name="段名">蔦松南段</SimpleData>
		<SimpleData name="行政區">永康區</SimpleData>
	</SchemaData></ExtendedData>
      <MultiGeometry>
        <Polygon>
          <outerBoundaryIs><LinearRing><coordinates>120.2466989,23.0416501 120.24757,23.0416825 120.2484334,23.0417081 120.2509476,23.0418078 120.2509759,23.0418144 120.2538532,23.0419172 120.253812,23.0418791 120.253812,23.041879 120.2542042,23.0418881 120.2560991,23.0419622 120.2562087,23.0419682 120.2563187,23.0419775 120.2563416,23.0419799 120.2563821,23.0419844 120.2565003,23.0420003 120.2565916,23.0420153 120.2567306,23.0420429 120.2567877,23.0420558 120.2568445,23.0420697 120.256901,23.0420845 120.2570061,23.0421147 120.2570466,23.0421103 120.2571001,23.0420825 120.2571361,23.0420295 120.2571956,23.0418633 120.2571958,23.0418632 120.257297,23.0419459 120.258055,23.042562 120.2585019,23.0429263 120.259245,23.0435256 120.2594544,23.0436875 120.2594544,23.0436876 120.259258,23.0437395 120.2591405,23.0438963 120.2591329,23.0438959 120.2591254,23.043896 120.2591179,23.0438968 120.2591105,23.0438981 120.2591033,23.0439001 120.2590963,23.0439026 120.2590896,23.0439057 120.2590832,23.0439092 120.2586866,23.044154 120.2586836,23.0441559 120.2586798,23.0441587 120.2586762,23.0441618 120.2586736,23.0441643 120.2586705,23.0441677 120.2586683,23.0441704 120.2586656,23.0441742 120.2586632,23.0441782 120.2585492,23.0442485 120.2585454,23.0442486 120.2585419,23.0442489 120.2585384,23.0442495 120.2585342,23.0442505 120.2585308,23.0442515 120.2585276,23.0442528 120.2585237,23.0442546 120.2585207,23.0442563 120.2580419,23.0445518 120.258038,23.0445544 120.2580352,23.0445567 120.2580325,23.0445591 120.2580294,23.0445625 120.2580266,23.044566 120.2580242,23.0445697 120.2580226,23.0445729 120.2580209,23.0445767 120.2579585,23.0446152 120.2578986,23.0446445 120.2578942,23.0446457 120.257889,23.0446475 120.2578849,23.0446492 120.25788,23.0446517 120.257456,23.0449134 120.2574523,23.0449159 120.2574489,23.0449186 120.2574457,23.0449217 120.2574429,23.044925 120.2574403,23.0449285 120.2574381,23.0449322 120.257436,23.0449368 120.2574346,23.0449407 120.2573276,23.0450045 120.257323,23.0450047 120.2573195,23.0450051 120.2573149,23.0450058 120.2573115,23.0450065 120.257307,23.0450078 120.2573038,23.0450089 120.2572974,23.0450116 120.2572914,23.0450149 120.2572701,23.0450281 120.2572468,23.0450422 120.2572316,23.0450511 120.2571742,23.0450829 120.2571495,23.0450956 120.2571246,23.045108 120.25708,23.0451289 120.2570627,23.0451366 120.2570074,23.0451596 120.2569298,23.0451881 120.2568404,23.0452158 120.256747,23.0452419 120.2567306,23.0452468 120.2567219,23.0452496 120.2567047,23.0452556 120.2566962,23.0452588 120.2566793,23.0452657 120.2566627,23.0452731 120.2566453,23.0452815 120.2566231,23.0452935 120.2566071,23.0453031 120.256592,23.0453128 120.2565772,23.0453229 120.25657,23.0453282 120.2565593,23.0453363 120.2565421,23.0453504 120.2565284,23.0453625 120.2565177,23.0453727 120.2530117,23.0487843 120.2530143,23.0488138 120.2524487,23.0493544 120.2524379,23.0493649 120.2524378,23.0493648 120.2524367,23.0493559 120.2524349,23.049356 120.252414,23.0492084 120.2523684,23.0488506 120.2522981,23.0484053 120.2522227,23.0479607 120.2521831,23.0477387 120.2521,23.0472953 120.2520566,23.0470739 120.2519659,23.0466317 120.2518979,23.0463184 120.2518701,23.0461905 120.2517693,23.0457502 120.2517221,23.0455545 120.2515293,23.0455443 120.2515299,23.0454214 120.2513762,23.0448673 120.2512087,23.0443684 120.2508658,23.0438053 120.2506686,23.0434954 120.2502206,23.0431907 120.2499132,23.0428252 120.2495977,23.0422527 120.249276,23.0420297 120.2481392,23.0419556 120.247904,23.0419099 120.2465191,23.0418629 120.246519,23.0418628 120.2465202,23.0418349 120.2464244,23.0418312 120.2464136,23.0418089 120.2464027,23.0417985 120.2464027,23.0417983 120.2466989,23.0416501</coordinates></LinearRing></outerBoundaryIs>
        </Polygon>
      </MultiGeometry>
  </Placemark>
  <Placemark>
	<Style><LineStyle><color>ff0000ff</color></LineStyle><PolyStyle><fill>0</fill></PolyStyle></Style>
	<ExtendedData><SchemaData schemaUrl="#114SEC_DKTBLPD">
		<SimpleData name="段碼">9186</SimpleData>
		<SimpleData name="段名">蔦松北段</SimpleData>
		<SimpleData name="行政區">永康區</SimpleData>
	</SchemaData></ExtendedData>
      <MultiGeometry>
        <Polygon>
          <outerBoundaryIs><LinearRing><coordinates>120.2598873,23.0436442 120.2607799,23.0443701 120.2618922,23.0452618 120.2618959,23.0452649 120.2619,23.0452688 120.2619037,23.045273 120.2619063,23.0452763 120.2619088,23.0452797 120.2619117,23.0452844 120.2619142,23.0452894 120.2619159,23.0452931 120.2619174,23.045297 120.261919,23.0453023 120.2619199,23.0453062 120.2619208,23.0453116 120.2619212,23.0453157 120.2619214,23.0453212 120.2619211,23.0453266 120.2619207,23.0453305 120.2620273,23.0454182 120.2620301,23.0454166 120.2620335,23.045415 120.2620363,23.0454139 120.2620398,23.0454128 120.2620428,23.0454122 120.2620465,23.0454116 120.2620502,23.0454114 120.2620548,23.0454115 120.2620578,23.0454118 120.2620615,23.0454124 120.2620644,23.0454132 120.2620686,23.0454146 120.262072,23.0454161 120.2620746,23.0454175 120.2620777,23.0454195 120.26208,23.0454213 120.2622739,23.0455919 120.2634473,23.0465432 120.2634473,23.0465433 120.2634281,23.0465634 120.2652609,23.0480612 120.2652998,23.0480939 120.2685401,23.0507151 120.26854,23.0507153 120.2684958,23.0507219 120.2682691,23.0510177 120.2681031,23.0512315 120.2681013,23.0512351 120.2680995,23.0512383 120.2680974,23.0512415 120.2680951,23.0512447 120.2676117,23.0518753 120.2664977,23.0536447 120.266496,23.0536471 120.2664936,23.0536502 120.266491,23.0536532 120.2664889,23.0536552 120.266486,23.0536579 120.2664828,23.0536603 120.2664795,23.0536625 120.2664769,23.053664 120.2664733,23.0536658 120.2664696,23.0536674 120.2664658,23.0536688 120.2664628,23.0536696 120.2664599,23.0536703 120.2664559,23.053671 120.2664518,23.0536714 120.2664477,23.0536716 120.2664436,23.0536715 120.2664395,23.0536712 120.2664355,23.0536706 120.2664315,23.0536697 120.2664276,23.0536686 120.2664238,23.0536672 120.266421,23.053666 120.266417,23.053664 120.2634185,23.0520179 120.263309,23.0519298 120.2630302,23.0517519 120.2625443,23.0514812 120.2623966,23.0514018 120.2622315,23.0513073 120.2621692,23.0512829 120.2620868,23.0512406 120.2619211,23.0511466 120.2618618,23.0511132 120.2615686,23.0509436 120.2614525,23.0508813 120.2611334,23.0507178 120.2609172,23.050612 120.2605269,23.0504619 120.2604959,23.0504526 120.2604699,23.0504405 120.2604618,23.0504364 120.2603957,23.0504131 120.2595901,23.0502125 120.2595693,23.0502105 120.259342,23.0501753 120.2592581,23.0501695 120.2584324,23.0501134 120.2579681,23.0500867 120.2575048,23.0500572 120.2572053,23.0500474 120.2567961,23.0500072 120.2566603,23.0499961 120.2564711,23.0499844 120.2531649,23.0498279 120.2524918,23.049803 120.2524378,23.0493648 120.2524485,23.0493543 120.2530142,23.0488137 120.2530115,23.0487842 120.2565175,23.0453726 120.2565222,23.045368 120.2565325,23.0453586 120.2565407,23.0453513 120.2565488,23.0453445 120.2565592,23.0453362 120.2565699,23.045328 120.2565771,23.0453228 120.2565903,23.0453137 120.2566069,23.0453029 120.2566241,23.0452928 120.2566382,23.045285 120.2566453,23.0452814 120.2566626,23.0452729 120.2566709,23.0452691 120.2566792,23.0452655 120.2566961,23.0452587 120.2567132,23.0452524 120.2567305,23.0452466 120.2567469,23.0452418 120.2568404,23.0452156 120.2569298,23.0451879 120.2569479,23.0451816 120.2569687,23.0451741 120.2569893,23.0451664 120.2570073,23.0451594 120.2570626,23.0451364 120.2570842,23.0451268 120.2571245,23.0451078 120.2571568,23.0450917 120.257225,23.0450547 120.2572467,23.045042 120.25727,23.0450279 120.2572913,23.0450148 120.257297,23.0450116 120.2573015,23.0450096 120.2573048,23.0450083 120.2573115,23.0450064 120.2573149,23.0450056 120.2573195,23.0450049 120.257323,23.0450045 120.2573275,23.0450043 120.2574345,23.0449405 120.2574358,23.0449367 120.257438,23.0449321 120.2574402,23.0449284 120.2574427,23.0449249 120.2574456,23.0449216 120.2574487,23.0449185 120.2574522,23.0449157 120.2574559,23.0449132 120.2578799,23.0446516 120.2578848,23.0446491 120.2578889,23.0446473 120.2578942,23.0446455 120.2578986,23.0446444 120.2579584,23.0446151 120.2580207,23.0445766 120.258022,23.0445736 120.2580241,23.0445697 120.2580265,23.0445659 120.2580293,23.0445623 120.2580323,23.044559 120.258035,23.0445566 120.2580379,23.0445543 120.2580418,23.0445517 120.2585206,23.0442562 120.2585236,23.0442545 120.2585275,23.0442526 120.2585308,23.0442513 120.258535,23.0442501 120.2585384,23.0442493 120.2585418,23.0442487 120.2585453,23.0442484 120.2585492,23.0442483 120.2586631,23.044178 120.2586654,23.0441741 120.2586681,23.0441703 120.2586703,23.0441676 120.2586735,23.0441641 120.258676,23.0441617 120.2586797,23.0441586 120.2586835,23.0441558 120.2586865,23.0441538 120.2590831,23.0439091 120.2590894,23.0439055 120.2590962,23.0439024 120.2591033,23.0438999 120.2591105,23.0438979 120.2591179,23.0438966 120.2591254,23.0438958 120.2591329,23.0438957 120.2591403,23.0438961 120.2592579,23.0437393 120.2594555,23.0436871 120.2598146,23.0436561 120.2598873,23.0436442</coordinates></LinearRing></outerBoundaryIs>
        </Polygon>
      </MultiGeometry>
  </Placemark>
  <Placemark>
	<Style><LineStyle><color>ff0000ff</color></LineStyle><PolyStyle><fill>0</fill></PolyStyle></Style>
	<ExtendedData><SchemaData schemaUrl="#114SEC_DKTBLPD">
		<SimpleData name="段碼">9187</SimpleData>
		<SimpleData name="段名">正北段</SimpleData>
		<SimpleData name="行政區">永康區</SimpleData>
	</SchemaData></ExtendedData>
      <MultiGeometry>
        <Polygon>
          <outerBoundaryIs><LinearRing><coordinates>120.2524919,23.0498029 120.2531649,23.0498277 120.2564711,23.0499842 120.2566604,23.0499959 120.2567961,23.050007 120.2572053,23.0500472 120.2575048,23.050057 120.2579681,23.0500865 120.2584324,23.0501132 120.2592581,23.0501693 120.259342,23.0501751 120.2595694,23.0502104 120.2595901,23.0502123 120.2603957,23.050413 120.2604618,23.0504362 120.26047,23.0504403 120.260496,23.0504524 120.260527,23.0504617 120.2609173,23.0506118 120.2611335,23.0507176 120.2614526,23.0508811 120.2615687,23.0509435 120.2615687,23.0509436 120.2615578,23.0509569 120.2615515,23.0509651 120.2615392,23.0509817 120.2615275,23.0509988 120.2615165,23.0510162 120.2615062,23.051034 120.261496,23.0510531 120.2614905,23.0510642 120.2614795,23.0510886 120.2614747,23.0511003 120.2614682,23.0511176 120.261461,23.0511393 120.261456,23.0511563 120.2614517,23.0511731 120.2614467,23.0511957 120.2614449,23.0512056 120.2614417,23.0512256 120.2614404,23.0512356 120.2614394,23.0512457 120.2614377,23.0512664 120.2613326,23.052992 120.2613258,23.0530816 120.2613193,23.053209 120.2612173,23.054884 120.261209,23.0549868 120.2612032,23.0550172 120.2611999,23.0550735 120.2611416,23.0559436 120.2611462,23.055966 120.2611461,23.0559661 120.2611401,23.0559658 120.2610792,23.0568851 120.2610694,23.0568847 120.2610334,23.0574663 120.2610333,23.0574664 120.2598675,23.0572917 120.2581093,23.0569757 120.2575039,23.0568748 120.2566318,23.0567682 120.2560875,23.0567206 120.2549084,23.0566484 120.2544593,23.0566488 120.2539293,23.0566924 120.2539292,23.0566923 120.2539286,23.0566489 120.253922,23.0566478 120.253606,23.0566708 120.2535282,23.0566806 120.2530045,23.0567679 120.2529396,23.0567812 120.2529395,23.0567811 120.25294,23.0563606 120.2529208,23.0556254 120.2528951,23.0547268 120.2528538,23.0538292 120.2528453,23.053704 120.2527974,23.0529483 120.2527762,23.0527716 120.2527725,23.0527713 120.2527215,23.0523663 120.2527091,23.0522745 120.2527092,23.0522744 120.2527374,23.0522723 120.2527337,23.0520239 120.2526904,23.0515348 120.2526474,23.0511031 120.2525971,23.0506562 120.2525432,23.0502097 120.2524925,23.0498081 120.2524918,23.049803 120.2524919,23.0498029</coordinates></LinearRing></outerBoundaryIs>
        </Polygon>
      </MultiGeometry>
  </Placemark>
  <Placemark>
	<Style><LineStyle><color>ff0000ff</color></LineStyle><PolyStyle><fill>0</fill></PolyStyle></Style>
	<ExtendedData><SchemaData schemaUrl="#114SEC_DKTBLPD">
		<SimpleData name="段碼">9188</SimpleData>
		<SimpleData name="段名">永安段</SimpleData>
		<SimpleData name="行政區">永康區</SimpleData>
	</SchemaData></ExtendedData>
      <MultiGeometry>
        <Polygon>
          <outerBoundaryIs><LinearRing><coordinates>120.2467026,23.041869 120.247904,23.0419097 120.2481393,23.0419554 120.249276,23.0420295 120.2495978,23.0422526 120.2499134,23.0428251 120.2502208,23.0431905 120.2506688,23.0434953 120.250866,23.0438052 120.2512089,23.0443683 120.2513764,23.0448673 120.2515301,23.0454213 120.2515295,23.0455443 120.2515293,23.0455444 120.2477788,23.0453474 120.2478143,23.0444976 120.2477266,23.0444941 120.2477687,23.0435481 120.2474159,23.0435336 120.2473684,23.0444717 120.2464857,23.044434 120.2464775,23.0446229 120.2464773,23.044623 120.2458943,23.0441526 120.2460949,23.0439372 120.2461511,23.0438741 120.246173,23.0438479 120.2461945,23.0438214 120.2462154,23.0437945 120.2462359,23.0437673 120.2462558,23.0437398 120.2462752,23.0437119 120.2462941,23.0436837 120.2463124,23.0436553 120.2463302,23.0436265 120.2463474,23.0435974 120.2463863,23.0435272 120.2464109,23.0434786 120.2464405,23.0434149 120.2464652,23.0433559 120.2464774,23.0433247 120.2464889,23.0432934 120.2464999,23.0432618 120.2465102,23.0432301 120.2465199,23.0431982 120.2465291,23.0431662 120.2465376,23.043134 120.2465456,23.0431017 120.2465529,23.0430692 120.2465596,23.0430367 120.2465657,23.043004 120.2465711,23.0429713 120.246576,23.0429384 120.2465802,23.0429055 120.2465839,23.0428725 120.2465869,23.0428395 120.2465906,23.042781 120.2466311,23.0419319 120.2466316,23.0419265 120.2466327,23.0419208 120.2466346,23.0419142 120.2466368,23.0419088 120.2466395,23.0419036 120.2466427,23.0418987 120.2466464,23.041894 120.2466504,23.0418897 120.2466549,23.0418857 120.2466597,23.041882 120.2466648,23.0418788 120.2466713,23.0418755 120.246677,23.0418732 120.2466829,23.0418714 120.246689,23.0418701 120.2466951,23.0418693 120.2466988,23.0418691 120.2467026,23.041869</coordinates></LinearRing></outerBoundaryIs>
          <innerBoundaryIs><LinearRing><coordinates>120.247206,23.0425574 120.2471702,23.0433564 120.2473664,23.0433687 120.2473754,23.0433691 120.2474136,23.0425652 120.247206,23.0425574</coordinates></LinearRing></innerBoundaryIs>
        </Polygon>
      </MultiGeometry>
  </Placemark>
  <Placemark>
	<Style><LineStyle><color>ff0000ff</color></LineStyle><PolyStyle><fill>0</fill></PolyStyle></Style>
	<ExtendedData><SchemaData schemaUrl="#114SEC_DKTBLPD">
		<SimpleData name="段碼">9189</SimpleData>
		<SimpleData name="段名">東邊寮段</SimpleData>
		<SimpleData name="行政區">永康區</SimpleData>
	</SchemaData></ExtendedData>
      <MultiGeometry>
        <Polygon>
          <outerBoundaryIs><LinearRing><coordinates>120.26854,23.0507151 120.2709381,23.0526656 120.2709381,23.0526658 120.2709122,23.0526913 120.2716007,23.053249 120.2717497,23.0533657 120.2723993,23.0539014 120.2724353,23.0538628 120.2724355,23.0538628 120.2734494,23.0546833 120.2742962,23.0553716 120.2750612,23.0559925 120.2751729,23.0560628 120.2752008,23.0560847 120.2777478,23.0581604 120.2777477,23.0581605 120.2776794,23.0581958 120.2776654,23.0582193 120.2776515,23.0582433 120.2776191,23.0582854 120.2775717,23.0583297 120.2775598,23.05834 120.277522,23.058367 120.2774682,23.0584031 120.2774286,23.058434 120.2773635,23.0584933 120.2773229,23.0585274 120.2772639,23.0585717 120.2772159,23.0585997 120.2771492,23.0586457 120.2770933,23.0586821 120.2769622,23.0587428 120.2768735,23.0587878 120.2767849,23.0588219 120.2766987,23.0588516 120.2765783,23.0588878 120.2764915,23.0589114 120.2764199,23.0589292 120.2763654,23.05889 120.2762969,23.0589056 120.2760466,23.058718 120.2759346,23.0586757 120.2758184,23.0585946 120.2757535,23.0585358 120.2757345,23.0585312 120.2755388,23.05842 120.2754315,23.0583014 120.2753405,23.0582433 120.2752453,23.0581935 120.274903,23.0583 120.2746341,23.0583466 120.2742208,23.0583953 120.273589,23.058471 120.2724167,23.0585218 120.2723387,23.0585032 120.2716877,23.0584865 120.2705344,23.0584403 120.2685323,23.0584616 120.2682501,23.058439 120.2668035,23.0582771 120.2654983,23.0580607 120.2611095,23.0574571 120.2610841,23.057474 120.2610333,23.0574664 120.2610692,23.0568846 120.261079,23.056885 120.2611399,23.0559657 120.261146,23.0559659 120.2611414,23.0559436 120.2611997,23.0550735 120.261203,23.0550172 120.2612088,23.0549868 120.2612171,23.054884 120.2613192,23.053209 120.2613256,23.0530816 120.2613324,23.052992 120.2614375,23.0512664 120.2614392,23.0512457 120.2614403,23.0512356 120.2614415,23.0512256 120.2614447,23.0512056 120.2614466,23.0511956 120.2614515,23.0511731 120.2614558,23.0511563 120.2614608,23.0511392 120.261468,23.0511175 120.2614746,23.0511003 120.2614793,23.0510886 120.2614903,23.0510641 120.2614967,23.0510513 120.261506,23.0510339 120.2615163,23.0510161 120.2615274,23.0509987 120.261539,23.0509816 120.2615513,23.050965 120.2615577,23.0509568 120.2615685,23.0509435 120.2618619,23.0511131 120.2619212,23.0511465 120.2620869,23.0512404 120.2621693,23.0512827 120.2622316,23.0513071 120.2623967,23.0514017 120.2625444,23.0514811 120.2630303,23.0517517 120.2633092,23.0519296 120.2634186,23.0520177 120.2664171,23.0536639 120.2664211,23.0536658 120.2664257,23.0536677 120.2664296,23.053669 120.2664335,23.05367 120.2664375,23.0536707 120.2664416,23.0536712 120.2664457,23.0536714 120.2664502,23.0536714 120.2664538,23.0536711 120.2664578,23.0536705 120.2664618,23.0536697 120.2664648,23.0536689 120.2664686,23.0536676 120.2664714,23.0536665 120.2664741,23.0536652 120.2664777,23.0536634 120.2664811,23.0536613 120.2664835,23.0536596 120.2664866,23.0536571 120.2664888,23.0536551 120.2664909,23.053653 120.2664935,23.0536501 120.2664958,23.053647 120.2664975,23.0536446 120.2676116,23.0518752 120.268095,23.0512446 120.2680972,23.0512414 120.2680993,23.0512383 120.2681011,23.051235 120.2681029,23.0512314 120.268269,23.0510176 120.2684957,23.0507218 120.26854,23.0507151</coordinates></LinearRing></outerBoundaryIs>
        </Polygon>
      </MultiGeometry>
  </Placemark>
  <Placemark>
	<Style><LineStyle><color>ff0000ff</color></LineStyle><PolyStyle><fill>0</fill></PolyStyle></Style>
	<ExtendedData><SchemaData schemaUrl="#114SEC_DKTBLPD">
		<SimpleData name="段碼">9190</SimpleData>
		<SimpleData name="段名">康橋段</SimpleData>
		<SimpleData name="行政區">永康區</SimpleData>
	</SchemaData></ExtendedData>
      <MultiGeometry>
        <Polygon>
          <outerBoundaryIs><LinearRing><coordinates>120.2383907,23.0190928 120.2383908,23.0190929 120.2383889,23.0190954 120.2383866,23.0190989 120.2383841,23.0191035 120.2383817,23.0191092 120.23838,23.0191151 120.2383789,23.0191211 120.2383785,23.0191272 120.2383788,23.0191333 120.2383798,23.0191394 120.2383815,23.0191453 120.2383838,23.019151 120.2383868,23.0191565 120.2383904,23.0191616 120.2383945,23.0191664 120.2383991,23.0191707 120.2384043,23.0191746 120.2384098,23.019178 120.238413,23.0191796 120.2395271,23.0197036 120.2395272,23.0197037 120.2376429,23.0231074 120.2376405,23.0231124 120.2376388,23.0231167 120.2376371,23.0231221 120.2376361,23.0231266 120.2376355,23.0231311 120.2376352,23.0231356 120.2376353,23.0231402 120.2376358,23.0231459 120.2376367,23.0231503 120.2376375,23.0231537 120.2376389,23.023158 120.2376402,23.0231612 120.2376421,23.0231654 120.2376438,23.0231684 120.2376457,23.0231714 120.2376484,23.0231751 120.2376506,23.0231779 120.2376538,23.0231813 120.2376564,23.0231838 120.2376601,23.0231868 120.2376629,23.023189 120.2376669,23.0231916 120.2376701,23.0231934 120.2376737,23.0231952 120.239088,23.0238611 120.239088,23.0238613 120.2381746,23.0255112 120.2373046,23.0277197 120.2373045,23.0277197 120.2355231,23.0266894 120.2353421,23.0263946 120.2366178,23.0249045 120.2368016,23.0245362 120.2365934,23.0246058 120.2365274,23.0245519 120.2365274,23.0245517 120.2370511,23.0240253 120.2370267,23.0240024 120.2370268,23.0240023 120.2375321,23.0236457 120.2365801,23.0227816 120.2367442,23.0224798 120.2368131,23.0223462 120.2368397,23.0222902 120.2368653,23.0222339 120.2368898,23.0221771 120.2369349,23.0220644 120.2369772,23.0219462 120.2369963,23.0218877 120.2370143,23.0218289 120.2370311,23.0217698 120.2370664,23.0216298 120.2371217,23.0213879 120.2371268,23.0213662 120.2371423,23.0213027 120.2376845,23.0214003 120.2377022,23.021349 120.2376073,23.0212073 120.2379453,23.0205136 120.2375637,23.0203882 120.2375488,23.0203088 120.2375962,23.0201793 120.2376226,23.0201338 120.2377005,23.0200058 120.2377457,23.0199356 120.2378273,23.0198155 120.2379911,23.0195963 120.2383907,23.0190928</coordinates></LinearRing></outerBoundaryIs>
        </Polygon>
      </MultiGeometry>
  </Placemark>
  <Placemark>
	<Style><LineStyle><color>ff0000ff</color></LineStyle><PolyStyle><fill>0</fill></PolyStyle></Style>
	<ExtendedData><SchemaData schemaUrl="#114SEC_DKTBLPD">
		<SimpleData name="段碼">9191</SimpleData>
		<SimpleData name="段名">竹行段</SimpleData>
		<SimpleData name="行政區">永康區</SimpleData>
	</SchemaData></ExtendedData>
      <MultiGeometry>
        <Polygon>
          <outerBoundaryIs><LinearRing><coordinates>120.2662386,23.0392036 120.2662582,23.0392181 120.2662646,23.0392116 120.2663027,23.0392399 120.2672874,23.0399829 120.2681551,23.0406276 120.2681621,23.0406098 120.2681623,23.0406098 120.2682593,23.0407008 120.2682967,23.0407279 120.2684342,23.040825 120.2694956,23.0415852 120.2703331,23.0421955 120.2727333,23.0439898 120.2744788,23.0452093 120.2745951,23.0455221 120.2746582,23.0454449 120.2746836,23.0454201 120.2746865,23.0453886 120.2746973,23.0453597 120.2747053,23.045347 120.2747054,23.045347 120.2753259,23.0470155 120.276046,23.0462587 120.2812583,23.0497879 120.2813919,23.0494791 120.2814325,23.0492986 120.281515,23.0489591 120.2815799,23.0486843 120.2816639,23.0483371 120.281745,23.0479982 120.2818005,23.0477713 120.2818242,23.0476405 120.2818704,23.0474011 120.2819059,23.0472075 120.2819448,23.0470312 120.2820664,23.0465093 120.2821234,23.0462751 120.282152,23.0461553 120.2822339,23.0457755 120.2822882,23.0455314 120.282457,23.0447514 120.2825509,23.0443547 120.2826072,23.0442265 120.2828136,23.0433095 120.2803099,23.042644 120.280585,23.0417541 120.2805851,23.041754 120.2830287,23.0424035 120.282841,23.0432716 120.2828156,23.0433734 120.2829596,23.0434839 120.2829786,23.0434974 120.2829932,23.0435073 120.2831466,23.0436064 120.2832071,23.0436412 120.2832589,23.0436703 120.2833706,23.0437086 120.2834814,23.0437442 120.2835727,23.0437644 120.2837184,23.0437962 120.2838645,23.0437884 120.2838802,23.0437862 120.2839313,23.0438015 120.2840272,23.0438179 120.2841135,23.0438233 120.2843602,23.0437952 120.2847595,23.0437853 120.2850822,23.0438187 120.2851004,23.0438238 120.2851054,23.0438254 120.2852898,23.0438934 120.2852469,23.0440938 120.286143,23.0442613 120.2871782,23.044456 120.2871792,23.0444516 120.2881235,23.0446293 120.2881236,23.0446294 120.2871281,23.047522 120.2871099,23.0475184 120.2863569,23.0497363 120.2863311,23.0498052 120.2863192,23.0498342 120.2863067,23.0498631 120.2862761,23.0499284 120.2862677,23.0499474 120.2862632,23.0499568 120.2862586,23.0499662 120.2862487,23.0499846 120.2862436,23.0499937 120.2862327,23.0500116 120.286227,23.0500205 120.2862151,23.0500378 120.286209,23.0500464 120.2861952,23.0500644 120.2861684,23.0500984 120.2861571,23.0501119 120.2861456,23.0501252 120.2861337,23.0501383 120.2861217,23.0501513 120.2860954,23.050178 120.2860713,23.0502007 120.2860582,23.0502126 120.2860448,23.0502242 120.2860312,23.0502356 120.2860174,23.0502468 120.2860034,23.0502578 120.2859892,23.0502686 120.2859747,23.0502791 120.2859601,23.0502893 120.2859288,23.0503102 120.2858664,23.0503462 120.2858405,23.0503601 120.2858144,23.0503736 120.2857881,23.0503867 120.2857365,23.0504108 120.2856325,23.0504521 120.2846969,23.0507387 120.2846968,23.0507386 120.2847023,23.0507115 120.2846204,23.0507355 120.2834546,23.0510727 120.283441,23.0510643 120.2837431,23.0506354 120.2839175,23.0503004 120.2839572,23.0500551 120.284007,23.0497521 120.283963,23.0497824 120.283941,23.0497985 120.2839193,23.0498148 120.283898,23.0498316 120.2838769,23.0498486 120.2838562,23.049866 120.2838358,23.0498837 120.2838158,23.0499018 120.283796,23.0499202 120.2837587,23.0499569 120.2836679,23.0500627 120.2836052,23.0501411 120.2835964,23.0501554 120.2835483,23.0502297 120.283523,23.0502721 120.2834755,23.0503473 120.2834204,23.0504427 120.2834141,23.05045 120.2832969,23.0506058 120.2832385,23.0506805 120.2832087,23.0507293 120.283189,23.0507603 120.2831679,23.0507855 120.2831434,23.050812 120.283126,23.0508258 120.2831031,23.0508427 120.2830599,23.0508712 120.2829991,23.050918 120.2829792,23.0509307 120.2829152,23.0509553 120.2828542,23.0509665 120.2828031,23.0509749 120.2827586,23.0509842 120.2827269,23.0509885 120.2826979,23.0509956 120.2826306,23.0510111 120.2825681,23.0510288 120.2825072,23.0510486 120.2825047,23.0510483 120.2824369,23.0510723 120.2824318,23.051075 120.2824294,23.0510743 120.2823907,23.0510917 120.2823131,23.0511349 120.2822513,23.0511714 120.2821989,23.0512091 120.2821402,23.0512621 120.2820851,23.0513126 120.282037,23.0513636 120.281978,23.0514314 120.2819611,23.0514536 120.2819276,23.0515004 120.2819086,23.0515301 120.2818371,23.0516468 120.2818085,23.0516883 120.2817904,23.0517121 120.2817893,23.0517327 120.2817657,23.051809 120.2817171,23.0521252 120.281717,23.0521252 120.2815595,23.0520986 120.2815348,23.052137 120.2815093,23.0521732 120.2814674,23.052232 120.281435,23.0522701 120.281396,23.0523083 120.2813622,23.0523389 120.2812094,23.0524895 120.2811688,23.0525284 120.2811001,23.052592 120.2810321,23.0526571 120.2809407,23.052742 120.2809133,23.0527703 120.2807445,23.0529666 120.2806523,23.0530732 120.2805714,23.0531724 120.2805493,23.0531977 120.2805238,23.0532228 120.2804966,23.0532475 120.2804679,23.0532704 120.2804387,23.0532917 120.2803714,23.0533272 120.2803053,23.0533566 120.2802547,23.0533763 120.2801673,23.0534051 120.2801448,23.0534115 120.2800851,23.053437 120.2800166,23.0534646 120.2799077,23.0535016 120.2798258,23.0535307 120.2797571,23.0535623 120.2797216,23.0535778 120.279654,23.0536162 120.2795951,23.0536528 120.2794546,23.0537712 120.2793956,23.0538292 120.2793464,23.0538798 120.2792665,23.0539778 120.2792169,23.0540491 120.2791786,23.0540994 120.2791428,23.054151 120.2791186,23.0541804 120.279072,23.0542253 120.2790107,23.0542894 120.2789416,23.0543435 120.2788597,23.054417 120.2787875,23.0544898 120.2787126,23.0545721 120.2786496,23.0546436 120.2785684,23.0547408 120.2784173,23.0549521 120.278316,23.0550972 120.2782546,23.0551978 120.2782112,23.0552777 120.2781618,23.0553848 120.2779854,23.0557942 120.2778724,23.0560519 120.2777687,23.0562924 120.2777465,23.0563645 120.2777326,23.0564336 120.2777219,23.0564941 120.2777153,23.0565461 120.2777105,23.0566148 120.2777116,23.0566932 120.2777146,23.0567589 120.2777206,23.056811 120.2777321,23.0568658 120.2777486,23.0569938 120.2777605,23.0570783 120.277787,23.0572494 120.2778056,23.0573502 120.2778202,23.0574721 120.2778217,23.0575613 120.2778605,23.0577827 120.2778543,23.0578345 120.2778556,23.0578656 120.2778544,23.0578962 120.2778579,23.0579388 120.2778284,23.0580965 120.2777478,23.0581605 120.2752006,23.0560848 120.2751727,23.0560629 120.2750611,23.0559927 120.2742961,23.0553718 120.2734493,23.0546835 120.2724354,23.053863 120.2723994,23.0539016 120.2723992,23.0539016 120.2717495,23.0533658 120.2716005,23.0532491 120.270912,23.0526914 120.270912,23.0526912 120.2709379,23.0526657 120.2685399,23.0507153 120.2652997,23.048094 120.2652608,23.0480614 120.2634279,23.0465635 120.2634464,23.046544 120.2644425,23.0455 120.2654383,23.044445 120.2660481,23.0438063 120.2637148,23.0419126 120.2636995,23.0419001 120.2662288,23.0392242 120.2662232,23.03922 120.2662231,23.0392198 120.2662386,23.0392036</coordinates></LinearRing></outerBoundaryIs>
        </Polygon>
      </MultiGeometry>
  </Placemark>
  <Placemark>
	<Style><LineStyle><color>ff0000ff</color></LineStyle><PolyStyle><fill>0</fill></PolyStyle></Style>
	<ExtendedData><SchemaData schemaUrl="#114SEC_DKTBLPD">
		<SimpleData name="段碼">9192</SimpleData>
		<SimpleData name="段名">龍王段</SimpleData>
		<SimpleData name="行政區">永康區</SimpleData>
	</SchemaData></ExtendedData>
      <MultiGeometry>
        <Polygon>
          <outerBoundaryIs><LinearRing><coordinates>120.2684726,23.0292451 120.26863,23.029267 120.2690305,23.0293099 120.2695299,23.0293708 120.2699763,23.0294158 120.271026,23.0295397 120.2712804,23.0295703 120.2718954,23.0296435 120.2721712,23.0296758 120.2724574,23.0297194 120.2726383,23.0297464 120.2727874,23.02978 120.2731801,23.02987 120.273515,23.0299526 120.2734842,23.0302995 120.273858,23.0303417 120.2738581,23.0303418 120.2738324,23.0304792 120.2739848,23.0305026 120.2744041,23.0325493 120.274404,23.0325494 120.2741544,23.0325203 120.2740543,23.0326066 120.2740437,23.032756 120.2740497,23.0328836 120.2741319,23.0328693 120.274132,23.0328694 120.274063,23.033194 120.274109,23.0332579 120.2740827,23.033446 120.2741395,23.0336817 120.274145,23.0336754 120.2741451,23.0336754 120.2741568,23.0337537 120.2739954,23.0340079 120.2739529,23.0340713 120.2739089,23.0341402 120.2737575,23.0343604 120.2735966,23.0346293 120.2733636,23.0349944 120.2732212,23.0352359 120.2732582,23.0352391 120.2732721,23.0352407 120.2734312,23.0352566 120.2734312,23.0352567 120.2734282,23.0352626 120.2734258,23.0352684 120.273424,23.0352744 120.2734227,23.0352805 120.273422,23.0352867 120.2734219,23.0352929 120.2734224,23.0352991 120.2734235,23.0353052 120.2734251,23.0353113 120.2734273,23.0353171 120.2734301,23.0353228 120.2734334,23.0353282 120.2734371,23.0353333 120.2734414,23.0353381 120.273446,23.0353425 120.2734511,23.0353466 120.2734543,23.0353488 120.2745632,23.036075 120.2745913,23.0360927 120.2746059,23.0361014 120.2746206,23.0361098 120.2746356,23.036118 120.2746506,23.036126 120.2746658,23.0361338 120.2746933,23.0361469 120.2747282,23.0361623 120.2747441,23.0361688 120.2747601,23.036175 120.2747763,23.036181 120.2747925,23.0361867 120.2748089,23.0361921 120.2748253,23.0361973 120.2748567,23.0362063 120.2749412,23.0362294 120.27492,23.0362972 120.2749146,23.036314 120.2743236,23.0381528 120.274051,23.0390201 120.2740582,23.0390221 120.2737798,23.0399107 120.2738756,23.0399363 120.2735855,23.0408741 120.2736032,23.0408789 120.2733266,23.0417786 120.2733265,23.0417786 120.2732168,23.0417492 120.273642,23.0430658 120.274638,23.0451657 120.2747054,23.045347 120.2746975,23.0453598 120.2746867,23.0453887 120.2746838,23.0454202 120.2746583,23.045445 120.2745952,23.0455223 120.274595,23.0455223 120.2744786,23.0452094 120.2727332,23.04399 120.270333,23.0421957 120.2694954,23.0415854 120.2684341,23.0408251 120.2682965,23.040728 120.2682591,23.040701 120.2681622,23.04061 120.2681553,23.0406278 120.2681551,23.0406279 120.2672873,23.039983 120.2663025,23.03924 120.2662646,23.0392118 120.2662582,23.0392183 120.2660936,23.039096 120.2660793,23.0391109 120.2660491,23.039088 120.2660491,23.0390879 120.2660632,23.0390731 120.2647677,23.038088 120.2647636,23.0380852 120.2647585,23.0380825 120.2647531,23.0380804 120.2647484,23.0380791 120.2647451,23.0380785 120.2647418,23.0380781 120.2647368,23.0380779 120.2647318,23.0380782 120.2647285,23.0380787 120.2647256,23.0380793 120.2647254,23.0380792 120.2647918,23.0379213 120.2647892,23.0379152 120.264788,23.0379116 120.264787,23.037908 120.2647863,23.0379044 120.2647857,23.0379007 120.2647852,23.0378945 120.2647853,23.0378883 120.2647856,23.0378846 120.2647862,23.0378809 120.2647875,23.0378748 120.2647886,23.0378712 120.2647898,23.0378681 120.2652169,23.0367792 120.2652187,23.0367757 120.2652212,23.0367718 120.2652241,23.0367681 120.2652269,23.0367652 120.2652305,23.0367621 120.2652338,23.0367597 120.2652381,23.0367573 120.2652426,23.0367553 120.2652472,23.0367538 120.2652521,23.0367527 120.2652562,23.0367521 120.2652611,23.0367519 120.2652661,23.0367522 120.2652702,23.0367528 120.265275,23.0367539 120.2652795,23.0367554 120.2653255,23.0366486 120.2653257,23.0366487 120.2653283,23.0366745 120.2653547,23.0366702 120.2654083,23.0367101 120.2655824,23.0366775 120.2656676,23.0366572 120.2657291,23.0366371 120.2658206,23.0366533 120.2658794,23.0366548 120.2661377,23.0366416 120.2662387,23.0366297 120.2663289,23.036627 120.266564,23.036591 120.2666854,23.0365878 120.2668724,23.0366026 120.2670133,23.036602 120.2673298,23.036629 120.2674226,23.0366109 120.2674269,23.0366128 120.2674299,23.0366139 120.267434,23.0366152 120.2674372,23.0366159 120.2674404,23.0366166 120.2674447,23.0366171 120.2674491,23.0366174 120.2674523,23.0366175 120.26762,23.0366102 120.2676272,23.0366096 120.2676343,23.0366084 120.2676413,23.0366066 120.2676481,23.0366043 120.2676546,23.0366015 120.2676609,23.0365981 120.2676668,23.0365943 120.2676723,23.03659 120.2676783,23.0365843 120.2679803,23.0366052 120.2679873,23.0364835 120.2683827,23.0364826 120.2683934,23.036381 120.2683894,23.0361471 120.2682592,23.0359848 120.2682002,23.0359575 120.2682002,23.0359574 120.268412,23.0358985 120.2686743,23.0358611 120.2687044,23.0358595 120.2688702,23.0358216 120.2689388,23.0358182 120.2690021,23.0353153 120.2689939,23.0350369 120.2689907,23.0349821 120.2689937,23.0349601 120.2689944,23.034922 120.2689945,23.0349219 120.2690412,23.034926 120.2690447,23.0349296 120.2690481,23.0349325 120.2690525,23.0349356 120.2690564,23.0349378 120.2690614,23.0349401 120.2690656,23.0349416 120.269071,23.034943 120.2690755,23.0349437 120.2695161,23.0349796 120.2698288,23.0321479 120.269459,23.0321152 120.2694564,23.0321385 120.2682873,23.032032 120.2682828,23.0320318 120.2682787,23.0320318 120.2682757,23.032032 120.2682718,23.0320325 120.2682717,23.0320324 120.2682741,23.0320104 120.2682299,23.0320064 120.2682368,23.0319371 120.2682369,23.0319371 120.2682529,23.0319385 120.2682498,23.0319343 120.2682473,23.0319302 120.2682452,23.0319258 120.2682435,23.0319213 120.2682422,23.0319167 120.2682414,23.031912 120.268241,23.0319072 120.2682411,23.0319024 120.2683174,23.0311465 120.268331,23.0310086 120.268353,23.0310104 120.2683491,23.0310064 120.2683454,23.0310018 120.2683437,23.0309994 120.2683417,23.030996 120.2683392,23.0309907 120.2683378,23.030987 120.268337,23.0309842 120.2683359,23.0309786 120.2683353,23.0309728 120.2683354,23.030969 120.2683356,23.030966 120.2683654,23.0306703 120.2683658,23.0306675 120.2683665,23.0306637 120.2683676,23.03066 120.2683684,23.0306576 120.2683838,23.0305013 120.2683834,23.0304956 120.2683837,23.0304898 120.2683937,23.0303901 120.2683973,23.030353 120.2684012,23.030316 120.2684119,23.0302103 120.2684127,23.0302049 120.2684215,23.0301154 120.2684267,23.0300639 120.2684337,23.0300644 120.2684322,23.0300615 120.2684303,23.0300573 120.2684291,23.0300539 120.2684282,23.0300504 120.2684277,23.0300477 120.2684272,23.0300433 120.268427,23.0300397 120.2684272,23.030036 120.2684276,23.0300324 120.2684282,23.0300296 120.2684641,23.0296743 120.2684642,23.0296742 120.2684739,23.0296758 120.2684715,23.0296699 120.2684703,23.029666 120.2684694,23.029662 120.2684688,23.029658 120.2684686,23.029655 120.2684686,23.0296489 120.2684954,23.0293829 120.2684961,23.0293783 120.268497,23.0293747 120.2684984,23.0293702 120.2684995,23.0293676 120.2685012,23.0293642 120.2685036,23.0293601 120.2685058,23.0293569 120.2685083,23.029354 120.2685109,23.0293511 120.2685138,23.0293485 120.2685169,23.0293461 120.2685201,23.0293438 120.2685235,23.0293418 120.268528,23.0293396 120.2685326,23.0293377 120.2685362,23.0293366 120.2684812,23.0293316 120.2684725,23.0292452 120.2684726,23.0292451</coordinates></LinearRing></outerBoundaryIs>
        </Polygon>
      </MultiGeometry>
  </Placemark>
  <Placemark>
	<Style><LineStyle><color>ff0000ff</color></LineStyle><PolyStyle><fill>0</fill></PolyStyle></Style>
	<ExtendedData><SchemaData schemaUrl="#114SEC_DKTBLPD">
		<SimpleData name="段碼">9193</SimpleData>
		<SimpleData name="段名">龍安段</SimpleData>
		<SimpleData name="行政區">永康區</SimpleData>
	</SchemaData></ExtendedData>
      <MultiGeometry>
        <Polygon>
          <outerBoundaryIs><LinearRing><coordinates>120.2647304,23.0320916 120.2647304,23.0320917 120.2647269,23.0320923 120.2647228,23.0320931 120.2647168,23.0320949 120.2647111,23.0320972 120.2647074,23.0320991 120.2647048,23.0321006 120.2647022,23.0321023 120.264699,23.0321047 120.2646945,23.0321087 120.2646904,23.0321131 120.2646867,23.0321182 120.2647005,23.0322395 120.2646884,23.0322408 120.2647071,23.0324093 120.2647078,23.0324138 120.2647088,23.0324175 120.2647101,23.0324215 120.2647118,23.0324256 120.2647136,23.032429 120.2647156,23.0324323 120.2647179,23.0324354 120.264721,23.0324392 120.2647245,23.0324426 120.2647276,23.0324452 120.2647308,23.0324475 120.2647342,23.0324497 120.2647377,23.0324516 120.2647423,23.0324536 120.2647461,23.032455 120.2647501,23.0324561 120.264754,23.032457 120.2647598,23.0324579 120.2647696,23.0325315 120.264765,23.032533 120.2647612,23.0325345 120.2647566,23.0325367 120.2647531,23.0325387 120.264749,23.0325415 120.2647459,23.032544 120.2647429,23.0325466 120.2647396,23.0325502 120.2647366,23.0325541 120.264734,23.0325582 120.2647321,23.0325616 120.2647302,23.032566 120.264729,23.0325696 120.2647281,23.0325733 120.2647273,23.032578 120.2647269,23.0325828 120.264727,23.0325856 120.2647272,23.0325896 120.2647591,23.0328751 120.2647596,23.0328786 120.2647604,23.0328822 120.2647618,23.0328867 120.2647636,23.032891 120.2647659,23.0328952 120.2647679,23.0328984 120.2647708,23.0329022 120.2647741,23.0329058 120.2647776,23.0329091 120.2647823,23.0329126 120.2647873,23.0329157 120.2647927,23.0329182 120.2647955,23.0329193 120.2647993,23.0329205 120.2648051,23.0329219 120.2648111,23.0329227 120.2648141,23.0329229 120.2648181,23.0329229 120.2648239,23.0329225 120.2648255,23.0329332 120.2648867,23.0329258 120.264901,23.032986 120.2649009,23.0329861 120.2642714,23.0330631 120.2642661,23.0330639 120.2642602,23.0330655 120.2642554,23.0330672 120.2642507,23.0330693 120.2642464,23.0330718 120.2642414,23.0330752 120.2642376,23.0330784 120.2642348,23.0330811 120.264231,23.0330856 120.2642277,23.0330905 120.2642253,23.0330947 120.2642234,23.0330991 120.264222,23.0331037 120.2642207,23.0331093 120.2642202,23.033114 120.2642202,23.0331188 120.2642206,23.0331241 120.2642633,23.033432 120.2642644,23.0334366 120.2642655,23.0334402 120.264267,23.0334437 120.2642687,23.0334472 120.2642712,23.0334513 120.2642734,23.0334544 120.2642766,23.0334581 120.2642792,23.0334608 120.2642792,23.0334609 120.2642674,23.0334622 120.2643316,23.0339263 120.2643324,23.0339303 120.2643336,23.0339348 120.2643356,23.03394 120.2643382,23.033945 120.2643413,23.0339497 120.2643443,23.0339533 120.2643477,23.0339568 120.2643521,23.0339605 120.2643561,23.0339632 120.2643612,23.0339661 120.2643657,23.0339681 120.2643703,23.0339698 120.2643761,23.0339712 120.264381,23.033972 120.2643859,23.0339724 120.2643919,23.0339723 120.264398,23.0339717 120.2644114,23.0340795 120.2644052,23.0340809 120.2644002,23.0340824 120.2643944,23.0340848 120.2643898,23.0340872 120.2643854,23.03409 120.2643805,23.0340937 120.2643768,23.0340972 120.2643734,23.0341009 120.2643704,23.034105 120.2643678,23.0341092 120.2643657,23.0341132 120.2643634,23.0341192 120.264362,23.0341249 120.2643613,23.0341298 120.264361,23.0341347 120.2643613,23.0341405 120.2644041,23.0344497 120.2644049,23.0344539 120.264406,23.0344582 120.2644255,23.0345796 120.2644573,23.0345758 120.2644573,23.034576 120.2644537,23.0345782 120.2644504,23.0345804 120.2644473,23.0345829 120.2644444,23.0345855 120.2644417,23.0345884 120.2644392,23.0345914 120.264437,23.0345945 120.264435,23.0345978 120.2644333,23.0346012 120.2644318,23.0346048 120.2644306,23.0346084 120.2644296,23.034612 120.264429,23.0346158 120.2644286,23.0346195 120.2644285,23.0346233 120.2644288,23.034628 120.2645362,23.0354039 120.2645453,23.0354844 120.2645569,23.0355647 120.2645632,23.0355593 120.2645633,23.0355594 120.2645618,23.0355655 120.2645609,23.0355722 120.2645607,23.0355778 120.2645611,23.0355839 120.2645832,23.0357436 120.2645868,23.0357672 120.2645887,23.0357785 120.2645967,23.0358183 120.2646048,23.0358515 120.2646143,23.0358851 120.2646195,23.0359015 120.2646307,23.0359341 120.264639,23.0359559 120.264644,23.0359685 120.2646498,23.0359822 120.2646643,23.0360143 120.264672,23.03603 120.2646799,23.0360455 120.2646881,23.0360609 120.2646965,23.0360762 120.2647053,23.0360914 120.2647144,23.0361063 120.2647373,23.0361418 120.2647534,23.0361649 120.2647639,23.0361791 120.2647746,23.0361931 120.2647855,23.0362069 120.2647967,23.0362206 120.2648082,23.0362341 120.26482,23.0362474 120.2648319,23.0362605 120.2648442,23.0362735 120.2648566,23.0362862 120.2648693,23.0362987 120.2648935,23.0363214 120.264909,23.0363351 120.2649237,23.0363477 120.2649502,23.0363692 120.2649723,23.0363861 120.2653257,23.0366487 120.2652796,23.0367556 120.265275,23.0367541 120.2652702,23.0367529 120.2652661,23.0367524 120.2652611,23.0367521 120.2652562,23.0367523 120.2652521,23.0367529 120.2652473,23.0367539 120.2652426,23.0367555 120.2652382,23.0367575 120.2652339,23.0367599 120.2652306,23.0367622 120.265227,23.0367653 120.2652243,23.0367682 120.2652213,23.0367719 120.2652188,23.0367758 120.2652171,23.0367793 120.2647892,23.0378701 120.2647881,23.0378736 120.2647871,23.0378772 120.264786,23.0378833 120.2647854,23.0378895 120.2647854,23.0378957 120.2647857,23.0378994 120.2647862,23.0379031 120.2647875,23.0379092 120.2647894,23.0379151 120.264792,23.0379213 120.264747,23.0380285 120.2647468,23.0380285 120.2646267,23.0379502 120.264612,23.0379853 120.2646118,23.0379854 120.2646032,23.0379789 120.2646012,23.0379737 120.2645991,23.0379693 120.2645967,23.0379651 120.264594,23.037961 120.2645909,23.037957 120.2645867,23.0379525 120.2645831,23.037949 120.2645786,23.0379455 120.2642844,23.0377268 120.2642803,23.0377363 120.2642801,23.0377363 120.2642484,23.0377125 120.2642525,23.0377031 120.2638901,23.0374248 120.2633098,23.0369882 120.2633056,23.0369856 120.2633019,23.0369837 120.2632973,23.0369819 120.2632925,23.0369805 120.2632876,23.0369796 120.2632826,23.0369792 120.2632776,23.0369792 120.2632727,23.0369797 120.2631799,23.0369101 120.2631784,23.0369047 120.2631763,23.036899 120.2631736,23.0368935 120.2631704,23.0368883 120.2631668,23.0368833 120.2631626,23.0368786 120.2631581,23.0368743 120.263154,23.036871 120.2621989,23.0361521 120.2621961,23.0361502 120.2621937,23.0361488 120.2621911,23.0361475 120.2621885,23.0361464 120.262183,23.0361447 120.2621802,23.0361442 120.2621766,23.0361437 120.2621723,23.0361435 120.262168,23.0361438 120.2621644,23.0361443 120.2621609,23.0361452 120.2621575,23.0361463 120.2621542,23.0361476 120.2621511,23.0361493 120.2621475,23.0361515 120.2621442,23.0361542 120.2621417,23.0361566 120.2621394,23.0361592 120.2621371,23.0361625 120.2621351,23.0361661 120.2621337,23.0361692 120.2621325,23.0361731 120.262132,23.0361757 120.2620749,23.0365862 120.2620745,23.0365906 120.2620744,23.0365949 120.2620745,23.0365981 120.2620748,23.0366013 120.2620755,23.0366056 120.2620763,23.0366087 120.2620775,23.0366128 120.2620787,23.0366159 120.2620805,23.0366199 120.2620825,23.0366237 120.2620843,23.0366265 120.2620869,23.0366301 120.262089,23.0366326 120.2620912,23.0366351 120.2620944,23.0366382 120.262097,23.0366404 120.2621007,23.0366432 120.2620892,23.0367267 120.2620823,23.0367288 120.2620789,23.0367302 120.2620757,23.0367317 120.2620726,23.0367335 120.2620696,23.0367355 120.2620668,23.0367377 120.2620642,23.03674 120.2620617,23.0367425 120.2620594,23.0367452 120.2620574,23.036748 120.2620555,23.0367509 120.2620535,23.0367547 120.2620522,23.0367579 120.2620511,23.0367611 120.2620503,23.0367644 120.2620497,23.0367677 120.2619843,23.0372379 120.2618204,23.0372536 120.2614561,23.0372901 120.2614171,23.0372926 120.2614166,23.037306 120.2614165,23.0373061 120.2613972,23.037295 120.261079,23.0373281 120.2603827,23.0374142 120.2600438,23.037453 120.2599259,23.0374672 120.2597527,23.0374873 120.2596596,23.0374985 120.2595798,23.03751 120.2595791,23.0375147 120.2591896,23.0375667 120.2591895,23.0375666 120.259191,23.0375571 120.2593409,23.0366198 120.259038,23.0366547 120.2590379,23.0366546 120.2590434,23.0366285 120.2590466,23.0366101 120.2593391,23.0347817 120.2593395,23.0347776 120.2593397,23.0347737 120.2593396,23.0347698 120.2593392,23.0347659 120.2593385,23.0347621 120.2593374,23.0347583 120.2593362,23.0347545 120.2593346,23.0347509 120.2593328,23.0347474 120.2593312,23.0347448 120.2593289,23.0347415 120.2593264,23.0347384 120.2593236,23.0347354 120.2593207,23.0347326 120.2593174,23.03473 120.2593132,23.034727 120.2593267,23.034685 120.2593676,23.0345678 120.2593705,23.0345626 120.2593731,23.0345569 120.2593751,23.0345512 120.2593769,23.0345448 120.2593776,23.0345409 120.2594449,23.0341199 120.2594456,23.034115 120.259446,23.0341105 120.2594461,23.0341049 120.259446,23.0340993 120.2594456,23.0340937 120.2594448,23.0340882 120.2594429,23.0340793 120.2594548,23.033929 120.259448,23.0338549 120.2594522,23.033854 120.2594555,23.0338531 120.2594586,23.033852 120.2594625,23.0338503 120.2594661,23.0338483 120.2594689,23.0338465 120.2594722,23.0338441 120.2594747,23.0338419 120.2594775,23.033839 120.2594795,23.0338365 120.2594814,23.0338338 120.2594834,23.0338304 120.2594848,23.0338276 120.259486,23.0338246 120.259487,23.0338216 120.2594878,23.0338178 120.2596476,23.0326661 120.2598515,23.0326438 120.2599474,23.0326326 120.2599475,23.0326327 120.2599391,23.0326934 120.2599405,23.0326879 120.2599422,23.0326827 120.2599444,23.0326775 120.2599476,23.0326713 120.2599514,23.0326654 120.2599549,23.0326609 120.2599587,23.0326567 120.2599638,23.0326517 120.2599682,23.032648 120.259973,23.0326446 120.2599792,23.0326409 120.2599844,23.0326382 120.2599912,23.0326354 120.2599968,23.0326336 120.260004,23.0326317 120.2600098,23.0326307 120.261003,23.0325205 120.261013,23.0325317 120.261016,23.0325291 120.26102,23.032526 120.2610243,23.0325233 120.2610289,23.032521 120.2610336,23.032519 120.2610389,23.0325173 120.2610436,23.0325162 120.2610487,23.0325155 120.2621338,23.0323951 120.2621366,23.0324141 120.2621406,23.0324097 120.2621451,23.0324057 120.2621499,23.0324021 120.2621529,23.0324001 120.2621561,23.0323983 120.2621627,23.032395 120.2621684,23.0323929 120.2621755,23.0323909 120.2621815,23.0323898 120.262479,23.0323568 120.2626881,23.0323331 120.2647304,23.0320916</coordinates></LinearRing></outerBoundaryIs>
        </Polygon>
      </MultiGeometry>
  </Placemark>
  <Placemark>
	<Style><LineStyle><color>ff0000ff</color></LineStyle><PolyStyle><fill>0</fill></PolyStyle></Style>
	<ExtendedData><SchemaData schemaUrl="#114SEC_DKTBLPD">
		<SimpleData name="段碼">9194</SimpleData>
		<SimpleData name="段名">平道段</SimpleData>
		<SimpleData name="行政區">永康區</SimpleData>
	</SchemaData></ExtendedData>
      <MultiGeometry>
        <Polygon>
          <outerBoundaryIs><LinearRing><coordinates>120.2458943,23.0441525 120.2464775,23.0446229 120.2464462,23.0453395 120.2472802,23.0453716 120.2472817,23.0453682 120.247283,23.0453646 120.247284,23.0453609 120.2472849,23.0453562 120.2472853,23.0453515 120.2472864,23.0453293 120.2473644,23.0453321 120.2473649,23.0453213 120.2477793,23.0453357 120.2477789,23.0453472 120.2517222,23.0455544 120.2517695,23.0457502 120.2518703,23.0461905 120.2519661,23.0466317 120.2520568,23.0470738 120.2521002,23.0472952 120.2521833,23.0477387 120.2522229,23.0479607 120.2522983,23.0484053 120.2523686,23.0488506 120.2524141,23.0492085 120.2518604,23.0497472 120.2494786,23.0495793 120.2494684,23.049819 120.2499129,23.0498388 120.2516715,23.0499308 120.2516716,23.049931 120.2497544,23.0517964 120.2497412,23.0518088 120.2497251,23.0518231 120.2497091,23.0518363 120.2497008,23.0518428 120.2496838,23.0518554 120.2496751,23.0518615 120.2496663,23.0518675 120.2496483,23.051879 120.24963,23.0518899 120.2496112,23.0519002 120.2496017,23.0519051 120.2495921,23.0519099 120.2495726,23.051919 120.2495485,23.0519291 120.2493486,23.0517495 120.2455658,23.0512352 120.2455071,23.0512596 120.245244,23.0511075 120.2451031,23.0510189 120.2437723,23.0506377 120.243005,23.0501255 120.2418046,23.0488856 120.2417543,23.0488742 120.2414909,23.049157 120.2414062,23.0492485 120.2400355,23.0510147 120.2398768,23.0509094 120.2399038,23.0508745 120.2413552,23.0490044 120.2413553,23.0490044 120.241362,23.0490185 120.2458943,23.0441525</coordinates></LinearRing></outerBoundaryIs>
          <innerBoundaryIs><LinearRing><coordinates>120.2429898,23.0475478 120.2428126,23.0477381 120.2452228,23.0487422 120.2452363,23.0484056 120.2429898,23.0475478</coordinates></LinearRing></innerBoundaryIs>
          <innerBoundaryIs><LinearRing><coordinates>120.2453519,23.0484497 120.2453393,23.0487652 120.2453691,23.0487618 120.2471526,23.0494708 120.2473502,23.0495314 120.2473624,23.0492255 120.2473002,23.049204 120.2471964,23.0491631 120.2454673,23.0484733 120.2453895,23.0484641 120.2453519,23.0484497</coordinates></LinearRing></innerBoundaryIs>
          <innerBoundaryIs><LinearRing><coordinates>120.2474589,23.0492591 120.2474468,23.0495611 120.2478642,23.0496893 120.2481957,23.0497624 120.249322,23.0498125 120.2493323,23.0495689 120.2492989,23.0495666 120.248372,23.0495282 120.2481283,23.0494915 120.2474589,23.0492591</coordinates></LinearRing></innerBoundaryIs>
          <innerBoundaryIs><LinearRing><coordinates>120.243438,23.0486331 120.2433864,23.0495536 120.2440195,23.0495854 120.2440711,23.0486648 120.243438,23.0486331</coordinates></LinearRing></innerBoundaryIs>
        </Polygon>
      </MultiGeometry>
  </Placemark>
  <Placemark>
	<Style><LineStyle><color>ff0000ff</color></LineStyle><PolyStyle><fill>0</fill></PolyStyle></Style>
	<ExtendedData><SchemaData schemaUrl="#114SEC_DKTBLPD">
		<SimpleData name="段碼">9195</SimpleData>
		<SimpleData name="段名">龍埔段</SimpleData>
		<SimpleData name="行政區">永康區</SimpleData>
	</SchemaData></ExtendedData>
      <MultiGeometry>
        <Polygon>
          <outerBoundaryIs><LinearRing><coordinates>120.2590606,23.0365233 120.2590468,23.0366102 120.2590436,23.0366285 120.2590381,23.0366545 120.259341,23.0366196 120.2593412,23.0366197 120.2591897,23.0375665 120.259579,23.0375146 120.2595797,23.0375099 120.2596596,23.0374983 120.2597526,23.0374871 120.2599259,23.037467 120.2600437,23.0374528 120.2603827,23.037414 120.261079,23.037328 120.2613972,23.0372948 120.2614164,23.0373059 120.2614167,23.0372925 120.2614561,23.0372899 120.2618204,23.0372534 120.2619843,23.0372377 120.2619844,23.0372378 120.2619246,23.0376685 120.2619245,23.0376717 120.2619245,23.0376759 120.2619249,23.0376802 120.2619254,23.0376833 120.2619261,23.0376864 120.2619272,23.0376906 120.2619287,23.0376946 120.2619305,23.0376985 120.2619326,23.0377023 120.2619349,23.037706 120.2619369,23.0377086 120.2619396,23.0377119 120.2619419,23.0377144 120.2619452,23.0377174 120.2619486,23.0377202 120.2619522,23.0377228 120.2619409,23.0378048 120.2619371,23.0378058 120.2619336,23.0378069 120.2619302,23.0378082 120.2619261,23.0378101 120.2619222,23.0378124 120.2619192,23.0378145 120.2619164,23.0378167 120.2619138,23.0378191 120.2619108,23.0378223 120.2619086,23.0378251 120.2619066,23.037828 120.2619049,23.037831 120.2619033,23.0378341 120.2619021,23.0378373 120.261901,23.0378406 120.2619001,23.0378448 120.2618572,23.0381543 120.261857,23.0381608 120.2618576,23.0381672 120.2618589,23.0381736 120.2618598,23.0381767 120.2618612,23.0381807 120.2618603,23.0383298 120.261854,23.0383326 120.2618517,23.0383338 120.2618486,23.0383357 120.2618437,23.0383395 120.2618411,23.0383418 120.2618393,23.0383437 120.2618375,23.0383457 120.2618354,23.0383485 120.2618323,23.0383536 120.2618298,23.0383591 120.261828,23.0383648 120.2618273,23.0383689 120.2617906,23.0386331 120.2617904,23.0386365 120.2617903,23.0386411 120.2617907,23.0386458 120.2617911,23.0386492 120.2617921,23.0386537 120.2617933,23.0386582 120.2617945,23.0386615 120.2617963,23.0386658 120.2617985,23.03867 120.2618003,23.038673 120.261803,23.0386769 120.2618053,23.0386797 120.2618076,23.0386824 120.261811,23.0386858 120.2618147,23.0386889 120.2618188,23.0386921 120.2618074,23.038775 120.2618035,23.0387758 120.2618002,23.0387766 120.2617969,23.0387776 120.2617937,23.0387788 120.2617906,23.0387803 120.2617877,23.0387819 120.2617848,23.0387837 120.2617815,23.0387862 120.261779,23.0387884 120.2617767,23.0387908 120.261774,23.038794 120.2617721,23.0387966 120.26177,23.0388001 120.2617686,23.038803 120.2617674,23.038806 120.2617665,23.0388091 120.2617653,23.0388146 120.2617321,23.0390539 120.2617319,23.0390573 120.2617319,23.039062 120.2617322,23.0390666 120.2617329,23.0390712 120.2617336,23.0390746 120.2617349,23.0390791 120.2617365,23.0390835 120.2617379,23.0390868 120.2617395,23.0390899 120.2617419,23.039094 120.2617446,23.0390979 120.2617476,23.0391016 120.2617509,23.0391051 120.2617535,23.0391076 120.2617563,23.03911 120.2617609,23.0391135 120.2617444,23.0392332 120.2617397,23.039234 120.2617364,23.0392348 120.2617331,23.0392358 120.2617292,23.0392374 120.2617262,23.0392389 120.2617225,23.039241 120.2617191,23.0392434 120.2617165,23.0392455 120.2617141,23.0392478 120.2617114,23.0392509 120.2617089,23.0392541 120.2617072,23.0392569 120.2617057,23.0392597 120.2617041,23.0392634 120.2617028,23.0392672 120.2617021,23.0392704 120.2615894,23.0400808 120.261589,23.0400853 120.2615889,23.0400899 120.2615891,23.0400944 120.2615897,23.0400989 120.2615903,23.0401023 120.2615915,23.0401067 120.261593,23.040111 120.2615948,23.0401153 120.2615969,23.0401194 120.2615994,23.0401233 120.2616021,23.0401271 120.2616051,23.0401307 120.2616084,23.0401341 120.2616119,23.0401373 120.2616147,23.0401395 120.2616193,23.0401427 120.2616031,23.0402606 120.2615984,23.0402613 120.261595,23.0402621 120.2615909,23.0402634 120.2615876,23.0402646 120.2615837,23.0402665 120.2615808,23.0402682 120.2615772,23.0402706 120.2615739,23.0402732 120.2615715,23.0402755 120.2615687,23.0402787 120.2615667,23.0402813 120.2615644,23.0402848 120.2615625,23.0402884 120.2615613,23.0402914 120.26156,23.0402953 120.2615591,23.0402993 120.2613206,23.0420158 120.2613201,23.0420216 120.2613201,23.0420262 120.2613205,23.0420319 120.2613215,23.0420376 120.261323,23.0420431 120.2613246,23.0420475 120.2613265,23.0420517 120.2613294,23.0420568 120.2613327,23.0420617 120.2613357,23.0420654 120.2613389,23.0420689 120.2613433,23.0420729 120.2613471,23.0420759 120.2613521,23.0420793 120.2613564,23.0420816 120.2613622,23.0420844 120.2613454,23.0421966 120.2613406,23.0421964 120.2613354,23.0421965 120.2613302,23.0421972 120.261326,23.0421981 120.2613219,23.0421993 120.2613179,23.0422009 120.2613133,23.0422032 120.2613097,23.0422055 120.2613057,23.0422086 120.2613027,23.0422114 120.2612999,23.0422145 120.261297,23.0422185 120.2612945,23.0422227 120.2612928,23.0422264 120.2612915,23.0422302 120.2612904,23.0422349 120.2612493,23.0425321 120.2612488,23.0425366 120.2612487,23.04254 120.2612488,23.0425445 120.2612493,23.042549 120.2612501,23.0425534 120.2612513,23.0425578 120.2612528,23.0425621 120.2612551,23.0425673 120.2612573,23.0425714 120.2612598,23.0425752 120.2612625,23.0425789 120.2612656,23.0425824 120.2612689,23.0425858 120.2612724,23.0425888 120.2612762,23.0425917 120.2612802,23.0425943 120.2612843,23.0425966 120.2612892,23.042599 120.2612787,23.0426744 120.2612734,23.0426743 120.261269,23.0426745 120.2612646,23.0426751 120.2612603,23.042676 120.2612553,23.0426776 120.2612513,23.0426793 120.2612467,23.0426817 120.2612431,23.042684 120.2612391,23.0426872 120.2612361,23.0426902 120.2612333,23.0426933 120.2612304,23.0426974 120.2612284,23.042701 120.2612267,23.0427048 120.2612253,23.0427087 120.2612242,23.0427134 120.2611812,23.0430244 120.2611808,23.0430278 120.2611806,23.0430323 120.2611807,23.0430368 120.2611812,23.0430413 120.261182,23.0430457 120.2611832,23.0430501 120.2611847,23.0430544 120.2611865,23.0430586 120.2611886,23.0430627 120.261191,23.0430666 120.2611937,23.0430704 120.2611967,23.0430739 120.2612,23.0430773 120.2612034,23.0430805 120.2612072,23.0430834 120.2612111,23.043086 120.2612152,23.0430885 120.2612204,23.0430911 120.2612099,23.0431667 120.2612052,23.0431667 120.2611999,23.043167 120.2611956,23.0431676 120.2611913,23.0431686 120.2611868,23.0431701 120.2611824,23.043172 120.2611786,23.0431741 120.261175,23.0431764 120.2611716,23.043179 120.2611685,23.0431819 120.2611657,23.043185 120.2611627,23.0431891 120.2611606,23.0431926 120.2611589,23.0431964 120.2611574,23.0432002 120.2611562,23.043205 120.2611198,23.0434677 120.2611194,23.0434722 120.2611192,23.0434767 120.2611195,23.0434812 120.26112,23.0434856 120.2611209,23.0434901 120.2611222,23.0434944 120.2611237,23.0434987 120.2611256,23.0435029 120.2611278,23.0435069 120.2611303,23.0435108 120.2611331,23.0435145 120.2611361,23.043518 120.2611394,23.0435213 120.261143,23.0435244 120.2611467,23.0435272 120.2611497,23.0435292 120.2611538,23.0435316 120.2611585,23.043534 120.2611479,23.0436098 120.261143,23.0436098 120.2611386,23.0436101 120.2611343,23.0436108 120.2611309,23.0436116 120.2611267,23.0436128 120.2611226,23.0436144 120.2611188,23.0436164 120.2611151,23.0436186 120.2611116,23.0436211 120.2611084,23.0436239 120.2611055,23.0436269 120.2611028,23.0436302 120.2611005,23.0436337 120.2610986,23.0436373 120.2610969,23.0436411 120.2610956,23.043645 120.2610949,23.0436482 120.2610945,23.0436506 120.2610602,23.0438985 120.2610597,23.0439038 120.2610597,23.0439082 120.2610601,23.0439135 120.2610608,23.0439178 120.2610622,23.043923 120.2610636,23.0439272 120.2610658,23.0439321 120.2610679,23.043936 120.2610709,23.0439406 120.2610736,23.0439441 120.2610766,23.0439474 120.2610806,23.0439513 120.2610851,23.0439548 120.2610888,23.0439574 120.2610927,23.0439597 120.2610986,23.0439626 120.2610881,23.0440377 120.2610809,23.0440381 120.2610781,23.0440384 120.2610746,23.0440391 120.2610693,23.0440406 120.2610659,23.0440418 120.2610635,23.0440429 120.2610579,23.0440459 120.2610535,23.0440489 120.2610489,23.044053 120.2610448,23.0440575 120.2610423,23.044061 120.2610401,23.0440647 120.2610382,23.0440686 120.261037,23.0440718 120.261036,23.044075 120.2610353,23.0440783 120.2610336,23.0440906 120.2608867,23.0442957 120.2608841,23.0443003 120.2608823,23.0443041 120.2608805,23.044309 120.2608791,23.0443141 120.2608783,23.0443193 120.2608779,23.0443234 120.2608779,23.0443286 120.2608785,23.0443338 120.2608794,23.0443389 120.2608806,23.044343 120.2608825,23.0443479 120.2608848,23.0443527 120.2608875,23.0443572 120.26089,23.0443607 120.2608935,23.0443648 120.2608973,23.0443686 120.2608477,23.0444246 120.2608476,23.0444246 120.2607798,23.0443703 120.2598873,23.0436444 120.2598146,23.0436563 120.2594555,23.0436873 120.2594544,23.0436876 120.2592449,23.0435257 120.2585018,23.0429264 120.2580549,23.0425622 120.2572969,23.041946 120.2571957,23.0418634 120.2571393,23.0418167 120.2561374,23.0409841 120.2561374,23.040984 120.2563002,23.0408403 120.2530989,23.0382457 120.2532204,23.0381142 120.2532242,23.0381168 120.2533635,23.0379638 120.2535631,23.0380936 120.2535978,23.0381206 120.2536271,23.038081 120.2536304,23.038077 120.2539242,23.0376839 120.2539258,23.0376778 120.2539362,23.0376657 120.254095,23.0370857 120.2540959,23.0370821 120.2540965,23.0370785 120.2540967,23.0370758 120.2540968,23.0370721 120.2540967,23.0370692 120.2540963,23.0370657 120.2540958,23.0370629 120.2540949,23.0370592 120.2541368,23.0369248 120.2543127,23.0369345 120.2547853,23.037079 120.2547925,23.037081 120.2548034,23.0370837 120.2548108,23.0370852 120.254822,23.037087 120.2548294,23.0370879 120.2548407,23.0370887 120.2548521,23.0370891 120.2548635,23.0370888 120.2548709,23.0370884 120.2548812,23.0370874 120.2589855,23.0365916 120.2589919,23.0365906 120.2589993,23.0365889 120.2590064,23.0365866 120.2590134,23.0365837 120.25902,23.0365803 120.2590251,23.0365771 120.2590299,23.0365737 120.2590355,23.036569 120.2590407,23.0365638 120.2590454,23.0365582 120.2590495,23.0365523 120.2590524,23.0365473 120.2590549,23.0365422 120.2590575,23.0365356 120.2590591,23.0365301 120.2590606,23.0365233</coordinates></LinearRing></outerBoundaryIs>
        </Polygon>
      </MultiGeometry>
  </Placemark>
  <Placemark>
	<Style><LineStyle><color>ff0000ff</color></LineStyle><PolyStyle><fill>0</fill></PolyStyle></Style>
	<ExtendedData><SchemaData schemaUrl="#114SEC_DKTBLPD">
		<SimpleData name="段碼">9196</SimpleData>
		<SimpleData name="段名">中山段</SimpleData>
		<SimpleData name="行政區">永康區</SimpleData>
	</SchemaData></ExtendedData>
      <MultiGeometry>
        <Polygon>
          <outerBoundaryIs><LinearRing><coordinates>120.261661,23.0274236 120.2640018,23.0274818 120.2639825,23.028256 120.2639824,23.028256 120.2625345,23.0277918 120.2616581,23.0275078 120.261661,23.0274236</coordinates></LinearRing></outerBoundaryIs>
        </Polygon>
        <Polygon>
          <outerBoundaryIs><LinearRing><coordinates>120.2606102,23.0261955 120.2607839,23.0265894 120.2608494,23.0265878 120.2608653,23.0265559 120.2608661,23.0265505 120.2608672,23.0265458 120.2608687,23.0265411 120.260871,23.0265355 120.2608726,23.0265322 120.2608745,23.026529 120.2608765,23.0265259 120.2608794,23.0265219 120.2608835,23.0265172 120.260888,23.0265128 120.2608939,23.0265081 120.2608992,23.0265047 120.2609026,23.0265028 120.260906,23.0265011 120.260912,23.0264986 120.2609181,23.0264966 120.2609244,23.0264951 120.2609295,23.0264943 120.2609334,23.0264939 120.2609373,23.0264937 120.2609415,23.0264937 120.2613155,23.0265024 120.2613272,23.0264835 120.2653953,23.0265792 120.2653949,23.0265965 120.26546,23.0265969 120.2654606,23.0265807 120.2693745,23.026675 120.2693493,23.0275779 120.2693463,23.0276094 120.2693233,23.0285256 120.2693335,23.028526 120.2693116,23.0292756 120.2693115,23.0292756 120.2691786,23.0292598 120.268348,23.0291666 120.2680372,23.0291587 120.2680372,23.0291585 120.268213,23.029125 120.2681602,23.0291208 120.2680521,23.0291384 120.2679937,23.0291592 120.2677294,23.0291524 120.2677293,23.0291523 120.2677331,23.0290866 120.267717,23.0290853 120.2677151,23.0291506 120.267715,23.0291507 120.2672723,23.0291196 120.2673196,23.0291893 120.267355,23.0292316 120.267382,23.0292338 120.2673481,23.0291914 120.2673482,23.0291913 120.2684726,23.0292451 120.2684814,23.0293315 120.2685367,23.0293365 120.2685367,23.0293367 120.2685318,23.0293383 120.2685272,23.0293402 120.2685236,23.029342 120.2685202,23.029344 120.268517,23.0293462 120.268514,23.0293486 120.2685111,23.0293513 120.2685084,23.0293541 120.268506,23.029357 120.2685038,23.0293601 120.2685013,23.0293642 120.2684997,23.0293676 120.2684986,23.0293702 120.2684972,23.0293747 120.2684961,23.0293793 120.2684956,23.0293829 120.2684688,23.0296489 120.2684688,23.029655 120.268469,23.029658 120.2684696,23.029662 120.2684705,23.0296659 120.2684717,23.0296698 120.2684742,23.0296759 120.2684741,23.029676 120.2684642,23.0296744 120.2684284,23.0300296 120.2684278,23.0300324 120.2684274,23.030036 120.2684272,23.0300397 120.2684274,23.0300433 120.2684279,23.0300477 120.2684284,23.0300503 120.2684296,23.0300547 120.2684308,23.0300581 120.2684323,23.0300614 120.268434,23.0300645 120.2684339,23.0300646 120.2684269,23.030064 120.2684217,23.0301154 120.2684129,23.0302049 120.2684121,23.0302103 120.2684014,23.030316 120.2683975,23.030353 120.2683939,23.0303901 120.2683839,23.0304898 120.2683836,23.0304956 120.268384,23.0305014 120.2683686,23.0306576 120.2683677,23.0306601 120.2683667,23.0306637 120.268366,23.0306675 120.2683656,23.0306703 120.2683358,23.030966 120.2683356,23.030969 120.2683355,23.0309728 120.2683361,23.0309785 120.2683372,23.0309842 120.268338,23.030987 120.2683394,23.0309906 120.2683419,23.0309959 120.2683439,23.0309993 120.2683455,23.0310017 120.2683492,23.0310063 120.2683533,23.0310105 120.2683533,23.0310106 120.2683312,23.0310087 120.2683176,23.0311465 120.2682414,23.0319005 120.2682412,23.0319053 120.2682415,23.031911 120.2682422,23.0319157 120.2682434,23.0319203 120.2682453,23.0319258 120.2682474,23.0319301 120.26825,23.0319343 120.2682532,23.0319386 120.2682531,23.0319387 120.268237,23.0319373 120.2682301,23.0320064 120.26823,23.0320065 120.2681141,23.0319962 120.2680711,23.0324223 120.2680517,23.032586 120.2680525,23.0325897 120.268053,23.0325943 120.2680532,23.032598 120.2680529,23.0326028 120.268014,23.0329885 120.2680126,23.0330003 120.2680106,23.0330125 120.2680089,23.0330218 120.268006,23.0330345 120.2680022,23.0330485 120.2680004,23.0330545 120.2679964,23.0330662 120.267992,23.0330778 120.2679897,23.0330836 120.2679846,23.0330949 120.2679792,23.0331061 120.2679763,23.0331117 120.2679702,23.0331226 120.2679637,23.0331333 120.2679568,23.0331438 120.2679532,23.033149 120.2679469,23.0331576 120.2679378,23.0331691 120.2679338,23.0331739 120.2679254,23.0331834 120.2679158,23.0331936 120.2679074,23.0332017 120.267898,23.0332103 120.267885,23.0332213 120.267873,23.0332306 120.2678679,23.0332343 120.2678627,23.033238 120.267852,23.0332451 120.2678406,23.0332521 120.2678294,23.0332585 120.2678168,23.0332652 120.2678061,23.0332704 120.2678002,23.0332731 120.2677881,23.0332782 120.2677759,23.0332829 120.2677639,23.0332872 120.2677507,23.0332913 120.2677381,23.0332948 120.2677254,23.0332979 120.2671607,23.0334253 120.2671566,23.0334259 120.2671535,23.0334262 120.2671494,23.0334264 120.2671462,23.0334264 120.2671421,23.0334261 120.2671379,23.0334255 120.2671349,23.0334249 120.2671309,23.0334239 120.2671269,23.0334227 120.2671241,23.0334215 120.2671203,23.0334198 120.2671176,23.0334184 120.2671141,23.0334163 120.2671116,23.0334145 120.2671092,23.0334127 120.2671062,23.03341 120.2671034,23.0334073 120.2671014,23.033405 120.2670993,23.0334022 120.2670973,23.0333995 120.2670958,23.0333969 120.267094,23.0333934 120.2670924,23.0333898 120.2670915,23.0333871 120.2670069,23.0330861 120.2670014,23.0330682 120.2669987,23.0330599 120.2669926,23.0330435 120.266986,23.0330272 120.2669788,23.0330112 120.2669749,23.0330033 120.2669709,23.0329955 120.2669619,23.0329789 120.266791,23.0326797 120.266789,23.0326757 120.2667877,23.0326725 120.2667862,23.0326676 120.2667854,23.0326634 120.266785,23.0326591 120.266785,23.032654 120.2667855,23.0326497 120.2667865,23.0326447 120.2667882,23.0326398 120.2667904,23.0326351 120.2667931,23.0326306 120.2667963,23.0326265 120.2667999,23.0326226 120.2668033,23.0326197 120.2668069,23.032617 120.2668116,23.0326143 120.2668157,23.0326123 120.2668207,23.0326105 120.2667678,23.032551 120.2667627,23.0325523 120.2667574,23.0325533 120.266752,23.0325539 120.2667466,23.032554 120.2667402,23.0325535 120.2667348,23.0325527 120.2667296,23.0325514 120.2667245,23.0325497 120.2667196,23.0325476 120.2667149,23.0325451 120.2667105,23.0325423 120.2667056,23.0325384 120.2667018,23.0325348 120.2666984,23.0325309 120.2666953,23.0325268 120.2666927,23.0325224 120.2666909,23.0325187 120.2664344,23.0319478 120.2664331,23.0319444 120.2664319,23.0319402 120.2664311,23.0319351 120.266431,23.03193 120.2664315,23.031925 120.2664325,23.0319207 120.2664343,23.0319158 120.2664367,23.0319112 120.2664397,23.031907 120.2664432,23.031903 120.2664466,23.0319 120.266451,23.0318969 120.2664558,23.0318944 120.2664609,23.0318923 120.2664662,23.0318909 120.2664716,23.0318901 120.2664768,23.0318899 120.2664219,23.0317807 120.2664166,23.0317804 120.2664103,23.0317796 120.2664053,23.0317786 120.2663992,23.0317769 120.2663932,23.0317747 120.2663887,23.0317726 120.2663843,23.0317703 120.266379,23.0317669 120.2663751,23.0317639 120.2663704,23.0317598 120.2663662,23.0317554 120.2663625,23.0317506 120.2663598,23.0317466 120.2663569,23.0317413 120.2663544,23.0317358 120.2663527,23.0317307 120.2662366,23.0317476 120.2662378,23.0317529 120.2662381,23.0317554 120.2662384,23.0317589 120.2662382,23.0317641 120.2662373,23.0317701 120.2662365,23.0317735 120.2662357,23.031776 120.2662347,23.0317785 120.2662332,23.0317816 120.2662306,23.0317862 120.266227,23.0317911 120.2662387,23.0318093 120.2662983,23.0319359 120.2662982,23.031936 120.2662944,23.0319322 120.2662916,23.0319299 120.2662887,23.0319276 120.2662846,23.0319249 120.2662804,23.0319224 120.2662771,23.0319207 120.2662725,23.0319187 120.2662688,23.0319173 120.2662655,23.0319163 120.2662606,23.0319151 120.2662569,23.0319144 120.2662519,23.0319137 120.2662469,23.0319133 120.2662431,23.0319133 120.2662393,23.0319134 120.2662349,23.0319138 120.2626881,23.0323332 120.262479,23.032357 120.2621816,23.03239 120.2621755,23.0323911 120.2621685,23.0323931 120.2621628,23.0323952 120.2621562,23.0323984 120.26215,23.0324022 120.2621452,23.0324058 120.2621408,23.0324098 120.2621366,23.0324144 120.2621364,23.0324143 120.2621337,23.0323953 120.2610487,23.0325156 120.2610437,23.0325164 120.261039,23.0325175 120.2610337,23.0325192 120.261029,23.0325211 120.2610244,23.0325235 120.2610202,23.0325262 120.2610161,23.0325292 120.2610131,23.0325319 120.261013,23.0325319 120.261003,23.0325207 120.2600126,23.0326306 120.2600055,23.0326316 120.2599997,23.0326329 120.2599926,23.0326351 120.2599858,23.0326378 120.2599793,23.032641 120.2599731,23.0326448 120.2599684,23.0326482 120.2599629,23.0326528 120.2599578,23.0326578 120.2599542,23.0326621 120.25995,23.0326678 120.2599465,23.0326739 120.2599435,23.0326801 120.2599411,23.0326867 120.2599396,23.032692 120.2599383,23.0326987 120.2599382,23.0326987 120.2599473,23.0326327 120.2598515,23.032644 120.2596477,23.0326662 120.2596476,23.0326661 120.2599161,23.0307292 120.2599165,23.0307231 120.2599162,23.0307172 120.2599154,23.0307108 120.2599146,23.0307072 120.2599136,23.0307036 120.2599115,23.0306978 120.2599084,23.0306912 120.2599058,23.0306867 120.2599022,23.0306816 120.259898,23.0306768 120.2598935,23.0306723 120.2598886,23.0306682 120.2598832,23.0306645 120.2598776,23.0306613 120.2598716,23.0306585 120.2598679,23.030657 120.2598642,23.0306558 120.2598579,23.0306541 120.2598579,23.030654 120.2598698,23.0306526 120.2598613,23.0305435 120.2598614,23.0305434 120.2598736,23.030546 120.2598782,23.0305467 120.2598852,23.0305472 120.2598922,23.030547 120.2598992,23.0305461 120.259906,23.0305446 120.2599126,23.0305424 120.2599189,23.0305396 120.2599248,23.0305362 120.2599304,23.0305322 120.2599354,23.0305277 120.2599385,23.0305245 120.2599407,23.0305219 120.2599433,23.0305184 120.2599451,23.0305156 120.2599482,23.0305097 120.2599506,23.0305037 120.2599524,23.0304974 120.2602418,23.0287971 120.2602422,23.0287906 120.2602418,23.0287841 120.260241,23.0287787 120.2602393,23.0287724 120.2602374,23.0287673 120.2602345,23.0287614 120.2602308,23.0287556 120.2602267,23.0287505 120.2602219,23.0287458 120.2602166,23.0287415 120.2602117,23.0287382 120.2602058,23.028735 120.2602005,23.0287327 120.2601938,23.0287306 120.2601881,23.0287293 120.2601847,23.0287287 120.2601807,23.0287283 120.2601807,23.0287282 120.2602053,23.0287124 120.260224,23.0286198 120.2602297,23.0286184 120.2602346,23.0286169 120.2602393,23.028615 120.260244,23.0286129 120.2602484,23.0286104 120.2602527,23.0286077 120.2602567,23.0286047 120.2602605,23.0286014 120.2602641,23.0285979 120.2602674,23.0285942 120.2602711,23.0285893 120.2602737,23.0285852 120.260276,23.0285809 120.2602779,23.0285764 120.2602795,23.0285719 120.2602808,23.0285672 120.2602816,23.0285633 120.2604585,23.0275234 120.2604589,23.0275196 120.260459,23.0275146 120.2604587,23.0275095 120.2604581,23.0275045 120.2604571,23.0274995 120.2604557,23.0274946 120.2604539,23.0274898 120.2604524,23.0274863 120.26045,23.0274817 120.2604473,23.0274773 120.260445,23.0274741 120.2604417,23.02747 120.2604382,23.0274662 120.2604353,23.0274635 120.2604312,23.02746 120.2604272,23.027457 120.2604433,23.0274353 120.2603118,23.0274067 120.2603118,23.0274066 120.2603834,23.027325 120.2604343,23.027264 120.2604406,23.0272641 120.2604459,23.0272637 120.2604512,23.027263 120.2604554,23.027262 120.2604615,23.0272601 120.2604665,23.027258 120.2604699,23.0272563 120.2604755,23.0272528 120.2604797,23.0272497 120.2604836,23.0272462 120.2604871,23.0272425 120.2604902,23.0272384 120.260493,23.0272342 120.2604953,23.0272297 120.2604972,23.027225 120.2604987,23.0272202 120.2604995,23.0272163 120.2605,23.0272128 120.2605903,23.0263792 120.2605905,23.0263758 120.2605904,23.0263699 120.2605899,23.0263651 120.2605886,23.0263593 120.2605866,23.0263536 120.2605854,23.0263509 120.2605836,23.0263473 120.2605814,23.0263439 120.2605796,23.0263414 120.260536,23.0262443 120.2605361,23.0262441 120.2605472,23.0262457 120.2605521,23.026246 120.2605561,23.0262459 120.260559,23.0262457 120.2605643,23.026245 120.2605706,23.0262435 120.2605762,23.0262415 120.2605815,23.0262391 120.2605865,23.0262361 120.2605888,23.0262344 120.2605919,23.026232 120.260596,23.0262281 120.2605979,23.026226 120.2606003,23.026223 120.2606033,23.0262184 120.2606059,23.0262134 120.2606069,23.0262109 120.2606081,23.0262074 120.2606093,23.026202 120.2606102,23.0261955</coordinates></LinearRing></outerBoundaryIs>
          <innerBoundaryIs><LinearRing><coordinates>120.2612354,23.0273761 120.2612609,23.02743 120.2625433,23.027847 120.2644202,23.028457 120.2653362,23.0287536 120.2653376,23.0287062 120.2647472,23.0285056 120.2647769,23.0275012 120.2653729,23.0275159 120.265371,23.0274799 120.261622,23.0273917 120.2616191,23.0274995 120.261619,23.0274996 120.2612354,23.0273761</coordinates></LinearRing></innerBoundaryIs>
          <innerBoundaryIs><LinearRing><coordinates>120.2608718,23.0275598 120.2608784,23.0275826 120.2609521,23.0276038 120.2611687,23.0276562 120.2611547,23.0276027 120.2611091,23.0275915 120.2611138,23.0276117 120.2611137,23.0276118 120.2608718,23.0275598</coordinates></LinearRing></innerBoundaryIs>
          <innerBoundaryIs><LinearRing><coordinates>120.2612578,23.0278771 120.2612772,23.0279252 120.2613937,23.0279382 120.2613753,23.0278915 120.2612578,23.0278771</coordinates></LinearRing></innerBoundaryIs>
          <innerBoundaryIs><LinearRing><coordinates>120.2663432,23.0291891 120.2663242,23.0292809 120.266324,23.0292809 120.2658526,23.029196 120.2658491,23.0292184 120.2663198,23.0293015 120.2667513,23.0293599 120.2674132,23.0294755 120.2678044,23.0295399 120.2681033,23.0294948 120.2683625,23.029535 120.2683659,23.0295011 120.2681228,23.0294607 120.2678087,23.0295088 120.2674145,23.0294405 120.2674362,23.0292385 120.2673824,23.029234 120.2674096,23.0292625 120.2674095,23.0292627 120.2673765,23.0292573 120.2674031,23.0292889 120.267403,23.0292891 120.2671646,23.0292777 120.2668466,23.0292521 120.2668382,23.0293303 120.2668381,23.0293304 120.2665212,23.0292698 120.2663968,23.0292424 120.2663967,23.0292422 120.2664119,23.0291946 120.2663432,23.0291891</coordinates></LinearRing></innerBoundaryIs>
          <innerBoundaryIs><LinearRing><coordinates>120.2620802,23.0295302 120.2619876,23.0295554 120.2619964,23.0295748 120.2620892,23.0295508 120.2620802,23.0295302</coordinates></LinearRing></innerBoundaryIs>
          <innerBoundaryIs><LinearRing><coordinates>120.2662502,23.0315945 120.2662602,23.0316206 120.2662954,23.0316339 120.2662905,23.0316003 120.2662502,23.0315945</coordinates></LinearRing></innerBoundaryIs>
        </Polygon>
      </MultiGeometry>
  </Placemark>
  <Placemark>
	<Style><LineStyle><color>ff0000ff</color></LineStyle><PolyStyle><fill>0</fill></PolyStyle></Style>
	<ExtendedData><SchemaData schemaUrl="#114SEC_DKTBLPD">
		<SimpleData name="段碼">9197</SimpleData>
		<SimpleData name="段名">新明段</SimpleData>
		<SimpleData name="行政區">永康區</SimpleData>
	</SchemaData></ExtendedData>
      <MultiGeometry>
        <Polygon>
          <outerBoundaryIs><LinearRing><coordinates>120.2649597,23.0208347 120.2649762,23.0208351 120.2650868,23.0208521 120.2652903,23.0208742 120.2656273,23.0208814 120.2656273,23.0208845 120.2685543,23.0209546 120.2688765,23.0209509 120.2699936,23.0209748 120.2734143,23.0210554 120.2733558,23.0237947 120.27613,23.0242682 120.2764823,23.0217044 120.277089,23.0216809 120.2770869,23.0216756 120.277087,23.0216755 120.2772788,23.0216697 120.2773643,23.0218961 120.2773965,23.0219821 120.2775922,23.0224613 120.2776003,23.0224818 120.2778713,23.0231384 120.27802,23.023515 120.278138,23.023826 120.2782841,23.0242011 120.2784247,23.0245539 120.2786131,23.0250428 120.2787816,23.0255409 120.2791603,23.0264962 120.2792481,23.0267036 120.2793924,23.0270592 120.2794838,23.0272742 120.2795717,23.0274799 120.2798215,23.0280939 120.2799369,23.028372 120.280036,23.0286035 120.2800605,23.0286384 120.2800931,23.0286918 120.2801424,23.0288156 120.2801645,23.0288753 120.2804578,23.0296293 120.2805201,23.0297949 120.2806645,23.0301607 120.280806,23.030514 120.2808816,23.0307036 120.2810052,23.0309995 120.2810159,23.0310264 120.2810409,23.0310788 120.2810797,23.0312037 120.2810884,23.0312905 120.2810933,23.0313856 120.2810894,23.0314703 120.2810681,23.0315614 120.2809842,23.0318065 120.2808261,23.031763 120.2808261,23.0317629 120.2808381,23.0317285 120.2806404,23.031677 120.2804278,23.0316239 120.2802278,23.0315706 120.2799929,23.0315034 120.2797865,23.0314354 120.2795569,23.0313724 120.2792024,23.0312723 120.2790571,23.0312354 120.2789434,23.0312071 120.2785951,23.0311148 120.2784148,23.0310665 120.2783984,23.0310622 120.2781809,23.0310076 120.2777332,23.0308912 120.2776297,23.030864 120.2775074,23.0308311 120.2772309,23.0307545 120.277077,23.030713 120.2768944,23.0306645 120.2767685,23.0306318 120.2765651,23.0305765 120.2762794,23.0304983 120.2760131,23.0304212 120.2756679,23.0303417 120.2753096,23.030246 120.2753093,23.0302579 120.2753092,23.030258 120.2741534,23.0299619 120.2741454,23.0299592 120.2741407,23.0299573 120.2741361,23.0299551 120.2741316,23.0299528 120.2741273,23.0299502 120.2741231,23.0299474 120.2741191,23.0299444 120.2741153,23.0299413 120.2741117,23.0299379 120.2741082,23.0299344 120.274105,23.0299307 120.274102,23.0299269 120.2740991,23.0299229 120.2740957,23.0299174 120.2740941,23.0299144 120.2740696,23.0299091 120.2740375,23.0299007 120.2740285,23.0298412 120.2740059,23.0300149 120.2739875,23.0300453 120.2739716,23.0300618 120.2739271,23.0300513 120.273515,23.0299528 120.2731801,23.0298702 120.2727873,23.0297802 120.2726383,23.0297466 120.2724573,23.0297196 120.2721712,23.029676 120.2718954,23.0296437 120.2712804,23.0295705 120.271026,23.0295398 120.2699763,23.029416 120.2695298,23.029371 120.2693095,23.0293441 120.2693333,23.028526 120.2693231,23.0285257 120.2693461,23.0276094 120.2693492,23.0275778 120.2693744,23.0266752 120.2654607,23.0265809 120.2654601,23.0265971 120.2653948,23.0265966 120.2653947,23.0265966 120.2653952,23.0265794 120.2613273,23.0264837 120.2613156,23.0265026 120.261238,23.0265008 120.2612379,23.0265006 120.2613532,23.0263255 120.2613552,23.0263175 120.2613574,23.02631 120.2613612,23.0262989 120.2613641,23.0262917 120.2613673,23.0262845 120.2613726,23.0262739 120.2613764,23.0262671 120.2613821,23.0262578 120.262383,23.0247225 120.2623841,23.0247198 120.2623849,23.0247171 120.2623854,23.0247143 120.2623856,23.0247115 120.2623854,23.0247088 120.2623848,23.0247055 120.2623839,23.0247024 120.2623827,23.0246998 120.2623813,23.0246974 120.2623795,23.0246951 120.2623776,23.024693 120.2623758,23.0246914 120.2623738,23.0246899 120.2623689,23.0246867 120.2623617,23.0246823 120.2624339,23.0245724 120.2624602,23.0245729 120.2624672,23.0245702 120.2624725,23.024568 120.2624803,23.0245643 120.2624854,23.0245616 120.2624904,23.0245587 120.2624953,23.0245557 120.2625023,23.0245509 120.2625074,23.0245471 120.2630889,23.0236786 120.2636631,23.0227926 120.2636752,23.0227831 120.2636863,23.0227752 120.2637151,23.0227311 120.2636969,23.0227306 120.2636968,23.0227305 120.2640343,23.022217 120.2641004,23.0221224 120.2649597,23.0208347</coordinates></LinearRing></outerBoundaryIs>
          <innerBoundaryIs><LinearRing><coordinates>120.2653711,23.0213566 120.2653711,23.0213572 120.2653715,23.0213575 120.2653714,23.0213579 120.2653711,23.021358 120.2653712,23.0213586 120.2653718,23.0213582 120.265372,23.0213575 120.2653718,23.0213569 120.2653711,23.0213566</coordinates></LinearRing></innerBoundaryIs>
        </Polygon>
      </MultiGeometry>
  </Placemark>
  <Placemark>
	<Style><LineStyle><color>ff0000ff</color></LineStyle><PolyStyle><fill>0</fill></PolyStyle></Style>
	<ExtendedData><SchemaData schemaUrl="#114SEC_DKTBLPD">
		<SimpleData name="段碼">9198</SimpleData>
		<SimpleData name="段名">大同段</SimpleData>
		<SimpleData name="行政區">永康區</SimpleData>
	</SchemaData></ExtendedData>
      <MultiGeometry>
        <Polygon>
          <outerBoundaryIs><LinearRing><coordinates>120.2602268,23.0233652 120.2602636,23.0234221 120.2601193,23.0235041 120.2601191,23.023504 120.2600823,23.0234473 120.2602268,23.0233652</coordinates></LinearRing></outerBoundaryIs>
        </Polygon>
        <Polygon>
          <outerBoundaryIs><LinearRing><coordinates>120.2633031,23.0162047 120.2633032,23.0162048 120.2632404,23.0164149 120.263271,23.0164226 120.2636258,23.0165066 120.2645969,23.0167597 120.264597,23.0167598 120.2645647,23.0168061 120.2645647,23.0168104 120.2645643,23.0168151 120.2645637,23.0168187 120.2645625,23.0168232 120.2644621,23.0171445 120.2644597,23.0171498 120.2644578,23.0171532 120.2644551,23.0171572 120.2644521,23.017161 120.2644486,23.0171646 120.2644449,23.0171678 120.2644409,23.0171708 120.2644366,23.0171734 120.2644311,23.017176 120.2644263,23.0171778 120.2644204,23.0171795 120.2644144,23.0171805 120.2644082,23.017181 120.2644031,23.0171809 120.264398,23.0171805 120.2643919,23.0171793 120.2639437,23.017059 120.2639199,23.0171277 120.2640557,23.0171642 120.2640005,23.0173435 120.2643691,23.0174424 120.2642658,23.0177735 120.2643782,23.0178038 120.2639221,23.0192646 120.2655237,23.019656 120.2655237,23.0196561 120.26534,23.0199333 120.2655708,23.0199226 120.2655709,23.0199227 120.2655439,23.0208797 120.2652903,23.0208744 120.2650868,23.0208523 120.2649761,23.0208353 120.2649598,23.0208349 120.2641006,23.0221225 120.2640344,23.0222171 120.2636971,23.0227304 120.2637153,23.0227309 120.2637154,23.022731 120.2636865,23.0227753 120.2636753,23.0227832 120.2636632,23.0227927 120.263089,23.0236787 120.2625076,23.0245472 120.2625025,23.0245511 120.2624954,23.0245559 120.2624905,23.0245589 120.2624855,23.0245617 120.2624804,23.0245644 120.2624726,23.0245681 120.2624673,23.0245704 120.2624602,23.0245731 120.262434,23.0245725 120.2623619,23.0246824 120.2623691,23.0246866 120.2623739,23.0246898 120.2623759,23.0246912 120.2623777,23.0246929 120.2623797,23.024695 120.2623814,23.0246973 120.2623829,23.0246998 120.262384,23.0247024 120.262385,23.0247055 120.2623856,23.0247087 120.2623858,23.0247115 120.2623856,23.0247143 120.2623851,23.0247171 120.2623843,23.0247198 120.2623831,23.0247226 120.2613823,23.0262579 120.2613766,23.0262671 120.2613727,23.026274 120.2613675,23.0262846 120.2613643,23.0262917 120.2613614,23.026299 120.2613576,23.0263101 120.2613554,23.0263175 120.2613533,23.0263255 120.2612381,23.0265007 120.2609415,23.0264939 120.2609373,23.0264939 120.2609334,23.0264941 120.2609296,23.0264945 120.2609244,23.0264953 120.2609182,23.0264968 120.260912,23.0264988 120.2609061,23.0265012 120.2609027,23.0265029 120.2608993,23.0265048 120.260894,23.0265083 120.2608881,23.026513 120.2608836,23.0265173 120.2608796,23.026522 120.2608766,23.026526 120.2608746,23.0265291 120.2608728,23.0265323 120.2608712,23.0265356 120.2608689,23.0265412 120.2608674,23.0265458 120.2608663,23.0265505 120.2608655,23.026556 120.2608496,23.026588 120.2607838,23.0265896 120.2606101,23.0261956 120.2607586,23.0248234 120.2607587,23.0248199 120.2607583,23.0248158 120.2607576,23.0248123 120.2607564,23.0248083 120.260755,23.0248051 120.260753,23.0248013 120.2607506,23.0247978 120.2607478,23.0247945 120.2607451,23.024792 120.2607417,23.0247893 120.2607379,23.024787 120.2607347,23.0247853 120.2607312,23.0247839 120.2607269,23.0247826 120.2607225,23.0247817 120.2607179,23.0247812 120.2607178,23.0247811 120.2607398,23.0246726 120.2608116,23.024607 120.2607628,23.0245839 120.2607571,23.0245905 120.2607518,23.024596 120.2607462,23.0246012 120.2607401,23.0246063 120.2600554,23.0251495 120.2600552,23.0251495 120.2600475,23.0251354 120.2598095,23.0245956 120.2594558,23.0237633 120.2586469,23.0219534 120.2586308,23.0219402 120.2583618,23.0213217 120.2604593,23.0204136 120.2616177,23.0208118 120.2618681,23.0203752 120.2618997,23.0203186 120.2619278,23.0202321 120.2621673,23.0194874 120.2622821,23.0191036 120.2625352,23.0182615 120.2628097,23.017346 120.2630992,23.0163785 120.2630993,23.0163784 120.2631412,23.0163911 120.2631285,23.0164325 120.2631579,23.0164293 120.2632247,23.0162061 120.2633031,23.0162047</coordinates></LinearRing></outerBoundaryIs>
          <innerBoundaryIs><LinearRing><coordinates>120.2635033,23.0184945 120.2633908,23.0188635 120.2638308,23.0189789 120.2638369,23.0189799 120.26384,23.0189802 120.2638441,23.0189803 120.2638503,23.0189801 120.2638564,23.0189792 120.2638623,23.0189778 120.2638681,23.0189757 120.2638736,23.0189732 120.2638771,23.0189712 120.2638797,23.0189695 120.2638829,23.0189671 120.2638866,23.0189639 120.2638901,23.0189603 120.2638926,23.0189573 120.2638954,23.0189533 120.2638973,23.0189499 120.263899,23.0189464 120.2639004,23.0189429 120.263984,23.0186752 120.2639847,23.0186724 120.2639854,23.0186687 120.2639858,23.018663 120.2639856,23.0186573 120.2639848,23.0186516 120.2639833,23.0186461 120.263982,23.0186425 120.2639809,23.0186399 120.2639781,23.0186348 120.2639748,23.01863 120.2639716,23.0186262 120.2639688,23.0186235 120.263965,23.0186202 120.2639618,23.0186179 120.2639575,23.0186152 120.2639531,23.0186129 120.2639493,23.0186114 120.2639455,23.0186101 120.2635033,23.0184945</coordinates></LinearRing></innerBoundaryIs>
          <innerBoundaryIs><LinearRing><coordinates>120.2633696,23.0189332 120.2633259,23.0190766 120.2638185,23.0192053 120.2638467,23.019115 120.2638474,23.0191124 120.2638482,23.0191087 120.2638488,23.019105 120.263849,23.0191012 120.263849,23.0190983 120.2638487,23.0190946 120.2638483,23.0190917 120.2638476,23.019088 120.2638468,23.0190853 120.2638456,23.0190817 120.2638441,23.0190782 120.2638423,23.0190747 120.2638408,23.0190723 120.2638386,23.0190691 120.2638361,23.0190661 120.2638342,23.0190639 120.2638321,23.0190618 120.2638291,23.0190592 120.2638259,23.0190568 120.2638226,23.0190546 120.2638182,23.0190522 120.2638145,23.0190505 120.2638108,23.0190491 120.2638064,23.0190478 120.2633696,23.0189332</coordinates></LinearRing></innerBoundaryIs>
          <innerBoundaryIs><LinearRing><coordinates>120.2634497,23.0201859 120.2633998,23.0203479 120.2629772,23.0202391 120.2629449,23.0203431 120.2633856,23.0204565 120.2633912,23.0204582 120.263396,23.0204601 120.2634014,23.020463 120.2634056,23.0204657 120.2634088,23.0204681 120.2634111,23.0204701 120.263414,23.0204728 120.2634166,23.0204758 120.2634184,23.0204781 120.2634207,23.0204813 120.2634227,23.0204847 120.263424,23.0204873 120.2634255,23.0204908 120.2634268,23.0204945 120.2634277,23.0204982 120.2634283,23.020501 120.2634287,23.0205039 120.263429,23.0205077 120.263429,23.0205105 120.2634287,23.0205144 120.263428,23.0205191 120.2634269,23.0205237 120.2633864,23.0206617 120.2635668,23.0207077 120.2636231,23.0205178 120.2636232,23.0205178 120.2638872,23.0205859 120.2639188,23.0204818 120.2636423,23.0204104 120.2636376,23.020409 120.2636329,23.0204071 120.2636283,23.0204049 120.2636248,23.0204028 120.2636223,23.0204012 120.2636191,23.0203987 120.2636161,23.0203961 120.2636133,23.0203933 120.2636113,23.0203911 120.2636089,23.020388 120.2636067,23.0203847 120.2636053,23.0203822 120.2636039,23.0203796 120.2636024,23.020376 120.2636011,23.0203724 120.2636002,23.0203687 120.2635995,23.0203649 120.2635991,23.020362 120.2635989,23.0203582 120.263599,23.0203553 120.2635995,23.0203496 120.2636003,23.0203458 120.263601,23.0203431 120.2636329,23.0202343 120.2635206,23.0202041 120.2634497,23.0201859</coordinates></LinearRing></innerBoundaryIs>
          <innerBoundaryIs><LinearRing><coordinates>120.262798,23.0212142 120.2626553,23.0217058 120.2629897,23.021807 120.2629935,23.0218079 120.2629984,23.0218086 120.2630033,23.021809 120.2630073,23.021809 120.2630122,23.0218087 120.2630161,23.0218082 120.26302,23.0218073 120.2630247,23.021806 120.2630275,23.021805 120.2630311,23.0218035 120.2630363,23.0218007 120.2630395,23.0217986 120.2630418,23.0217969 120.2630462,23.0217932 120.2630501,23.0217891 120.2630519,23.0217869 120.2630541,23.0217838 120.2630569,23.021779 120.2630585,23.0217756 120.2630595,23.021773 120.263158,23.0214385 120.2631823,23.0213551 120.2632082,23.021268 120.2632061,23.0212727 120.2632038,23.0212769 120.2632004,23.0212816 120.2631978,23.0212846 120.2631944,23.0212881 120.2631914,23.0212907 120.2631873,23.0212936 120.263183,23.0212962 120.2631785,23.0212984 120.2631738,23.0213003 120.263169,23.0213018 120.263164,23.0213029 120.2631599,23.0213034 120.2631548,23.0213038 120.2631497,23.0213037 120.2631446,23.0213032 120.2631416,23.0213028 120.2631373,23.0213018 120.262798,23.0212142</coordinates></LinearRing></innerBoundaryIs>
          <innerBoundaryIs><LinearRing><coordinates>120.2621045,23.0214057 120.2620848,23.0214727 120.2620847,23.0214728 120.2620473,23.0214628 120.262031,23.0215183 120.2621198,23.0215438 120.2621193,23.0215435 120.2621575,23.0214198 120.2621045,23.0214057</coordinates></LinearRing></innerBoundaryIs>
          <innerBoundaryIs><LinearRing><coordinates>120.2623979,23.0221447 120.2623835,23.0222159 120.2626404,23.0222865 120.2626404,23.0222866 120.2625901,23.0224429 120.2627556,23.0224885 120.2627556,23.0224887 120.2627384,23.0225273 120.2628513,23.0225576 120.262988,23.0222518 120.2628722,23.0222268 120.2628691,23.0222315 120.2628664,23.0222348 120.2628636,23.0222379 120.2628597,23.0222416 120.2628554,23.0222449 120.2628518,23.0222473 120.262848,23.0222495 120.2628431,23.0222518 120.262838,23.0222538 120.2628337,23.022255 120.2628284,23.0222562 120.262824,23.0222568 120.2628184,23.0222572 120.262814,23.0222572 120.2628096,23.0222569 120.2628041,23.0222561 120.2627984,23.0222548 120.2623979,23.0221447</coordinates></LinearRing></innerBoundaryIs>
          <innerBoundaryIs><LinearRing><coordinates>120.2609135,23.0222492 120.260883,23.0224415 120.2610606,23.0224658 120.2610904,23.0222726 120.2609135,23.0222492</coordinates></LinearRing></innerBoundaryIs>
          <innerBoundaryIs><LinearRing><coordinates>120.2624412,23.0224478 120.2623949,23.0225933 120.2623947,23.0225933 120.262277,23.0225609 120.2622565,23.0226305 120.2625862,23.0227212 120.2625905,23.0227225 120.262594,23.0227239 120.2625966,23.0227251 120.2625991,23.0227264 120.2626023,23.0227284 120.2626053,23.0227305 120.2626075,23.0227323 120.2626102,23.0227348 120.2626122,23.0227367 120.2626146,23.0227395 120.2626173,23.0227432 120.2626192,23.0227463 120.2626212,23.0227503 120.2626229,23.0227544 120.2626239,23.0227578 120.2626248,23.0227622 120.2626254,23.0227666 120.2626335,23.0227688 120.2626948,23.0226245 120.2626926,23.0226284 120.2626902,23.0226319 120.2626876,23.0226352 120.2626839,23.0226391 120.26268,23.0226427 120.2626766,23.0226453 120.2626729,23.0226477 120.2626692,23.0226499 120.2626642,23.0226522 120.2626601,23.0226538 120.2626559,23.0226551 120.2626506,23.0226564 120.2626462,23.0226571 120.2626407,23.0226575 120.2626362,23.0226576 120.2626318,23.0226573 120.2626263,23.0226566 120.2626196,23.0226552 120.2624331,23.0226039 120.2624794,23.022458 120.2624412,23.0224478</coordinates></LinearRing></innerBoundaryIs>
          <innerBoundaryIs><LinearRing><coordinates>120.2601714,23.0232349 120.2599941,23.0233108 120.2599922,23.023308 120.2599866,23.0233148 120.2599814,23.0233207 120.2599759,23.0233265 120.2599673,23.0233348 120.2599088,23.0233856 120.260064,23.0236581 120.2601769,23.0236022 120.2601586,23.0235646 120.2603029,23.0234826 120.260303,23.0234826 120.260335,23.023532 120.2604292,23.0236826 120.2604358,23.0236407 120.2603882,23.0235599 120.2601714,23.0232349</coordinates></LinearRing></innerBoundaryIs>
          <innerBoundaryIs><LinearRing><coordinates>120.2615353,23.0240587 120.2612852,23.0244383 120.261285,23.0244383 120.2611102,23.024338 120.2610957,23.024429 120.2610861,23.0245175 120.2610858,23.0245231 120.2610861,23.0245293 120.2610865,23.0245324 120.2610874,23.0245365 120.2610882,23.0245395 120.2610895,23.0245434 120.2610908,23.0245463 120.2610926,23.0245501 120.2610959,23.0245554 120.2610985,23.0245588 120.2611006,23.0245613 120.2611028,23.0245636 120.2611059,23.0245665 120.261111,23.0245705 120.2611147,23.0245729 120.2611185,23.0245751 120.2611224,23.024577 120.2611265,23.0245786 120.2611308,23.02458 120.2611351,23.0245811 120.2611394,23.0245819 120.2611439,23.0245824 120.2611483,23.0245826 120.2611525,23.0245826 120.2612231,23.0245798 120.2615221,23.0241305 120.2615353,23.0240587</coordinates></LinearRing></innerBoundaryIs>
          <innerBoundaryIs><LinearRing><coordinates>120.2620334,23.0243895 120.2619964,23.0244722 120.2619963,23.0244723 120.2619289,23.0244343 120.2618959,23.0245082 120.2618942,23.0245117 120.2618908,23.0245177 120.2618869,23.0245234 120.2618824,23.0245287 120.2618767,23.0245344 120.2621038,23.0246607 120.2621646,23.0245605 120.26208,23.0245581 120.2620842,23.0244182 120.2620334,23.0243895</coordinates></LinearRing></innerBoundaryIs>
          <innerBoundaryIs><LinearRing><coordinates>120.2598727,23.0242872 120.2597529,23.0243595 120.2598515,23.0245774 120.260014,23.0244684 120.2598727,23.0242872</coordinates></LinearRing></innerBoundaryIs>
        </Polygon>
      </MultiGeometry>
  </Placemark>
</Folder>
</Document></kml>
