鄉鎮市區,交易標的,土地位置建物門牌,土地移轉總面積平方公尺,都市土地使用分區,非都市土地使用分區,非都市土地使用編定,交易年月日,交易筆棟數,移轉層次,總樓層數,建物型態,主要用途,主要建材,建築完成年月,建物移轉總面積平方公尺,建物現況格局-房,建物現況格局-廳,建物現況格局-衛,建物現況格局-隔間,有無管理組織,總價元,單價元平方公尺,車位類別,車位移轉總面積平方公尺,車位總價元,備註,編號,主建物面積,附屬建物面積,陽台面積,電梯,移轉編號
The villages and towns urban district,transaction sign,land sector position building sector house number plate,land shifting total area square meter,the use zoning or compiles and checks,the non-metropolis land use district,non-metropolis land use,transaction year month and day,transaction pen number,shifting level,total floor number,building state,main use,main building materials,construction to complete the years,building shifting total area,Building present situation pattern - room,building present situation pattern - hall,building present situation pattern - health,building present situation pattern - compartmented,Whether there is manages the organization,total price NTD,the unit price (NTD / square meter),the berth category,berth shifting total area square meter,the berth total price NTD,the note,serial number,main building area,auxiliary building area,balcony area,elevator,transaction number
北區,房地(土地+建物)+車位,臺南市北區開元路５２３號十一樓之８,10.59,商,,,1150101,土地3建物1車位1,十一層,二十四層,住宅大樓(11層含以上有電梯),住家用,鋼筋混凝土構造,1041105,154.54000000000002,3,2,2,有,有,10380000,67167,坡道平面,32.55,0,,RPPOMLQKJHLGFAD67DA,71.09,7.4,7.93,有,0001
東區,房地(土地+建物),臺南市東區裕豐街２９號四樓之９,6.57,住,,,1150108,土地2建物1車位0,四層,五層,公寓(5樓含以下無電梯),住家用,鋼筋混凝土造,0781124,27.43,1,1,1,有,有,1550000,56507,,0.0,0,,RPPNMLPKJHLGFCD67DA,15.39,0.0,2.01,無,0002
鹽水區,土地,飯店段1272地號,800.0,,特定農業區,甲種建築用地,1150102,土地1建物0車位0,,,其他,,,,0.0,0,0,0,無,無,3000000,3750,,0.0,0,含土地增值稅或其他稅費；親友、員工、共有人或其他特殊關係間之交易；,RPRNMLRJJHLGFDD08DA,0.0,0.0,0.0,無,0003
新營區,土地,太子宮段太子宮小段804地號,1175.0,,特定農業區,農牧用地,1150113,土地1建物0車位0,,,其他,,,,0.0,0,0,0,無,無,1380000,1174,,0.0,0,賣方賣清。親友、員工、共有人或其他特殊關係間之交易；,RPPNMLRKJHLGFDD97DA,0.0,0.0,0.0,無,
六甲區,土地,中社段1171地號,1924.0,,特定農業區,農牧用地,1150102,土地1建物0車位0,,,其他,,,,0.0,0,0,0,無,無,3078400,1600,,0.0,0,,RPSNMLPJJHLGFFD18DA,0.0,0.0,0.0,無,
官田區,土地,二鎮段二鎮小段442-9地號,196.0,住,,,1150113,土地1建物0車位0,,,其他,,,,0.0,0,0,0,無,無,3100000,15816,,0.0,0,,RPXNMLNKJHLGFFD58DA,0.0,0.0,0.0,無,
大內區,土地,大內段1858地號,5138.69,,一般農業區,農牧用地,1150112,土地11建物0車位0,,,其他,,,,0.0,0,0,0,無,無,2500000,487,,0.0,0,,RPRPMLPKJHLGFFD38DA,0.0,0.0,0.0,無,0004
學甲區,土地,學甲段655-5地號,38.0,,一般農業區,農牧用地,1150105,土地1建物0車位0,,,其他,,,,0.0,0,0,0,無,無,79800,2100,,0.0,0,協議價購；,RPXOMLPKJHLGFGD98DA,0.0,0.0,0.0,無,
學甲區,土地,學甲段655-6地號,170.0,,一般農業區,交通用地,1150105,土地1建物0車位0,,,其他,,,,0.0,0,0,0,無,無,340000,2000,,0.0,0,協議價購；,SPXOMLPKJHLGFGD09DA,0.0,0.0,0.0,無,
將軍區,土地,西華段960地號,53.75,住,,,1150109,土地1建物0車位0,,,其他,,,,0.0,0,0,0,無,無,400000,7442,,0.0,0,含土地增值稅或其他稅費；含地政士服務費；,RPPNMLKLJHLGFGD67DA,0.0,0.0,0.0,無,
安定區,土地,光榮段106地號,166.66,,特定農業區,甲種建築用地,1150105,土地1建物0車位0,,,其他,,,,0.0,0,0,0,無,無,8066223,48399,,0.0,0,,RPSNMLPJJHLGFHD38DA,0.0,0.0,0.0,無,
安定區,土地,光榮段109地號,3.04,,特定農業區,交通用地,1150105,土地1建物0車位0,,,其他,,,,0.0,0,0,0,無,無,27610,9082,,0.0,0,,SPSNMLPJJHLGFHD48DA,0.0,0.0,0.0,無,
善化區,土地,北子店段一小段731地號,2700.0,,一般農業區,農牧用地,1150102,土地1建物0車位0,,,其他,,,,0.0,0,0,0,無,無,16470000,6100,,0.0,0,,RPUNMLQKJHLGFHD78DA,0.0,0.0,0.0,無,
歸仁區,房地(土地+建物),臺南市歸仁區中正十五街２８號,95.41,,一般農業區,甲種建築用地,1150105,土地2建物1車位0,全,二層,透天厝,住家用,鋼筋混凝土造,0810603,112.9,3,1,2,有,無,2850000,25244,,0.0,0,親友、員工、共有人或其他特殊關係間之交易；,RPWOMLPJJHLGFID98DA,91.11,15.66,6.13,無,
永康區,房地(土地+建物),臺南市永康區五王里成功路１８８巷２號七樓之３,5.72,住,,,1150106,土地3建物1車位0,七層,七層,華廈(10層含以下有電梯),住家用,鋼筋混凝土造,0820716,32.56,1,0,1,有,有,900000,27641,,0.0,0,親友、員工、共有人或其他特殊關係間之交易；,RPXNMLMKJHLGFKD98DA,19.79,0.0,5.4,有,0005
永康區,土地,龍潭段380地號,135.99,住,,,1150108,土地1建物0車位0,,,其他,,,,0.0,0,0,0,無,無,6960000,51180,,0.0,0,本件為空地親友、員工、共有人或其他特殊關係間之交易；,RPPNMLSKJHLGFKD78DA,0.0,0.0,0.0,無,
永康區,房地(土地+建物),臺南市永康區復興路３３巷７２號,101.75,農,,,1150108,土地2建物1車位0,全,四層,透天厝,住家用,鋼筋混凝土構造,1070330,215.23,5,2,5,有,無,18950000,88045,,0.0,0,,RPRNMLKLJHLGFKD28DA,189.2,0.0,26.03,無,0006
東山區,土地,牛肉崎段39-2地號,1001.46,,山坡地保育區,農牧用地,1150114,土地1建物0車位0,,,其他,,,,0.0,0,0,0,無,無,400000,399,,0.0,0,親友、員工、共有人或其他特殊關係間之交易；,RPPNMLQKJHLGFED08EA,0.0,0.0,0.0,無,0007
東山區,土地,牛肉崎段39-2地號,1001.46,,山坡地保育區,農牧用地,1150114,土地1建物0車位0,,,其他,,,,0.0,0,0,0,無,無,450000,449,,0.0,0,,SPPNMLQKJHLGFED18EA,0.0,0.0,0.0,無,0007
東區,房地(土地+建物),臺南市東區裕豐街２１４巷５４之３號,29.8,住,,,1150109,土地1建物1車位0,四層,五層,公寓(5樓含以下無電梯),住家用,鋼筋混凝土造,0690726,94.1,3,2,2,有,無,4050000,43039,,0.0,0,陽台外推；,RPTNMLQKJHLGFCD18DA,81.5,0.0,0.0,無,
東區,房地(土地+建物)+車位,臺南市東區崇慶街一段９６號五樓之１,21.81,住,,,1150103,土地1建物1車位1,五層,十五層,住宅大樓(11層含以上有電梯),住家用,鋼筋混凝土造,1130816,146.06,3,2,2,有,有,16300000,121275,坡道平面,26.25,1770000,,RPRNMLLLJHLGFCD57DA,69.75,0.0,8.12,有,
鹽水區,土地,南竹子段1224地號,2650.0,,特定農業區,農牧用地,1150105,土地1建物0車位0,,,其他,,,,0.0,0,0,0,無,無,2750000,1038,,0.0,0,,RPUNMLKLJHLGFDD87DA,0.0,0.0,0.0,無,
麻豆區,土地,安西段785地號,162.79,,鄉村區,乙種建築用地,1150111,土地1建物0車位0,,,其他,,,,0.0,0,0,0,無,無,660000,4054,,0.0,0,親友、員工、共有人或其他特殊關係間之交易；,RPQNMLQKJHLGFFD18DA,0.0,0.0,0.0,無,
西港區,土地,南海段532地號,121.93,都市：其他:道路用地,,,1150102,土地1建物0車位0,,,其他,,,,0.0,0,0,0,無,無,215000,1763,,0.0,0,包含公共設施保留地用地；,RPWNMLMJJHLGFGD38DA,0.0,0.0,0.0,無,0009
鹽水區,土地,汫水段1328地號,1285.1,,一般農業區,農牧用地,1150105,土地1建物0車位0,,,其他,,,,0.0,0,0,0,無,無,1156590,900,,0.0,0,,RPPNMLKLJHLGFDD47EA,0.0,0.0,0.0,無,
鹽水區,土地,仁愛段174地號,82.27,住,,,1150115,土地1建物0車位0,,,其他,,,,0.0,0,0,0,無,無,3370000,40963,,0.0,0,政府機關標讓售；,RPPNMLLLJHLGFDD57EA,0.0,0.0,0.0,無,
六甲區,土地,光明段474地號,22.53,都市：其他:住宅區,,,1150105,土地5建物0車位0,,,其他,,,,0.0,0,0,0,無,無,320000,14203,,0.0,0,親友、員工、共有人或其他特殊關係間之交易；,RPPNMLTKJHLGFFD48EA,0.0,0.0,0.0,無,
佳里區,房地(土地+建物)+車位,臺南市佳里區南勢街２０６巷３２號二樓之３,71.47,住,,,1150112,土地3建物1車位7,二層,五層,華廈(10層含以下有電梯),住家用,鋼筋混凝土造,1121228,230.78000000000003,3,2,2,有,有,12565800,54449,一樓平面,102.55,0,,RPQNMLKLJHLGFGD87EA,80.84,0.0,12.67,有,
安南區,房地(土地+建物)+車位,臺南市安南區安富二街９０號十樓之６,16.19,住,,,1150111,土地1建物1車位1,十層,十四層,住宅大樓(11層含以上有電梯),住家用,鋼筋混凝土造,1140402,104.55000000000001,2,2,1,有,有,7500000,71736,坡道平面,26.43,0,,RPSNMLNKJHLGFBD67DA,46.64,0.0,4.57,有,0010
安南區,土地,媽宮段1135地號,62.01,都市：其他:細部計畫道路用地,,,1150113,土地3建物0車位0,,,其他,,,,0.0,0,0,0,無,無,2000000,32253,,0.0,0,,RPWNMLOKJHLGFBD18DA,0.0,0.0,0.0,無,0011
安南區,土地,南興段28地號,16.75,住,,,1150109,土地1建物0車位0,,,其他,,,,0.0,0,0,0,無,無,1006173,60070,,0.0,0,政府機關標讓售；,RPUNMLQKJHLGFBD18DA,0.0,0.0,0.0,無,
安南區,土地,怡安段786-2地號,57.91,住,,,1150105,土地1建物0車位0,,,其他,,,,0.0,0,0,0,無,無,4880000,84269,,0.0,0,親友、員工、共有人或其他特殊關係間之交易；,RPQNMLKLJHLGFBD27DA,0.0,0.0,0.0,無,0012
白河區,土地,虎山段1983地號,4.61,,一般農業區,農牧用地,1150115,土地1建物0車位0,,,其他,,,,0.0,0,0,0,無,無,5532,1200,,0.0,0,協議價購；,RPPNMLTKJHLGFED28DA,0.0,0.0,0.0,無,0013
白河區,土地,虎山段1983地號,4.61,,一般農業區,農牧用地,1150115,土地1建物0車位0,,,其他,,,,0.0,0,0,0,無,無,5532,1200,,0.0,0,協議價購；,RPQNMLTKJHLGFED38DA,0.0,0.0,0.0,無,0013
東山區,土地,下南勢段762-1地號,1157.05,,山坡地保育區,農牧用地,1150119,土地1建物0車位0,,,其他,,,,0.0,0,0,0,無,無,210000,181,,0.0,0,,RPPNMLKLJHLGFED47DA,0.0,0.0,0.0,無,0015
大內區,土地,石城段697地號,515.83,農,,,1150107,土地1建物0車位0,,,其他,,,,0.0,0,0,0,無,無,2340000,4536,,0.0,0,農作物；,RPVNMLPKJHLGFFD58DA,0.0,0.0,0.0,無,
下營區,土地,營中段417地號,213.97,住,,,1150105,土地1建物0車位0,,,其他,,,,0.0,0,0,0,無,無,3780000,17666,,0.0,0,,RPPNMLKLJHLGFFD57DA,0.0,0.0,0.0,無,
下營區,土地,營中段419地號,107.54,住,,,1150105,土地1建物0車位0,,,其他,,,,0.0,0,0,0,無,無,2147000,19965,,0.0,0,,RPQNMLKLJHLGFFD67DA,0.0,0.0,0.0,無,
七股區,土地,三合段1143地號,1995.0,,特定農業區,農牧用地,1150113,土地1建物0車位0,,,其他,,,,0.0,0,0,0,無,無,4000000,2005,,0.0,0,,RPTNMLNKJHLGFGD28DA,0.0,0.0,0.0,無,0016
新化區,土地,中興段287地號,1169.55,,森林區,農牧用地,1150120,土地1建物0車位0,,,其他,,,,0.0,0,0,0,無,無,900000,770,,0.0,0,親友、員工、共有人或其他特殊關係間之交易；,RPRNMLKLJHLGFHD97DA,0.0,0.0,0.0,無,
龍崎區,土地,崎頂段367-31地號,1177.0,,山坡地保育區,農牧用地,1150115,土地1建物0車位0,,,其他,,,,0.0,0,0,0,無,無,2700000,2294,,0.0,0,未登記建物；,RPXPMLPKJHLGFID66DA,0.0,0.0,0.0,無,
歸仁區,土地,歸仁北段1219地號,283.36,農,,,1150112,土地2建物0車位0,,,其他,,,,0.0,0,0,0,無,無,3000000,10587,,0.0,0,未登記建物；,RPWNMLKLJHLGFID58DA,0.0,0.0,0.0,無,
永康區,房地(土地+建物),臺南市永康區大灣路７６４巷５６號六樓之１６,4.11,住,,,1150107,土地1建物1車位0,六層,六層,華廈(10層含以下有電梯),辦公用,鋼筋混凝土造,0940708,16.73,1,1,1,有,有,1250000,74716,,0.0,0,陽台外推；夾層；,RPPPMLRJJHLGFKD78DA,6.45,0.35,1.84,有,
永康區,土地,信義段172-4地號,44.43,住,,,1150105,土地1建物0車位0,,,其他,,,,0.0,0,0,0,無,無,4729574,106450,,0.0,0,政府機關標讓售；,RPPOMLKLJHLGFKD18DA,0.0,0.0,0.0,無,
柳營區,土地,果毅段174地號,177.2,,鄉村區,乙種建築用地,1150114,土地2建物0車位0,,,其他,,,,0.0,0,0,0,無,無,1200000,6772,,0.0,0,,RPPNMLQKJHLGFDD97EA,0.0,0.0,0.0,無,0017
柳營區,土地,果毅段174地號,177.2,,鄉村區,乙種建築用地,1150115,土地2建物0車位0,,,其他,,,,0.0,0,0,0,無,無,1200000,6772,,0.0,0,,RPQNMLMLJHLGFDD77EA,0.0,0.0,0.0,無,0017
官田區,土地,福安段971地號,89.01,住,,,1150111,土地3建物0車位0,,,其他,,,,0.0,0,0,0,無,無,3100000,34828,,0.0,0,未登記建物；,RPQNMLMLJHLGFFD97EA,0.0,0.0,0.0,無,
七股區,房地(土地+建物),臺南市七股區城內６６之３號,7312.72,,特定農業區,農牧用地,1150109,土地8建物7車位0,全,一層,透天厝,其他,磚木構造,1070918,4205.12,0,0,0,無,無,5650000,1344,,0.0,0,親友、員工、共有人或其他特殊關係間之交易；未登記建物；,RPQNMLMLJHLGFGD08EA,4205.12,0.0,0.0,無,
善化區,房地(土地+建物),臺南市善化區東勢寮１４８之２號,286.0,,鄉村區,乙種建築用地,1150105,土地1建物1車位0,全,三層,透天厝,住家用,鋼筋混凝土造,0830727,274.37,5,2,2,有,無,12000000,43737,,0.0,0,親友、員工、共有人或其他特殊關係間之交易；,RPPNMLNLJHLGFHD18EA,245.73,0.0,28.64,無,
北區,建物,臺南市北區開元路６６巷２５號四樓,0.0,,,,1150102,土地0建物1車位0,四層，電梯樓梯間,五層,華廈(10層含以下有電梯),住家用,鋼筋混凝土造,0700529,91.77,3,2,2,有,有,2500000,27242,,0.0,0,建物坐落地號：東豐段974-39地號；親友、員工、共有人或其他特殊關係間之交易；,RPPOMLMJJHLGFAD17DA,84.02,0.0,0.0,有,
北區,房地(土地+建物),臺南市北區東豐路４５１巷１弄３４號,75.0,住,,,1150102,土地1建物1車位0,全,三層,透天厝,,鋼筋混凝土造,0681017,133.92,5,3,3,有,無,13500000,100806,,0.0,0,其他增建；,RPPTMLQJJHLGFAD08DA,133.92,0.0,0.0,無,
中西區,土地,府前段121地號,14.38,商,,,1150104,土地2建物0車位0,,,其他,,,,0.0,0,0,0,無,無,2600000,180807,,0.0,0,未登記建物；,RPRPMLOKJHLGFAD77DA,0.0,0.0,0.0,無,0019
安平區,土地,漁港段134地號,5.83,都市：其他:特定住宅專用區,,,1150115,土地2建物0車位0,,,其他,,,,0.0,0,0,0,無,無,200000,34305,,0.0,0,含土地增值稅或其他稅費；含地政士服務費；親友、員工、共有人或其他特殊關係間之交易；,RPUNMLQKJHLGFAD08DA,0.0,0.0,0.0,無,0020
安平區,房地(土地+建物),臺南市安平區建平九街８８號,200.0,住,,,1150110,土地2建物1車位0,全,五層,透天厝,住家用,鋼筋混凝土構造,1050316,548.98,6,3,6,有,無,46180000,84120,,0.0,0,,RPUNMLMLJHLGFAD77DA,491.92,0.0,57.06,無,0021
安南區,房地(土地+建物),臺南市安南區長和路一段９４１巷２號,77.23,住,,,1150107,土地1建物1車位0,全,二層,透天厝,住家用,加強磚造,0651210,71.08,2,1,1,有,無,4000000,56275,,0.0,0,土地增值稅及登記所需費用由買方負擔。含土地增值稅或其他稅費96520元；含地政士服務費；,RPSNMLQKJHLGFBD97DA,71.08,0.0,0.0,無,
南區,房地(土地+建物),臺南市南區萬年三街２４０號,14.88,住,,,1150116,土地1建物1車位0,一層，見其他登記事項,十五層,住宅大樓(11層含以上有電梯),住商用,鋼筋混凝土造,1050527,92.51,2,1,2,有,有,7000000,75667,,0.0,0,,RPUNMLTKJHLGFCD58DA,55.5,0.0,6.34,有,
東區,房地(土地+建物),臺南市東區林森路一段１６０號七樓之８,3.08,住,,,1150110,土地1建物1車位0,七層,十二層,住宅大樓(11層含以上有電梯),商業用,鋼筋混凝土造,0790926,23.490000000000002,1,0,1,有,有,1880000,80034,,0.0,0,,RPPNMLMLJHLGFCD47DA,12.85,0.0,2.87,有,0022
新營區,房地(土地+建物),臺南市新營區太子路１０１號,88.83,住,,,1150102,土地1建物1車位0,全,四層,透天厝,住家用,鋼筋混凝土造,1140207,205.14,5,2,5,有,無,19000000,92620,,0.0,0,,RPPNMLRJJHLGFDD87DA,179.53,0.0,25.61,無,
柳營區,土地,太康段797地號,1000.0,,特定農業區,農牧用地,1150117,土地1建物0車位0,,,其他,,,,0.0,0,0,0,無,無,2150000,2150,,0.0,0,,RPSNMLLLJHLGFDD77DA,0.0,0.0,0.0,無,
柳營區,土地,太康段796地號,1000.0,,特定農業區,農牧用地,1150117,土地1建物0車位0,,,其他,,,,0.0,0,0,0,無,無,2150000,2150,,0.0,0,,RPTNMLLLJHLGFDD87DA,0.0,0.0,0.0,無,
東山區,土地,田尾段2090地號,1496.0,,特定農業區,農牧用地,1150112,土地1建物0車位0,,,其他,,,,0.0,0,0,0,無,無,2094400,1400,,0.0,0,,RPQNMLKLJHLGFED57DA,0.0,0.0,0.0,無,
白河區,土地,永秀段68地號,45.08,住,,,1150102,土地1建物0車位0,,,其他,,,,0.0,0,0,0,無,無,2440000,54126,,0.0,0,親友、員工、共有人或其他特殊關係間之交易；,RPSNMLNLJHLGFED08DA,0.0,0.0,0.0,無,0023
麻豆區,土地,龍泉段305-10地號,370.28,住,,,1150101,土地3建物0車位0,,,其他,,,,0.0,0,0,0,無,無,6500000,17554,,0.0,0,,RPUNMLOKJHLGFFD38DA,0.0,0.0,0.0,無,
學甲區,土地,學甲段549-2地號,6.0,,一般農業區,交通用地,1150105,土地1建物0車位0,,,其他,,,,0.0,0,0,0,無,無,18150,3025,,0.0,0,急買急賣；畸零地或有合併使用效益；,RPROMLQKJHLGFGD48DA,0.0,0.0,0.0,無,
將軍區,房地(土地+建物),臺南市將軍區忠嘉里昌平５之１６號,84.59,住,,,1150109,土地1建物1車位0,全,二層,透天厝,住商用,加強磚造,0680831,121.95,5,3,2,有,無,2420000,19844,,0.0,0,頂樓加蓋；其他增建；,RPPNMLMLJHLGFGD87DA,112.85,0.0,9.1,無,
將軍區,土地,長榮段646-2地號,31.19,住,,,1150110,土地2建物0車位0,,,其他,,,,0.0,0,0,0,無,無,200000,6412,,0.0,0,親友、員工、共有人或其他特殊關係間之交易；,RPSNMLMLJHLGFGD18DA,0.0,0.0,0.0,無,0024
佳里區,房地(土地+建物)+車位,臺南市佳里區南勢街２０６巷３５號四樓之８,34.15,住,,,1150115,土地1建物1車位1,四層,五層,華廈(10層含以下有電梯),住家用,鋼筋混凝土造,1131231,105.81,2,2,2,有,有,7000000,64964,一樓平面,14.99,1100000,,RPPNMLNLJHLGFGD97DA,58.49,0.0,5.95,有,
關廟區,土地,北花段379-1地號,5.0,住,,,1150115,土地1建物0車位0,,,其他,,,,0.0,0,0,0,無,無,378125,75625,,0.0,0,,RPQNMLNLJHLGFID28DA,0.0,0.0,0.0,無,
歸仁區,土地,新豐段1063地號,52.96,住,,,1150108,土地1建物0車位0,,,其他,,,,0.0,0,0,0,無,無,3204000,60498,,0.0,0,親友、員工、共有人或其他特殊關係間之交易；,RPRNMLNLJHLGFID38DA,0.0,0.0,0.0,無,
北區,房地(土地+建物),臺南市北區公園南路３６５號十樓之３,3.26,住,,,1150102,土地1建物1車位0,十層,十四層,住宅大樓(11層含以上有電梯),住家用,鋼筋混凝土構造,0960824,29.55,1,0,1,有,有,4000000,135364,,0.0,0,,RPUOMLRKJHLGFAD28DA,16.82,0.0,4.34,有,0025
北區,車位,臺南市北區公園南路３７０巷２號地下一層,1.45,住,,,1150108,土地1建物1車位1,地下一層,十八層,其他,辦公室　管理員室,鋼筋混凝土造,0840912,8.37,0,0,0,無,有,500000,,坡道機械,0.0,500000,僅車位交易；,RPPOMLKLJHLGFAD17DA,0.0,0.0,0.0,有,0026
中西區,房地(土地+建物),臺南市中西區民權路二段２８０號,89.63,商,,,1150105,土地1建物1車位0,全,三層,透天厝,住家用,磚石造,0351213,128.18,3,2,2,有,無,30000000,234046,,0.0,0,親友、員工、共有人或其他特殊關係間之交易；,RPTNMLLLJHLGFAD57DA,128.18,0.0,0.0,無,
中西區,土地,頂美段1216地號,76.49,住,,,1150107,土地1建物0車位0,,,其他,,,,0.0,0,0,0,無,無,5070000,66283,,0.0,0,親友、員工、共有人或其他特殊關係間之交易；未登記建物；,RPUNMLLLJHLGFAD67DA,0.0,0.0,0.0,無,
安平區,房地(土地+建物)+車位,臺南市安平區建平五街２２巷１５弄１５號三樓,32.33,住,,,1150107,土地1建物1車位1,三層,六層,華廈(10層含以下有電梯),住家用,鋼筋混凝土造,0810416,154.24,3,2,2,有,無,5770000,37409,坡道平面,0.0,0,親友、員工、共有人或其他特殊關係間之交易；,RPVNMLLLJHLGFAD77DA,106.37,0.0,11.94,有,
北區,房地(土地+建物)+車位,臺南市北區北門路二段５７７巷８號三樓之１,31.08,住,,,1150101,土地1建物1車位1,三層,十一層,住宅大樓(11層含以上有電梯),住家用,鋼筋混凝土造,0930521,141.67000000000002,3,2,2,有,有,9350000,65998,坡道平面,0.0,0,,RPOPMLNLJHLGFAD47DA,86.89,0.0,8.61,有,0027
安南區,土地,十二佃段111地號,2015.81,工,,,1150108,土地1建物0車位0,,,其他,,,,0.0,0,0,0,無,無,36567298,18140,,0.0,0,政府機關標讓售；,RPWNMLMKJHLGFBD97DA,0.0,0.0,0.0,無,
安南區,土地,和農段152地號,93.83,農,,,1150112,土地1建物0車位0,,,其他,,,,0.0,0,0,0,無,無,985215,10500,,0.0,0,,RPRNMLOKJHLGFBD67DA,0.0,0.0,0.0,無,0028
安南區,建物,臺南市安南區安和路二段３１８巷１２５弄２０號,0.0,,,,1150108,土地0建物1車位0,全,二層,透天厝,住工用,加強磚造,0791102,257.65,2,1,2,有,無,860000,3338,,0.0,0,建物坐落地號：和業段1016地號；親友、員工、共有人或其他特殊關係間之交易；,RPPNMLSKJHLGFBD87DA,242.69,0.0,14.96,無,
東區,房地(土地+建物),臺南市東區勝利路５０號三樓之１２,4.73,住,,,1150117,土地3建物1車位0,三層,八層,華廈(10層含以下有電梯),住家用,鋼筋混凝土造,0830208,32.9,1,0,1,有,有,2780000,84498,,0.0,0,其他增建；,RPPNMLRKJHLGFCD87DA,19.44,0.0,3.36,有,
東區,房地(土地+建物)+車位,臺南市東區崇賢一路３６號九樓之１,21.32,住,,,1150116,土地1建物1車位1,九層,十五層,住宅大樓(11層含以上有電梯),住家用,鋼筋混凝土造,1140124,138.32,3,2,2,有,有,15000000,108444,坡道平面,21.69,0,,RPVNMLTKJHLGFCD68DA,69.2,0.0,6.55,有,0029
南區,房地(土地+建物),臺南市南區中華南路二段３０２巷１弄４號五樓,39.54,住,,,1150117,土地2建物1車位0,五層,五層,公寓(5樓含以下無電梯),住家用,鋼筋混凝土造,0711129,92.59,3,2,1,有,無,3000000,32397,,0.0,0,,RPPNMLKLJHLGFCD27DA,76.22,0.0,10.08,無,
南區,房地(土地+建物),臺南市南區金華路一段４８４巷９９弄３１之３號,24.62,都市：其他:住宅區,,,1150101,土地2建物1車位0,四層,五層,公寓(5樓含以下無電梯),住家用,鋼筋混凝土造,0700203,80.71000000000001,3,2,1,有,無,2850000,35312,,0.0,0,,RPOOMLMLJHLGFCD47DA,69.84,0.0,0.0,無,0030
鹽水區,房地(土地+建物),臺南市鹽水區月津路７５巷２號一樓之一,24.56,住,,,1150114,土地1建物1車位0,一層,七層,華廈(10層含以下有電梯),住家用,鋼筋混凝土造,0830830,84.22,3,0,1,有,無,2500000,29684,,0.0,0,,RPQNMLPLJHLGFDD97DA,59.64,0.0,0.0,有,
新營區,土地,東興段370-1地號,20.54,住,,,1150113,土地1建物0車位0,,,其他,,,,0.0,0,0,0,無,無,856000,41675,,0.0,0,,RPSNMLQLJHLGFDD28DA,0.0,0.0,0.0,無,
後壁區,土地,道場段878地號,125.04,,鄉村區,乙種建築用地,1150117,土地3建物0車位0,,,其他,,,,0.0,0,0,0,無,無,572266,4577,,0.0,0,地上未保存建物之權利隨同移轉。本買賣價金，為878地號522266元，877、879地號為道路用地，售價50000元。未登記建物；,RPRNMLKLJHLGFED67DA,0.0,0.0,0.0,無,0031
後壁區,土地,道場段878地號,125.04,,鄉村區,乙種建築用地,1150117,土地3建物0車位0,,,其他,,,,0.0,0,0,0,無,無,572266,4577,,0.0,0,地上未保存建物之權利隨同移轉予買方。本買賣價金，為878地號522266元，877、879地號為道路用地，售價50000元。。未登記建物；,RPSNMLKLJHLGFED77DA,0.0,0.0,0.0,無,0031
白河區,房地(土地+建物),臺南市白河區國光路２６號,76.0,商,,,1150108,土地1建物1車位0,全,三層,透天厝,住家用,鋼筋混凝土造,0710522,200.34,6,2,3,有,無,7000000,34941,,0.0,0,其他增建；,RPSNMLQLJHLGFED38DA,188.76,0.0,11.58,無,
六甲區,土地,水漆林段1613地號,594.0,農,,,1150101,土地1建物0車位0,,,其他,,,,0.0,0,0,0,無,無,900000,1515,,0.0,0,親友、員工、共有人或其他特殊關係間之交易；農作物；,RPPNMLMLJHLGFFD77DA,0.0,0.0,0.0,無,
麻豆區,土地,大埕段786地號,386.0,住,,,1150115,土地1建物0車位0,,,其他,,,,0.0,0,0,0,無,無,9000000,23316,,0.0,0,本件土地為袋地未面臨道路。親友、員工、共有人或其他特殊關係間之交易；未登記建物；,RPQNMLNLJHLGFFD97DA,0.0,0.0,0.0,無,
學甲區,土地,興業段649-2地號,11.47,工,,,1150102,土地1建物0車位0,,,其他,,,,0.0,0,0,0,無,無,266100,23200,,0.0,0,買方是鄰地，因越界建築而購買。,RPUNMLKLJHLGFGD18DA,0.0,0.0,0.0,無,
新市區,土地,北三舍段585地號,101.55,,鄉村區,乙種建築用地,1150114,土地1建物0車位0,,,其他,,,,0.0,0,0,0,無,無,3640000,35844,,0.0,0,親友、員工、共有人或其他特殊關係間之交易；,RPVNMLOKJHLGFHD68DA,0.0,0.0,0.0,無,
仁德區,土地,二橋段271-4地號,50.0,,特定農業區,農牧用地,1150109,土地1建物0車位0,,,其他,,,,0.0,0,0,0,無,無,595000,11900,,0.0,0,協議價購；,RPSNMLMLJHLGFID38DA,0.0,0.0,0.0,無,
仁德區,土地,二橋段308-2地號,35.0,,特定農業區,農牧用地,1150109,土地1建物0車位0,,,其他,,,,0.0,0,0,0,無,無,416500,11900,,0.0,0,協議價購；,RPUNMLMLJHLGFID58DA,0.0,0.0,0.0,無,
楠西區,房地(土地+建物),臺南市楠西區中興路６３巷２弄２號,96.82,住,,,1150111,土地1建物1車位0,全,三層,透天厝,住商用,ＲＣ造,0810828,134.23,3,2,2,有,無,3600000,26820,,0.0,0,,RPPNMLTKJHLGFJD78DA,128.99,0.0,5.24,無,0033
永康區,房地(土地+建物),臺南市永康區復國二路３０３巷１７號,73.71,住,,,1150101,土地1建物1車位0,全,四層,透天厝,住家用,鋼筋混凝土造,0820903,165.87,5,2,4,有,無,15800000,95255,,0.0,0,頂樓加蓋；其他增建；,RPSNMLOKJHLGFKD68DA,148.77,0.0,17.1,無,0034
永康區,房地(土地+建物),臺南市永康區大武街６６號六樓之２,13.04,住,,,1150108,土地1建物1車位0,六層,十六層,住宅大樓(11層含以上有電梯),住家用,鋼筋混凝土造,0830803,133.41,4,2,2,有,有,6800000,50971,,0.0,0,,RPTOMLLLJHLGFKD68DA,88.33,1.36,10.38,有,
新營區,土地,民族段436地號,4.78,商,,,1150112,土地1建物0車位0,,,其他,,,,0.0,0,0,0,無,無,1500000,313808,,0.0,0,畸零地或有合併使用效益；,RPQNMLQLJHLGFDD18EA,0.0,0.0,0.0,無,
後壁區,土地,嘉苳段185地號,501.57,,鄉村區,乙種建築用地,1150122,土地3建物0車位0,,,其他,,,,0.0,0,0,0,無,無,4200000,8374,,0.0,0,,RPPNMLQLJHLGFED18EA,0.0,0.0,0.0,無,
關廟區,土地,深坑子段766-67地號,32.0,,一般農業區,農牧用地,1150115,土地1建物0車位0,,,其他,,,,0.0,0,0,0,無,無,338800,10588,,0.0,0,,RPWOMLLLIIKGFID78EA,0.0,0.0,0.0,無,
中西區,房地(土地+建物),臺南市中西區中成路１８號九樓之１０,2.97,商,,,1150109,土地1建物1車位0,九層,二十層,住宅大樓(11層含以上有電梯),住家用,鋼筋混凝土造,0860127,37.68,1,0,1,有,有,3700000,98195,,0.0,0,其他增建；,RPXNMLMLJHLGFAD08DA,21.39,0.0,5.06,有,0035
北區,房地(土地+建物),臺南市北區開元路６８巷３弄１３號,55.0,住,,,1150108,土地2建物1車位0,全,二層,透天厝,住家用,加強磚造,0550000,68.0,3,2,2,有,無,3800000,55882,,0.0,0,親友、員工、共有人或其他特殊關係間之交易；未登記建物；,RPVNMLNLJHLGFAD97DA,68.0,0.0,0.0,無,
安南區,土地,頂安段32地號,23.15,都市：其他:主要計畫道路用地,,,1150109,土地1建物0車位0,,,其他,,,,0.0,0,0,0,無,無,350000,15119,,0.0,0,包含公共設施保留地用地；,RPRNMLPKJHLGFBD77DA,0.0,0.0,0.0,無,0036
安南區,土地,頂安段32-1地號,8.13,都市：其他:道路用地,,,1150109,土地1建物0車位0,,,其他,,,,0.0,0,0,0,無,無,123000,15129,,0.0,0,包含公共設施保留地用地；,RPSNMLPKJHLGFBD87DA,0.0,0.0,0.0,無,
安南區,土地,頂安段32-2地號,7.85,都市：其他:道路用地,,,1150109,土地1建物0車位0,,,其他,,,,0.0,0,0,0,無,無,118500,15096,,0.0,0,包含公共設施保留地用地；,RPTNMLPKJHLGFBD97DA,0.0,0.0,0.0,無,
南區,房地(土地+建物),臺南市南區新建路５５巷５之４號,38.01,住,,,1150113,土地2建物1車位0,五層,五層,公寓(5樓含以下無電梯),住家用,鋼筋混凝土造,0720803,93.36,3,2,2,有,無,3220000,34490,,0.0,0,,RPSNMLQKJHLGFCD08DA,77.3,0.0,8.95,無,
南區,建物,臺南市南區中華南路二段１７７巷３１號,0.0,,,,1150105,土地0建物1車位0,全,二層,透天厝,住家用,加強磚造,0751103,13.15,5,2,3,有,無,3240000,246388,,0.0,0,建物坐落地號：鹽埕段677-35地號；親友、員工、共有人或其他特殊關係間之交易；未登記建物；,RPQNMLMLJHLGFCD57DA,12.39,0.0,0.77,無,
東區,房地(土地+建物),臺南市東區勝利路５０號七樓之１２,4.73,住,,,1150109,土地3建物1車位0,七層,八層,華廈(10層含以下有電梯),住家用,鋼筋混凝土造,0830208,32.9,1,0,1,有,有,2900000,88146,,0.0,0,,RPTNMLMLJHLGFCD87DA,19.44,0.0,3.36,有,
東區,房地(土地+建物),臺南市東區光明街２０１巷２３弄８號,42.5,住,,,1150101,土地1建物1車位0,全,三層,透天厝,住家用,鋼筋混凝土造,0741022,85.94,4,2,3,有,無,2500000,29090,,0.0,0,親友、員工、共有人或其他特殊關係間之交易；,RPWNMLMLJHLGFCD18DA,80.97,0.0,4.98,無,0037
南區,房地(土地+建物),臺南市南區新興路４０５之３號,30.78,都市：其他:住宅區,,,1150106,土地2建物1車位0,四層,五層,公寓(5樓含以下無電梯),住家用,鋼筋混凝土造,0710430,110.92999999999999,3,2,2,有,無,3800000,34256,,0.0,0,,RPPNMLNLJHLGFCD57DA,76.1,0.0,10.47,無,
鹽水區,土地,下中段牛稠子小段313地號,1640.0,農,,,1150115,土地1建物0車位0,,,其他,,,,0.0,0,0,0,無,無,2020000,1232,,0.0,0,親友、員工、共有人或其他特殊關係間之交易；,RPPNMLMLJHLGFDD57DA,0.0,0.0,0.0,無,
新營區,土地,新興段435-1地號,131.59,都市：其他:綠地,,,1150107,土地8建物0車位0,,,其他,,,,0.0,0,0,0,無,無,2600000,19758,,0.0,0,親友、員工、共有人或其他特殊關係間之交易；包含公共設施保留地用地；,RPRNMLMLJHLGFDD77DA,0.0,0.0,0.0,無,
新營區,土地,新東段593地號,12.3,住,,,1150115,土地1建物0車位0,,,其他,,,,0.0,0,0,0,無,無,655344,53280,,0.0,0,政府機關標讓售；,RPSNMLSLJHLGFDD48DA,0.0,0.0,0.0,無,
麻豆區,房地(土地+建物)+車位,臺南市麻豆區新興里新生南路３３巷１８號二樓之２,38.7,住,,,1150116,土地1建物1車位1,二層,七層,華廈(10層含以下有電梯),住家用,鋼筋混凝土構造,1120307,107.75999999999999,3,2,2,有,有,8600000,79807,一樓平面,0.0,0,含傢俱設備費；,RPUNMLTKJHLGFFD88DA,66.2,0.0,7.87,有,0038
佳里區,房地(土地+建物),臺南市佳里區六安里８鄰六合街１５號,120.24,住,,,1150104,土地1建物1車位0,全,二層,透天厝,住家用,加強磚造,0770715,134.24,4,2,3,有,無,8600000,64064,,0.0,0,其他增建；,RPUNMLQLJHLGFGD78DA,131.56,2.68,0.0,無,
安定區,房地(土地+建物),臺南市安定區許中營８２之１２號三樓之７,25.82,,鄉村區,乙種建築用地,1150103,土地3建物1車位0,三層,八層,華廈(10層含以下有電梯),住家用,鋼筋混凝土造,1131127,82.59,2,2,2,有,有,7100000,85967,,0.0,0,,RPUOMLNKJHLGFHD58DA,52.97,0.0,3.15,有,
安定區,土地,中榮段159地號,90.89,,鄉村區,乙種建築用地,1150111,土地1建物0車位0,,,其他,,,,0.0,0,0,0,無,無,4948920,54450,,0.0,0,親友、員工、共有人或其他特殊關係間之交易；未登記建物；,RPOOMLMLJHLGFHD97DA,0.0,0.0,0.0,無,
歸仁區,房地(土地+建物)+車位,臺南市歸仁區歸仁五路１７２號十二樓之１,29.27,住,,,1150101,土地1建物1車位1,十二層,十三層,住宅大樓(11層含以上有電梯),住家用,鋼筋混凝土造,1140113,145.10000000000002,2,2,2,有,有,16000000,112373,坡道平面,19.18,1850000,,RPQNMLTJJHLGFID68DA,75.37,0.0,6.64,有,
關廟區,房地(土地+建物),臺南市關廟區關新路二段６８５之８號,83.23,,一般農業區,甲種建築用地,1150101,土地3建物1車位0,全,四層,透天厝,住家用,鋼筋混凝土構造,1090529,181.09,4,2,5,有,無,9000000,49699,,0.0,0,,RPQOMLMLJHLGFID28DA,166.14,0.0,14.91,無,
後壁區,土地,白沙屯段2898-1地號,2550.0,,特定農業區,農牧用地,1150105,土地1建物0車位0,,,其他,,,,0.0,0,0,0,無,無,1912500,750,,0.0,0,,RPPNMLRLJHLGFED28EA,0.0,0.0,0.0,無,
白河區,土地,河保段1117地號,5396.79,農,,,1150112,土地3建物0車位0,,,其他,,,,0.0,0,0,0,無,無,3346008,620,,0.0,0,,RPQNMLRLJHLGFED38EA,0.0,0.0,0.0,無,
北門區,土地,三寮灣段1797地號,178.56,,一般農業區,養殖用地,1150109,土地2建物0車位0,,,其他,,,,0.0,0,0,0,無,無,500000,2800,,0.0,0,親友、員工、共有人或其他特殊關係間之交易；,RPPNMLMLJHLGFGD97EA,0.0,0.0,0.0,無,
新化區,土地,山腳段44-1地號,138.0,,一般農業區,特定目的事業用地,1150112,土地1建物0車位0,,,其他,,,,0.0,0,0,0,無,無,1242000,9000,,0.0,0,台電鐵塔用地協議價購；,RPPNMLSLJHLGFHD68EA,0.0,0.0,0.0,無,
新化區,土地,山腳段50-1地號,98.0,,一般農業區,特定目的事業用地,1150112,土地1建物0車位0,,,其他,,,,0.0,0,0,0,無,無,882000,9000,,0.0,0,台電鐵塔用地協議價購；,RPQNMLSLJHLGFHD78EA,0.0,0.0,0.0,無,
永康區,土地,保生段328地號,129.37,都市：其他:道路用地,,,1150122,土地2建物0車位0,,,其他,,,,0.0,0,0,0,無,無,950000,7343,,0.0,0,含地政士服務費10000元；包含公共設施保留地用地；,RPPNMLQLJHLGFKD78EA,0.0,0.0,0.0,無,0039
中西區,房地(土地+建物),臺南市中西區民族路二段５７巷１６號之９,15.76,商,,,1150110,土地1建物1車位0,三層,四層,公寓(5樓含以下無電梯),住家用,鋼筋混凝土造,0670418,34.96,1,1,1,有,無,3150000,90103,,0.0,0,陽台外推；,RPPPMLNLJHLGFAD57DA,34.96,0.0,0.0,無,0040
北區,房地(土地+建物),臺南市北區東豐路２２７巷２４弄１５號五樓之２,6.36,住,,,1150121,土地1建物1車位0,五層，通道,五層,華廈(10層含以下有電梯),住家用,鋼筋混凝土造,0790518,24.63,1,1,1,有,有,1600000,64961,,0.0,0,,RPOOMLRLJHLGFAD77DA,18.06,2.51,0.0,有,
安南區,土地,港西段777地號,59.95,都市：其他:主要計畫道路用地,,,1150113,土地1建物0車位0,,,其他,,,,0.0,0,0,0,無,無,341741,5700,,0.0,0,協議價購；,RPPNMLMLJHLGFBD37DA,0.0,0.0,0.0,無,0041
安南區,土地,港西段777地號,173.58,都市：其他:主要計畫道路用地,,,1150113,土地1建物0車位0,,,其他,,,,0.0,0,0,0,無,無,989384,5700,,0.0,0,協議價購；,RPQNMLMLJHLGFBD47DA,0.0,0.0,0.0,無,0041
安南區,土地,港西段761地號,135.39,都市：其他:主要計畫道路用地,,,1150113,土地1建物0車位0,,,其他,,,,0.0,0,0,0,無,無,717567,5300,,0.0,0,協議價購；,RPOOMLNLJHLGFBD47DA,0.0,0.0,0.0,無,
東區,房地(土地+建物),臺南市東區崇善七街８巷１４號,41.0,住,,,1150115,土地1建物1車位0,全,三層,透天厝,住家用,鋼筋混凝土造,0820403,84.67,5,2,3,有,無,6700000,79131,,0.0,0,土地成交總價新台幣600萬元整建物成交總價新台幣70萬元整親友、員工、共有人或其他特殊關係間之交易；頂樓加蓋；其他增建；,RPVOMLLLJHLGFCD08DA,80.89,0.0,3.78,無,
南區,房地(土地+建物),臺南市南區新都路５２０巷６９號四樓之１,14.02,住,,,1150120,土地1建物1車位0,四層,七層,華廈(10層含以下有電梯),住家用,鋼筋混凝土造,0720204,78.23,2,1,1,有,有,3000000,38348,,0.0,0,親友、員工、共有人或其他特殊關係間之交易；,RPPNMLOLJHLGFCD67DA,50.97,0.0,5.49,有,
鹽水區,房地(土地+建物),臺南市鹽水區岸內里１５鄰和平路６５巷１號三樓之五,7.82,住,,,1150105,土地1建物1車位0,三層,六層,華廈(10層含以下有電梯),住家用,鋼筋混凝土造,0850112,33.650000000000006,1,1,1,有,無,1050000,31204,,0.0,0,,RPQNMLTKJHLGFDD28DA,20.43,0.0,3.67,有,
新營區,房地(土地+建物),臺南市新營區南紙里南紙街５８號,77.4,住,,,1150105,土地1建物1車位0,全,二層,透天厝,住家用,磚造,0660815,92.93,3,2,2,有,無,2600000,27978,,0.0,0,土地增值稅由買方負擔頂樓加蓋；,RPRNMLQLJHLGFDD18DA,92.93,0.0,0.0,無,
白河區,土地,埤子頭段五汴頭小段266地號,605.62,,鄉村區,乙種建築用地,1150122,土地1建物0車位0,,,其他,,,,0.0,0,0,0,無,無,1400000,2312,,0.0,0,持分地買賣瑕疵物件；,RPQNMLMLJHLGFED77DA,0.0,0.0,0.0,無,
六甲區,土地,龜子港段1204地號,684.0,,特定農業區,農牧用地,1150120,土地1建物0車位0,,,其他,,,,0.0,0,0,0,無,無,1800000,2632,,0.0,0,,RPUNMLNLJHLGFFD38DA,0.0,0.0,0.0,無,
六甲區,土地,民權段907地號,16.75,住,,,1150112,土地1建物0車位0,,,其他,,,,0.0,0,0,0,無,無,162497,9701,,0.0,0,親友、員工、共有人或其他特殊關係間之交易；,RPQNMLQLJHLGFFD28DA,0.0,0.0,0.0,無,0043
麻豆區,土地,莊禮段270地號,2170.0,,特定農業區,農牧用地,1150113,土地1建物0車位0,,,其他,,,,0.0,0,0,0,無,無,4100000,1889,,0.0,0,農作物；,RPPOMLRLJHLGFFD38DA,0.0,0.0,0.0,無,
學甲區,土地,興業段1068地號,7.98,工,,,1150108,土地1建物0車位0,,,其他,,,,0.0,0,0,0,無,無,156000,19549,,0.0,0,持分買賣交易畸零地或有合併使用效益；,RPQNMLRKJHLGFGD38DA,0.0,0.0,0.0,無,0044
學甲區,土地,興業段1068地號,7.98,工,,,1150108,土地1建物0車位0,,,其他,,,,0.0,0,0,0,無,無,156000,19549,,0.0,0,持分買賣交易畸零地或有合併使用效益；,RPRNMLRKJHLGFGD48DA,0.0,0.0,0.0,無,0044
學甲區,土地,興業段1068地號,15.96,工,,,1150108,土地1建物0車位0,,,其他,,,,0.0,0,0,0,無,無,312000,19549,,0.0,0,持分交易畸零地或有合併使用效益；,RPTNMLRKJHLGFGD68DA,0.0,0.0,0.0,無,0044
學甲區,土地,興業段1068地號,15.96,工,,,1150108,土地1建物0車位0,,,其他,,,,0.0,0,0,0,無,無,312000,19549,,0.0,0,持分交易畸零地或有合併使用效益；,RPVNMLRKJHLGFGD88DA,0.0,0.0,0.0,無,0044
學甲區,土地,興業段1068地號,47.88,工,,,1150108,土地1建物0車位0,,,其他,,,,0.0,0,0,0,無,無,941200,19657,,0.0,0,持分交易畸零地或有合併使用效益；,RPWNMLRKJHLGFGD98DA,0.0,0.0,0.0,無,0044
佳里區,房地(土地+建物),臺南市佳里區忠仁里７鄰博愛街８４巷１１號,71.0,住,,,1150101,土地1建物1車位0,全,三層,透天厝,住家用,鋼筋混凝土造,0671125,116.05,4,2,3,有,無,4420000,38087,,0.0,0,陽台外推；其他增建；,RPWNMLQLJHLGFGD98DA,116.05,0.0,0.0,無,
新化區,土地,頂山腳段1621-2地號,66.0,,特定農業區,農牧用地,1150121,土地1建物0車位0,,,其他,,,,0.0,0,0,0,無,無,50000,758,,0.0,0,目前部分土地做道路使用,RPVNMLMLJHLGFHD58DA,0.0,0.0,0.0,無,0049
新化區,房地(土地+建物),臺南市新化區竹子２４７號之３５１二樓之３,7.46,,特定農業區,甲種建築用地,1150113,土地11建物1車位0,二層,七層,華廈(10層含以下有電梯),辦公用,鋼筋混凝土造,0830216,1.14,0,0,0,無,有,1500000,1315789,,0.0,0,公共設施：辦公室親友、員工、共有人或其他特殊關係間之交易；,RPSNMLRLJHLGFHD78DA,0.0,0.0,0.0,有,0050
關廟區,土地,山西段123-4地號,276.0,住,,,1150106,土地1建物0車位0,,,其他,,,,0.0,0,0,0,無,無,6887925,24956,,0.0,0,,RPUNMLMKJHLGFID48DA,0.0,0.0,0.0,無,
仁德區,土地,保甲段779地號,977.94,,一般農業區,農牧用地,1150102,土地1建物0車位0,,,其他,,,,0.0,0,0,0,無,無,4144000,4237,,0.0,0,農作物；,RPTNMLKLJHLGFID28DA,0.0,0.0,0.0,無,
楠西區,土地,保生段737-1地號,590.62,,一般農業區,水利用地,1150105,土地1建物0車位0,,,其他,,,,0.0,0,0,0,無,無,4553680,7710,,0.0,0,政府機關標讓售；,RPQNMLQLJHLGFJD68DA,0.0,0.0,0.0,無,
永康區,土地,廣富段150-5地號,5509.23,,一般農業區,農牧用地,1150106,土地2建物0車位0,,,其他,,,,0.0,0,0,0,無,無,27000000,4901,,0.0,0,親友、員工、共有人或其他特殊關係間之交易；,RPWNMLQJJHLGFKD56DA,0.0,0.0,0.0,無,
永康區,房地(土地+建物),臺南市永康區中山北路１６４巷４６號,84.82,住,,,1150119,土地1建物1車位0,全,四層,透天厝,住商用,鋼筋混凝土造,0820305,190.26,5,3,3,有,無,2500000,13140,,0.0,0,親友、員工、共有人或其他特殊關係間之交易；,RPSNMLQLJHLGFKD98DA,172.72,0.0,17.54,無,
永康區,土地,大灣段7231地號,463.0,住,,,1150118,土地2建物0車位0,,,其他,,,,0.0,0,0,0,無,無,42000000,90713,,0.0,0,,RPXNMLQLJHLGFKD86DA,0.0,0.0,0.0,無,
六甲區,土地,甲南段437地號,161.71,住,,,1150113,土地2建物0車位0,,,其他,,,,0.0,0,0,0,無,無,2900000,17933,,0.0,0,交易價格包含其他買賣登記案件標的之價格,RPQNMLNLJHLGFFD08EA,0.0,0.0,0.0,無,0051
西港區,土地,南海段387-7地號,56.97,住,,,1150113,土地2建物0車位0,,,其他,,,,0.0,0,0,0,無,無,2753000,48324,,0.0,0,水利地承購；,RPPNMLSLJHLGFGD58EA,0.0,0.0,0.0,無,
南化區,土地,南化段1143地號,520.42,,山坡地保育區,農牧用地,1150105,土地3建物0車位0,,,其他,,,,0.0,0,0,0,無,無,140515,270,,0.0,0,,RPPNMLRLJHLGFJD78EA,0.0,0.0,0.0,無,
南化區,土地,南化段1150地號,1042.35,,山坡地保育區,農牧用地,1150105,土地2建物0車位0,,,其他,,,,0.0,0,0,0,無,無,281435,270,,0.0,0,,RPQNMLRLJHLGFJD88EA,0.0,0.0,0.0,無,
南化區,土地,南化段1152-1地號,986.0,,山坡地保育區,農牧用地,1150105,土地2建物0車位0,,,其他,,,,0.0,0,0,0,無,無,266220,270,,0.0,0,,RPRNMLRLJHLGFJD98EA,0.0,0.0,0.0,無,
安平區,房地(土地+建物)+車位,臺南市安平區永華路二段３７９號十一樓之３,26.08,住,,,1150103,土地1建物1車位2,十一層,十九層,住宅大樓(11層含以上有電梯),住家用,鋼筋混凝土構造,1040825,296.48,3,2,3,有,有,30000000,101187,坡道平面,67.72,0,,RPOPMLRJJHLGFAD67DA,150.06,0.0,17.66,有,0052
安平區,房地(土地+建物)+車位,臺南市安平區永華路二段５０３號五樓之３,24.26,住,,,1150103,土地1建物1車位1,五層,二十三層,住宅大樓(11層含以上有電梯),住家用,鋼筋混凝土構造,1070202,243.34000000000003,4,2,2,有,有,22000000,90408,坡道平面,26.5,0,,RPUNMLQLJHLGFAD18DA,122.34,5.7,13.29,有,0053
北區,房地(土地+建物),臺南市北區開元路６６巷２９號三樓,31.25,都市：其他:住宅區,,,1150103,土地2建物1車位0,三層，電梯樓梯間,五層,公寓(5樓含以下無電梯),住家用,鋼筋混凝土造,0700529,90.94,4,1,2,有,無,5000000,54981,,0.0,0,陽台外推；,RPWNMLQLJHLGFAD38DA,83.19,0.0,0.0,無,0054
中西區,土地,銀同段761地號,110.75,商,,,1150108,土地1建物0車位0,,,其他,,,,0.0,0,0,0,無,無,7500000,67720,,0.0,0,親友、員工、共有人或其他特殊關係間之交易；,RPQNMLRLJHLGFAD87DA,0.0,0.0,0.0,無,
中西區,房地(土地+建物),臺南市中西區大同路一段４６巷５０號三樓之１１,9.07,商,,,1150106,土地2建物1車位0,三層,五層,華廈(10層含以下有電梯),住家用,鋼筋混凝土造,0870706,32.510000000000005,1,1,1,有,有,4200000,129191,,0.0,0,土地售價新台幣 : 2100000元整建物售價新台幣 : 2100000元整,RPTNMLRLJHLGFAD18DA,21.56,0.0,2.15,有,0055
安南區,房地(土地+建物)+車位,臺南市安南區培安路３０５巷７號二樓之２,21.26,住,,,1150102,土地1建物1車位1,二層,十五層,住宅大樓(11層含以上有電梯),住家用,鋼筋混凝土造,1101207,154.68,3,2,2,有,有,7000000,45255,坡道平面,30.18,0,親友、員工、共有人或其他特殊關係間之交易；,RPRNMLRLJHLGFBD08DA,76.45,0.0,7.64,有,0056
安南區,土地,學南段111地號,822.83,工,,,1150116,土地3建物0車位0,,,其他,,,,0.0,0,0,0,無,無,10453800,12705,,0.0,0,,RPUNMLRLJHLGFBD38DA,0.0,0.0,0.0,無,0057
東區,房地(土地+建物),臺南市東區崇善路１７１號五樓之１,2.65,住,,,1150112,土地1建物1車位0,五層,七層,華廈(10層含以下有電梯),住家用,鋼筋混凝土造,0800121,18.02,1,0,1,有,有,360000,19978,,0.0,0,,RPQNMLNLJHLGFCD67DA,11.08,0.0,0.0,有,
南區,房地(土地+建物),臺南市南區三官路１８３號二樓之２,9.49,住,,,1150116,土地3建物1車位0,二層,七層,華廈(10層含以下有電梯),住家用,鋼筋混凝土造,0820813,62.52,4,2,1,有,無,2800000,44786,,0.0,0,陽台外推；,RPVNMLQLJHLGFCD48DA,39.0,0.78,8.03,有,
柳營區,房地(土地+建物),臺南市柳營區人和里５鄰忠得街１１號,280.59,住,,,1150109,土地1建物1車位0,全,二層,透天厝,住家用,鋼筋混凝土造,0720203,135.69,5,2,4,有,無,2000000,14739,,0.0,0,親友、員工、共有人或其他特殊關係間之交易；,RPSNMLKLJHLGFDD67DA,125.99,0.0,9.7,無,
新營區,土地,茄苳段1059-1地號,21.0,住,,,1150112,土地1建物0車位0,,,其他,,,,0.0,0,0,0,無,無,500000,23810,,0.0,0,,RPPNMLOLJHLGFDD77DA,0.0,0.0,0.0,無,
新營區,土地,太子段1503-4地號,4.0,農,,,1150116,土地1建物0車位0,,,其他,,,,0.0,0,0,0,無,無,31000,7750,,0.0,0,政府機關標讓售；,RPPNMLRLJHLGFDD08DA,0.0,0.0,0.0,無,
新營區,車位,臺南市新營區文昌街２之８號等７６戶,0.0,,,,1150103,土地0建物1車位1,,,其他,,,,4.71,0,0,0,無,無,800000,,其他,4.71,800000,建物坐落地號：民族段627地號；僅車位交易；,RPROMLSLJHLGFDD48DA,0.0,0.0,0.0,無,0058
新營區,車位,臺南市新營區文昌街２之８號等７６戶,0.0,,,,1150103,土地0建物1車位1,,,其他,,,,4.71,0,0,0,無,無,800000,,其他,4.71,800000,建物坐落地號：民族段627地號；僅車位交易；,RPUOMLSLJHLGFDD78DA,0.0,0.0,0.0,無,0058
白河區,土地,玉豐段1152地號,1261.0,,特定農業區,農牧用地,1150107,土地1建物0車位0,,,其他,,,,0.0,0,0,0,無,無,1600000,1269,,0.0,0,含租約；畸零地或有合併使用效益；,RPQNMLQLJHLGFED18DA,0.0,0.0,0.0,無,
東山區,土地,大客段大庄小段827地號,2191.0,,特定農業區,農牧用地,1150126,土地1建物0車位0,,,其他,,,,0.0,0,0,0,無,無,3262000,1489,,0.0,0,,RPUNMLQLJHLGFED58DA,0.0,0.0,0.0,無,
白河區,土地,草店段1123地號,4984.0,,特定農業區,農牧用地,1150115,土地2建物0車位0,,,其他,,,,0.0,0,0,0,無,無,5230000,1049,,0.0,0,,RPPNMLRLJHLGFED18DA,0.0,0.0,0.0,無,
麻豆區,房地(土地+建物),臺南市麻豆區溝子墘６５之１９號,114.77,住,,,1150103,土地2建物1車位0,全,四層,透天厝,住家用,鋼筋混凝土造,1120923,191.77,5,2,3,有,無,16500000,86041,,0.0,0,,RPRNMLKLJHLGFFD77DA,176.71,0.0,15.06,無,0060
學甲區,土地,興業段1068地號,15.96,工,,,1150108,土地1建物0車位0,,,其他,,,,0.0,0,0,0,無,無,312000,19549,,0.0,0,持分交易畸零地或有合併使用效益；,RPUNMLRKJHLGFGD78DA,0.0,0.0,0.0,無,0044
新化區,房地(土地+建物),臺南市新化區唪口８６之３號,95.0,,鄉村區,乙種建築用地,1150107,土地1建物1車位0,全,二層,透天厝,住家用,加強磚造,0730926,112.86,4,2,2,有,無,6000000,53163,,0.0,0,,RPRNMLQJJHLGFHD38DA,108.5,0.0,4.36,無,
善化區,土地,成功段509-102地號,7.8,商,,,1150102,土地1建物0車位0,,,其他,,,,0.0,0,0,0,無,無,450000,57692,,0.0,0,,RPUNMLQLJHLGFHD88DA,0.0,0.0,0.0,無,
新化區,土地,新義段621地號,4.31,住,,,1150122,土地1建物0車位0,,,其他,,,,0.0,0,0,0,無,無,120000,27842,,0.0,0,,RPWNMLQLJHLGFHD09DA,0.0,0.0,0.0,無,
歸仁區,房地(土地+建物),臺南市歸仁區南興里民生六街２７號,174.91,工,,,1150116,土地1建物1車位0,全,三層,透天厝,工業用,鋼筋混凝土造,0830910,375.13,4,0,3,有,無,15000000,39986,,0.0,0,未登記建物；,RPUNMLQKJHLGFID88DA,359.42,15.71,0.0,無,0062
關廟區,房地(土地+建物),臺南市關廟區中山路二段４３號,151.67,住,,,1150106,土地2建物1車位0,全,二層,透天厝,住家用,加強磚造,0690213,156.18,4,2,3,有,無,10000000,64029,,0.0,0,,RPVNMLTKJHLGFID66DA,156.18,0.0,0.0,無,
仁德區,房地(土地+建物),臺南市仁德區北保一街１０５號七樓,10.62,住,,,1150122,土地1建物1車位0,七層,七層,華廈(10層含以下有電梯),住家用,鋼筋混凝土造,0830818,39.17,1,1,1,有,有,2250000,57442,,0.0,0,,RPPNMLQLJHLGFID48DA,22.4,0.0,4.96,有,0063
歸仁區,房地(土地+建物)+車位,臺南市歸仁區中正北路一段３００號十樓之６,28.06,住,,,1150116,土地1建物1車位1,十層,十層,華廈(10層含以下有電梯),住家用,鋼筋混凝土構造,1090318,144.11,3,2,2,有,有,10500000,72861,坡道平面,22.65,0,,RPSOMLSLJHLGFID09DA,80.97,0.0,8.75,有,0064
永康區,房地(土地+建物),臺南市永康區網寮里永勝街１０６巷１７號六樓之２,21.26,住,,,1150114,土地1建物1車位0,六層,七層,華廈(10層含以下有電梯),住家用,鋼筋混凝土造,0820408,108.97999999999999,3,1,2,有,有,4600000,42210,,0.0,0,,RPQNMLOKJHLGFKD48DA,68.76,0.0,4.62,有,
永康區,房地(土地+建物)+車位,臺南市永康區復華五街５５巷３號,51.28,商,,,1150110,土地2建物1車位1,全,十層,透天厝,住商用,鋼筋混凝土構造,1040810,201.31,4,2,3,有,有,17800000,88421,坡道平面,34.57,0,,RPUNMLTKJHLGFKD76DA,147.08,0.0,11.14,無,0065
永康區,房地(土地+建物),臺南市永康區龍埔街１３９巷１０弄２４號,73.45,住,,,1150114,土地2建物1車位0,全,四層,透天厝,住家用,鋼筋混凝土造,0840727,189.52,5,2,3,有,無,10900000,57514,,0.0,0,,RPRNMLNLJHLGFKD58DA,172.54,0.0,16.98,無,
永康區,土地,龍王段1405地號,239.67,都市：其他:道路用地,,,1150113,土地2建物0車位0,,,其他,,,,0.0,0,0,0,無,無,6154120,25677,,0.0,0,包含公共設施保留地用地；,RPPNMLRLJHLGFKD78DA,0.0,0.0,0.0,無,0066
中西區,房地(土地+建物),臺南市中西區樹林街二段１９７號,29.9,住,,,1150111,土地1建物1車位0,全,三層,透天厝,住家用,磚造,0490000,15.44,3,3,3,有,無,2500000,161917,,0.0,0,,RPPNMLMLJHLGFAD37EA,15.44,0.0,0.0,無,
鹽水區,土地,岸南段810地號,1203.0,,特定農業區,農牧用地,1150113,土地1建物0車位0,,,其他,,,,0.0,0,0,0,無,無,1924800,1600,,0.0,0,,RPQNMLSLJHLGFDD38EA,0.0,0.0,0.0,無,
新營區,土地,鐵線橋段1011地號,244.0,,特定農業區,農牧用地,1150126,土地1建物0車位0,,,其他,,,,0.0,0,0,0,無,無,2000000,8197,,0.0,0,,RPQNMLTLJHLGFDD48EA,0.0,0.0,0.0,無,
鹽水區,土地,田寮段1257地號,2621.0,,一般農業區,農牧用地,1150107,土地1建物0車位0,,,其他,,,,0.0,0,0,0,無,無,2621000,1000,,0.0,0,,RPRNMLTLJHLGFDD58EA,0.0,0.0,0.0,無,
鹽水區,土地,下林段346地號,923.0,,一般農業區,農牧用地,1150108,土地1建物0車位0,,,其他,,,,0.0,0,0,0,無,無,1260000,1365,,0.0,0,,RPPOMLKMJHLGFDD67EA,0.0,0.0,0.0,無,0067
新化區,土地,崙子頂段598-5地號,75.03,,鄉村區,乙種建築用地,1150121,土地2建物0車位0,,,其他,,,,0.0,0,0,0,無,無,2568400,34232,,0.0,0,,RPQNMLTLJHLGFHD88EA,0.0,0.0,0.0,無,0068
北區,房地(土地+建物),臺南市北區北成路１２８巷６７弄８號,91.5,住,,,1141216,土地1建物1車位0,全,四層,透天厝,住家用,鋼筋混凝土造,0911231,270.93,5,2,5,有,無,23256000,85838,,0.0,0,陽台外推；其他增建；,RPSPMLRJJHLGFAD08DA,243.98,0.0,26.95,無,
中西區,房地(土地+建物),臺南市中西區衛民街６２號八樓之１１,14.84,商,,,1141214,土地3建物1車位0,八層,九層,華廈(10層含以下有電梯),住家用,ＲＣ造,0950713,77.48,2,1,1,有,有,9848888,127115,,0.0,0,,RPPNMLOKJHLGFAD37DA,46.36,0.0,5.53,有,
安南區,房地(土地+建物),臺南市安南區安中路一段７０３巷３０之３號,71.33,住,,,1141211,土地14建物1車位0,四層,四層,公寓(5樓含以下無電梯),住家用,鋼筋混凝土造,0700907,104.03999999999999,3,2,2,有,無,3400000,32683,,0.0,0,陽台外推；,RPRNMLTJJHLGFBD08DA,81.42,0.01,11.18,無,
安南區,房地(土地+建物)+車位,臺南市安南區州南六街１４０號三樓之１,29.24,住,,,1141206,土地1建物1車位1,三層,五層,華廈(10層含以下有電梯),住家用,鋼筋混凝土造,1140808,98.02000000000001,2,2,2,有,有,9130000,88783,一樓平面,13.77,1650000,,RPQNMLOKJHLGFBD57DA,55.11,0.0,7.39,有,
安南區,房地(土地+建物),臺南市安南區安昌街２６巷２９弄１７號,143.8,住,,,1141210,土地2建物1車位0,全,三層,透天厝,住家用,鋼筋混凝土造,1090921,181.58,4,2,5,有,無,15500000,85362,,0.0,0,親友、員工、共有人或其他特殊關係間之交易；,RPRNMLQKJHLGFBD87DA,166.28,0.0,15.3,無,
東區,房地(土地+建物),臺南市東區小東路２４６號二十二樓,4.66,住,,,1141220,土地1建物1車位0,二十二層,二十五層,住宅大樓(11層含以上有電梯),住家用,鋼筋混凝土造,0840106,67.81,2,1,1,有,有,4370000,64445,,0.0,0,,RPUOMLPJJHLGFCD18DA,45.06,0.0,9.21,有,
南區,房地(土地+建物),臺南市南區大林路３５巷２３號之２,30.71,住,,,1141219,土地2建物1車位0,三層,四層,公寓(5樓含以下無電梯),住家用,補強磚造,0580404,76.47,3,2,1,有,無,3900000,51000,,0.0,0,,RPXNMLNKJHLGFCD28DA,76.47,0.0,0.0,無,0069
南區,房地(土地+建物),臺南市南區鯤鯓路１０２巷３８弄３１號,113.19,住,,,1141205,土地1建物1車位0,全,三層,透天厝,住家用,鋼筋混凝土造,1130416,228.79,5,2,5,有,無,26800000,117138,,0.0,0,,RPWNMLOKJHLGFCD28DA,214.32,0.0,14.47,有,
東區,房地(土地+建物),臺南市東區崇德路２６０號六樓之８,2.5,商,,,1141225,土地1建物1車位0,六層,十二層,住宅大樓(11層含以上有電梯),住家用,鋼筋混凝土造,0810813,30.64,1,0,1,有,有,2180000,71149,,0.0,0,,RPVOMLOKJHLGFCD28DA,21.17,0.0,0.0,有,0070
南區,土地,龍崗段921地號,101.39,都市：其他:細部計畫道路用地,,,1141226,土地5建物0車位0,,,其他,,,,0.0,0,0,0,無,無,3500000,34520,,0.0,0,持分土地買賣未登記建物；包含公共設施保留地用地；,RPPNMLSKJHLGFCD97DA,0.0,0.0,0.0,無,
新營區,土地,建國段1017地號,197.98,,鄉村區,乙種建築用地,1141201,土地5建物0車位0,,,其他,,,,0.0,0,0,0,無,無,4105500,20737,,0.0,0,建國段1047、1049、1051、1055地號等四筆道路地新台幣109000元正，建國段1017地號新台幣3996500元正,RPQNMLOKJHLGFDD77DA,0.0,0.0,0.0,無,0071
東山區,房地(土地+建物),臺南市東山區東中里和平街３８號,90.3,住,,,1141226,土地1建物1車位0,全,三層,透天厝,住家用,鋼筋混凝土造,0800124,136.13,3,1,2,有,無,4950000,36362,,0.0,0,,RPPNMLNKJHLGFED67DA,126.19,0.0,9.94,無,
白河區,土地,白水溪段368-594地號,131.0,,森林區,丙種建築用地,1141222,土地1建物0車位0,,,其他,,,,0.0,0,0,0,無,無,689000,5260,,0.0,0,親友、員工、共有人或其他特殊關係間之交易；,RPQNMLQKJHLGFED08DA,0.0,0.0,0.0,無,
麻豆區,土地,理段248地號,11400.59,,一般農業區,交通用地,1141216,土地9建物0車位0,,,其他,,,,0.0,0,0,0,無,無,23225350,2037,,0.0,0,包含公共設施保留地用地；,RPPNMLPKKIKGFFD08DA,0.0,0.0,0.0,無,
麻豆區,土地,清水段581地號,3.61,,鄉村區,交通用地,1141230,土地8建物0車位0,,,其他,,,,0.0,0,0,0,無,無,46280,12820,,0.0,0,親友、員工、共有人或其他特殊關係間之交易；,RPRNMLTKJHLGFFD58DA,0.0,0.0,0.0,無,0072
佳里區,房地(土地+建物),臺南市佳里區龍安里１鄰塭子內２之１００號,415.0,,特定農業區,農牧用地,1141209,土地1建物1車位0,全,二層,透天厝,農業用,鋼造,0861128,307.93,4,2,4,有,無,3880000,12600,,0.0,0,,RPWNMLQKJHLGFGD88DA,297.66,0.0,10.27,無,
佳里區,房地(土地+建物),臺南市佳里區佳興一街５０巷４８號,78.0,,鄉村區,乙種建築用地,1141223,土地1建物1車位0,全,三層,透天厝,住家用,鋼筋混凝土造,1130805,142.3,4,2,4,有,無,9650000,67814,,0.0,0,,RPRNMLTKJHLGFGD68DA,124.6,0.0,17.7,無,0073
安定區,房地(土地+建物),臺南市安定區安定１０２之７號,86.66,都市：其他:住宅區,,,1141202,土地2建物1車位0,全,三層,透天厝,住家用,鋼筋混凝土造,1090303,170.4,4,3,5,有,無,8700000,51056,,0.0,0,親友、員工、共有人或其他特殊關係間之交易；頂樓加蓋；其他增建；,RPVNMLMLKIKGFHD68DA,151.24,0.0,19.16,無,0074
善化區,房地(土地+建物)+車位,臺南市善化區自由路２７３號十一樓之２,24.02,住,,,1141220,土地3建物1車位1,十一層,十五層,住宅大樓(11層含以上有電梯),住家用,鋼筋混凝土造,1111216,154.06,3,2,2,有,有,16000000,103856,坡道平面,29.63,0,,RPOOMLMJJHLGFHD77DA,78.65,0.0,8.98,有,0075
善化區,房地(土地+建物),臺南市善化區小新里成功新村３５號三樓,24.37,都市：其他:國宅專用區,,,1141223,土地3建物1車位0,三層,八層,華廈(10層含以下有電梯),住家用,鋼筋混凝土造,0830923,110.23,3,2,2,有,有,4600000,41731,,0.0,0,,RPTOMLMKJHLGFHD38DA,76.38,0.0,10.04,有,0076
新化區,土地,拔林段32-13地號,204.0,,鄉村區,乙種建築用地,1141202,土地1建物0車位0,,,其他,,,,0.0,0,0,0,無,無,5800000,28431,,0.0,0,,RPROMLNKJHLGFHD28DA,0.0,0.0,0.0,無,
新市區,土地,北三舍段50-1地號,1000.07,,一般農業區,農牧用地,1141222,土地1建物0車位0,,,其他,,,,0.0,0,0,0,無,無,7500000,7499,,0.0,0,,RPXOMLNKJHLGFHD88DA,0.0,0.0,0.0,無,
新化區,房地(土地+建物),臺南市新化區崙子頂３５號之１,330.67,,鄉村區,乙種建築用地,1141206,土地2建物1車位0,全,三層,透天厝,住家用,鋼筋混凝土造,1011017,338.78,6,2,4,有,無,18500000,54608,,0.0,0,,RPQNMLOKJHLGFHD18DA,329.98,0.0,8.8,無,
善化區,土地,善成段1043地號,37.25,住,,,1141213,土地1建物0車位0,,,其他,,,,0.0,0,0,0,無,無,3840000,103087,,0.0,0,親友、員工、共有人或其他特殊關係間之交易；,RPVNMLQKJHLGFHD88DA,0.0,0.0,0.0,無,
仁德區,房地(土地+建物)+車位,臺南市仁德區崇聖路一段２號六樓之６,15.5,住,,,1141205,土地1建物1車位1,六層,十四層,住宅大樓(11層含以上有電梯),住家用,鋼筋混凝土造,1131015,116.41,2,2,1,有,有,10660000,111837,坡道平面,32.27,1250000,,RPUPMLSJKIKGFID66DA,54.08,0.0,3.98,有,
歸仁區,房地(土地+建物)+車位,臺南市歸仁區許厝里仁愛北街６２號三樓,19.85,住,,,1141213,土地1建物1車位1,三層,八層,華廈(10層含以下有電梯),住家用,鋼筋混凝土造,0840106,130.01,3,2,2,有,有,6660000,51227,坡道平面,0.0,0,,RPVNMLMLKIKGFID78DA,77.96,0.0,10.92,有,
歸仁區,土地,沙崙段1385地號,3240.0,,一般農業區,農牧用地,1141230,土地2建物0車位0,,,其他,,,,0.0,0,0,0,無,無,11500000,3549,,0.0,0,沙崙段地號1385-0000:成交價新台幣575萬元整沙崙段地號1385-0018:成交價新台幣575萬元整,RPVNMLMKJHLGFID58DA,0.0,0.0,0.0,無,
歸仁區,土地,歸仁北段1498地號,193.0,住,,,1141231,土地2建物0車位0,,,其他,,,,0.0,0,0,0,無,無,7200000,37306,,0.0,0,,RPOPMLQKJHLGFID48DA,0.0,0.0,0.0,無,
永康區,房地(土地+建物)+車位,臺南市永康區東橋十街７３號五樓之１,23.56,住,,,1141217,土地1建物1車位1,五層,十八層,住宅大樓(11層含以上有電梯),住家用,鋼筋混凝土造,1140605,152.2,3,2,2,有,有,12000000,78844,坡道平面,22.99,0,,RPQNMLLMKIKGFKD48DA,75.83,0.0,8.43,有,0077
永康區,土地,三民段1194地號,172.48,都市：其他:住宅區,,,1141205,土地25建物0車位0,,,其他,,,,0.0,0,0,0,無,無,9912000,57468,,0.0,0,未登記建物；,RPSPMLQJJHLGFKD98DA,0.0,0.0,0.0,無,
永康區,房地(土地+建物)+車位,臺南市永康區永勝街１７７號,28.91,住,,,1141212,土地1建物1車位1,一層，二層，三層，騎樓,九層,華廈(10層含以下有電梯),住商用,鋼筋混凝土造,0830610,201.32,3,1,3,有,有,8300000,41228,坡道平面,0.0,0,,RPPOMLRJJHLGFKD68DA,140.46,0.0,3.64,有,0078
永康區,房地(土地+建物),臺南市永康區正南一街１０５巷１１號,220.0,工,,,1141224,土地1建物1車位0,全,一層,透天厝,工業用,鐵造,0760605,102.17,7,2,2,有,無,16500000,161496,,0.0,0,親友、員工、共有人或其他特殊關係間之交易；夾層；未登記建物；,RPQNMLSJJHLGFKD78DA,102.17,0.0,0.0,無,
永康區,房地(土地+建物),臺南市永康區西勢里廣興街３８巷３４弄３號五樓,27.63,住,,,1141206,土地1建物1車位0,五層,五層,公寓(5樓含以下無電梯),住家用,鋼筋混凝土造,0810817,93.03,3,2,2,有,無,5200000,55896,,0.0,0,親友、員工、共有人或其他特殊關係間之交易；,RPQNMLMKJHLGFKD28DA,79.71,0.0,7.24,無,0079
永康區,房地(土地+建物)+車位,臺南市永康區東橋七路１９７號九樓之１,24.46,住,,,1141201,土地1建物1車位1,九層,十六層,住宅大樓(11層含以上有電梯),住家用,鋼筋混凝土構造,1061114,157.45,3,1,2,有,有,15250000,96856,坡道平面,22.39,0,,RPPNMLNKJHLGFKD28DA,78.1,4.84,6.57,有,0080
新化區,土地,頂山腳段2140-42地號,23.0,,特定農業區,水利用地,1141218,土地1建物0車位0,,,其他,,,,0.0,0,0,0,無,無,415000,18043,,0.0,0,水利地承購；,RPPNMLTKJHLGFHD68EA,0.0,0.0,0.0,無,
關廟區,土地,下湖段7-168地號,3249.0,,一般農業區,農牧用地,1141216,土地1建物0車位0,,,其他,,,,0.0,0,0,0,無,無,4386150,1350,,0.0,0,,RPPOMLKLIIKGFID97EA,0.0,0.0,0.0,無,
北區,房地(土地+建物),臺南市北區開元路１４８巷６６號,74.0,住,,,1141203,土地2建物1車位0,全,二層,透天厝,住家用,加強磚造,0570501,95.18,4,3,2,有,無,7100000,74596,,0.0,0,其他增建；,RPXNMLNJKIKGFAD08DA,95.18,0.0,0.0,無,
北區,房地(土地+建物),臺南市北區賢北街１５８號,129.23,住,,,1141210,土地1建物1車位0,全,四層,透天厝,住家用,鋼筋混凝土構造,1090312,333.75,5,4,6,有,無,35500000,106367,,0.0,0,陽台外推；頂樓加蓋；其他增建；,RPWSMLKKKIKGFAD28DA,305.03,0.0,28.72,有,0081
北區,房地(土地+建物),臺南市北區東豐路４９１號四樓之７,19.79,住,,,1141211,土地2建物1車位0,五層,八層,華廈(10層含以下有電梯),住家用,鋼筋混凝土造,0720818,105.93,3,1,2,有,有,5760000,54376,,0.0,0,親友、員工、共有人或其他特殊關係間之交易；包含公共設施保留地用地；,RPQOMLMKKIKGFAD47DA,76.96,0.0,10.96,有,
中西區,房地(土地+建物),臺南市中西區文和街１７號,102.54,住,,,1141226,土地1建物1車位0,全,四層,透天厝,,鋼筋混凝土造,0710805,298.21,4,2,4,有,無,5040000,16901,,0.0,0,親友、員工、共有人或其他特殊關係間之交易；,RPSNMLMKJHLGFAD47DA,242.05,0.0,56.16,無,
北區,房地(土地+建物),臺南市北區大興街３７３巷２８號,109.19,住,,,1141217,土地1建物1車位0,全,三層,透天厝,住商用,鋼筋混凝土造,0810305,225.35,6,2,3,有,無,16500000,73219,,0.0,0,頂樓加蓋；其他增建；,RPQOMLOKJHLGFAD57DA,209.9,3.95,11.5,無,
中西區,土地,頂美段115地號,55.4,都市：其他:停車場用地,,,1141211,土地6建物0車位0,,,其他,,,,0.0,0,0,0,無,無,1770000,31949,,0.0,0,頂美段115地號，成交總價新台幣壹佰萬元整；頂美段114、114-1、114-2、114-3、115-1地號，成交總價新台幣柒拾柒萬元整。包含公共設施保留地用地；,RPTQMLPKJHLGFAD18DA,0.0,0.0,0.0,無,0082
中西區,房地(土地+建物),臺南市中西區頂美一街４８巷１３弄２號,103.87,住,,,1141202,土地1建物1車位0,全,二層,透天厝,住家用,加強磚造,0640519,108.54,5,2,6,有,無,15000000,138198,,0.0,0,親友、員工、共有人或其他特殊關係間之交易；,RPRNMLSKJHLGFAD97DA,108.54,0.0,0.0,無,
安平區,土地,金城段40-3地號,40.67,都市：其他:特定商業專用區,,,1141222,土地1建物0車位0,,,其他,,,,0.0,0,0,0,無,無,2800000,68847,,0.0,0,親友、員工、共有人或其他特殊關係間之交易；,RPOOMLTKJHLGFAD87DA,0.0,0.0,0.0,無,0083
安南區,房地(土地+建物),臺南市安南區國安街２３３巷１１號,115.49,住,,,1141203,土地1建物1車位0,全,二層,透天厝,住家用,加強磚造,0710227,124.16,2,3,2,有,無,6280000,50580,,0.0,0,其他增建；,RPXNMLLKKIKGFBD08DA,120.2,0.0,3.96,無,
安南區,土地,公親段1058地號,162.04,住,,,1141210,土地2建物0車位0,,,其他,,,,0.0,0,0,0,無,無,1668657,10298,,0.0,0,親友、員工、共有人或其他特殊關係間之交易；,RPOOMLRKKIKGFBD87DA,0.0,0.0,0.0,無,
安南區,土地,海西段471地號,250.91,農,,,1141230,土地17建物0車位0,,,其他,,,,0.0,0,0,0,無,無,2086790,8317,,0.0,0,未登記建物；,RPXNMLOKJHLGFBD28DA,0.0,0.0,0.0,無,0084
南區,土地,大恩段204-4地號,80.93,住,,,1141201,土地1建物0車位0,,,其他,,,,0.0,0,0,0,無,無,1500000,18535,,0.0,0,,RPTNMLTJJHLGFCD38DA,0.0,0.0,0.0,無,
東區,車位,臺南市東區null,0.0,,,,1141231,土地0建物1車位1,,,其他,,,,31.43,0,0,0,無,有,800000,,坡道平面,31.43,800000,建物坐落地號：仁和段1310地號；親友、員工、共有人或其他特殊關係間之交易；僅車位交易；,RPVNMLOKJHLGFCD18DA,0.0,0.0,0.0,有,
東區,房地(土地+建物)+車位,臺南市東區裕農路３６２號十一樓,17.5,住,,,1141205,土地1建物1車位1,十一層,十六層,住宅大樓(11層含以上有電梯),住家用,鋼筋混凝土造,0841227,150.24,3,2,2,有,有,8050000,53581,坡道平面,0.0,0,,RPXNMLPKJHLGFCD48DA,81.41,1.98,10.23,有,
新營區,房地(土地+建物),臺南市新營區大公街１８號,76.17,住,,,1141231,土地1建物1車位0,全,二層,透天厝,住商用,加強磚造,0670929,105.53,4,2,2,有,無,3000000,28428,,0.0,0,親友、員工、共有人或其他特殊關係間之交易；未登記建物；,RPQNMLKKJHLGFDD37DA,105.53,0.0,0.0,無,
柳營區,土地,柳營段溫厝小段1488地號,1500.0,,特定農業區,農牧用地,1141216,土地1建物0車位0,,,其他,,,,0.0,0,0,0,無,無,2300000,1533,,0.0,0,未登記建物；,RPVNMLKLJHLGFDD97DA,0.0,0.0,0.0,無,0085
新營區,房地(土地+建物),臺南市新營區東勇街６１號,119.17,住,,,1141227,土地1建物1車位0,全,四層,透天厝,住家用,鋼筋混凝土造,1121122,258.15,4,2,5,有,無,20580000,79721,,0.0,0,,RPRNMLLLJHLGFDD67DA,238.36,0.0,19.79,無,
官田區,土地,東西庄段719-1地號,1063.06,,特定農業區,農牧用地,1141228,土地1建物0車位0,,,其他,,,,0.0,0,0,0,無,無,1800000,1693,,0.0,0,,RPQNMLPJJHLGFFD97DA,0.0,0.0,0.0,無,0086
大內區,土地,頭社段330-3地號,15.0,,鄉村區,乙種建築用地,1141226,土地1建物0車位0,,,其他,,,,0.0,0,0,0,無,無,136110,9074,,0.0,0,親友、員工、共有人或其他特殊關係間之交易；,RPTNMLPJJHLGFFD28DA,0.0,0.0,0.0,無,
麻豆區,土地,麻工段107地號,876.82,工,,,1141205,土地1建物0車位0,,,其他,,,,0.0,0,0,0,無,無,42440000,48402,,0.0,0,,RPPPMLPKJHLGFFD18DA,0.0,0.0,0.0,無,0087
六甲區,土地,光明段474地號,62.23,住,,,1141230,土地1建物0車位0,,,其他,,,,0.0,0,0,0,無,無,960000,15427,,0.0,0,,RPSPMLPKJHLGFFD48DA,0.0,0.0,0.0,無,0088
西港區,土地,劉厝段2285地號,2542.0,,特定農業區,農牧用地,1141219,土地1建物0車位0,,,其他,,,,0.0,0,0,0,無,無,6650000,2616,,0.0,0,農作物；,RPQOMLPJJHLGFGD18DA,0.0,0.0,0.0,無,
將軍區,土地,巷口段二小段712地號,1715.0,,特定農業區,農牧用地,1141209,土地1建物0車位0,,,其他,,,,0.0,0,0,0,無,無,3000000,1749,,0.0,0,農作物；,RPOOMLTKJHLGFGD48DA,0.0,0.0,0.0,無,0089
山上區,土地,豐德段715地號,3809.0,,特定專用區,農牧用地,1141205,土地1建物0車位0,,,其他,,,,0.0,0,0,0,無,無,3800000,998,,0.0,0,,RPOOMLLKKIKGFHD87DA,0.0,0.0,0.0,無,
善化區,房地(土地+建物)+車位,臺南市善化區民生路３０號四樓之５,30.47,住,,,1141224,土地1建物1車位1,四層,六層,華廈(10層含以下有電梯),住家用,鋼筋混凝土造,1140912,94.25999999999999,2,2,2,有,有,10600000,112455,其他,7.48,0,,RPPNMLTKJHLGFHD58DA,60.64,0.0,5.63,有,0090
龍崎區,土地,龍船段107-81地號,148.0,,山坡地保育區,交通用地,1141223,土地2建物0車位0,,,其他,,,,0.0,0,0,0,無,無,105672,714,,0.0,0,協議價購；,RPSQMLPKJHLGFID88DA,0.0,0.0,0.0,無,
玉井區,房地(土地+建物),臺南市玉井區玉安街１７８巷２號,86.5,住,,,1141209,土地1建物1車位0,全,二層,透天厝,住家用,加強磚造,0740418,106.38,1,2,2,有,無,2500000,23501,,0.0,0,頂樓加蓋；其他增建；,RPQNMLQKJHLGFJD58DA,100.04,0.0,6.34,無,
永康區,土地,三民段1194地號,34.5,住,,,1141205,土地25建物0車位0,,,其他,,,,0.0,0,0,0,無,無,1981000,57420,,0.0,0,,RPQPMLQJJHLGFKD78DA,0.0,0.0,0.0,無,0091
永康區,土地,四維段1003地號,2.01,都市：其他:道路用地,,,1141231,土地1建物0車位0,,,其他,,,,0.0,0,0,0,無,無,77457,38536,,0.0,0,包含公共設施保留地用地；,RPQNMLQKJHLGFKD68DA,0.0,0.0,0.0,無,
永康區,土地,文化段886地號,344.25,都市：其他:保護區,,,1141225,土地1建物0車位0,,,其他,,,,0.0,0,0,0,無,無,8000000,23239,,0.0,0,,RPPNMLTKJHLGFKD88DA,0.0,0.0,0.0,無,0092
永康區,房地(土地+建物),臺南市永康區永榮二街２５號,136.79,住,,,1141226,土地1建物1車位0,全,五層,透天厝,住家用,鋼筋混凝土造,1120920,358.7,4,2,6,有,無,39500000,110120,,0.0,0,,RPRNMLTKJHLGFKD09DA,325.67,0.0,33.03,有,
佳里區,土地,佳化段1154地號,180.47,,鄉村區,乙種建築用地,1141231,土地1建物0車位0,,,其他,,,,0.0,0,0,0,無,無,2565777,14217,,0.0,0,增值稅167317元由買方負擔親友、員工、共有人或其他特殊關係間之交易；,RPPNMLLLJHLGFGD87EA,0.0,0.0,0.0,無,
北區,房地(土地+建物)+車位,臺南市北區西門路三段１５９號七樓之１,33.3,商,,,1141206,土地1建物1車位4,七層,十四層,住宅大樓(11層含以上有電梯),商業用,鋼筋混凝土造,0801214,460.88,0,4,1,有,有,15980000,34672,坡道機械,0.0,2400000,陽台外推；,RPQOMLQJKIKGFAD77DA,313.38,0.0,49.25,有,
安平區,房地(土地+建物),臺南市安平區安平路７２４巷３號二樓,28.71,都市：其他:特定住宅專用區,,,1141217,土地1建物1車位0,二層,四層,公寓(5樓含以下無電梯),住家用,鋼筋混凝土造,0700314,73.5,2,2,1,有,無,1750000,23810,,0.0,0,,RPROMLRKKIKGFAD08DA,61.64,0.0,4.28,無,
安平區,房地(土地+建物)+車位,臺南市安平區慶平路１９３巷６號七樓之３,26.96,住,,,1141211,土地1建物1車位1,七層，八層,八層,華廈(10層含以下有電梯),住家用,鋼筋混凝土造,0850716,197.51999999999998,4,2,2,有,有,9300000,47086,坡道平面,0.0,0,夾層；,RPUNMLNKJHLGFAD77DA,103.25,0.0,18.02,有,0093
安平區,房地(土地+建物)+車位,臺南市安平區永華路二段３８３號十五樓,10.69,住,,,1141216,土地1建物1車位1,十五層,二十二層,住宅大樓(11層含以上有電梯),住家用,鋼筋混凝土構造,1101213,113.99000000000001,2,2,2,有,有,12100000,106150,坡道機械,24.5,0,,RPUQMLPKJHLGFAD28DA,53.18,2.88,3.86,有,0094
安平區,房地(土地+建物)+車位,臺南市安平區國平北路１８６號二樓之７,3.35,商,,,1141211,土地1建物1車位1,二層,二十九層,住宅大樓(11層含以上有電梯),住家用,鋼筋混凝土造,1121017,43.239999999999995,1,1,1,有,有,2100000,48566,坡道機械,6.05,0,親友、員工、共有人或其他特殊關係間之交易；,RPPNMLKLJHLGFAD07DA,20.86,0.47,1.94,有,0095
安南區,房地(土地+建物),臺南市安南區樂安二街１３號,186.38,住,,,1141203,土地1建物1車位0,全,五層,透天厝,住家用,鋼筋混凝土造,1130816,427.71,4,2,6,有,無,39800000,93054,,0.0,0,,RPPOMLMJJHLGFBD27DA,388.87,0.0,38.84,有,
安南區,房地(土地+建物),臺南市安南區海佃路二段５０９巷２２弄１號,94.06,住,,,1141207,土地1建物1車位0,全,四層,透天厝,住家用,鋼筋混凝土造,1140522,194.11,5,2,4,有,無,19500000,100459,,0.0,0,陽台外推；其他增建；,RPOOMLTKJHLGFBD97DA,168.3,0.0,25.81,無,
安南區,土地,怡安段786-2地號,57.91,住,,,1141231,土地1建物0車位0,,,其他,,,,0.0,0,0,0,無,無,4880000,84269,,0.0,0,親友、員工、共有人或其他特殊關係間之交易；,RPPNMLKLJHLGFBD17DA,0.0,0.0,0.0,無,0012
安南區,土地,安東段240-2地號,133.72,都市：其他:道路用地,,,1141231,土地1建物0車位0,,,其他,,,,0.0,0,0,0,無,無,1644756,12300,,0.0,0,包含公共設施保留地用地；,RPWNMLKLJHLGFBD87DA,0.0,0.0,0.0,無,
南區,房地(土地+建物)+車位,臺南市南區大林路２號六樓之５,33.01,住,,,1141208,土地1建物1車位1,六層,十三層,住宅大樓(11層含以上有電梯),住家用,鋼筋混凝土造,0881021,138.75,3,2,2,有,有,7200000,51892,坡道平面,0.0,0,其他增建；,RPOOMLSJKIKGFCD97DA,81.29,0.0,8.17,有,
南區,房地(土地+建物),臺南市南區尊南街２６２號,104.2,住,,,1141210,土地1建物1車位0,全,四層,透天厝,住商用,鋼筋混凝土造,1140509,293.06,5,3,6,有,無,33800000,115335,,0.0,0,未登記建物；未登記建物；,RPVOMLRJJHLGFCD48DA,263.44,0.0,29.62,有,
東區,房地(土地+建物)+車位,臺南市東區崇善路８４１號五樓,17.04,住,,,1141210,土地1建物1車位1,五層,九層,華廈(10層含以下有電梯),住家用,鋼筋混凝土造,0831107,144.65,3,2,2,有,有,9000000,62219,一樓平面,0.0,0,,RPXNMLQKJHLGFCD58DA,80.67,0.0,12.25,有,0097
東區,房地(土地+建物)+車位,臺南市東區長榮路一段９號十四樓之５,18.15,商,,,1141229,土地2建物1車位1,十四層,十四層,住宅大樓(11層含以上有電梯),住家用,鋼筋混凝土造,0991213,173.32999999999998,2,1,2,有,有,11000000,63463,坡道平面,0.0,0,親友、員工、共有人或其他特殊關係間之交易；,RPQNMLRKJHLGFCD97DA,80.19,0.0,11.87,有,
南區,房地(土地+建物)+車位,臺南市南區萬年七街１６５號十三樓之７,20.68,住,,,1141224,土地1建物1車位1,十三層,十五層,住宅大樓(11層含以上有電梯),住家用,鋼筋混凝土構造,1070619,108.94,2,2,1,有,有,7900000,72517,坡道平面,24.09,0,,RPRNMLKLJHLGFCD47DA,52.06,0.0,4.37,有,0098
南區,房地(土地+建物)+車位,臺南市南區萬年七街１７３號十一樓之７,20.68,住,,,1141225,土地1建物1車位1,十一層,十五層,住宅大樓(11層含以上有電梯),住家用,鋼筋混凝土構造,1070619,108.94,2,2,1,有,有,8000000,73435,坡道平面,24.09,0,,RPOOMLLLJHLGFCD37DA,52.06,0.0,4.37,有,0099
新營區,土地,德隆段563地號,1736.87,,一般農業區,農牧用地,1141225,土地1建物0車位0,,,其他,,,,0.0,0,0,0,無,無,4544700,2617,,0.0,0,,RPRNMLTKJHLGFDD38DA,0.0,0.0,0.0,無,
柳營區,土地,雙和段417地號,2432.36,農,,,1141222,土地1建物0車位0,,,其他,,,,0.0,0,0,0,無,無,4000000,1644,,0.0,0,農作物；,RPPNMLLLJHLGFDD47DA,0.0,0.0,0.0,無,
麻豆區,車位,臺南市麻豆區新生南路２１６號、新生南路２１８巷６號、新生南路２１８巷８號等１９９戶,0.0,,,,1141222,土地0建物1車位1,,,其他,,,,29.83,0,0,0,無,有,200000,,坡道平面,29.83,200000,車位買賣以優惠方案承購。；建物坐落地號：興農段472-42地號；僅車位交易；,RPXNMLTKJHLGFFD56DA,0.0,0.0,0.0,有,0100
麻豆區,車位,臺南市麻豆區新生南路２１６號、新生南路２１８巷６號、新生南路２１８巷８號等１９９戶,0.0,,,,1141217,土地0建物1車位2,,,其他,,,,59.66,0,0,0,無,有,1400000,,坡道平面,59.66,1400000,車位買賣以優惠方案承購。；建物坐落地號：興農段472-42地號；僅車位交易；,RPOOMLTKJHLGFFD38DA,0.0,0.0,0.0,有,0100
麻豆區,車位,臺南市麻豆區新生南路２１６號、新生南路２１８巷６號、新生南路２１８巷８號等１９９戶,0.0,,,,1141225,土地0建物1車位1,,,其他,,,,29.83,0,0,0,無,有,300000,,坡道平面,29.83,300000,車位買賣以優惠方案承購。；建物坐落地號：興農段472-42地號；僅車位交易；,RPPOMLTKJHLGFFD48DA,0.0,0.0,0.0,有,0100
麻豆區,車位,臺南市麻豆區新生南路２１６號、新生南路２１８巷６號、新生南路２１８巷８號等１９９戶,0.0,,,,1141227,土地0建物1車位1,,,其他,,,,29.83,0,0,0,無,有,200000,,坡道平面,29.83,200000,車位買賣以優惠方案承購。；建物坐落地號：興農段472-42地號；僅車位交易；,RPQOMLTKJHLGFFD58DA,0.0,0.0,0.0,有,0100
麻豆區,車位,臺南市麻豆區新生南路２１６號、新生南路２１８巷６號、新生南路２１８巷８號等１９９戶,0.0,,,,1141227,土地0建物1車位1,,,其他,,,,29.83,0,0,0,無,有,200000,,坡道平面,29.83,200000,車位買賣以優惠方案承購。；建物坐落地號：興農段472-42地號；僅車位交易；,RPSOMLTKJHLGFFD78DA,0.0,0.0,0.0,有,0100
下營區,土地,茅港尾段2356地號,459.0,,特定農業區,農牧用地,1141222,土地1建物0車位0,,,其他,,,,0.0,0,0,0,無,無,1130000,2462,,0.0,0,未登記建物；,RPTNMLKLJHLGFFD97DA,0.0,0.0,0.0,無,0105
大內區,土地,嗚頭段383-5地號,945.0,,山坡地保育區,丙種建築用地,1141202,土地1建物0車位0,,,其他,,,,0.0,0,0,0,無,無,6000000,6349,,0.0,0,,RPUNMLKLJHLGFFD08DA,0.0,0.0,0.0,無,
麻豆區,土地,晉江段679-3地號,2.58,住,,,1141210,土地1建物0車位0,,,其他,,,,0.0,0,0,0,無,無,42900,16628,,0.0,0,,RPPNMLLLJHLGFFD67DA,0.0,0.0,0.0,無,
麻豆區,土地,晉江段679-1地號,22.77,住,,,1141210,土地1建物0車位0,,,其他,,,,0.0,0,0,0,無,無,378950,16643,,0.0,0,,RPQNMLLLJHLGFFD77DA,0.0,0.0,0.0,無,
官田區,房地(土地+建物),臺南市官田區南里南８之４３號,88.02,住,,,1141220,土地3建物1車位0,全,二層,透天厝,住商用,加強磚造,0650400,132.44,4,2,3,有,無,3100000,23407,,0.0,0,其他增建；,RPUNMLLLJHLGFFD18DA,132.44,0.0,0.0,無,
七股區,土地,十一份段336地號,1622.0,,特定農業區,農牧用地,1141224,土地1建物0車位0,,,其他,,,,0.0,0,0,0,無,無,2120000,1307,,0.0,0,,RPSNMLNKJHLGFGD18DA,0.0,0.0,0.0,無,
新化區,房地(土地+建物)+車位,臺南市新化區正新北路８１巷２號六樓之３,36.95,住,,,1141203,土地1建物1車位1,六層,六層,華廈(10層含以下有電梯),住家用,鋼筋混凝土造,1111222,107.96000000000001,3,2,2,有,有,7500000,69470,一樓平面,0.0,0,車位面積已包含在共有面積內無法拆分親友、員工、共有人或其他特殊關係間之交易；,RPROMLPJJHLGFHD38DA,68.01,0.0,6.99,有,0106
龍崎區,土地,崎頂段27地號,1368.0,,山坡地保育區,農牧用地,1141219,土地1建物0車位0,,,其他,,,,0.0,0,0,0,無,無,500000,365,,0.0,0,,RPUNMLOKJHLGFID68DA,0.0,0.0,0.0,無,
關廟區,土地,埤頭段750地號,2526.11,,一般農業區,農牧用地,1141205,土地1建物0車位0,,,其他,,,,0.0,0,0,0,無,無,21560000,8535,,0.0,0,,RPPNMLRKJHLGFID48DA,0.0,0.0,0.0,無,
仁德區,土地,新工段1267-2地號,1536.33,農,,,1141202,土地3建物0車位0,,,其他,,,,0.0,0,0,0,無,無,19517400,12704,,0.0,0,,RPPNMLKLJHLGFID87DA,0.0,0.0,0.0,無,
關廟區,房地(土地+建物)+車位,臺南市關廟區北安一街５６號四樓之１,30.37,住,,,1141231,土地1建物1車位1,四層,六層,華廈(10層含以下有電梯),住家用,鋼筋混凝土造,1140116,90.75,3,2,2,有,有,7600000,75350,一樓平面,7.14,1300000,土地價格220萬元整、建物價格410萬元整。車位為法定空地停車位。,RPOOMLLLJHLGFID97DA,60.68,0.0,4.92,有,
永康區,房地(土地+建物),臺南市永康區鹽洲二街１９１號,88.9,住,,,1141203,土地1建物1車位0,全,四層,透天厝,住商用,鋼筋混凝土造,0811007,209.81,10,3,3,有,無,12820000,61103,,0.0,0,陽台外推；頂樓加蓋；其他增建；,RPUOMLNJKIKGFKD88DA,197.72,0.0,12.09,無,
永康區,土地,永康段1513地號,1306.0,住,,,1141216,土地19建物0車位0,,,其他,,,,0.0,0,0,0,無,無,185678200,142173,,0.0,0,,RPSNMLKLJHLGFKD38DA,0.0,0.0,0.0,無,
永康區,房地(土地+建物)+車位,臺南市永康區大橋里大橋一街６１號十三樓之１,14.65,住,,,1141225,土地1建物1車位1,十三層,十三層,住宅大樓(11層含以上有電梯),住家用,鋼筋混凝土造,0830408,155.65,2,2,2,有,有,7200000,46258,坡道平面,0.0,0,土地售價432萬元正建物售價288萬元整,RPRNMLLLJHLGFKD38DA,72.69,19.87,3.82,有,
關廟區,土地,龜洞段237-1地號,41.4,,一般農業區,農牧用地,1141231,土地1建物0車位0,,,其他,,,,0.0,0,0,0,無,無,100000,2415,,0.0,0,親友、員工、共有人或其他特殊關係間之交易；,RPSOMLKLIIKGFID28EA,0.0,0.0,0.0,無,
北區,土地,東豐段974-39地號,31.25,都市：其他:住宅區,,,1141231,土地2建物0車位0,,,其他,,,,0.0,0,0,0,無,無,2500000,80000,,0.0,0,親友、員工、共有人或其他特殊關係間之交易；包含公共設施保留地用地；,RPSNMLNKJHLGFAD57DA,0.0,0.0,0.0,無,
安平區,房地(土地+建物)+車位,臺南市安平區建平十一街１６號十樓之５,11.66,商,,,1141226,土地1建物1車位1,十層,十五層,住宅大樓(11層含以上有電梯),住家用,鋼筋混凝土構造,1111013,115.96000000000001,2,1,1,有,有,10360000,89341,坡道平面,34.19,0,,RPXNMLOKJHLGFAD18DA,51.58,0.0,3.45,有,0107
北區,房地(土地+建物)+車位,臺南市北區北園街６之３號十五樓之２,10.5,商,,,1141214,土地1建物1車位1,十五層,十九層,住宅大樓(11層含以上有電梯),住家用,鋼筋混凝土造,0851202,125.32,3,2,2,有,有,9450000,75407,坡道機械,0.0,0,,RPUOMLOKJHLGFAD97DA,79.43,8.12,0.0,有,
北區,土地,大興段63-71地號,8.23,住,,,1141231,土地1建物0車位0,,,其他,,,,0.0,0,0,0,無,無,800000,97205,,0.0,0,親友、員工、共有人或其他特殊關係間之交易；,RPUNMLKLJHLGFAD57DA,0.0,0.0,0.0,無,
中西區,房地(土地+建物),臺南市中西區信義街１０８巷４３號之３,5.54,住,,,1141218,土地1建物1車位0,一層,六層,華廈(10層含以下有電梯),商業用,鋼筋混凝土造,0820327,24.919999999999998,1,1,1,有,有,2450000,98315,,0.0,0,親友、員工、共有人或其他特殊關係間之交易；,RPVNMLKLJHLGFAD67DA,17.22,0.0,0.0,有,
中西區,房地(土地+建物),臺南市中西區民權路三段３３８號五樓之４,8.57,住,,,1141218,土地2建物1車位0,五層,七層,華廈(10層含以下有電梯),住家用,鋼筋混凝土造,0810130,36.21,1,1,1,有,有,2440000,67385,,0.0,0,親友、員工、共有人或其他特殊關係間之交易；,RPWNMLKLJHLGFAD77DA,25.56,1.03,2.34,有,
中西區,土地,老古石段432地號,29.97,住,,,1141221,土地2建物0車位0,,,其他,,,,0.0,0,0,0,無,無,1350000,45045,,0.0,0,未登記建物；,RPXNMLKLJHLGFAD87DA,0.0,0.0,0.0,無,
安南區,房地(土地+建物),臺南市安南區安中路六段５７８巷６９號,102.87,都市：其他:住宅區,,,1141231,土地5建物1車位0,全,二層,透天厝,住家用,加強磚造,0660723,58.91,3,1,2,有,無,1500000,25463,,0.0,0,親友、員工、共有人或其他特殊關係間之交易；包含公共設施保留地用地；,RPPNMLLKJHLGFBD17DA,54.96,0.0,3.95,無,
南區,房地(土地+建物),臺南市南區新興路５３３巷６３弄１７號,125.56,住,,,1141225,土地2建物1車位0,全,二層,透天厝,住家用,加強磚造,0680622,97.2,4,2,2,有,無,9000000,92593,,0.0,0,,RPWNMLLMKIKGFCD28DA,97.2,0.0,0.0,無,
南區,土地,日新段597地號,100.41,都市：其他:細部計畫道路用地,,,1141220,土地15建物0車位0,,,其他,,,,0.0,0,0,0,無,無,866230,8627,,0.0,0,包含公共設施保留地用地；,RPVNMLNKJHLGFCD08DA,0.0,0.0,0.0,無,
白河區,土地,永秀段68地號,45.08,住,,,1141222,土地1建物0車位0,,,其他,,,,0.0,0,0,0,無,無,2440000,54126,,0.0,0,親友、員工、共有人或其他特殊關係間之交易；,RPRNMLNLJHLGFED97DA,0.0,0.0,0.0,無,0023
學甲區,土地,興善段695地號,114.46,住,,,1141225,土地3建物0車位0,,,其他,,,,0.0,0,0,0,無,無,1200000,10484,,0.0,0,,RPUNMLQJJHLGFGD58DA,0.0,0.0,0.0,無,
將軍區,土地,漚汪段中甲小段737地號,765.33,,特定農業區,農牧用地,1141230,土地1建物0車位0,,,其他,,,,0.0,0,0,0,無,無,800000,1045,,0.0,0,農作物；,RPTNMLQKJHLGFGD58DA,0.0,0.0,0.0,無,0109
佳里區,房地(土地+建物),臺南市佳里區鎮山里２鄰自由街７９巷１１號,66.23,住,,,1141216,土地2建物1車位0,全,二層,透天厝,住家用,加強磚造,0640530,81.06,5,2,2,有,無,3300000,40711,,0.0,0,其他增建；,RPQNMLMLJHLGFGD97DA,81.06,0.0,0.0,無,
善化區,土地,大成段888地號,54.34,商,,,1141213,土地4建物0車位0,,,其他,,,,0.0,0,0,0,無,無,5600000,103055,,0.0,0,親友、員工、共有人或其他特殊關係間之交易；包含公共設施保留地用地；,RPXNMLQKJHLGFHD09DA,0.0,0.0,0.0,無,
善化區,土地,茄拔段843地號,1000.0,,特定農業區,農牧用地,1141209,土地2建物0車位0,,,其他,,,,0.0,0,0,0,無,無,4500000,4500,,0.0,0,,RPUNMLLLJHLGFHD38DA,0.0,0.0,0.0,無,0110
新化區,土地,新國段165-4地號,3.04,商,,,1141211,土地1建物0車位0,,,其他,,,,0.0,0,0,0,無,無,570000,187500,,0.0,0,含土地增值稅或其他稅費；含地政士服務費；,RPVNMLNLJHLGFHD68DA,0.0,0.0,0.0,無,0111
歸仁區,房地(土地+建物),臺南市歸仁區看西里仁愛十街１２號,80.0,住,,,1141225,土地1建物1車位0,全,三層,透天厝,住家用,鋼筋混凝土造,0791106,162.85,4,2,3,有,無,9300000,57108,,0.0,0,其他增建；,RPWNMLTLKIKGFID96DA,142.08,6.49,14.28,無,
仁德區,房地(土地+建物),臺南市仁德區太子北路６５號,89.23,商,,,1141220,土地1建物1車位0,全,四層,透天厝,住商用,鋼筋混凝土造,1131217,324.38,5,2,6,有,無,32800000,101116,,0.0,0,,RPWNMLSJJHLGFID56DA,299.45,0.0,24.93,有,
仁德區,房地(土地+建物),臺南市仁德區成功里保華路１２９巷４５號,82.15,住,,,1141220,土地1建物1車位0,全,二層,透天厝,住家用,鋼筋混凝土造,0810511,94.46,3,2,3,有,無,8880000,94008,,0.0,0,其他增建；,RPXNMLLLJHLGFID78DA,91.38,0.0,3.08,無,
歸仁區,房地(土地+建物)+車位,臺南市歸仁區大德路２６９號,66.36,住,,,1141220,土地1建物1車位1,一層，二層，三層,十二層,住宅大樓(11層含以上有電梯),住商用,鋼筋混凝土造,0850621,184.46,3,3,3,有,有,8000000,43370,坡道平面,0.0,0,陽台外推；,RPPNMLMLJHLGFID08DA,119.36,6.14,11.69,有,
永康區,房地(土地+建物)+車位,臺南市永康區永二街１２３巷２２號五樓之３,32.06,住,,,1141224,土地1建物1車位1,五層,五層,華廈(10層含以下有電梯),住家用,鋼筋混凝土構造,1111006,117.71000000000001,3,2,2,有,有,9680000,82236,一樓平面,27.33,0,,RPQOMLKMKIKGFKD48DA,59.0,0.0,5.44,有,0112
永康區,房地(土地+建物),臺南市永康區龍埔街４９５巷７號,123.34,住,,,1141225,土地4建物1車位0,全,四層,透天厝,住家用,鋼筋混凝土造,1130222,294.5,5,2,6,有,無,29100000,98812,,0.0,0,,RPTNMLRJJHLGFKD98DA,288.42,0.0,6.08,無,
永康區,房地(土地+建物),臺南市永康區忠義街６０巷１號七樓之１３,7.01,商,,,1141212,土地1建物1車位0,七層,十五層,住宅大樓(11層含以上有電梯),辦公用,鋼筋混凝土造,0840331,63.230000000000004,1,1,1,有,有,4000000,63261,,0.0,0,,RPQOMLKLJHLGFKD28DA,45.38,0.0,6.33,有,
永康區,房地(土地+建物),臺南市永康區永二街２４４巷６弄７號,64.11,住,,,1141214,土地1建物1車位0,全,二層,透天厝,住家用,加強磚造,0681100,102.58,4,3,5,有,無,11600000,113082,,0.0,0,陽台外推；其他增建；,RPSOMLKLJHLGFKD48DA,78.48,15.6,8.5,無,0113
中西區,房地(土地+建物),臺南市中西區永福路二段１１號四樓之３,6.26,商,,,1141229,土地3建物1車位0,四層,八層,華廈(10層含以下有電梯),住家用,鋼筋混凝土造,0670817,42.75,1,1,1,有,有,2300000,53801,,0.0,0,1.現金支付新台幣100萬元正，未支付130萬元正，視同贈與。２.土地增值稅由買方負擔。親友、員工、共有人或其他特殊關係間之交易；,RPQNMLTKJHLGFAD08EA,35.88,0.0,0.0,有,
後壁區,土地,嘉泰段224地號,5256.63,,一般農業區,農牧用地,1141217,土地3建物0車位0,,,其他,,,,0.0,0,0,0,無,無,2950000,561,,0.0,0,,RPPNMLMLJHLGFED77EA,0.0,0.0,0.0,無,
中西區,房地(土地+建物),臺南市中西區正興街１６１號七樓之２２,2.83,商,,,1141217,土地1建物1車位0,七層,九層,華廈(10層含以下有電梯),住家用,鋼筋混凝土造,0830528,26.89,1,0,1,有,有,2300000,85534,,0.0,0,,RPRNMLPJJHLGFAD57DA,17.32,0.0,3.36,有,
北區,房地(土地+建物),臺南市北區北忠街６６號六樓之１,5.2,商,,,1141223,土地1建物1車位0,六層,七層,華廈(10層含以下有電梯),住家用,鋼筋混凝土造,0761013,36.65,1,1,1,有,有,2600000,70941,,0.0,0,,RPPOMLTJJHLGFAD87DA,24.99,0.0,5.37,有,
北區,房地(土地+建物),臺南市北區公園北路７８巷３０之２號,81.06,都市：其他:細部計畫道路用地,,,1141225,土地3建物1車位0,全,二層,透天厝,住家用,加強磚造,0681204,77.08,4,3,2,有,無,4000000,51894,,0.0,0,親友、員工、共有人或其他特殊關係間之交易；頂樓加蓋；其他增建；,RPPPMLKKJHLGFAD17DA,72.19,0.0,4.88,無,
中西區,房地(土地+建物),臺南市中西區金華路三段２５７號四樓之３,22.75,商,,,1141225,土地1建物1車位0,四層，夾層,五層,華廈(10層含以下有電梯),住家用,鋼筋混凝土造,0751016,130.15,4,2,2,有,有,8000000,61468,,0.0,0,親友、員工、共有人或其他特殊關係間之交易；,RPVNMLTKJHLGFAD48DA,101.83,0.0,8.72,有,
安平區,房地(土地+建物)+車位,臺南市安平區健康路三段３３５號八樓之７,10.91,商,,,1141220,土地1建物1車位1,八層,二十層,住宅大樓(11層含以上有電梯),住家用,鋼筋混凝土構造,1060124,139.51999999999998,3,2,2,有,有,9088000,65142,坡道平面,26.54,0,,RPSOMLKLJHLGFAD47DA,66.22,3.77,6.34,有,0114
安平區,房地(土地+建物),臺南市安平區建平九街６０巷１３弄８之２號,108.0,住,,,1141205,土地1建物1車位0,全,四層,透天厝,住家用,鋼筋混凝土造,1131126,309.33,4,2,5,有,無,36660000,118514,,0.0,0,,RPOOMLNLJHLGFAD37DA,286.48,0.0,22.85,有,
安南區,房地(土地+建物),臺南市安南區府安路三段３１１巷３號,91.75,住,,,1141209,土地1建物1車位0,全,三層,透天厝,住家用,鋼筋混凝土造,1000526,161.19,4,2,3,有,無,6400000,39705,,0.0,0,賣方賣清，所有費用買方負擔親友、員工、共有人或其他特殊關係間之交易；,RPOOMLKKKIKGFBD17DA,147.74,0.0,13.45,無,
安南區,房地(土地+建物),臺南市安南區慈興七街１９６號,69.5,住,,,1141225,土地1建物1車位0,全,三層,透天厝,住家用,鋼筋混凝土造,1080515,146.83,4,2,3,有,無,13100000,89219,,0.0,0,頂樓加蓋；其他增建；,RPPNMLQLJHLGFBD77DA,130.67,0.0,16.16,無,0115
南區,房地(土地+建物),臺南市南區健康路一段１１３巷５３弄１２號,80.95,住,,,1141213,土地2建物1車位0,全,五層,透天厝,住家用,鋼筋混凝土造,0901220,251.98,5,2,3,有,有,24800000,98421,,0.0,0,陽台外推；其他增建；,RPWNMLPKJHLGFCD38DA,190.16,0.0,61.82,無,
南區,房地(土地+建物),臺南市南區國民路１１６巷１８弄３號,70.14,住,,,1141204,土地1建物1車位0,全,二層,透天厝,住家用,加強磚造,0580910,84.88,4,2,2,有,無,5300000,62441,,0.0,0,,RPQNMLTKJHLGFCD18DA,84.88,0.0,0.0,無,0116
東區,房地(土地+建物)+車位,臺南市東區林森路一段３７７號六樓之２,19.0,住,,,1141213,土地1建物1車位1,六層,十二層,住宅大樓(11層含以上有電梯),住家用,鋼筋混凝土造,0820318,165.12,4,2,2,有,有,11600000,70252,升降機械,0.0,0,陽台外推；,RPUNMLKLJHLGFCD77DA,109.27,0.0,15.89,有,
南區,房地(土地+建物),臺南市南區三官路８９巷３２之１號五樓,25.0,住,,,1141216,土地1建物1車位0,五層,五層,華廈(10層含以下有電梯),住家用,鋼筋混凝土造,0780512,99.08,3,2,1,有,無,4300000,43399,,0.0,0,頂樓加蓋；,RPVNMLKLJHLGFCD87DA,70.8,0.0,15.33,有,
新營區,土地,南紙段468地號,2146.0,農,,,1141214,土地2建物0車位0,,,其他,,,,0.0,0,0,0,無,無,5200000,2423,,0.0,0,,RPQNMLLMKIKGFDD77DA,0.0,0.0,0.0,無,
鹽水區,土地,北竹子段菜公堂小段673地號,5287.0,,特定農業區,農牧用地,1141223,土地2建物0車位0,,,其他,,,,0.0,0,0,0,無,無,12000000,2270,,0.0,0,農作物；,RPPNMLTKJHLGFDD18DA,0.0,0.0,0.0,無,0117
白河區,土地,新興段543-2地號,1041.0,農,,,1141222,土地1建物0車位0,,,其他,,,,0.0,0,0,0,無,無,8500000,8165,,0.0,0,,RPPNMLQLJHLGFED08DA,0.0,0.0,0.0,無,
官田區,土地,南段356地號,3221.0,,特定農業區,農牧用地,1141202,土地3建物0車位0,,,其他,,,,0.0,0,0,0,無,無,11500000,3570,,0.0,0,未登記建物；農業設施；,RPPNMLMKKIKGFFD77DA,0.0,0.0,0.0,無,
麻豆區,土地,巷口段417地號,138.99,住,,,1141224,土地1建物0車位0,,,其他,,,,0.0,0,0,0,無,無,10510000,75617,,0.0,0,,RPVNMLKMKIKGFFD38DA,0.0,0.0,0.0,無,
六甲區,土地,六甲段887-3地號,980.0,農,,,1141231,土地7建物0車位0,,,其他,,,,0.0,0,0,0,無,無,4000000,4082,,0.0,0,農作物；,RPTNMLLLJHLGFFD08DA,0.0,0.0,0.0,無,0118
麻豆區,土地,寮段1241地號,1649.14,,特定農業區,農牧用地,1141220,土地2建物0車位0,,,其他,,,,0.0,0,0,0,無,無,3530000,2141,,0.0,0,麻豆區寮?段1241地號農地買賣價350萬元，麻豆區寮?段1242地號交通用地買賣價3萬元。農作物；,RPSNMLNLJHLGFFD18DA,0.0,0.0,0.0,無,
將軍區,土地,苓子寮段一小段770地號,362.67,,鄉村區,乙種建築用地,1141215,土地1建物0車位0,,,其他,,,,0.0,0,0,0,無,無,1500000,4136,,0.0,0,交易金額不包含地上未保存建物，該建物為第三人所有未登記建物；,RPQNMLMKJHLGFGD87DA,0.0,0.0,0.0,無,
學甲區,土地,中洲南段1077地號,26.71,,鄉村區,乙種建築用地,1141228,土地1建物0車位0,,,其他,,,,0.0,0,0,0,無,無,153520,5748,,0.0,0,,RPPNMLRKJHLGFGD28DA,0.0,0.0,0.0,無,
西港區,房地(土地+建物),臺南市西港區溪埔寮３９之１１號,4080.32,,一般農業區,農牧用地,1141212,土地4建物1車位0,全,一層,透天厝,農業用,鋼鐵造,0900119,335.17,2,1,2,有,無,26000000,77573,,0.0,0,其他增建；,RPPOMLKLJHLGFGD77DA,335.17,0.0,0.0,無,
新市區,房地(土地+建物)+車位,臺南市新市區永華三街３２號三樓,43.53,,特定專用區,甲種建築用地,1141220,土地1建物1車位1,三層,八層,華廈(10層含以下有電梯),住家用,鋼筋混凝土造,0860825,136.7,3,2,2,有,有,7200000,52670,坡道平面,0.0,0,,RPVNMLOLKIKGFHD88DA,79.57,0.0,12.44,有,
善化區,房地(土地+建物)+車位,臺南市善化區龍目井路８８號七樓之１６,23.96,住,,,1141220,土地2建物1車位1,七層,八層,華廈(10層含以下有電梯),住家用,鋼筋混凝土造,1060111,114.28,2,2,2,有,有,9300000,81379,坡道平面,27.57,0,,RPXPMLMLJHLGFHD98DA,52.2,0.0,7.72,有,
山上區,房地(土地+建物),臺南市山上區南洲３１９之６號,131.3,住,,,1141202,土地1建物1車位0,全,三層,透天厝,住家用,鋼筋混凝土造,1050804,217.97,5,2,3,有,無,11000000,50466,,0.0,0,陽台外推；其他增建；,RPRNMLNLJHLGFHD28DA,199.99,0.0,17.98,無,
新化區,土地,新國段165-4地號,3.04,商,,,1141211,土地1建物0車位0,,,其他,,,,0.0,0,0,0,無,無,570000,187500,,0.0,0,含土地增值稅或其他稅費；含地政士服務費；,RPWNMLNLJHLGFHD78DA,0.0,0.0,0.0,無,0111
新化區,土地,新國段165-4地號,3.04,商,,,1141211,土地1建物0車位0,,,其他,,,,0.0,0,0,0,無,無,570000,187500,,0.0,0,含土地增值稅或其他稅費；含地政士服務費；,RPXNMLNLJHLGFHD88DA,0.0,0.0,0.0,無,0111
仁德區,土地,太乙段434地號,551.87,工,,,1141216,土地1建物0車位0,,,其他,,,,0.0,0,0,0,無,無,41750000,75652,,0.0,0,,RPPQMLQKKIKGFID78DA,0.0,0.0,0.0,無,
歸仁區,房地(土地+建物),臺南市歸仁區媽廟里和順路一段１１巷７８號,103.26,,鄉村區,乙種建築用地,1141211,土地1建物1車位0,全,三層,透天厝,住家用,鋼筋混凝土造,0930416,175.51,4,2,3,有,無,7000000,39884,,0.0,0,其他增建；,RPVNMLOLKIKGFID98DA,166.14,9.37,0.0,無,
仁德區,房地(土地+建物)+車位,臺南市仁德區上崙里德崙路４４２巷３５弄６號二樓之３,28.65,農,,,1141207,土地3建物1車位1,二層,十四層,住宅大樓(11層含以上有電梯),住家用,鋼筋混凝土造,1041230,149.05,3,2,2,有,有,9050000,60718,坡道平面,29.19,0,,RPQOMLTKJHLGFID88DA,75.51,0.0,8.36,有,0121
仁德區,房地(土地+建物),臺南市仁德區大發路１５９巷２６號,346.78,工,,,1141218,土地2建物1車位0,全,一層,透天厝,工業用,鋼筋混凝土造,0931026,201.92,0,0,0,無,無,27500000,136193,,0.0,0,,RPVNMLNLJHLGFID78DA,201.92,0.0,0.0,無,
歸仁區,土地,大潭段58-1地號,3392.0,,一般農業區,農牧用地,1141211,土地1建物0車位0,,,其他,,,,0.0,0,0,0,無,無,24625920,7260,,0.0,0,,RPXNMLNLJHLGFID98DA,0.0,0.0,0.0,無,
永康區,房地(土地+建物)+車位,臺南市永康區小東路４２３巷１０號二樓之３,49.15,住,,,1141228,土地1建物1車位1,二層,十四層,住宅大樓(11層含以上有電梯),住家用,鋼筋混凝土構造,1010320,184.87,3,2,2,有,有,15660000,84708,坡道平面,0.0,0,機車停車位：地下一樓坡道平面編號114，汽車停車位：地下一樓坡道平面編號4。,RPVNMLPKJHLGFKD09DA,102.23,0.0,12.03,有,0122
永康區,土地,東南段190地號,5.56,住,,,1141221,土地1建物0車位0,,,其他,,,,0.0,0,0,0,無,無,212932,38297,,0.0,0,親友、員工、共有人或其他特殊關係間之交易；急買急賣；,RPPNMLRKJHLGFKD68DA,0.0,0.0,0.0,無,0123
永康區,房地(土地+建物),臺南市永康區中山東路１５０號十一樓之７,8.21,住,,,1141210,土地1建物1車位0,十一層,十一層,住宅大樓(11層含以上有電梯),住家用,鋼筋混凝土造,0900110,49.27,2,2,2,有,有,4500000,91333,,0.0,0,,RPTOMLKLJHLGFKD58DA,31.75,2.67,1.43,有,
永康區,建物,臺南市永康區南工街２６７巷１７弄１號,0.0,,,,1141230,土地0建物1車位0,全,一層,透天厝,住家用,磚造,0630200,61.55,3,2,1,有,無,1800000,29245,,0.0,0,土地為仁愛之家所有；建物坐落地號：仁愛段439地號；其他增建；,RPROMLLLJHLGFKD48DA,61.55,0.0,0.0,無,
永康區,房地(土地+建物),臺南市永康區二王路１３５巷３１號,83.39,住,,,1141207,土地1建物1車位0,全,四層,透天厝,住家用,鋼筋混凝土構造,1020312,186.68,4,2,3,有,無,19300000,103385,,0.0,0,,RPPNMLNLJHLGFKD38DA,154.38,0.0,32.3,無,
永康區,房地(土地+建物),臺南市永康區三民街１１２巷１１２弄７號,121.9,住,,,1141211,土地2建物1車位0,全,三層,透天厝,住家用,鋼筋混凝土造,0970813,195.78,4,2,3,有,無,13980000,71407,,0.0,0,其他增建；,RPROMLNLJHLGFKD68DA,185.06,0.0,10.72,無,
北區,房地(土地+建物)+車位,臺南市北區長榮路四段５６號十二樓之３,30.24,商,,,1141212,土地2建物1車位2,十二層,十九層,住宅大樓(11層含以上有電梯),住家用,鋼筋混凝土造,0960921,320.53999999999996,4,2,2,有,有,35000000,109191,坡道平面,57.98,0,,RPQNMLMLJHLGFAD47EA,176.13,0.0,25.57,有,
中西區,房地(土地+建物),臺南市中西區金華路三段２５２號八樓之８,3.11,商,,,1141229,土地2建物1車位0,八層,二十一層,住宅大樓(11層含以上有電梯),住家用,鋼筋混凝土造,0870219,36.03,1,0,1,有,有,2800000,77713,,0.0,0,親友、員工、共有人或其他特殊關係間之交易；,RPPNMLNLJHLGFAD47EA,23.0,0.31,2.71,有,
柳營區,土地,東安段476-4地號,2.65,住,,,1141217,土地1建物0車位0,,,其他,,,,0.0,0,0,0,無,無,113000,42642,,0.0,0,水利地承購；,RPPNMLNLJHLGFDD77EA,0.0,0.0,0.0,無,
柳營區,土地,東安段476-2地號,2.09,住,,,1141204,土地1建物0車位0,,,其他,,,,0.0,0,0,0,無,無,90000,43062,,0.0,0,水利地承購；,RPQNMLNLJHLGFDD87EA,0.0,0.0,0.0,無,
柳營區,土地,東安段476-3地號,2.09,住,,,1141217,土地1建物0車位0,,,其他,,,,0.0,0,0,0,無,無,90000,43062,,0.0,0,水利地承購；,RPRNMLNLJHLGFDD97EA,0.0,0.0,0.0,無,
柳營區,土地,東安段476-1地號,2.23,住,,,1141208,土地2建物0車位0,,,其他,,,,0.0,0,0,0,無,無,95500,42825,,0.0,0,水利地承購；,RPSNMLNLJHLGFDD08EA,0.0,0.0,0.0,無,
下營區,土地,茅港尾段562-18地號,387.83,,鄉村區,乙種建築用地,1141231,土地4建物0車位0,,,其他,,,,0.0,0,0,0,無,無,2120000,5466,,0.0,0,親友、員工、共有人或其他特殊關係間之交易；未登記建物；,RPRNMLMLJHLGFFD08EA,0.0,0.0,0.0,無,
佳里區,土地,東寧段826地號,83.55,商,,,1141231,土地1建物0車位0,,,其他,,,,0.0,0,0,0,無,無,2000000,23938,,0.0,0,親友、員工、共有人或其他特殊關係間之交易；,RPPNMLQLJHLGFGD38EA,0.0,0.0,0.0,無,
安平區,房地(土地+建物)+車位,臺南市安平區健康三街４６０巷６２號二樓之１,18.39,住,,,1141208,土地1建物1車位1,二層,八層,華廈(10層含以下有電梯),住家用,鋼筋混凝土造,0830722,121.68,3,2,2,有,有,8600000,70677,坡道平面,0.0,0,陽台外推；其他增建；,RPVOMLSJKIKGFAD48DA,70.74,0.62,10.29,有,
中西區,房地(土地+建物),臺南市中西區海安路二段３０５巷９號,89.2,住,,,1141216,土地1建物1車位0,全,二層,透天厝,住家用,鋼筋混凝土造,0770613,133.37,4,2,2,有,無,8180000,61333,,0.0,0,陽台外推；頂樓加蓋；其他增建；,RPSSMLQKKIKGFAD48DA,121.68,0.0,11.69,無,
北區,房地(土地+建物),臺南市北區中華北路一段１０５巷１９弄７號,78.19,住,,,1141207,土地3建物1車位0,全,四層,透天厝,住家用,鋼筋混凝土造,0820424,190.13,4,2,3,有,無,10000000,52596,,0.0,0,其他增建；,RPTNMLSJJHLGFAD08DA,176.82,0.0,13.31,無,
中西區,房地(土地+建物),臺南市中西區西門路一段５６４號,67.34,商,,,1141231,土地1建物1車位0,全,二層,透天厝,其他,補強磚造,0550000,55.15,3,2,2,有,無,9800000,177697,,0.0,0,親友、員工、共有人或其他特殊關係間之交易；,RPQOMLMKJHLGFAD37DA,55.15,0.0,0.0,無,
中西區,房地(土地+建物),臺南市中西區開山路１２２巷５６弄１１號,18.44,商,,,1141231,土地3建物1車位0,全,四層,透天厝,住家用,鋼筋混凝土造,0731116,59.11,20,2,8,有,無,837781,14173,,0.0,0,親友、員工、共有人或其他特殊關係間之交易；其他增建；,RPPNMLLLJHLGFAD17DA,56.26,0.0,2.85,無,
北區,房地(土地+建物),臺南市北區大興街４０巷５８號,57.86,住,,,1141217,土地1建物1車位0,全,三層,透天厝,住商用,鋼筋混凝土造,0810815,119.45,5,2,3,有,無,7000000,58602,,0.0,0,親友、員工、共有人或其他特殊關係間之交易；,RPPOMLLLJHLGFAD27DA,112.18,0.0,7.27,無,
中西區,房地(土地+建物),臺南市中西區民權路四段１１２巷６號,65.82,住,,,1141212,土地1建物1車位0,全,二層,透天厝,住家用,加強磚造,0650511,86.14,4,1,2,有,無,13100000,152078,,0.0,0,其他增建；,RPQOMLLLJHLGFAD37DA,86.14,0.0,0.0,無,0124
安平區,房地(土地+建物),臺南市安平區健康三街５９２巷５５號十二樓之１,4.66,商,,,1141229,土地1建物1車位0,十二層,二十四層,住宅大樓(11層含以上有電梯),住家用,鋼筋混凝土造,0861022,64.94,2,1,1,有,有,3000000,46196,,0.0,0,親友、員工、共有人或其他特殊關係間之交易；,RPRNMLNLJHLGFAD57DA,44.36,0.0,4.46,有,
北區,房地(土地+建物)+車位,臺南市北區北門路二段５４７巷１９號三樓之１,32.06,住,,,1141225,土地1建物1車位1,三層,十層,華廈(10層含以下有電梯),住家用,鋼筋混凝土造,0930329,143.47,3,2,2,有,有,11360000,79180,坡道平面,0.0,0,,RPPOMLNLJHLGFAD47DA,86.33,0.0,8.61,有,0125
北區,房地(土地+建物),臺南市北區長榮路五段３７８巷２號之１,77.38,住,,,1141208,土地2建物1車位0,全,四層,透天厝,住家用,鋼筋混凝土造,0811205,195.93,6,2,3,有,無,11800000,60226,,0.0,0,其他增建；,RPPNMLQLJHLGFAD67DA,181.68,0.0,14.25,無,
北區,房地(土地+建物),臺南市北區開元路５０１號十三樓之３,5.75,商,,,1141226,土地3建物1車位0,十三層,二十四層,住宅大樓(11層含以上有電梯),住家用,鋼筋混凝土構造,1041105,82.0,2,2,1,有,有,7200000,87805,,0.0,0,,RPVNMLQLJHLGFAD28DA,48.17,2.39,7.33,有,0126
安南區,房地(土地+建物)+車位,臺南市安南區北安路二段４９３號三樓之６,18.81,住,,,1141203,土地1建物1車位1,三層,十五層,住宅大樓(11層含以上有電梯),住家用,鋼筋混凝土造,1120911,116.9,2,2,1,有,有,10330000,88366,坡道平面,29.98,0,,RPTNMLMLKIKGFBD87DA,49.69,0.0,7.25,有,0127
安南區,房地(土地+建物),臺南市安南區安和路四段５３７巷３號,100.26,住,,,1141214,土地3建物1車位0,全,二層,透天厝,住商用,加強磚造,0670515,91.02,6,2,3,有,無,11000000,120853,,0.0,0,頂樓加蓋；其他增建；,RPQNMLMKJHLGFBD37DA,91.02,0.0,0.0,無,
安南區,房地(土地+建物),臺南市安南區環館路３６２巷２７號,133.83,住,,,1141214,土地4建物1車位0,全,四層,透天厝,住家用,鋼筋混凝土造,1090924,259.67999999999995,3,3,3,有,有,25800000,99353,,0.0,0,其他增建；,RPPNMLQKJHLGFBD67DA,246.74,0.0,11.66,有,0128
東區,房地(土地+建物),臺南市東區光明街２０１巷２３弄８號,42.5,住,,,1141221,土地1建物1車位0,全,三層,透天厝,住家用,鋼筋混凝土造,0741022,85.94,4,2,3,有,無,2500000,29090,,0.0,0,親友、員工、共有人或其他特殊關係間之交易；,RPXNMLMLJHLGFCD28DA,80.97,0.0,4.98,無,0037
東區,房地(土地+建物),臺南市東區光明街１０之１號,66.0,住,,,1141230,土地1建物1車位0,全,二層,透天厝,住家用,加強磚造,0630726,95.0,6,2,3,有,無,13500000,142105,,0.0,0,陽台外推；其他增建；,RPXNMLRLJHLGFCD78DA,95.0,0.0,0.0,無,0130
新營區,房地(土地+建物),臺南市新營區東平街２５號,133.63,商,,,1141216,土地1建物1車位0,全,四層,透天厝,住家用,鋼筋混凝土造,1120817,312.13,4,2,5,有,無,21880000,70099,,0.0,0,,RPRNMLOKJHLGFDD87DA,292.53,0.0,19.6,有,
東山區,土地,東河段128地號,518.51,,鄉村區,乙種建築用地,1141209,土地1建物0車位0,,,其他,,,,0.0,0,0,0,無,無,3500000,6750,,0.0,0,未登記建物；,RPQNMLQJJHLGFED97DA,0.0,0.0,0.0,無,0131
白河區,土地,中興段279-1地號,14.0,都市：其他:道路用地,,,1141211,土地1建物0車位0,,,其他,,,,0.0,0,0,0,無,無,150000,10714,,0.0,0,,RPRNMLQLJHLGFED28DA,0.0,0.0,0.0,無,
六甲區,房地(土地+建物),臺南市六甲區龜子港２８８巷２１弄３之６號,69.0,,一般農業區,甲種建築用地,1141211,土地1建物1車位0,全,三層,透天厝,住家用,鋼筋混凝土造,0840608,137.58,3,2,3,有,無,1880000,13665,,0.0,0,增建:壹樓空地、遮雨棚其他增建；,RPRNMLNLKIKGFFD18DA,132.94,0.0,4.64,無,
官田區,土地,二鎮段二鎮小段140地號,83.0,住,,,1141202,土地1建物0車位0,,,其他,,,,0.0,0,0,0,無,無,2000000,24096,,0.0,0,,RPUNMLQJJHLGFFD48DA,0.0,0.0,0.0,無,
官田區,土地,二鎮段二鎮小段141地號,83.0,住,,,1141202,土地1建物0車位0,,,其他,,,,0.0,0,0,0,無,無,1880000,22651,,0.0,0,,RPWNMLQJJHLGFFD68DA,0.0,0.0,0.0,無,0132
麻豆區,房地(土地+建物),臺南市麻豆區晉江里１６鄰民權路９１巷４０號,114.64,住,,,1141231,土地2建物1車位0,全,三層,透天厝,住家用,鋼筋混凝土造,0770120,200.12,6,3,8,有,無,4200000,20987,,0.0,0,親友、員工、共有人或其他特殊關係間之交易；,RPRNMLQLJHLGFFD38DA,184.5,0.0,15.63,無,0133
佳里區,房地(土地+建物),臺南市佳里區新生路９８號,98.07,商,,,1141218,土地1建物1車位0,全,三層,透天厝,住商用,加強磚造,0561001,226.8,5,3,2,有,無,13000000,57319,,0.0,0,其他增建；,RPTNMLNLKIKGFGD48DA,226.8,0.0,0.0,無,
七股區,土地,大埕段585地號,700.0,農,,,1141229,土地1建物0車位0,,,其他,,,,0.0,0,0,0,無,無,9528000,13611,,0.0,0,,RPXNMLKLJHLGFGD48DA,0.0,0.0,0.0,無,
將軍區,土地,漚汪段西甲小段1368地號,1731.0,,特定農業區,農牧用地,1141223,土地1建物0車位0,,,其他,,,,0.0,0,0,0,無,無,2500000,1444,,0.0,0,,RPSOMLMLJHLGFGD28DA,0.0,0.0,0.0,無,0134
安定區,房地(土地+建物)+車位,臺南市安定區許中營８２之１１號五樓之２,33.84,,鄉村區,乙種建築用地,1141220,土地3建物1車位1,五層,八層,華廈(10層含以下有電梯),住家用,鋼筋混凝土造,1131127,142.87,3,2,2,有,有,9730000,75797,坡道平面,34.95,1550000,,RPTOMLNKJHLGFHD48DA,67.45,0.0,5.84,有,
善化區,房地(土地+建物)+車位,臺南市善化區坐駕２０之１０號六樓之８,37.29,住,,,1141220,土地1建物1車位1,六層,七層,華廈(10層含以下有電梯),住家用,鋼筋混凝土造,1140715,113.83,3,2,2,有,有,10200000,89607,一樓平面,13.75,0,,RPPNMLLLJHLGFHD87DA,67.03,0.0,8.3,有,0135
新市區,房地(土地+建物)+車位,臺南市新市區龍目井路１５７號十三樓之５,46.47,都市：其他:生活服務區(產業服務專用),,,1141202,土地4建物1車位3,十三層,十四層,住宅大樓(11層含以上有電梯),住家用,鋼筋混凝土造,1121003,250.97,3,2,2,有,有,25460000,126250,坡道平面,90.97,5260000,多筆土地持分買賣,RPUNMLNLJHLGFHD58DA,94.47,0.0,11.71,有,
仁德區,房地(土地+建物),臺南市仁德區大同路三段２０５、２０７號,201.2,,,,1141231,土地2建物1車位0,全,一層,透天厝,住家用,鐵造,0650702,57.65,3,2,2,有,無,9800000,169991,,0.0,0,親友、員工、共有人或其他特殊關係間之交易；包含公共設施保留地用地；,RPVRMLMKJHLGFID98DA,57.65,0.0,0.0,無,
永康區,房地(土地+建物),臺南市永康區大橋一街１５１號三樓,22.51,住,,,1141203,土地1建物1車位0,三層,六層,華廈(10層含以下有電梯),住家用,鋼筋混凝土造,0811109,106.81,3,2,2,有,無,7300000,68346,,0.0,0,其他增建；,RPWOMLNJKIKGFKD09DA,73.16,0.0,8.83,有,0136
永康區,房地(土地+建物),臺南市永康區大安街１０之５號,74.37,住,,,1141207,土地2建物1車位0,全,四層,透天厝,住家用,鋼筋混凝土構造,1091224,209.47,5,2,5,有,無,19500000,93092,,0.0,0,其他增建；,RPOOMLTLKIKGFKD09DA,192.66,0.0,16.81,無,0137
永康區,車位,臺南市永康區中正北路１９巷１之４號,0.52,住,,,1141231,土地1建物1車位1,一層,十四層,其他,住家用,鋼筋混凝土造,0830922,14.98,0,0,0,無,有,600000,,坡道平面,14.63,600000,僅車位交易；,RPSNMLMLJHLGFKD58DA,0.0,0.0,0.0,有,0138
永康區,房地(土地+建物),臺南市永康區興里中正北路１９巷１之２號十四樓之１,13.29,住,,,1141231,土地1建物1車位0,十四層,十四層,住宅大樓(11層含以上有電梯),住家用,鋼筋混凝土造,0830922,123.59,3,2,2,有,有,7950000,64326,,0.0,0,,RPTNMLMLJHLGFKD68DA,74.34,2.06,13.93,有,0139
永康區,房地(土地+建物),臺南市永康區鹽行里新民街７７巷２號,89.99,住,,,1141222,土地1建物1車位0,全,四層,透天厝,住家用,鋼筋混凝土造,0940525,240.12,5,2,5,有,無,16500000,68716,,0.0,0,陽台外推；其他增建；,RPQNMLQLJHLGFKD78DA,217.11,0.0,23.01,無,
中西區,房地(土地+建物),臺南市中西區金華路三段２５２號十四樓之７,3.11,商,,,1141229,土地2建物1車位0,十四層,二十一層,住宅大樓(11層含以上有電梯),住家用,鋼筋混凝土造,0870219,35.150000000000006,1,0,1,有,有,2800000,79659,,0.0,0,親友、員工、共有人或其他特殊關係間之交易；,RPQNMLNLJHLGFAD57EA,22.65,0.31,2.71,有,
中西區,房地(土地+建物),臺南市中西區中成路１８號十二樓之５,5.04,商,,,1141224,土地1建物1車位0,十二層,二十層,住宅大樓(11層含以上有電梯),住家用,鋼筋混凝土造,0860127,62.12,1,1,1,有,有,5700000,91758,,0.0,0,,RPXNMLSJJHLGFAD48DA,36.37,0.0,6.67,有,0140
安平區,房地(土地+建物)+車位,臺南市安平區國平北路１４７號二十樓之８,7.89,商,,,1141202,土地1建物1車位1,二十層,三十四層,住宅大樓(11層含以上有電梯),住家用,鋼骨鋼筋混凝土造、鋼筋混凝土造,1140415,97.15,2,1,1,有,有,7600000,78230,坡道機械,12.5,0,,RPVNMLOKJHLGFAD97DA,48.71,0.0,6.35,有,0141
北區,房地(土地+建物)+車位,臺南市北區中華北路一段７８巷５１號十九樓,20.51,商,,,1141216,土地1建物1車位1,十九層,二十二層,住宅大樓(11層含以上有電梯),住家用,鋼筋混凝土構造,1090109,229.40000000000003,3,2,2,有,有,21580000,94071,坡道平面,36.01,0,,RPTOMLOKJHLGFAD87DA,104.11,8.32,15.93,有,0142
中西區,房地(土地+建物),臺南市中西區河中街４３巷１１號三樓之２,16.79,商,,,1141219,土地1建物1車位0,三層,四層,公寓(5樓含以下無電梯),住家用,鋼筋混凝土造,0650820,48.53,2,1,1,有,無,3300000,67999,,0.0,0,土地:2906000元整建物:394000元整,RPRNMLMLJHLGFAD47DA,48.53,0.0,0.0,無,
中西區,建物,臺南市中西區南門路１８７巷６之２號,0.0,,,,1141212,土地0建物1車位0,三層,五層,公寓(5樓含以下無電梯),住家用,鋼筋混凝土造,0721130,146.34,4,2,2,有,無,5500000,37584,,0.0,0,土地仁愛之家所有建物坐落地號郡王祠段1531地號；建物坐落地號：郡王祠段1531地號；,RPVNMLMLJHLGFAD87DA,112.31,0.0,13.55,無,
東區,房地(土地+建物),臺南市東區大同路一段３２９巷４６號,119.38,住,,,1141209,土地1建物1車位0,全,二層,透天厝,住家用,加強磚造,0620118,117.44,5,2,2,有,無,9600000,81744,,0.0,0,,RPOPMLNLKIKGFCD77DA,117.44,0.0,0.0,無,
南區,房地(土地+建物)+車位,臺南市南區大同路二段１８６巷８號五樓之１,33.01,住,,,1141214,土地1建物1車位1,五層,十三層,住宅大樓(11層含以上有電梯),住家用,鋼筋混凝土造,0881021,136.3,3,2,2,有,有,7800000,57227,坡道平面,0.0,0,車位僅有使用權,RPUNMLTLKIKGFCD78DA,81.29,0.0,8.17,有,
南區,房地(土地+建物),臺南市南區萬年七街１７５號五樓之２,14.55,住,,,1141205,土地1建物1車位0,五層,十五層,住宅大樓(11層含以上有電梯),住家用,鋼筋混凝土構造,1070619,87.05000000000001,2,1,1,有,有,7100000,81562,,0.0,0,,RPTOMLPJJHLGFCD08DA,53.51,0.0,4.37,有,0143
東區,房地(土地+建物),臺南市東區裕農路２８８巷７０弄３６號,66.31,住,,,1141230,土地2建物1車位0,全,二層,透天厝,住家用,加強磚造,0650301,80.72,3,2,4,有,無,12200000,151140,,0.0,0,其他增建/頂樓增建其他增建；,RPXNMLNLJHLGFCD38DA,80.72,0.0,0.0,無,0144
南區,房地(土地+建物),臺南市南區國民路６０巷１９號,110.95,住,,,1141212,土地1建物1車位0,全,二層,透天厝,住家用,加強磚造,0670301,122.38,3,2,2,有,無,5600000,45759,,0.0,0,親友、員工、共有人或其他特殊關係間之交易；,RPTNMLQLJHLGFCD28DA,122.38,0.0,0.0,無,
新營區,房地(土地+建物)+車位,臺南市新營區文昌街２之８號六樓之五,17.7,商,,,1141213,土地1建物1車位1,六層,十四層,住宅大樓(11層含以上有電梯),住家用,鋼筋混凝土造、鋼骨造,1140625,134.61,3,2,2,有,有,10500000,78003,坡道平面,33.98,0,,RPPNMLQLJHLGFDD97DA,65.62,0.0,4.23,有,0145
東山區,房地(土地+建物),臺南市東山區東山里東山２７８號之７,68.45,住,,,1141230,土地1建物1車位0,全,二層,透天厝,住商用,加強磚造,0671111,70.66,3,1,2,有,無,900000,12737,,0.0,0,親友、員工、共有人或其他特殊關係間之交易；頂樓加蓋；,RPQNMLRLJHLGFED28DA,70.66,0.0,0.0,無,
後壁區,土地,安溪寮段頂寮小段2032地號,1750.0,,特定農業區,農牧用地,1141228,土地1建物0車位0,,,其他,,,,0.0,0,0,0,無,無,2050000,1171,,0.0,0,,RPPNMLSLJHLGFED28DA,0.0,0.0,0.0,無,0146
麻豆區,車位,臺南市麻豆區新生南路２１６號、新生南路２１８巷６號、新生南路２１８巷８號等１９９戶,0.0,,,,1141227,土地0建物1車位1,,,其他,,,,29.83,0,0,0,無,有,200000,,坡道平面,29.83,200000,車位買賣以優惠方案承購。；建物坐落地號：興農段472-42地號；僅車位交易；,RPROMLTKJHLGFFD68DA,0.0,0.0,0.0,有,0100
下營區,土地,茅港尾段5280地號,2761.0,,一般農業區,農牧用地,1141202,土地1建物0車位0,,,其他,,,,0.0,0,0,0,無,無,3610000,1307,,0.0,0,地清或未辦繼承標售；,RPPNMLQLJHLGFFD18DA,0.0,0.0,0.0,無,
麻豆區,車位,臺南市麻豆區新生南路２１６號、新生南路２１８巷６號、新生南路２１８巷８號等１９９戶,0.0,,,,1141230,土地0建物1車位1,,,其他,,,,29.83,0,0,0,無,有,200000,,坡道平面,29.83,200000,車位買賣以優惠方案承購。；建物坐落地號：興農段472-42地號；僅車位交易；,RPVNMLRLJHLGFFD88DA,0.0,0.0,0.0,有,0100
麻豆區,車位,臺南市麻豆區新生南路２１６號、新生南路２１８巷６號、新生南路２１８巷８號等１９９戶,0.0,,,,1141229,土地0建物1車位1,,,其他,,,,29.83,0,0,0,無,有,200000,,坡道平面,29.83,200000,車位買賣以優惠方案承購。；建物坐落地號：興農段472-42地號；僅車位交易；,RPXNMLRLJHLGFFD09DA,0.0,0.0,0.0,有,0100
佳里區,土地,佳南段966-1地號,1075.17,,特定農業區,農牧用地,1141210,土地2建物0車位0,,,其他,,,,0.0,0,0,0,無,無,4500000,4185,,0.0,0,親友、員工、共有人或其他特殊關係間之交易；,RPSNMLRLJHLGFGD68DA,0.0,0.0,0.0,無,
將軍區,房地(土地+建物),臺南市將軍區西華１３０之３８號,123.64,住,,,1141220,土地4建物1車位0,全,四層,透天厝,住家用,鋼筋混凝土造,0830822,171.66,5,2,3,有,無,5680000,33089,,0.0,0,2樓後方陽台增建其他增建；,RPWNMLRLJHLGFGD09DA,161.37,0.0,10.29,無,0150
佳里區,土地,佳化段720地號,29.12,,特定農業區,交通用地,1141215,土地1建物0車位0,,,其他,,,,0.0,0,0,0,無,無,192192,6600,,0.0,0,含土地增值稅或其他稅費；,RPQNMLSLJHLGFGD58DA,0.0,0.0,0.0,無,
山上區,土地,大新段438地號,1490.12,住,,,1141223,土地1建物0車位0,,,其他,,,,0.0,0,0,0,無,無,31553291,21175,,0.0,0,,RPTNMLOLKIKGFHD68DA,0.0,0.0,0.0,無,0151
新市區,土地,大營段3412地號,81.34,,鄉村區,乙種建築用地,1141227,土地2建物0車位0,,,其他,,,,0.0,0,0,0,無,無,2460000,30243,,0.0,0,親友、員工、共有人或其他特殊關係間之交易；,RPPNMLRLKIKGFHD58DA,0.0,0.0,0.0,無,
新市區,土地,番子寮段1431地號,18.0,,鄉村區,乙種建築用地,1141221,土地1建物0車位0,,,其他,,,,0.0,0,0,0,無,無,1360000,75556,,0.0,0,親友、員工、共有人或其他特殊關係間之交易；畸零地或有合併使用效益；,RPUOMLMKJHLGFHD48DA,0.0,0.0,0.0,無,
善化區,房地(土地+建物)+車位,臺南市善化區目加溜灣大道５０５號十樓之６,23.75,住,,,1141227,土地2建物1車位1,十層,十四層,住宅大樓(11層含以上有電梯),住家用,鋼筋混凝土造,1120905,139.84,3,2,2,有,有,13600000,97254,坡道平面,26.44,0,,RPPOMLNKJHLGFHD08DA,68.3,0.0,6.09,有,0152
善化區,房地(土地+建物),臺南市善化區茄拔１８１之２９號,120.38,,鄉村區,乙種建築用地,1141220,土地2建物1車位0,全,三層,透天厝,住家用,鋼筋混凝土造,1130827,182.77,5,2,5,有,無,17000000,93013,,0.0,0,,RPWNMLOKJHLGFHD78DA,172.4,0.0,10.37,無,
新市區,房地(土地+建物),臺南市新市區大洲６８之３號,91.0,,鄉村區,乙種建築用地,1141231,土地1建物1車位0,全,四層,透天厝,住家用,鋼筋混凝土造,1140415,213.8,4,2,5,有,無,12000000,56127,,0.0,0,,RPQNMLPKJHLGFHD28DA,192.59,0.0,21.21,無,
善化區,房地(土地+建物),臺南市善化區陽光北一路９８巷８號,152.88,住,,,1141212,土地2建物1車位0,全,三層,透天厝,住家用,鋼筋混凝土造,1111021,207.85000000000002,4,2,4,有,有,28300000,136156,,0.0,0,其他增建；,RPXNMLLLJHLGFHD68DA,201.61,0.0,6.22,無,
安定區,土地,港口段2593地號,1033.0,,特定農業區,農牧用地,1141222,土地1建物0車位0,,,其他,,,,0.0,0,0,0,無,無,29800000,28848,,0.0,0,未登記建物；,RPSNMLQLJHLGFHD68DA,0.0,0.0,0.0,無,
善化區,房地(土地+建物),臺南市善化區小新里成功新村７８號七樓,24.37,都市：其他:國宅專用區,,,1141228,土地3建物1車位0,七層,八層,華廈(10層含以下有電梯),住家用,鋼筋混凝土造,0830923,110.82,3,2,2,有,有,4500000,40606,,0.0,0,,RPPNMLRLJHLGFHD48DA,76.38,0.0,10.04,有,
新化區,土地,那拔段1151地號,51.62,,鄉村區,乙種建築用地,1141231,土地1建物0車位0,,,其他,,,,0.0,0,0,0,無,無,1700000,32933,,0.0,0,,RPQNMLRLJHLGFHD58DA,0.0,0.0,0.0,無,
安定區,土地,六塊寮段2858地號,2630.0,,特定農業區,農牧用地,1141211,土地1建物0車位0,,,其他,,,,0.0,0,0,0,無,無,21800000,8289,,0.0,0,農作物；,RPRPMLRLJHLGFHD88DA,0.0,0.0,0.0,無,
仁德區,土地,保生段442-1地號,71.54,住,,,1141218,土地1建物0車位0,,,其他,,,,0.0,0,0,0,無,無,2490000,34806,,0.0,0,親友、員工、共有人或其他特殊關係間之交易；未登記建物；,RPXNMLSLJHLGFID86DA,0.0,0.0,0.0,無,
永康區,房地(土地+建物),臺南市永康區新行街３３巷１４號,84.08,住,,,1141219,土地1建物1車位0,全,二層,透天厝,住商用,加強磚造,0691200,105.5,4,2,3,有,無,8000000,75829,,0.0,0,頂樓加蓋；其他增建；,RPPNMLMJJHLGFKD08DA,105.5,0.0,0.0,無,
永康區,建物,臺南市永康區中山東路２１８巷２８弄７號,0.0,,,,1141231,土地0建物1車位0,全,三層,透天厝,住商用,鋼筋混凝土造,0710226,179.12,9,0,9,有,無,7500000,41871,,0.0,0,土地為向仁愛之家租賃使用。；建物坐落地號：南工段479地號；頂樓加蓋；未登記建物；含租約；,RPQNMLTKJHLGFKD98DA,171.83,0.0,7.29,無,0153
永康區,房地(土地+建物),臺南市永康區網寮里中山南路５４４巷９２弄８號,72.3,住,,,1141229,土地1建物1車位0,全,二層,透天厝,住家用,鋼筋混凝土造,0781123,103.17,3,1,3,有,無,3600000,34894,,0.0,0,親友、員工、共有人或其他特殊關係間之交易；,RPVOMLLLJHLGFKD88DA,83.5,15.46,4.21,無,
永康區,房地(土地+建物)+車位,臺南市永康區永大路二段１１２９號五樓之５,11.59,住,,,1141210,土地1建物1車位1,五層,十九層,住宅大樓(11層含以上有電梯),住家用,鋼筋混凝土造,0830711,148.17000000000002,3,2,2,有,有,7000000,47240,坡道平面,0.0,0,,RPSOMLNLJHLGFKD78DA,91.15,7.98,7.77,有,
永康區,房地(土地+建物),臺南市永康區永康里永大一路６２號七樓之２,13.07,商,,,1141214,土地1建物1車位0,七層,十二層,住宅大樓(11層含以上有電梯),住家用,鋼筋混凝土造,0820820,136.77,3,2,2,有,有,6800000,49719,,0.0,0,,RPUNMLRLJHLGFKD66DA,106.68,1.66,4.38,有,
安平區,房地(土地+建物),臺南市安平區州平二街２４巷８號,80.0,都市：其他:特定住宅專用區,,,1141227,土地2建物1車位0,全,二層,透天厝,住家用,加強磚造,0771122,110.21,5,2,3,有,無,8000000,72589,,0.0,0,,RPPNMLQLJHLGFAD77EA,97.95,12.26,0.0,無,
安平區,土地,新南段84-23地號,140.0,住,,,1141215,土地1建物0車位0,,,其他,,,,0.0,0,0,0,無,無,19060000,136143,,0.0,0,,RPTNMLPKKIKGFAD97DA,0.0,0.0,0.0,無,0154
安平區,房地(土地+建物),臺南市安平區建平七街２４３號,84.0,住,,,1141219,土地1建物1車位0,全,二層,透天厝,住家用,鋼筋混凝土造,0760924,121.66,6,0,6,有,無,12500000,102745,,0.0,0,,RPSNMLPJJHLGFAD67DA,117.28,0.0,4.38,無,0155
中西區,房地(土地+建物),臺南市中西區府前路一段３５９巷３８號二樓之４,4.23,商,,,1141227,土地2建物1車位0,二層,八層,華廈(10層含以下有電梯),商業用,鋼筋混凝土造,0800517,29.16,1,1,1,有,有,2850000,97737,,0.0,0,陽台外推；,RPRNMLTJJHLGFAD97DA,17.35,0.0,3.11,有,0156
安平區,房地(土地+建物)+車位,臺南市安平區育平路５２號十四樓,20.71,住,,,1141219,土地1建物1車位1,十四層,十四層,住宅大樓(11層含以上有電梯),住家用,鋼筋混凝土構造,1021225,169.66,3,2,2,有,有,15000000,88412,坡道平面,0.0,0,,RPTNMLNKJHLGFAD67DA,80.38,0.0,12.75,有,0157
中西區,房地(土地+建物)+車位,臺南市中西區五妃街６號十四樓之３,83.43,住,,,1141219,土地1建物1車位2,十四層,十四層,住宅大樓(11層含以上有電梯),住家用,鋼筋混凝土構造,1080123,463.24,4,2,4,有,有,50000000,107935,坡道平面,56.2,0,,RPPOMLTKJHLGFAD97DA,240.57,4.14,26.79,有,0158
中西區,房地(土地+建物)+車位,臺南市中西區民族路二段１５３號九樓之４,18.31,商,,,1141231,土地1建物1車位1,九層,十三層,住宅大樓(11層含以上有電梯),住家用,鋼筋混凝土造,0780811,211.03,4,1,2,有,有,10000000,47387,坡道平面,0.0,0,,RPQNMLOLJHLGFAD57DA,130.0,0.0,16.62,有,
安南區,土地,砂崙段961-9地號,5.56,住,,,1141230,土地2建物0車位0,,,其他,,,,0.0,0,0,0,無,無,60000,10791,,0.0,0,,RPXOMLSLJHLGFBD88DA,0.0,0.0,0.0,無,
東區,房地(土地+建物),臺南市東區崇德十五街６１號,132.0,住,,,1141206,土地1建物1車位0,全,四層,透天厝,住家用,鋼筋混凝土造,1030827,275.09,4,3,4,有,無,33500000,121778,,0.0,0,其他增建；,RPRNMLQJKIKGFCD97DA,249.5,0.0,25.59,無,
東區,房地(土地+建物),臺南市東區東光路二段５１號,45.81,住,,,1141204,土地1建物1車位0,一層，二層，騎樓,七層,華廈(10層含以下有電梯),住家用,鋼筋混凝土造,0800925,224.95,0,2,2,有,有,16000000,71127,,0.0,0,,RPRNMLSJKIKGFCD18DA,164.53,0.0,0.0,有,
南區,房地(土地+建物),臺南市南區新興路４１８巷３弄１２號,79.0,住,,,1141207,土地1建物1車位0,全,二層,透天厝,住家用,加強磚造,0750416,120.26,4,2,3,有,無,10800000,89805,,0.0,0,頂樓加蓋；其他增建；,RPOOMLMKJHLGFCD37DA,115.54,0.0,4.72,無,
南區,房地(土地+建物)+車位,臺南市南區埕路１５９巷５號三樓,33.39,住,,,1141220,土地1建物1車位1,三層,十二層,住宅大樓(11層含以上有電梯),住家用,鋼筋混凝土造,0851108,183.79,4,2,2,有,有,9680000,52669,坡道平面,0.0,0,,RPUNMLQKJHLGFCD28DA,112.71,0.0,17.36,有,
東區,房地(土地+建物),臺南市東區裕信五街８號,76.16,住,,,1141222,土地2建物1車位0,全,四層,透天厝,住家用,鋼筋混凝土造,0890124,201.46,4,2,3,有,有,24200000,120123,,0.0,0,,RPXNMLLLJHLGFCD18DA,174.46,0.0,27.0,無,
東區,房地(土地+建物)+車位,臺南市東區崇慶街一段９６號十三樓之８,12.46,住,,,1141219,土地1建物1車位1,十三層,十五層,住宅大樓(11層含以上有電梯),住家用,鋼筋混凝土造,1130816,84.06,2,0,1,有,有,9400000,111825,坡道機械,14.66,0,,RPROMLLLJHLGFCD67DA,41.48,0.0,3.71,有,0159
南區,房地(土地+建物),臺南市南區永成路二段８８１巷８１號,87.11,住,,,1141203,土地2建物1車位0,全,四層,透天厝,住家用,鋼筋混凝土造,1040630,224.84,4,2,4,有,有,21500000,95624,,0.0,0,陽台外推；其他增建；,RPTNMLRLJHLGFCD38DA,207.85,0.0,16.5,無,
南區,房地(土地+建物),臺南市南區國民路１１６巷１２弄５號,69.21,住,,,1141217,土地1建物1車位0,全,二層,透天厝,住家用,補強磚造,0590920,86.52,4,2,3,有,無,8000000,92464,,0.0,0,其他增建；,RPOOMLTLJHLGFCD18DA,86.52,0.0,0.0,無,0160
新營區,車位,臺南市新營區文昌街２之８號等７６戶,0.0,,,,1141227,土地0建物1車位1,,,其他,,,,4.71,0,0,0,無,無,800000,,其他,4.71,800000,建物坐落地號：民族段627地號；僅車位交易；,RPOOMLSLJHLGFDD18DA,0.0,0.0,0.0,無,0058
新營區,車位,臺南市新營區文昌街２之８號等７６戶,0.0,,,,1141228,土地0建物1車位1,,,其他,,,,4.71,0,0,0,無,無,800000,,其他,4.71,800000,建物坐落地號：民族段627地號；僅車位交易；,RPPOMLSLJHLGFDD28DA,0.0,0.0,0.0,無,0058
新營區,車位,臺南市新營區文昌街２之８號等７６戶,0.0,,,,1141231,土地0建物1車位1,,,其他,,,,4.71,0,0,0,無,無,800000,,其他,4.71,800000,建物坐落地號：民族段627地號；僅車位交易；,RPQOMLSLJHLGFDD38DA,0.0,0.0,0.0,無,0058
新營區,車位,臺南市新營區文昌街２之８號等７６戶,0.0,,,,1141231,土地0建物1車位1,,,其他,,,,4.71,0,0,0,無,無,800000,,其他,4.71,800000,建物坐落地號：民族段627地號；僅車位交易；,RPSOMLSLJHLGFDD58DA,0.0,0.0,0.0,無,0058
新營區,車位,臺南市新營區文昌街２之８號等７６戶,0.0,,,,1141227,土地0建物1車位1,,,其他,,,,4.71,0,0,0,無,無,800000,,其他,4.71,800000,建物坐落地號：民族段627地號；僅車位交易；,RPTOMLSLJHLGFDD68DA,0.0,0.0,0.0,無,0058
新營區,車位,臺南市新營區文昌街２之８號等７６戶,0.0,,,,1141228,土地0建物1車位1,,,其他,,,,4.71,0,0,0,無,無,800000,,其他,4.71,800000,建物坐落地號：民族段627地號；僅車位交易；,RPVOMLSLJHLGFDD88DA,0.0,0.0,0.0,無,0058
新營區,車位,臺南市新營區文昌街２之８號等７６戶,0.0,,,,1141228,土地0建物1車位1,,,其他,,,,4.71,0,0,0,無,無,800000,,其他,4.71,800000,建物坐落地號：民族段627地號；僅車位交易；,RPWOMLSLJHLGFDD98DA,0.0,0.0,0.0,無,0058
東山區,土地,二重溪段158地號,2777.88,,一般農業區,農牧用地,1141203,土地3建物0車位0,,,其他,,,,0.0,0,0,0,無,無,2000000,720,,0.0,0,未登記建物；,RPPNMLRKKIKGFED18DA,0.0,0.0,0.0,無,
東山區,房地(土地+建物),臺南市東山區東中里東仁街８１巷９號,126.4,住,,,1141215,土地3建物1車位0,全,四層,透天厝,住家用,鋼筋混凝土造,1131121,182.31,4,2,4,有,無,11800000,64725,,0.0,0,,RPPNMLRJJHLGFED97DA,168.37,0.0,13.94,無,
官田區,房地(土地+建物),臺南市官田區南４５之７號,111.55,住,,,1141217,土地3建物1車位0,全,三層,透天厝,住家用,鋼筋混凝土造,1121116,166.8,4,2,3,有,無,10000000,59952,,0.0,0,其他增建；,RPOOMLKMKIKGFFD77DA,154.85,0.0,11.95,無,
麻豆區,房地(土地+建物),臺南市麻豆區帝３６之３號,378.42,農,,,1141219,土地5建物1車位0,全,三層,透天厝,住家用,鋼筋混凝土造,1130423,186.62,4,2,5,有,無,16100000,86272,,0.0,0,土地售價612萬元建物售價998萬元其他增建；,RPSNMLRLJHLGFFD58DA,172.1,0.0,14.52,無,
麻豆區,車位,臺南市麻豆區新生南路２１６號、新生南路２１８巷６號、新生南路２１８巷８號等１９９戶,0.0,,,,1141230,土地0建物1車位1,,,其他,,,,29.83,0,0,0,無,有,200000,,坡道平面,29.83,200000,車位買賣以優惠方案承購。；建物坐落地號：興農段472-42地號；僅車位交易；,RPUNMLRLJHLGFFD78DA,0.0,0.0,0.0,有,0100
麻豆區,車位,臺南市麻豆區新生南路２１６號、新生南路２１８巷６號、新生南路２１８巷８號等１９９戶,0.0,,,,1141231,土地0建物1車位1,,,其他,,,,29.83,0,0,0,無,有,200000,,坡道平面,29.83,200000,車位買賣以優惠方案承購。；建物坐落地號：興農段472-42地號；僅車位交易；,RPWNMLRLJHLGFFD98DA,0.0,0.0,0.0,有,0100
七股區,土地,大埕段315地號,1749.0,農,,,1141201,土地1建物0車位0,,,其他,,,,0.0,0,0,0,無,無,6500000,3716,,0.0,0,僅土地交易,RPVNMLLJKIKGFGD28DA,0.0,0.0,0.0,無,
佳里區,土地,港墘段65地號,2217.0,,特定農業區,農牧用地,1141221,土地1建物0車位0,,,其他,,,,0.0,0,0,0,無,無,4000000,1804,,0.0,0,,RPUOMLPKJHLGFGD68DA,0.0,0.0,0.0,無,0170
佳里區,房地(土地+建物),臺南市佳里區忠仁里平等街９２號,182.0,住,,,1141211,土地3建物1車位0,全,二層,透天厝,住家用,加強磚造,0670519,165.79,3,2,3,有,無,5600000,33778,,0.0,0,,RPROMLMLJHLGFGD18DA,165.79,0.0,0.0,無,
西港區,土地,西埔段1115地號,2589.16,,一般農業區,農牧用地,1141224,土地1建物0車位0,,,其他,,,,0.0,0,0,0,無,無,8290000,3202,,0.0,0,,RPOOMLNLJHLGFGD97DA,0.0,0.0,0.0,無,0171
佳里區,土地,佳里段2336-5地號,190.09,住,,,1141223,土地1建物0車位0,,,其他,,,,0.0,0,0,0,無,無,4062793,21373,,0.0,0,親友、員工、共有人或其他特殊關係間之交易；,RPRNMLSLJHLGFGD68DA,0.0,0.0,0.0,無,
新化區,土地,知母義段941地號,1336.0,,一般農業區,農牧用地,1141215,土地2建物0車位0,,,其他,,,,0.0,0,0,0,無,無,1082160,810,,0.0,0,親友、員工、共有人或其他特殊關係間之交易；,RPSPMLRLJHLGFHD98DA,0.0,0.0,0.0,無,
關廟區,土地,香洋段710地號,204.0,住,,,1141215,土地1建物0車位0,,,其他,,,,0.0,0,0,0,無,無,4440000,21765,,0.0,0,親友、員工、共有人或其他特殊關係間之交易；未登記建物；,RPSNMLNLJHLGFID48DA,0.0,0.0,0.0,無,
後壁區,土地,竹圍後段1902地號,3507.0,,特定農業區,農牧用地,1141220,土地2建物0車位0,,,其他,,,,0.0,0,0,0,無,無,4208400,1200,,0.0,0,,RPPNMLSLJHLGFED38EA,0.0,0.0,0.0,無,
後壁區,土地,竹圍後段1903地號,2218.0,,特定農業區,農牧用地,1141220,土地2建物0車位0,,,其他,,,,0.0,0,0,0,無,無,2661600,1200,,0.0,0,,RPQNMLSLJHLGFED48EA,0.0,0.0,0.0,無,
新化區,房地(土地+建物),臺南市新化區大同街１４９號,98.24,商,,,1141226,土地2建物1車位0,全,二層,透天厝,住商用,加強磚造,0651100,87.4,2,1,2,有,無,11000000,125858,,0.0,0,親友、員工、共有人或其他特殊關係間之交易；,RPPNMLTLJHLGFHD78EA,87.4,0.0,0.0,無,
安平區,房地(土地+建物),臺南市安平區健康二街４１９巷３５弄３號,97.0,住,,,1141126,土地1建物1車位0,全,二層,透天厝,住家用,鋼筋混凝土造,0760806,121.17,5,3,5,有,無,15750000,129983,,0.0,0,有翻新整修陽台外推；頂樓加蓋；其他增建；,RPQNMLQLJIKGFAD77DA,113.97,0.0,7.2,無,0172
中西區,房地(土地+建物),臺南市中西區慶中街３５號三樓,58.84,都市：其他:住宅區,,,1141129,土地3建物1車位0,三層,四層,公寓(5樓含以下無電梯),住家用,鋼筋混凝土造,0691023,118.16999999999999,2,2,2,有,無,6500000,55010,,0.0,0,包含公共設施保留地用地；,RPPNMLQKKIKGFAD67DA,101.85,0.0,0.0,無,
北區,房地(土地+建物)+車位,臺南市北區開元路１１０號十二樓之３,13.29,商,,,1141130,土地2建物1車位1,十二層,十五層,住宅大樓(11層含以上有電梯),住家用,鋼筋混凝土構造,1121103,126.31,2,2,2,有,有,17550000,172982,坡道機械,29.19,750000,,RPVOMLOKJHLGFAD08DA,58.56,0.0,8.21,有,
北區,房地(土地+建物)+車位,臺南市北區臨安路二段５３號十樓之４,20.1,住,,,1141127,土地1建物1車位1,十層,十五層,住宅大樓(11層含以上有電梯),住商用,鋼筋混凝土造,0821119,217.62,3,2,3,有,有,10000000,45952,坡道平面,0.0,0,土地總價:貳佰捌拾萬伍仟元整建物總價:柒佰壹拾玖萬伍仟元整,RPWOMLOKJHLGFAD18DA,134.19,5.01,19.37,有,
北區,房地(土地+建物),臺南市北區育德一街３號五樓,20.32,住,,,1141120,土地1建物1車位0,五層,十層,華廈(10層含以下有電梯),住家用,鋼筋混凝土造,0930818,80.16,2,2,1,有,有,9050000,112899,,0.0,0,,RPXNMLPKJHLGFAD28DA,54.73,0.0,6.76,有,0173
安南區,房地(土地+建物)+車位,臺南市安南區梅花一路８６號,23.83,住,,,1141124,土地1建物1車位1,一層,十五層,住宅大樓(11層含以上有電梯),商業用,鋼筋混凝土造,1120911,140.73,1,1,0,有,有,10500000,74611,坡道平面,29.98,0,親友、員工、共有人或其他特殊關係間之交易；,RPQNMLKMKIKGFBD47DA,72.71,0.0,0.0,有,0174
安南區,土地,南興段72-8地號,117.65,都市：其他:細部計畫道路用地,,,1141127,土地4建物0車位0,,,其他,,,,0.0,0,0,0,無,無,3649670,31021,,0.0,0,,RPQNMLPKJHLGFBD67DA,0.0,0.0,0.0,無,0175
安南區,房地(土地+建物),臺南市安南區青砂街一段５７２巷１１６弄５６號,87.23,住,,,1141114,土地2建物1車位0,全,三層,透天厝,住家用,鋼筋混凝土造,1140908,108.48,3,2,3,有,無,8853600,81615,,0.0,0,,RPPNMLTKJHLGFBD97DA,96.56,0.0,11.92,無,
安南區,土地,砂崙段764-22地號,5.84,都市：其他:細部計畫道路用地,,,1141114,土地2建物0車位0,,,其他,,,,0.0,0,0,0,無,無,26400,4521,,0.0,0,,SPPNMLTKJHLGFBD08DA,0.0,0.0,0.0,無,0176
南區,房地(土地+建物),臺南市南區体育路４３巷２７之２號,34.2,都市：其他:住宅區,,,1141118,土地2建物1車位0,三層，電梯樓梯間,五層,公寓(5樓含以下無電梯),住家用,鋼筋混凝土造,0700911,103.36,3,2,2,有,無,4300000,41602,,0.0,0,包含公共設施保留地用地；,RPSOMLPJJHLGFCD97DA,86.54,0.0,16.82,無,
東區,房地(土地+建物),臺南市東區青年路４７３號,32.0,住,,,1141130,土地1建物1車位0,全,三層,透天厝,住商用,加強磚造,0620622,91.27,2,0,2,有,無,8800000,96417,,0.0,0,其他增建；,RPOOMLRJJHLGFCD77DA,91.27,0.0,0.0,無,
善化區,房地(土地+建物)+車位,臺南市善化區目加溜灣大道５０５號十樓之９,23.52,住,,,1141123,土地2建物1車位1,十層,十四層,住宅大樓(11層含以上有電梯),住家用,鋼筋混凝土造,1120905,139.18,3,2,2,有,有,13450000,96637,坡道平面,26.44,0,,RPPNMLNLKIKGFHD18DA,67.55,0.0,6.18,有,0177
仁德區,房地(土地+建物)+車位,臺南市仁德區崇聖路一段２號七樓之６,15.5,住,,,1141108,土地1建物1車位1,七層,十四層,住宅大樓(11層含以上有電梯),住家用,鋼筋混凝土造,1131015,116.41,2,2,1,有,有,10800000,112669,坡道平面,32.27,1320000,,RPUNMLPLJIKGFID88DA,54.08,0.0,3.98,有,
永康區,房地(土地+建物)+車位,臺南市永康區東橋七路３６７號十樓之３,14.62,住,,,1141115,土地1建物1車位1,十層,十八層,住宅大樓(11層含以上有電梯),住家用,鋼筋混凝土構造,1071214,94.99,2,2,1,有,有,10800000,123108,坡道平面,17.01,1200000,,RPXNMLLLJIKGFKD98DA,45.41,2.25,2.96,有,0178
永康區,房地(土地+建物),臺南市永康區富強路一段１巷３０號,85.0,住,,,1141107,土地1建物1車位0,全,四層,透天厝,住商用,鋼筋混凝土造,0961113,227.44,5,2,4,有,無,16700000,73426,,0.0,0,,RPTNMLLMKIKGFKD78DA,165.36,24.83,37.25,無,
安平區,土地,海興段3-9地號,150.0,都市：其他:特定商業專用區,,,1141110,土地1建物0車位0,,,其他,,,,0.0,0,0,0,無,無,24530000,163533,,0.0,0,,RPQNMLMLJIKGFAD37DA,0.0,0.0,0.0,無,
中西區,房地(土地+建物),臺南市中西區正興街１６１號五樓之１６,3.25,商,,,1141126,土地1建物1車位0,五層,九層,華廈(10層含以下有電梯),住家用,鋼筋混凝土造,0830528,31.209999999999997,1,0,1,有,有,3200000,102531,,0.0,0,含裝潢費；,RPSNMLKMKIKGFAD57DA,21.62,0.0,1.78,有,0179
安南區,房地(土地+建物)+車位,臺南市安南區永續三街２６２號四樓之２,21.52,住,,,1141110,土地1建物1車位1,四層,十五層,住宅大樓(11層含以上有電梯),住家用,鋼筋混凝土造,1100114,151.01,3,2,2,有,有,11500000,76154,坡道平面,25.6,0,,RPRNMLKKJIKGFBD27DA,76.77,0.0,9.7,有,0180
安南區,房地(土地+建物)+車位,臺南市安南區生態街５７號二樓之３,30.92,住,,,1141115,土地1建物1車位1,二層,二十層,住宅大樓(11層含以上有電梯),住家用,鋼筋混凝土造,1120525,205.92000000000002,3,2,2,有,有,15880000,80319,坡道平面,28.13,1600000,,RPXNMLPKJIKGFBD38DA,105.54,0.0,12.47,有,0181
安南區,房地(土地+建物)+車位,臺南市安南區永續十八街１１號四樓,25.65,住,,,1141128,土地1建物1車位1,四層,十五層,住宅大樓(11層含以上有電梯),住家用,鋼筋混凝土造,1130619,184.66,3,2,2,有,有,16500000,89353,坡道平面,24.62,0,,RPUNMLRJJHLGFBD18DA,90.47,0.0,12.41,有,0182
東區,房地(土地+建物)+車位,臺南市東區怡東路１５０巷１５號三樓,25.61,住,,,1141101,土地1建物1車位1,三層,十二層,住宅大樓(11層含以上有電梯),住家用,鋼筋混凝土造,0881116,141.81,3,2,2,有,有,11250000,79331,坡道平面,0.0,0,,RPPNMLQKJHLGFCD77DA,87.83,0.0,10.74,有,
新營區,土地,後鎮段1469地號,2818.0,,特定農業區,農牧用地,1141116,土地2建物0車位0,,,其他,,,,0.0,0,0,0,無,無,6800000,2413,,0.0,0,,RPPNMLKLJHLGFDD37DA,0.0,0.0,0.0,無,
東山區,土地,許秀才段2423地號,2200.0,,特定農業區,農牧用地,1141129,土地1建物0車位0,,,其他,,,,0.0,0,0,0,無,無,2960000,1345,,0.0,0,,RPRNMLOKJHLGFED97DA,0.0,0.0,0.0,無,
善化區,房地(土地+建物),臺南市善化區大成路１１８號,87.56,住,,,1141121,土地2建物1車位0,全,四層,透天厝,住商用,鋼筋混凝土造,0811215,241.4,7,2,4,有,無,18000000,74565,,0.0,0,,RPQOMLMLKIKGFHD28DA,232.24,0.0,9.16,無,
歸仁區,土地,大成段249地號,290.35,農,,,1141118,土地2建物0車位0,,,其他,,,,0.0,0,0,0,無,無,8478000,29199,,0.0,0,未登記建物；具重建或重劃、都更等效益；,RPOPMLSJKIKGFID68DA,0.0,0.0,0.0,無,0183
關廟區,土地,布袋尾段185地號,3815.0,,一般農業區,農牧用地,1141122,土地1建物0車位0,,,其他,,,,0.0,0,0,0,無,無,8100000,2123,,0.0,0,,RPUOMLTKJHLGFID66DA,0.0,0.0,0.0,無,
中西區,房地(土地+建物),臺南市中西區和平街８４號二樓,32.39,商,,,1141101,土地1建物1車位0,二層,三層,公寓(5樓含以下無電梯),住家用,鋼筋混凝土造,0630820,80.01,2,2,1,有,無,4340000,54243,,0.0,0,陽台外推；,RPRNMLTKJHLGFAD18EA,76.24,0.0,1.24,無,
安平區,土地,海興段3-8地號,300.0,都市：其他:特定商業專用區,,,1141107,土地2建物0車位0,,,其他,,,,0.0,0,0,0,無,無,49912500,166375,,0.0,0,,RPRNMLLLJIKGFAD37DA,0.0,0.0,0.0,無,0184
北區,房地(土地+建物),臺南市北區北園街４０號五樓之１,10.19,商,,,1141119,土地2建物1車位0,五層,十四層,住宅大樓(11層含以上有電梯),住家用,鋼筋混凝土造,0870420,79.2,2,1,1,有,有,5700000,71970,,0.0,0,,RPQNMLTKKIKGFAD08DA,58.05,0.0,4.52,有,0185
安平區,房地(土地+建物)+車位,臺南市安平區建平十七街２３１號八樓之５,10.8,商,,,1141129,土地1建物1車位1,八層,十七層,住宅大樓(11層含以上有電梯),住家用,鋼筋混凝土造,0840829,183.64,4,2,2,有,有,9500000,51732,坡道平面,0.0,0,,RPQOMLTLKIKGFAD28DA,108.04,0.0,15.73,有,0186
北區,房地(土地+建物)+車位,臺南市北區北門路二段５７６巷６號五樓之２,29.04,住,,,1141129,土地1建物1車位1,五層,十一層,住宅大樓(11層含以上有電梯),住家用,鋼筋混凝土造,0930330,134.34,3,2,2,有,有,9000000,66994,坡道平面,0.0,0,,RPUNMLTKJHLGFAD38DA,80.16,0.0,8.22,有,
安平區,房地(土地+建物),臺南市安平區安北路４０９號,78.33,都市：其他:特定商業專用區,,,1141130,土地1建物1車位0,全,二層,透天厝,住商用,加強磚造,0701201,116.07,4,2,3,有,無,12000000,103386,,0.0,0,其他增建/壹樓空地增建/頂樓增建/露台增建/防火巷增建陽台外推；其他增建；,RPWNMLTKJHLGFAD58DA,112.2,0.0,3.87,無,
新營區,房地(土地+建物),臺南市新營區新東里東興路２３３號八樓,24.99,住,,,1141124,土地1建物1車位0,八層,十四層,住宅大樓(11層含以上有電梯),住家用,鋼筋混凝土造,0890407,146.94,3,1,2,有,有,7100000,48319,,0.0,0,,RPTNMLPJJHLGFDD08DA,88.93,0.0,12.03,有,
柳營區,房地(土地+建物),臺南市柳營區柳營５３７號之１５,78.95,住,,,1141112,土地1建物1車位0,全,二層,透天厝,住家用,加強磚造,0691204,100.71,3,1,2,有,無,3500000,34753,,0.0,0,其他增建/頂樓增建/防火巷增建/一樓空地增建為廚房其他增建；,RPRNMLKLJHLGFDD57DA,100.71,0.0,0.0,無,
麻豆區,土地,客子寮段1018地號,1750.03,,一般農業區,養殖用地,1141128,土地2建物0車位0,,,其他,,,,0.0,0,0,0,無,無,2000000,1143,,0.0,0,親友、員工、共有人或其他特殊關係間之交易；,RPPNMLPKJHLGFFD97DA,0.0,0.0,0.0,無,
麻豆區,房地(土地+建物),臺南市麻豆區麻口一街１３８巷５號,105.5,住,,,1141113,土地2建物1車位0,全,四層,透天厝,住家用,鋼筋混凝土造,1140613,192.4,4,2,4,有,有,11680000,60707,,0.0,0,,RPSNMLPKJHLGFFD28DA,179.63,0.0,12.77,無,
七股區,土地,竹子港段1622地號,1132.0,,特定農業區,農牧用地,1141110,土地1建物0車位0,,,其他,,,,0.0,0,0,0,無,無,3600000,3180,,0.0,0,,RPXOMLMLKIKGFGD88DA,0.0,0.0,0.0,無,0187
佳里區,房地(土地+建物),臺南市佳里區菜寮２３之７０號,122.27,,鄉村區,乙種建築用地,1141116,土地3建物1車位0,全,三層,透天厝,住家用,鋼筋混凝土造,1120204,150.11,4,2,4,有,無,12400000,82606,,0.0,0,,RPXNMLLMKIKGFGD78DA,135.3,0.0,14.81,無,0188
西港區,房地(土地+建物)+車位,臺南市西港區後營２７之９號三樓之２,46.64,,鄉村區,乙種建築用地,1141115,土地1建物1車位1,三層,五層,華廈(10層含以下有電梯),住家用,鋼筋混凝土造,1130420,126.28,3,2,2,有,無,8100000,67882,一樓平面,23.16,1100000,其他增建；,RPUNMLMKJHLGFGD28DA,71.93,0.0,4.67,有,
西港區,房地(土地+建物),臺南市西港區中港街７９巷２號,93.14,,鄉村區,乙種建築用地,1141128,土地1建物1車位0,全,三層,透天厝,住家用,鋼筋混凝土造,0821116,147.2,5,2,3,有,無,4580000,31114,,0.0,0,頂樓加蓋；,RPVNMLTKJHLGFGD09DA,140.54,3.76,2.9,無,
善化區,房地(土地+建物),臺南市善化區大信路６０號,82.32,住,,,1141115,土地1建物1車位0,全,五層,透天厝,住商用,鋼筋混凝土造,0830727,253.32,7,2,8,有,無,18000000,71056,,0.0,0,陽台外推；其他增建；含租約；,RPSNMLPKJIKGFHD48DA,228.61,24.71,0.0,無,
左鎮區,土地,內庄子段635-11地號,1367.0,,一般農業區,農牧用地,1141115,土地2建物0車位0,,,其他,,,,0.0,0,0,0,無,無,1050000,768,,0.0,0,,RPROMLMKKIKGFHD28DA,0.0,0.0,0.0,無,0189
新市區,房地(土地+建物),臺南市新市區三舍二街８１號五樓之５,26.9,,鄉村區,乙種建築用地,1141109,土地1建物1車位0,五層,七層,華廈(10層含以下有電梯),住家用,鋼筋混凝土造,1120628,91.03999999999999,3,2,2,有,有,6800000,74692,,0.0,0,,RPPNMLQKJHLGFHD28DA,59.79,0.0,4.98,有,0190
新化區,房地(土地+建物)+車位,臺南市新化區竹林路５７號二樓之３,24.31,商,,,1141119,土地1建物1車位1,二層,五層,華廈(10層含以下有電梯),住家用,鋼筋混凝土構造,1120526,106.56,3,2,2,有,有,10150000,91901,其他,7.54,1050000,,RPQNMLKLJHLGFHD87DA,61.91,0.0,9.49,有,
仁德區,土地,車頭段649-5地號,2013.08,農,,,1141105,土地3建物0車位0,,,其他,,,,0.0,0,0,0,無,無,22000000,10929,,0.0,0,包含公共設施保留地用地；,RPWSMLPKKIKGFID96DA,0.0,0.0,0.0,無,0191
歸仁區,房地(土地+建物),臺南市歸仁區七甲一街３６巷５５弄４３號,67.67,,一般農業區,甲種建築用地,1141111,土地2建物1車位0,全,四層,透天厝,住家用,鋼筋混凝土構造,1090327,150.86,3,3,4,有,無,12000000,79544,,0.0,0,,RPTNMLMLKIKGFID58DA,134.03,0.0,16.83,無,0192
歸仁區,房地(土地+建物)+車位,臺南市歸仁區歸仁五路１７２號四樓之１,29.27,住,,,1141102,土地1建物1車位1,四層,十三層,住宅大樓(11層含以上有電梯),住家用,鋼筋混凝土造,1140113,145.10000000000002,2,2,2,有,有,14980000,105861,坡道平面,19.18,1650000,,RPPNMLKMKIKGFID08DA,75.37,0.0,6.64,有,
關廟區,土地,龜洞段504地號,2794.0,,一般農業區,農牧用地,1141114,土地1建物0車位0,,,其他,,,,0.0,0,0,0,無,無,5550000,1986,,0.0,0,農作物；,RPTOMLKMKIKGFID58DA,0.0,0.0,0.0,無,
仁德區,房地(土地+建物),臺南市仁德區德洋一街１３號,73.76,住,,,1141129,土地1建物1車位0,全,三層,透天厝,住商用,鋼筋混凝土造,0740630,133.75,3,2,3,有,無,7380000,55178,,0.0,0,其他增建；,RPTOMLTKJHLGFID56DA,122.53,0.0,11.22,無,0193
仁德區,房地(土地+建物),臺南市仁德區義林南路９７６巷１２號,193.43,工,,,1141115,土地3建物1車位0,全,二層,透天厝,工業用,鋼筋混凝土造,0830430,213.73,3,2,2,有,無,16250000,76031,,0.0,0,陽台增建頂樓加蓋；其他增建；,RPVNMLLLJHLGFID58DA,191.09,22.64,0.0,無,
永康區,房地(土地+建物),臺南市永康區復國一路１６２號,112.94,住,,,1141128,土地1建物1車位0,全,四層,透天厝,住商用,鋼筋混凝土造,1140505,301.88,4,2,5,有,無,40200000,133165,,0.0,0,,RPTNMLOLKIKGFKD98DA,281.52,0.0,20.36,有,
永康區,房地(土地+建物),臺南市永康區大灣路４０巷２０９弄１號八樓之３,18.46,住,,,1141124,土地1建物1車位0,八層,八層,華廈(10層含以下有電梯),住家用,鋼筋混凝土造,0830104,98.14,3,2,2,有,有,4650000,47381,,0.0,0,,RPWNMLKLJHLGFKD78DA,72.12,0.0,5.83,有,
官田區,房地(土地+建物),臺南市官田區神田路１３９號,74.28,住,,,1141101,土地1建物1車位0,全,三層,透天厝,住家用,鋼筋混凝土造,1140905,123.56,3,2,4,有,無,10000000,80932,,0.0,0,,RPPNMLKLJHLGFFD67EA,112.64,0.0,10.92,無,
七股區,土地,新篤加段267地號,241.57,,一般農業區,水利用地,1141128,土地17建物0車位0,,,其他,,,,0.0,0,0,0,無,無,252450,1045,,0.0,0,親友、員工、共有人或其他特殊關係間之交易；,RPQNMLMKKIKGFGD08EA,0.0,0.0,0.0,無,
七股區,土地,新篤加段334地號,128.86,,一般農業區,水利用地,1141128,土地5建物0車位0,,,其他,,,,0.0,0,0,0,無,無,134650,1045,,0.0,0,親友、員工、共有人或其他特殊關係間之交易；,RPRNMLMKKIKGFGD18EA,0.0,0.0,0.0,無,
將軍區,土地,山子段2418地號,1576.0,,一般農業區,農牧用地,1141127,土地1建物0車位0,,,其他,,,,0.0,0,0,0,無,無,1239666,787,,0.0,0,地清或未辦繼承標售；,RPQNMLLLJHLGFGD97EA,0.0,0.0,0.0,無,
安平區,房地(土地+建物)+車位,臺南市安平區永華路二段６５１號二樓之７,14.62,商,,,1141130,土地1建物1車位1,二層,二十二層,住宅大樓(11層含以上有電梯),住家用,鋼筋混凝土造,1121108,153.09,2,2,2,有,有,13300000,92818,坡道平面,25.96,1500000,,RPVNMLKMJIKGFAD77DA,70.25,5.18,7.21,有,0194
安平區,房地(土地+建物)+車位,臺南市安平區永華八街２１８號六樓之１,28.69,住,,,1141114,土地1建物1車位2,六層,十九層,住宅大樓(11層含以上有電梯),住家用,鋼筋混凝土造,1140326,238.49,4,2,2,有,有,20600000,86377,坡道平面,63.46,0,,RPPOMLMJKIKGFAD27DA,102.37,0.0,10.96,有,0195
安平區,房地(土地+建物),臺南市安平區平豐路２１０號五樓之１０,13.24,住,,,1141113,土地6建物1車位0,五層,七層,華廈(10層含以下有電梯),住家用,鋼筋混凝土造,0840711,68.94,2,2,1,有,有,4100000,59472,,0.0,0,,RPQOMLTKJHLGFAD08DA,48.2,0.0,2.64,有,
安南區,房地(土地+建物),臺南市安南區郡安路四段２４９巷５７號,80.36,住,,,1141125,土地1建物1車位0,全,三層,透天厝,住家用,鋼筋混凝土造,0700605,124.23,5,2,3,有,無,7850000,63189,,0.0,0,頂樓加蓋；其他增建；,RPUNMLPKJHLGFBD08DA,124.23,0.0,0.0,無,
安南區,房地(土地+建物),臺南市安南區國安街１５６巷１７１弄３９號,171.61,住,,,1141103,土地2建物1車位0,全,二層,透天厝,住家用,加強磚造,0700413,129.36,3,2,2,有,無,10600000,81942,,0.0,0,親友、員工、共有人或其他特殊關係間之交易；,RPRNMLKLJHLGFBD37DA,129.36,0.0,0.0,無,
南區,房地(土地+建物)+車位,臺南市南區大同路二段１３２號九樓之１,33.01,住,,,1141125,土地1建物1車位1,九層,十三層,住宅大樓(11層含以上有電梯),住家用,鋼筋混凝土造,0881021,139.12,3,2,2,有,有,7980000,57361,坡道平面,0.0,0,,RPWOMLOKJHLGFCD38DA,81.29,0.0,8.17,有,
東山區,土地,北勢寮段570地號,69.18,,鄉村區,乙種建築用地,1141130,土地1建物0車位0,,,其他,,,,0.0,0,0,0,無,無,720000,10408,,0.0,0,未登記建物；,RPPNMLMLJHLGFED67DA,0.0,0.0,0.0,無,
麻豆區,房地(土地+建物),臺南市麻豆區麻口一街１３８巷７號,105.89,住,,,1141126,土地2建物1車位0,全,四層,透天厝,住家用,鋼筋混凝土造,1140613,192.4,4,2,4,有,有,11800000,61331,,0.0,0,,RPTNMLPKJHLGFFD38DA,179.63,0.0,12.77,無,
麻豆區,房地(土地+建物),臺南市麻豆區麻口一街１３８巷１７號,111.48,住,,,1141109,土地2建物1車位0,全,四層,透天厝,住家用,鋼筋混凝土造,1140613,202.74,4,2,4,有,有,12300000,60669,,0.0,0,,RPUNMLPKJHLGFFD48DA,193.24,0.0,9.5,無,
麻豆區,房地(土地+建物),臺南市麻豆區麻口一街１３８巷１９號,115.2,住,,,1141117,土地2建物1車位0,全,四層,透天厝,住家用,鋼筋混凝土造,1140613,214.03,4,2,4,有,有,13500000,63075,,0.0,0,,RPWNMLPKJHLGFFD68DA,202.53,0.0,11.5,無,
善化區,土地,南小新段510地號,505.82,住,,,1141117,土地4建物0車位0,,,其他,,,,0.0,0,0,0,無,無,25755183,50918,,0.0,0,1.因通知土地共有人是否優先購買買賣雙方協議以114.12.8為買賣公契訂立日期.2.南小新段510地號買賣價款為新台幣22483020元3.南小新段511-1地號買賣價款為新台幣64720元4.南小新段507地號買賣價款為新台幣883340元5.南小新段511地號買賣價款為新台幣2314103元6.未保存建物小新營140號買賣價款為新台幣1萬元.未登記建物；,RPPNMLNKKIKGFHD08DA,0.0,0.0,0.0,無,
善化區,房地(土地+建物),臺南市善化區陽明新村１０７號,92.05,住,,,1141122,土地1建物1車位0,全,二層,透天厝,住家用,鋼筋混凝土造,0811201,125.38,5,3,3,有,無,7900000,63008,,0.0,0,頂樓加蓋；其他增建；,RPUOMLTLKIKGFHD76DA,123.03,0.0,2.35,無,
善化區,土地,六分段1211地號,2150.52,,特定農業區,農牧用地,1141102,土地1建物0車位0,,,其他,,,,0.0,0,0,0,無,無,6180000,2874,,0.0,0,農作物；,RPTNMLLLJHLGFHD28DA,0.0,0.0,0.0,無,
歸仁區,土地,大成段47地號,153.52,都市：其他:道路用地,,,1141113,土地2建物0車位0,,,其他,,,,0.0,0,0,0,無,無,560000,3648,,0.0,0,包含公共設施保留地用地；,RPSOMLNLKIKGFID68DA,0.0,0.0,0.0,無,
仁德區,房地(土地+建物),臺南市仁德區保安里保學一街４５巷２１號,119.59,住,,,1141123,土地4建物1車位0,全,三層,透天厝,住家用,鋼筋混凝土造,0950929,166.77,7,0,7,有,無,10500000,62961,,0.0,0,其他增建；,RPVNMLNKJHLGFID68DA,154.55,1.26,10.96,無,0196
永康區,房地(土地+建物)+車位,臺南市永康區中華二路２６６巷１６號五樓之３,13.07,住,,,1141109,土地1建物1車位1,五層,十九層,住宅大樓(11層含以上有電梯),住家用,鋼筋混凝土造,0860128,159.32999999999998,3,2,2,有,有,10000000,62763,坡道機械,0.0,0,陽台外推；其他增建；,RPPNMLTJJIKGFKD78DA,94.76,1.42,11.14,有,
永康區,房地(土地+建物),臺南市永康區大同街８７巷３０號,87.3,住,,,1141128,土地1建物1車位0,全,四層,透天厝,住家用,鋼筋混凝土造,1140311,259.32,5,2,5,有,無,24600000,94863,,0.0,0,,RPQNMLRLKIKGFKD98DA,238.12,0.0,21.2,無,
永康區,房地(土地+建物)+車位,臺南市永康區東橋三路１３０號十樓之６,11.27,商,,,1141111,土地1建物1車位1,十層,二十層,住宅大樓(11層含以上有電梯),住家用,鋼筋混凝土構造,1050512,108.78,2,2,1,有,有,11660000,107189,坡道平面,19.98,0,,RPVNMLKMKIKGFKD88DA,52.34,0.54,5.07,有,0197
玉井區,房地(土地+建物),臺南市玉井區玉安街１９０號,83.91,住,,,1141122,土地1建物1車位0,全,二層,透天厝,住家用,加強磚造,0740418,109.57,7,2,2,有,無,2530000,23090,,0.0,0,親友、員工、共有人或其他特殊關係間之交易；頂樓加蓋；未登記建物；未登記建物；,RPPNMLNLJHLGFJD38EA,103.04,0.0,6.53,無,
北區,房地(土地+建物)+車位,臺南市北區中華北路一段１０５巷５０號三樓之１,27.52,住,,,1141108,土地1建物1車位1,三層,八層,華廈(10層含以下有電梯),住家用,鋼筋混凝土造,0831013,135.29,3,2,2,有,有,9700000,71698,坡道平面,0.0,0,,RPOOMLTJJHLGFAD77DA,82.39,0.0,7.67,有,0198
安南區,房地(土地+建物),臺南市安南區安中路四段１５４巷３２號,73.06,住,,,1141122,土地2建物1車位0,全,三層,透天厝,住家用,鋼筋混凝土造,1121211,167.95,4,2,5,有,有,16800000,100030,,0.0,0,,RPWNMLMJKIKGFBD97DA,158.72,0.0,9.23,無,
安南區,房地(土地+建物)+車位,臺南市安南區慶安路１７５巷１５號四樓之１,42.57,住,,,1141117,土地1建物1車位1,四層,五層,華廈(10層含以下有電梯),住家用,鋼筋混凝土造,1080320,140.82,3,2,2,有,有,11800000,83795,一樓平面,0.0,0,,RPOOMLOKJHLGFBD47DA,85.76,0.0,9.98,有,0199
安南區,土地,海中段641-5地號,164.45,住,,,1141107,土地2建物0車位0,,,其他,,,,0.0,0,0,0,無,無,9500000,57768,,0.0,0,,RPQNMLLLJHLGFBD37DA,0.0,0.0,0.0,無,
南區,土地,南山段753-3地號,110.0,住,,,1141107,土地1建物0車位0,,,其他,,,,0.0,0,0,0,無,無,4000000,36364,,0.0,0,未登記建物；,RPPOMLRJJHLGFCD87DA,0.0,0.0,0.0,無,0200
南區,房地(土地+建物),臺南市南區中華南路二段２１１巷３號,87.69,住,,,1141130,土地2建物1車位0,全,三層,透天厝,住商用,鋼筋混凝土造,0701218,176.73,4,3,3,有,無,10700000,60544,,0.0,0,頂樓加蓋；其他增建；,RPSNMLTKJHLGFCD38DA,160.81,0.0,15.92,無,
南區,房地(土地+建物),臺南市南區德興路１６４巷４０號四樓之８,12.11,住,,,1141120,土地1建物1車位0,四層,五層,公寓(5樓含以下無電梯),住家用,鋼筋混凝土造,0811208,53.88,2,1,1,有,無,2750000,51039,,0.0,0,陽台外推；,RPXNMLKLJHLGFCD08DA,34.93,1.32,5.03,無,0201
鹽水區,房地(土地+建物),臺南市鹽水區康樂路１３５號,117.05,商,,,1141116,土地2建物1車位0,全,三層,透天厝,住家用,鋼筋混凝土造,0720210,228.78,6,4,7,有,無,11700000,51141,,0.0,0,其他增建；,RPPNMLPLJHLGFDD87DA,228.78,0.0,0.0,無,0202
麻豆區,房地(土地+建物),臺南市麻豆區南勢里１３鄰南勢２０號,291.49,農,,,1141127,土地2建物1車位0,全,三層,透天厝,住家用,鋼筋混凝土造,0770905,112.3,4,2,2,有,無,2700000,24043,,0.0,0,親友、員工、共有人或其他特殊關係間之交易；,RPPOMLRJJHLGFFD18DA,109.8,0.0,2.5,無,
佳里區,土地,佳化段2144地號,1300.0,,特定農業區,農牧用地,1141121,土地1建物0車位0,,,其他,,,,0.0,0,0,0,無,無,7683800,5911,,0.0,0,親友、員工、共有人或其他特殊關係間之交易；未登記建物；,RPPOMLNLJHLGFGD08DA,0.0,0.0,0.0,無,
善化區,土地,溪美段1225地號,2902.97,,特定專用區,農牧用地,1141123,土地1建物0車位0,,,其他,,,,0.0,0,0,0,無,無,21000000,7234,,0.0,0,,RPPNMLQJKIKGFHD28DA,0.0,0.0,0.0,無,
善化區,房地(土地+建物)+車位,臺南市善化區陽光大道４４７號五樓之８,42.22,住,,,1141114,土地1建物1車位1,五層,五層,華廈(10層含以下有電梯),住家用,鋼筋混凝土造,1140124,132.26,3,2,2,有,有,13990000,124950,坡道平面,33.1,1600000,,RPPPMLTJJHLGFHD68DA,61.84,0.0,4.67,有,
仁德區,房地(土地+建物),臺南市仁德區仁德里文善街７６號二樓,59.65,住,,,1141130,土地1建物1車位0,二層,四層,華廈(10層含以下有電梯),住家用,鋼筋混凝土造,1030925,166.89000000000001,4,2,4,有,無,16000000,95872,,0.0,0,本件買賣包括地下室一樓，有7格機車停車位，約定專用之使用權位置已經特定。增建部分為露台。房屋仍有租約至115.10.9止，每一個月租金為35000元買方同意繼受。土地部分，係買受土地謄本土地所有權部，其中0001登記次序:0012，此部分之土地；予0013、0014無關。親友、員工、共有人或其他特殊關係間之交易；陽台外推；,RPRNMLKKJHLGFID97DA,123.32,0.0,14.64,有,
仁德區,房地(土地+建物),臺南市仁德區仁義里中正路二段６６２號,108.56,工,,,1141111,土地1建物1車位0,全,二層,透天厝,住工用,加強磚造,0681120,139.1,1,3,3,有,無,11800000,84831,,0.0,0,其他增建；,RPROMLTKJHLGFID98DA,136.7,0.0,2.4,無,
永康區,房地(土地+建物),臺南市永康區大同街８７巷３６號,74.83,住,,,1141129,土地1建物1車位0,全,四層,透天厝,住家用,鋼筋混凝土造,1140311,188.25,5,2,3,有,無,20850000,110757,,0.0,0,,RPPPMLMLKIKGFKD58DA,166.02,0.0,22.23,無,
安平區,房地(土地+建物)+車位,臺南市安平區建平七街５６０號四樓之３,8.76,商,,,1141101,土地1建物1車位1,四層,二十二層,住宅大樓(11層含以上有電梯),住家用,鋼筋混凝土造,1121108,92.41,2,2,2,有,有,8200000,96115,坡道機械,18.54,1100000,含裝潢費；含傢俱設備費；,RPQNMLQLJHLGFAD77DA,42.22,2.35,3.34,有,
安南區,房地(土地+建物),臺南市安南區鹽田路３４７號,102.47,住,,,1141130,土地2建物1車位0,全,四層,透天厝,住商用,鋼筋混凝土造,0950918,166.45,4,2,4,有,無,9500000,57074,,0.0,0,頂樓加蓋；其他增建；,RPRNMLLJKIKGFBD37DA,151.76,0.0,14.69,無,
大內區,土地,頭社段32-73地號,1701.44,,山坡地保育區,農牧用地,1141124,土地2建物0車位0,,,其他,,,,0.0,0,0,0,無,無,1050000,617,,0.0,0,台南市大內區頭社段120地號價格新台幣貳拾伍萬元整；台南市大內區頭社段32-73地號價格新台幣捌拾萬元整。,RPQNMLOKJHLGFFD97DA,0.0,0.0,0.0,無,
六甲區,房地(土地+建物),臺南市六甲區中社里中社３８７號,81.0,,鄉村區,乙種建築用地,1141104,土地1建物1車位0,全,二層,透天厝,住家用,加強磚造,0760325,96.21,4,2,2,有,無,4200000,43655,,0.0,0,其他增建；,RPRNMLNLJHLGFFD08DA,92.28,0.0,3.93,無,0203
仁德區,土地,土庫段362-2地號,185.06,農,,,1141128,土地2建物0車位0,,,其他,,,,0.0,0,0,0,無,無,1350938,7300,,0.0,0,親友、員工、共有人或其他特殊關係間之交易；,RPPNMLPJJHLGFID18DA,0.0,0.0,0.0,無,
仁德區,土地,土庫段362-3地號,122.61,農,,,1141128,土地1建物0車位0,,,其他,,,,0.0,0,0,0,無,無,895053,7300,,0.0,0,親友、員工、共有人或其他特殊關係間之交易；,RPTOMLPJJHLGFID68DA,0.0,0.0,0.0,無,
楠西區,房地(土地+建物),臺南市楠西區茄拔路５２巷２６號,97.7,住,,,1141109,土地1建物1車位0,全,三層,透天厝,住家用,鋼筋混凝土造,1141015,158.03,4,2,4,有,無,7900000,49991,,0.0,0,預售屋、或土地及建物分件登記案件；,RPPNMLNLJHLGFJD28DA,143.95,0.0,14.08,無,
永康區,土地,永保段17地號,0.36,住,,,1141103,土地1建物0車位0,,,其他,,,,0.0,0,0,0,無,無,16200,0,,0.0,0,,RPRNMLMLJHLGFKD48DA,0.0,0.0,0.0,無,0204
永康區,房地(土地+建物),臺南市永康區鹽行里永安路１６５巷３０弄１９之５號,25.9,住,,,1141127,土地1建物1車位0,六層,六層,華廈(10層含以下有電梯),住家用,鋼筋混凝土造,0811216,126.63,3,2,2,有,無,5490000,43355,,0.0,0,頂樓加蓋；其他增建；,RPVNMLNLJHLGFKD98DA,72.25,0.0,14.69,有,
永康區,房地(土地+建物)+車位,臺南市永康區文化路２４２巷２６之３號,34.53,都市：其他:住宅區,,,1141123,土地2建物1車位1,三層,六層,華廈(10層含以下有電梯),住家用,鋼筋混凝土造,0820818,144.98000000000002,3,2,2,有,無,7000000,48283,一樓平面,0.0,0,,RPPOMLNLJHLGFKD48DA,91.54,0.0,20.14,有,0205
北區,房地(土地+建物)+車位,臺南市北區北門路二段５２７巷２２號七樓之２,32.06,住,,,1141115,土地1建物1車位1,七層,十層,華廈(10層含以下有電梯),住家用,鋼筋混凝土造,0930329,148.57999999999998,3,2,2,有,有,9500000,63939,坡道平面,0.0,0,其他增建；,RPSNMLPKJIKGFAD77DA,86.01,0.0,11.01,有,
安平區,房地(土地+建物)+車位,臺南市安平區郡平路１８１號十二樓之３０,18.82,住,,,1141114,土地1建物1車位1,十二層,十四層,住宅大樓(11層含以上有電梯),住家用,鋼筋混凝土造,0880622,185.07999999999998,3,2,2,有,有,10800000,58353,坡道平面,0.0,0,,RPQOMLNLKIKGFAD67DA,109.51,2.28,12.7,有,
安平區,房地(土地+建物),臺南市安平區永華八街２號三樓之２,6.81,商,,,1141123,土地1建物1車位0,三層,十四層,住宅大樓(11層含以上有電梯),住家用,鋼筋混凝土造,0960719,71.11,2,2,1,有,有,6000000,84376,,0.0,0,,RPPNMLRLJHLGFAD77DA,47.18,0.0,2.67,有,
安南區,房地(土地+建物)+車位,臺南市安南區溪東一街３號九樓,29.61,住,,,1141122,土地1建物1車位1,九層,十三層,住宅大樓(11層含以上有電梯),住家用,鋼筋混凝土造,1101103,160.48000000000002,3,2,2,有,有,12500000,77891,坡道平面,24.69,0,,RPPPMLPKKIKGFBD87DA,79.52,0.0,11.62,有,0206
東區,房地(土地+建物),臺南市東區大同路二段７７號十一樓之１,8.38,都市：其他:住宅區,,,1141130,土地3建物1車位0,十一層,十六層,住宅大樓(11層含以上有電梯),住家用,鋼筋混凝土造,0831216,99.4,2,2,1,有,有,5650000,56841,,0.0,0,其他增建；,RPPNMLKMJIKGFCD37DA,56.48,0.0,9.47,有,
南區,房地(土地+建物),臺南市南區南樂街１０３巷２號,107.0,住,,,1141106,土地1建物1車位0,全,二層,透天厝,住家用,鋼筋混凝土造,0770304,185.45,4,2,3,有,無,16500000,88973,,0.0,0,親友、員工、共有人或其他特殊關係間之交易；其他增建；,RPPNMLTJJHLGFCD97DA,185.45,0.0,0.0,無,
南區,土地,田成段822地號,189.01,住,,,1141118,土地2建物0車位0,,,其他,,,,0.0,0,0,0,無,無,19500000,103169,,0.0,0,,RPTNMLOKJHLGFCD97DA,0.0,0.0,0.0,無,
新營區,房地(土地+建物),臺南市新營區中正路５５１巷１０８號,116.27,,鄉村區,乙種建築用地,1141127,土地4建物1車位0,全,四層,透天厝,住家用,鋼筋混凝土造,1121004,185.34,4,2,3,有,無,14700000,79314,,0.0,0,,RPRNMLSLJHLGFDD38DA,165.01,0.0,20.33,無,0207
佳里區,房地(土地+建物)+車位,臺南市佳里區公園路６３６號五樓之６,32.27,住,,,1141129,土地1建物1車位1,五層,十層,華廈(10層含以下有電梯),住家用,鋼筋混凝土造,1141103,142.18,3,2,2,有,有,10020000,77186,坡道平面,27.91,1200000,,RPXNMLMLJHLGFGD68DA,72.84,0.0,7.85,有,
佳里區,房地(土地+建物),臺南市佳里區下營里下１３之７號,65.05,,鄉村區,乙種建築用地,1141121,土地1建物1車位0,全,三層,透天厝,住商用,鋼筋混凝土造,0690730,128.45,4,2,2,有,無,1700000,13235,,0.0,0,,RPXNMLRLJHLGFGD56DA,128.45,0.0,0.0,無,
新市區,房地(土地+建物),臺南市新市區大洲６８之１號,92.01,,鄉村區,乙種建築用地,1141110,土地1建物1車位0,全,四層,透天厝,住家用,鋼筋混凝土造,1140415,196.12,4,2,5,有,無,7470000,38089,,0.0,0,親友、員工、共有人或其他特殊關係間之交易；,RPPNMLSLJHLGFHD58DA,177.22,0.0,18.9,無,
新市區,房地(土地+建物),臺南市新市區大洲６８號,99.01,,鄉村區,乙種建築用地,1141110,土地1建物1車位0,全,四層,透天厝,住家用,鋼筋混凝土造,1140415,194.06,4,2,5,有,無,7530000,38802,,0.0,0,親友、員工、共有人或其他特殊關係間之交易；,SPPNMLSLJHLGFHD68DA,173.98,0.0,20.08,無,
仁德區,房地(土地+建物)+車位,臺南市仁德區太子里長興路３２號七樓之５,20.73,商,,,1141116,土地1建物1車位1,七層,十二層,住宅大樓(11層含以上有電梯),住家用,鋼筋混凝土造,1041130,128.07,2,2,2,有,有,10250000,82479,坡道平面,15.92,1000000,,RPPNMLQKJIKGFID38DA,68.24,0.0,8.51,有,
仁德區,土地,林仔段935地號,141.14,農,,,1141111,土地1建物0車位0,,,其他,,,,0.0,0,0,0,無,無,1380000,9778,,0.0,0,,RPTNMLQLKIKGFID98DA,0.0,0.0,0.0,無,
仁德區,土地,林仔段936地號,226.82,農,,,1141111,土地1建物0車位0,,,其他,,,,0.0,0,0,0,無,無,2200000,9699,,0.0,0,,SPTNMLQLKIKGFID09DA,0.0,0.0,0.0,無,
仁德區,土地,林仔段940地號,114.8,農,,,1141111,土地1建物0車位0,,,其他,,,,0.0,0,0,0,無,無,1130000,9843,,0.0,0,,TPTNMLQLKIKGFID56DA,0.0,0.0,0.0,無,
永康區,房地(土地+建物),臺南市永康區東橋七路３９３號,91.96,住,,,1141114,土地1建物1車位0,全,十五層,透天厝,住商用,鋼筋混凝土構造,1050829,230.53,4,3,5,有,有,28000000,121459,,0.0,0,,RPOOMLKLJHLGFKD08DA,208.78,1.0,20.72,無,
北區,房地(土地+建物)+車位,臺南市北區北門路二段５７６巷１２號三樓之１,36.32,住,,,1141122,土地1建物1車位1,三層,十層,華廈(10層含以下有電梯),住家用,鋼筋混凝土造,0930330,163.26,3,2,2,有,有,10100000,61865,坡道平面,0.0,0,,RPPNMLOLJHLGFAD47DA,100.7,0.0,11.84,有,
中西區,房地(土地+建物),臺南市中西區武聖路６９巷３０弄１３號,18.76,,,,1141116,土地1建物1車位0,一層，二層，騎樓,十二層,住宅大樓(11層含以上有電梯),商業用,鋼筋混凝土造,0831108,129.91,2,1,3,有,有,8800000,67739,,0.0,0,1.壹樓空地增建、平台外推、平台增建、鐵鋁窗增建、遮雨棚增建。2.2樓前方為室內空間增建。其他增建；,RPVNMLSLJHLGFAD48DA,88.48,0.0,0.0,有,0208
安平區,房地(土地+建物),臺南市安平區建平七街８２０號,164.0,住,,,1141115,土地1建物1車位0,全,五層,透天厝,住家用,鋼筋混凝土構造,1070111,500.74,5,3,6,有,無,52000000,103846,,0.0,0,頂樓加蓋；其他增建；,RPXNMLSLJHLGFAD68DA,463.6,0.0,37.14,有,0209
安南區,土地,溪墘段1604-21地號,12.4,住,,,1141119,土地1建物0車位0,,,其他,,,,0.0,0,0,0,無,無,750200,60500,,0.0,0,畸零地或有合併使用效益；,RPQNMLOLJIKGFBD67DA,0.0,0.0,0.0,無,
安南區,土地,新順段1098地號,433.26,住,,,1141117,土地1建物0車位0,,,其他,,,,0.0,0,0,0,無,無,28000000,64626,,0.0,0,,RPRNMLNKJHLGFBD57DA,0.0,0.0,0.0,無,
東區,房地(土地+建物)+車位,臺南市東區仁和路２５７號二樓之２,22.84,住,,,1141122,土地1建物1車位1,二層,十三層,住宅大樓(11層含以上有電梯),住家用,鋼筋混凝土造,1140205,158.5,3,2,2,有,有,15610000,111349,坡道平面,36.99,2080000,其他增建；,RPVNMLPLJIKGFCD38DA,71.09,0.0,6.1,有,
新營區,房地(土地+建物),臺南市新營區中營里１３鄰東山三路２號,723.48,工,,,1141119,土地3建物2車位0,全,一層,透天厝,工業用,鋼骨構造有牆,1050715,214.23,0,0,0,無,無,25200000,117631,,0.0,0,土地價款:新台幣2020萬元整建物價款:新台幣498萬元整含稅天車價款:新台幣2萬元整含稅夾層；,RPQNMLSLJHLGFDD28DA,214.23,0.0,0.0,無,
佳里區,房地(土地+建物),臺南市佳里區建南里１６鄰建中街１１７巷６號,123.31,住,,,1141109,土地2建物1車位0,全,二層,透天厝,住家用,加強磚造,0660121,152.83,7,2,2,有,無,5700000,37296,,0.0,0,頂樓加蓋；,RPPNMLPJKIKGFGD08DA,152.83,0.0,0.0,無,
仁德區,土地,太乙段282地號,7812.85,工,,,1141104,土地7建物0車位0,,,其他,,,,0.0,0,0,0,無,無,398000000,50942,,0.0,0,,RPRNMLKLJHLGFID08DA,0.0,0.0,0.0,無,0210
永康區,建物,臺南市永康區東橋十街１８巷９號,0.0,,,,1141121,土地0建物1車位0,全,四層,透天厝,住家用,鋼筋混凝土構造,1100616,198.96,4,2,4,有,有,13800000,69361,,0.0,0,建物坐落地號：橋北段28地號；,RPUNMLQLJHLGFKD56DA,176.48,0.0,22.1,無,0211
中西區,房地(土地+建物)+車位,臺南市中西區萬昌街９８號三樓,35.02,商,,,1141030,土地1建物1車位1,三層,八層,華廈(10層含以下有電梯),其他,鋼筋混凝土造,0861008,244.32,3,2,3,有,有,13200000,54028,升降機械,0.0,0,,RPRNMLMJKIKGFAD37DA,177.34,0.0,10.03,有,0212
安南區,房地(土地+建物),臺南市安南區青砂街一段５７２巷１１６弄６８之２號,102.93,住,,,1141019,土地2建物1車位0,全,三層,透天厝,住家用,鋼筋混凝土造,1140908,115.92,3,2,3,有,無,11334600,97780,,0.0,0,,RPQNMLTKJHLGFBD08DA,112.52,0.0,3.4,無,
安南區,土地,砂崙段764-21地號,54.12,都市：其他:細部計畫道路用地,,,1141019,土地4建物0車位0,,,其他,,,,0.0,0,0,0,無,無,245400,4534,,0.0,0,,SPQNMLTKJHLGFBD18DA,0.0,0.0,0.0,無,0176
東區,房地(土地+建物),臺南市東區德東街１５２號,122.0,住,,,1141030,土地1建物1車位0,全,三層,透天厝,住家用,鋼筋混凝土造,1001226,209.7,4,3,4,有,無,26980000,128660,,0.0,0,陽台外推；頂樓加蓋；其他增建；,RPPOMLOKJHLGFCD67DA,181.19,1.6,26.91,無,
六甲區,房地(土地+建物),臺南市六甲區民族街３３５巷３６號,91.93,住,,,1141025,土地1建物1車位0,全,四層,透天厝,住商用,鋼筋混凝土造,1131023,197.67,4,2,4,有,無,13300000,67284,,0.0,0,,RPQNMLNKJHLGFFD87DA,186.72,0.0,10.95,無,
新市區,土地,南三舍段849-1地號,390.73,,特定農業區,農牧用地,1141024,土地4建物0車位0,,,其他,,,,0.0,0,0,0,無,無,10080000,25798,,0.0,0,,RPWOMLKLJHLGFHD58DA,0.0,0.0,0.0,無,0214
關廟區,房地(土地+建物),臺南市關廟區旺萊路３６１之５號,90.07,住,,,1141024,土地3建物1車位0,全,四層,透天厝,住家用,鋼筋混凝土構造,1071206,175.12,5,2,4,有,無,12000000,68524,,0.0,0,,RPSOMLPKJHLGFID68DA,153.23,0.0,21.89,無,0215
永康區,房地(土地+建物),臺南市永康區復華里國華街１０２巷１１７號十二樓之２,18.23,住,,,1141009,土地1建物1車位0,十二層,十二層,住宅大樓(11層含以上有電梯),住家用,鋼筋混凝土造,0831006,114.94,3,2,2,有,有,6200000,53941,,0.0,0,親友、員工、共有人或其他特殊關係間之交易；,RPQNMLOLKIKGFKD68DA,80.61,3.05,6.71,有,0216
新營區,房地(土地+建物)+車位,臺南市新營區中山路１１７號十三樓之三,10.13,商,,,1141031,土地1建物1車位1,十三層,十六層,住宅大樓(11層含以上有電梯),住家用,鋼筋混凝土造,0821221,142.01999999999998,3,2,2,有,有,8600000,60555,坡道平面,0.0,0,,RPQNMLTKJHLGFDD38EA,81.34,0.0,12.76,有,0217
永康區,房地(土地+建物),臺南市永康區中華路２８６巷１９號,63.64,住,,,1141020,土地1建物1車位0,全,二層,透天厝,住家用,加強磚造,0700123,98.82,4,1,2,有,無,7500000,75896,,0.0,0,親友、員工、共有人或其他特殊關係間之交易；,RPUNMLMJJHLGFKD58DA,98.82,0.0,0.0,無,
安南區,房地(土地+建物),臺南市安南區北安路三段６８０巷１０弄３６號,90.59,住,,,1141029,土地3建物1車位0,全,四層,透天厝,住家用,鋼筋混凝土造,1000909,229.29,4,2,5,有,無,15000000,65419,,0.0,0,,RPXOMLSJJHLGFBD68DA,201.66,0.0,27.63,無,
安南區,房地(土地+建物),臺南市安南區青砂街一段５７２巷１１６弄６８之１號,81.53,都市：其他:住宅區,,,1141015,土地2建物1車位0,全,三層,透天厝,住家用,鋼筋混凝土造,1140908,102.66,3,2,3,有,無,9539300,92921,,0.0,0,,RPPOMLTKJHLGFBD08DA,97.03,0.0,5.63,無,
安南區,土地,砂崙段764-19地號,31.04,都市：其他:細部計畫道路用地,,,1141015,土地3建物0車位0,,,其他,,,,0.0,0,0,0,無,無,140700,4533,,0.0,0,,SPPOMLTKJHLGFBD18DA,0.0,0.0,0.0,無,
南區,房地(土地+建物),臺南市南區新都路５２０巷１１號七樓之１,15.0,住,,,1141024,土地1建物1車位0,七層,七層,華廈(10層含以下有電梯),住家用,鋼筋混凝土造,0720204,79.81,3,2,2,有,有,2500000,31324,,0.0,0,其他增建/頂樓增建陽台外推；其他增建；,RPVOMLMKJHLGFCD08DA,51.87,0.0,5.64,有,
白河區,土地,長安段464地號,822.62,,一般農業區,農牧用地,1141002,土地2建物0車位0,,,其他,,,,0.0,0,0,0,無,無,1151675,1400,,0.0,0,協議價購；,RPOTMLMKKIKGFED18DA,0.0,0.0,0.0,無,0218
仁德區,房地(土地+建物)+車位,臺南市仁德區太子北路２５０巷１８號四樓之１,30.05,住,,,1141022,土地1建物1車位1,四層,五層,華廈(10層含以下有電梯),住家用,鋼筋混凝土構造,1120619,99.08,2,2,2,有,有,9380000,94671,一樓平面,14.59,0,,RPQNMLKLJHLGFID97DA,56.54,0.0,5.38,有,0219
南區,房地(土地+建物)+車位,臺南市南區大德街１４１巷９１號十三樓,25.75,住,,,1141028,土地1建物1車位1,十三層,十三層,住宅大樓(11層含以上有電梯),住家用,鋼筋混凝土造,0830521,181.86,3,2,3,有,有,13300000,73133,坡道機械,0.0,0,陽台外推；其他增建；,RPXNMLKKJIKGFCD97DA,84.11,42.37,10.54,有,
後壁區,房地(土地+建物),臺南市後壁區菁豐里前菁寮１０６之２００號,2445.0,,特定農業區,農牧用地,1141007,土地1建物1車位0,全,一層,透天厝,農業用,加強磚造,0850119,218.17,0,0,0,無,無,6800000,31168,,0.0,0,其他增建；,RPSNMLTKJHLGFED58DA,218.17,0.0,0.0,無,
後壁區,房地(土地+建物),臺南市後壁區侯伯里１０８之８０號,75.63,住,,,1141021,土地2建物1車位0,全,二層,透天厝,住商用,加強磚造,0691229,109.17,4,2,2,有,無,4200000,38472,,0.0,0,其他增建；,RPSNMLMLJHLGFED97DA,104.78,0.0,4.39,無,0220
麻豆區,房地(土地+建物),臺南市麻豆區麻口二街２５巷１８號,76.72,住,,,1141026,土地1建物1車位0,全,三層,透天厝,住家用,鋼筋混凝土造,1130705,163.72,5,2,5,有,無,12800000,78182,,0.0,0,陽台外推；,RPOOMLTKKIKGFFD48DA,148.39,0.0,15.33,無,
麻豆區,房地(土地+建物)+車位,臺南市麻豆區井東里磚子井２１號三樓之７,28.71,,鄉村區,乙種建築用地,1141030,土地1建物1車位1,三層,五層,華廈(10層含以下有電梯),住家用,鋼筋混凝土造,1140331,92.41,2,1,2,有,有,6800000,73585,一樓平面,16.5,0,,RPVNMLLLJHLGFFD28DA,52.12,0.0,4.53,有,
歸仁區,土地,歸仁北段774地號,698.0,農,,,1141023,土地1建物0車位0,,,其他,,,,0.0,0,0,0,無,無,28500000,40831,,0.0,0,,RPPOMLLLJHLGFID08DA,0.0,0.0,0.0,無,0221
仁德區,房地(土地+建物),臺南市仁德區義林南路９８８巷４５號,266.93,工,,,1141019,土地3建物1車位0,全,三層,透天厝,工商用,鐵骨造，ＲＣ造,0820522,250.97,4,1,2,有,無,18000000,71722,,0.0,0,其他增建；,RPQOMLLLJHLGFID18DA,244.3,0.0,6.67,無,
永康區,房地(土地+建物),臺南市永康區廣興街３８巷６號,54.57,住,,,1141014,土地1建物1車位0,一層，二層,四層,公寓(5樓含以下無電梯),住商用,鋼筋混凝土造,0810810,130.27,3,2,2,有,無,6550000,50280,,0.0,0,,RPWNMLPJJHLGFKD09DA,101.27,0.0,13.45,無,
永康區,房地(土地+建物),臺南市永康區永安一街７３巷１３號,86.0,住,,,1141015,土地1建物1車位0,全,四層,透天厝,住家用,鋼筋混凝土構造,1080522,246.45,6,2,6,有,無,25800000,104687,,0.0,0,,RPUNMLKLJHLGFKD58DA,223.6,0.0,22.85,無,
永康區,房地(土地+建物)+車位,臺南市永康區忠孝一路８５號七樓之６,23.16,住,,,1141026,土地1建物1車位1,七層,十五層,住宅大樓(11層含以上有電梯),住家用,鋼筋混凝土造,1120920,148.92000000000002,3,2,2,有,有,12950000,86959,坡道平面,40.67,0,,RPPNMLLLJHLGFKD18DA,66.7,0.0,5.03,有,0222
北區,房地(土地+建物),臺南市北區長榮路四段９１巷１０號,73.0,住,,,1141031,土地1建物1車位0,全,二層,透天厝,住家用,加強磚造,0670706,89.26,4,3,2,有,無,8500000,95227,,0.0,0,頂樓加蓋；其他增建；,RPUNMLOKJIKGFAD87DA,89.26,0.0,0.0,無,
學甲區,土地,興業段649-1地號,669.21,工,,,1141010,土地1建物0車位0,,,其他,,,,0.0,0,0,0,無,無,15582915,23286,,0.0,0,,RPQNMLKLJHLGFGD77DA,0.0,0.0,0.0,無,
善化區,房地(土地+建物)+車位,臺南市善化區永福路２７號五樓,24.56,住,,,1141026,土地1建物1車位1,五層,八層,華廈(10層含以下有電梯),住家用,鋼筋混凝土造,0881004,164.14,3,2,2,有,有,8000000,48739,坡道平面,0.0,0,其他增建；,RPWNMLLLJHLGFHD58DA,91.97,0.0,10.11,有,0223
歸仁區,房地(土地+建物)+車位,臺南市歸仁區高鐵大道３７號十樓之６,14.94,商,,,1141019,土地1建物1車位1,十層,十九層,住宅大樓(11層含以上有電梯),住家用,鋼筋混凝土造,1141023,98.87,2,2,1,有,有,13360000,157429,坡道平面,25.44,1800000,預售屋、或土地及建物分件登記案件；,RPOOMLSKKIKGFID68DA,43.39,0.0,4.19,有,
楠西區,房地(土地+建物),臺南市楠西區茄拔路５２巷３２號,106.2,住,,,1141004,土地1建物1車位0,全,三層,透天厝,住家用,鋼筋混凝土造,1141015,171.93,4,2,4,有,無,8250000,47985,,0.0,0,預售屋、或土地及建物分件登記案件；,RPQNMLNLJHLGFJD38DA,156.87,0.0,15.06,無,
佳里區,房地(土地+建物),臺南市佳里區公園路２０巷１１號,98.94,住,,,1141031,土地1建物1車位0,全,三層,透天厝,住家用,鋼筋混凝土造,1140514,191.86,5,2,4,有,無,18300000,95382,,0.0,0,,RPQNMLOKJHLGFGD08DA,179.55,0.0,12.31,無,
佳里區,房地(土地+建物),臺南市佳里區佳南路３２９巷２號,112.54,住,,,1141028,土地2建物1車位0,全,四層,透天厝,住家用,鋼筋混凝土造,1130416,204.36,5,2,6,有,無,17180000,84067,,0.0,0,,RPPNMLPKJHLGFGD08DA,185.32,0.0,19.04,無,
佳里區,房地(土地+建物)+車位,臺南市佳里區文化路６６８號二樓之１,41.41,住,,,1141004,土地1建物1車位1,二層,五層,華廈(10層含以下有電梯),住家用,鋼筋混凝土造,1140923,123.51,3,2,2,有,有,8750000,70844,一樓平面,0.0,1300000,預售屋、或土地及建物分件登記案件；,RPSOMLNLJHLGFGD38DA,75.7,0.0,8.98,有,
佳里區,房地(土地+建物)+車位,臺南市佳里區文化路６６８號四樓之３,47.75,住,,,1141013,土地1建物1車位1,四層,五層,華廈(10層含以下有電梯),住家用,鋼筋混凝土造,1140923,140.19,3,2,2,有,有,10200000,72758,一樓平面,0.0,1300000,預售屋、或土地及建物分件登記案件；,RPUOMLNLJHLGFGD58DA,85.39,0.0,12.16,有,
永康區,房地(土地+建物),臺南市永康區竹南街５６巷５２號,116.38,住,,,1141020,土地1建物1車位0,全,四層,透天厝,住家用,鋼筋混凝土構造,1010604,193.19,6,2,5,有,無,17400000,90067,,0.0,0,,RPQNMLRLJHLGFKD88DA,190.39,0.0,2.8,無,0224
新營區,土地,民族段438地號,641.65,商,,,1141023,土地1建物0車位0,,,其他,,,,0.0,0,0,0,無,無,42702000,66550,,0.0,0,,RPRNMLKMKIKGFDD87EA,0.0,0.0,0.0,無,0225
安南區,房地(土地+建物),臺南市安南區安中路一段７０３巷４５之１號,72.75,住,,,1141013,土地14建物1車位0,二層,四層,公寓(5樓含以下無電梯),住家用,鋼筋混凝土造,0700907,103.82000000000001,3,2,2,有,有,4000000,38528,,0.0,0,,RPTNMLSLJHLGFBD38DA,81.42,0.01,10.97,無,0226
新營區,房地(土地+建物),臺南市新營區民族路１０之６號,52.91,商,,,1141017,土地3建物1車位0,全,二層,透天厝,住家用,鋼筋混凝土造,,60.3,3,1,1,有,無,2150000,35655,,0.0,0,頂樓加蓋；,RPUOMLQJJHLGFDD38DA,60.3,0.0,0.0,無,
永康區,房地(土地+建物),臺南市永康區育樂街１６６巷３９號,93.63,住,,,1141025,土地3建物1車位0,全,三層,透天厝,住家用,鋼筋混凝土造,1140819,184.4,4,3,5,有,無,18000000,97614,,0.0,0,未登記建物；,RPVNMLQLJHLGFKD66DA,174.39,0.0,10.01,無,
白河區,土地,中興段19地號,558.47,,一般農業區,農牧用地,1140910,土地2建物0車位0,,,其他,,,,0.0,0,0,0,無,無,749987,1343,,0.0,0,協議價購；,RPTSMLLKKIKGFED48DA,0.0,0.0,0.0,無,0227
白河區,土地,糞箕湖段糞箕湖小段654地號,363.84,,一般農業區,農牧用地,1140903,土地2建物0車位0,,,其他,,,,0.0,0,0,0,無,無,509380,1400,,0.0,0,協議價購；,RPRTMLLKKIKGFED38DA,0.0,0.0,0.0,無,0228
白河區,土地,糞箕湖段糞箕湖小段654地號,1091.53,,一般農業區,農牧用地,1140903,土地2建物0車位0,,,其他,,,,0.0,0,0,0,無,無,1528139,1400,,0.0,0,協議價購；,RPSTMLLKKIKGFED48DA,0.0,0.0,0.0,無,0228
白河區,土地,糞箕湖段糞箕湖小段654地號,1091.53,,一般農業區,農牧用地,1140903,土地2建物0車位0,,,其他,,,,0.0,0,0,0,無,無,1528139,1400,,0.0,0,協議價購；,RPTTMLLKKIKGFED58DA,0.0,0.0,0.0,無,0228
白河區,土地,糞箕湖段糞箕湖小段654地號,873.22,,一般農業區,農牧用地,1140903,土地2建物0車位0,,,其他,,,,0.0,0,0,0,無,無,1222510,1400,,0.0,0,協議價購；,RPUTMLLKKIKGFED68DA,0.0,0.0,0.0,無,0228
白河區,土地,長安段435-1地號,1704.0,,一般農業區,農牧用地,1140910,土地3建物0車位0,,,其他,,,,0.0,0,0,0,無,無,2334171,1370,,0.0,0,協議價購；,RPXNMLQKKIKGFED88DA,0.0,0.0,0.0,無,0232
白河區,土地,長安段435-1地號,1136.0,,一般農業區,農牧用地,1140910,土地3建物0車位0,,,其他,,,,0.0,0,0,0,無,無,1556114,1370,,0.0,0,協議價購；,RPOOMLQKKIKGFED08DA,0.0,0.0,0.0,無,0232
白河區,土地,糞箕湖段糞箕湖小段585地號,6240.67,,一般農業區,農牧用地,1140910,土地1建物0車位0,,,其他,,,,0.0,0,0,0,無,無,8736933,1400,,0.0,0,協議價購；,RPVOMLQKKIKGFED78DA,0.0,0.0,0.0,無,0234
白河區,土地,糞箕湖段糞箕湖小段585地號,1300.14,,一般農業區,農牧用地,1140910,土地1建物0車位0,,,其他,,,,0.0,0,0,0,無,無,1820194,1400,,0.0,0,協議價購；,RPWOMLQKKIKGFED88DA,0.0,0.0,0.0,無,0234
白河區,土地,糞箕湖段糞箕湖小段585地號,1560.17,,一般農業區,農牧用地,1140910,土地1建物0車位0,,,其他,,,,0.0,0,0,0,無,無,2184233,1400,,0.0,0,協議價購；,RPXOMLQKKIKGFED98DA,0.0,0.0,0.0,無,0234
白河區,土地,糞箕湖段糞箕湖小段573-7地號,50.8,,一般農業區,農牧用地,1140910,土地1建物0車位0,,,其他,,,,0.0,0,0,0,無,無,71120,1400,,0.0,0,協議價購；,RPQPMLQKKIKGFED38DA,0.0,0.0,0.0,無,0237
白河區,土地,糞箕湖段糞箕湖小段582-6地號,1995.0,,一般農業區,農牧用地,1140910,土地1建物0車位0,,,其他,,,,0.0,0,0,0,無,無,2793000,1400,,0.0,0,協議價購；,RPTPMLQKKIKGFED68DA,0.0,0.0,0.0,無,0238
白河區,土地,長安段441地號,2949.18,,一般農業區,農牧用地,1140910,土地1建物0車位0,,,其他,,,,0.0,0,0,0,無,無,4128846,1400,,0.0,0,協議價購；,RPWPMLQKKIKGFED98DA,0.0,0.0,0.0,無,0239
白河區,土地,長安段441地號,614.41,,一般農業區,農牧用地,1140910,土地1建物0車位0,,,其他,,,,0.0,0,0,0,無,無,860176,1400,,0.0,0,協議價購；,RPXPMLQKKIKGFED09DA,0.0,0.0,0.0,無,0239
白河區,土地,糞箕湖段糞箕湖小段573-7地號,33.87,,一般農業區,農牧用地,1140910,土地1建物0車位0,,,其他,,,,0.0,0,0,0,無,無,47414,1400,,0.0,0,協議價購；,RPSNMLSKKIKGFED58DA,0.0,0.0,0.0,無,0237
歸仁區,土地,民權段625地號,2278.88,農,,,1140922,土地1建物0車位0,,,其他,,,,0.0,0,0,0,無,無,19000000,8337,,0.0,0,,RPTNMLOJKIKGFID58DA,0.0,0.0,0.0,無,
歸仁區,房地(土地+建物)+車位,臺南市歸仁區高鐵大道３７號十五樓之３,18.61,商,,,1140914,土地1建物1車位1,十五層,十九層,住宅大樓(11層含以上有電梯),住家用,鋼筋混凝土造,1141023,117.06,2,2,2,有,有,15650000,151714,坡道平面,25.44,1750000,預售屋、或土地及建物分件登記案件；,RPORMLOJKIKGFID48DA,54.83,0.0,4.69,有,
東區,房地(土地+建物),臺南市東區裕信二街１２７號,106.13,住,,,1140913,土地2建物1車位0,全,四層,透天厝,住家用,鋼筋混凝土造,1140410,233.22,3,2,4,有,無,39780000,170569,,0.0,0,,RPRNMLSJJHLGFCD08DA,211.33,0.0,21.89,有,
東區,房地(土地+建物)+車位,臺南市東區東安路２５０號七樓之１,24.06,住,,,1140921,土地1建物1車位1,七層，通道,十層,華廈(10層含以下有電梯),住家用,鋼筋混凝土造,0810828,266.88,3,2,2,有,有,9000000,33723,坡道平面,0.0,0,增建:露臺其他增建；,RPVNMLPKJHLGFCD28DA,94.76,112.25,15.28,有,
白河區,土地,糞箕湖段糞箕湖小段654地號,3929.5,,一般農業區,農牧用地,1140903,土地2建物0車位0,,,其他,,,,0.0,0,0,0,無,無,5501299,1400,,0.0,0,協議價購；,RPVTMLLKKIKGFED78DA,0.0,0.0,0.0,無,0228
白河區,土地,長安段464地號,1165.39,,一般農業區,農牧用地,1140910,土地2建物0車位0,,,其他,,,,0.0,0,0,0,無,無,1631540,1400,,0.0,0,協議價購；,RPSSMLMKKIKGFED48DA,0.0,0.0,0.0,無,0218
白河區,土地,長安段464地號,754.07,,一般農業區,農牧用地,1140910,土地2建物0車位0,,,其他,,,,0.0,0,0,0,無,無,1055703,1400,,0.0,0,協議價購；,RPTSMLMKKIKGFED58DA,0.0,0.0,0.0,無,0218
白河區,土地,長安段457-1地號,1081.28,,一般農業區,農牧用地,1140910,土地3建物0車位0,,,其他,,,,0.0,0,0,0,無,無,1513794,1400,,0.0,0,協議價購；,RPUSMLMKKIKGFED68DA,0.0,0.0,0.0,無,0218
白河區,土地,長安段464地號,525.57,,一般農業區,農牧用地,1140903,土地2建物0車位0,,,其他,,,,0.0,0,0,0,無,無,735792,1400,,0.0,0,協議價購；,RPVSMLMKKIKGFED78DA,0.0,0.0,0.0,無,0218
白河區,土地,長安段442地號,2405.0,,一般農業區,農牧用地,1140903,土地1建物0車位0,,,其他,,,,0.0,0,0,0,無,無,3367000,1400,,0.0,0,協議價購；,RPPNMLQKKIKGFED08DA,0.0,0.0,0.0,無,0247
白河區,土地,長安段442地號,2405.0,,一般農業區,農牧用地,1140903,土地1建物0車位0,,,其他,,,,0.0,0,0,0,無,無,3367000,1400,,0.0,0,協議價購；,RPQNMLQKKIKGFED18DA,0.0,0.0,0.0,無,0247
白河區,土地,糞箕湖段糞箕湖小段574-22地號,15.83,,一般農業區,農牧用地,1140910,土地2建物0車位0,,,其他,,,,0.0,0,0,0,無,無,20583,1300,,0.0,0,協議價購；,RPRNMLQKKIKGFED28DA,0.0,0.0,0.0,無,0249
白河區,土地,糞箕湖段糞箕湖小段574-22地號,15.83,,一般農業區,農牧用地,1140910,土地2建物0車位0,,,其他,,,,0.0,0,0,0,無,無,20583,1300,,0.0,0,協議價購；,RPSNMLQKKIKGFED38DA,0.0,0.0,0.0,無,0249
白河區,土地,糞箕湖段糞箕湖小段574-22地號,15.83,,一般農業區,農牧用地,1140910,土地2建物0車位0,,,其他,,,,0.0,0,0,0,無,無,20583,1300,,0.0,0,協議價購；,RPTNMLQKKIKGFED48DA,0.0,0.0,0.0,無,0249
中西區,房地(土地+建物)+車位,臺南市中西區中華西路二段８３３號二十樓之３,13.59,住,,,1140906,土地1建物1車位1,二十層,二十二層,住宅大樓(11層含以上有電梯),住家用,鋼筋混凝土構造,1120323,156.02,2,2,2,有,有,16180000,111525,坡道平面,27.08,1800000,,RPSOMLPKKIKGFAD97DA,75.92,0.0,9.45,有,0252
安南區,房地(土地+建物)+車位,臺南市安南區環福街１２號四樓之２,37.02,住,,,1140914,土地2建物1車位1,四層,五層,華廈(10層含以下有電梯),住家用,鋼筋混凝土造,1070524,101.0,2,2,2,有,有,8380000,82970,一樓平面,0.0,0,,RPPNMLPKJHLGFBD57DA,61.29,0.0,3.8,有,
白河區,土地,長安段496地號,8735.0,,一般農業區,農牧用地,1140903,土地5建物0車位0,,,其他,,,,0.0,0,0,0,無,無,12226599,1400,,0.0,0,協議價購；,RPSOMLLKKIKGFED97DA,0.0,0.0,0.0,無,
白河區,土地,埤子頭段埤子頭小段1340-8地號,275.0,,特定農業區,農牧用地,1140910,土地1建物0車位0,,,其他,,,,0.0,0,0,0,無,無,385000,1400,,0.0,0,協議價購；,RPRQMLMKKIKGFED18DA,0.0,0.0,0.0,無,
白河區,土地,長安段464地號,525.57,,一般農業區,農牧用地,1140930,土地2建物0車位0,,,其他,,,,0.0,0,0,0,無,無,735792,1400,,0.0,0,協議價購；,RPWSMLMKKIKGFED88DA,0.0,0.0,0.0,無,0218
白河區,土地,長安段464地號,525.57,,一般農業區,農牧用地,1140930,土地2建物0車位0,,,其他,,,,0.0,0,0,0,無,無,735792,1400,,0.0,0,協議價購；,RPXSMLMKKIKGFED98DA,0.0,0.0,0.0,無,0218
白河區,土地,長安段457-1地號,2043.12,,一般農業區,農牧用地,1140910,土地1建物0車位0,,,其他,,,,0.0,0,0,0,無,無,2860375,1400,,0.0,0,協議價購；,RPTTMLMKKIKGFED68DA,0.0,0.0,0.0,無,0255
白河區,土地,長安段457-1地號,875.62,,一般農業區,農牧用地,1140910,土地1建物0車位0,,,其他,,,,0.0,0,0,0,無,無,1225875,1400,,0.0,0,協議價購；,RPUTMLMKKIKGFED78DA,0.0,0.0,0.0,無,0255
白河區,土地,長安段457-1地號,875.62,,一般農業區,農牧用地,1140911,土地1建物0車位0,,,其他,,,,0.0,0,0,0,無,無,1225875,1400,,0.0,0,協議價購；,RPVTMLMKKIKGFED88DA,0.0,0.0,0.0,無,0255
白河區,土地,糞箕湖段糞箕湖小段574-22地號,63.33,,一般農業區,農牧用地,1140910,土地2建物0車位0,,,其他,,,,0.0,0,0,0,無,無,82334,1300,,0.0,0,協議價購；,RPUNMLQKKIKGFED58DA,0.0,0.0,0.0,無,0249
東區,房地(土地+建物),臺南市東區榮譽街６５號之２,16.71,住,,,1140916,土地1建物1車位0,全,五層,透天厝,住商用,鋼筋混凝土造,0851028,65.18,11,5,6,有,無,1200000,18411,,0.0,0,親友、員工、共有人或其他特殊關係間之交易；,RPRNMLRJJHLGFCD97DA,57.85,0.0,7.33,無,
白河區,土地,長安段464地號,810.94,,一般農業區,農牧用地,1140910,土地1建物0車位0,,,其他,,,,0.0,0,0,0,無,無,1135313,1400,,0.0,0,協議價購；,RPPTMLMKKIKGFED28DA,0.0,0.0,0.0,無,
白河區,土地,長安段463-2地號,423.0,,一般農業區,農牧用地,1140911,土地1建物0車位0,,,其他,,,,0.0,0,0,0,無,無,592200,1400,,0.0,0,協議價購；,RPQTMLMKKIKGFED38DA,0.0,0.0,0.0,無,0218
白河區,土地,長安段464地號,411.31,,一般農業區,農牧用地,1140910,土地2建物0車位0,,,其他,,,,0.0,0,0,0,無,無,575837,1400,,0.0,0,協議價購；,RPRTMLMKKIKGFED48DA,0.0,0.0,0.0,無,0218
白河區,土地,長安段464地號,411.31,,一般農業區,農牧用地,1140910,土地2建物0車位0,,,其他,,,,0.0,0,0,0,無,無,575837,1400,,0.0,0,協議價購；,RPSTMLMKKIKGFED58DA,0.0,0.0,0.0,無,0218
歸仁區,土地,沙崙段1729地號,1920.0,,特定專用區,農牧用地,1140912,土地1建物0車位0,,,其他,,,,0.0,0,0,0,無,無,39900000,20781,,0.0,0,農作物；,RPWNMLMLJHLGFID78DA,0.0,0.0,0.0,無,
安南區,房地(土地+建物),臺南市安南區海佃路三段３５８號,144.91,住,,,1140901,土地1建物1車位0,全,四層,透天厝,住家用,鋼筋混凝土造,1060914,274.51,5,3,6,有,無,28500000,103821,,0.0,0,陽台外推；其他增建；,RPPNMLLLJHLGFBD27DA,266.49,0.0,8.02,無,0262
歸仁區,房地(土地+建物),臺南市歸仁區民權北路６１巷１１號,66.56,住,,,1140928,土地1建物1車位0,全,二層,透天厝,住商用,加強磚造,0700921,98.07,4,2,2,有,無,7850000,80045,,0.0,0,陽台外推；頂樓加蓋；其他增建；,RPRNMLMLJHLGFID28DA,94.5,0.0,3.57,無,
佳里區,房地(土地+建物)+車位,臺南市佳里區文化路６６８號五樓之２,41.7,住,,,1140913,土地1建物1車位1,五層,五層,華廈(10層含以下有電梯),住家用,鋼筋混凝土造,1140923,123.86000000000001,3,2,2,有,有,9100000,73470,一樓平面,0.0,1100000,預售屋、或土地及建物分件登記案件；,RPVOMLNLJHLGFGD68DA,75.92,0.0,8.98,有,
佳里區,房地(土地+建物)+車位,臺南市佳里區文化路６６８之１號三樓之５,44.44,住,,,1140922,土地1建物1車位1,三層,五層,華廈(10層含以下有電梯),住家用,鋼筋混凝土造,1140923,131.38,3,2,2,有,有,9370000,71320,一樓平面,0.0,1300000,預售屋、或土地及建物分件登記案件；,RPQOMLNLJHLGFGD18DA,79.46,0.0,11.32,有,
柳營區,土地,東昇段675地號,17.52,住,,,1140903,土地1建物0車位0,,,其他,,,,0.0,0,0,0,無,無,1220000,69635,,0.0,0,,RPPNMLSLJHLGFDD28EA,0.0,0.0,0.0,無,
將軍區,土地,苓子寮段一小段350地號,1005.0,,特定農業區,農牧用地,1140903,土地1建物0車位0,,,其他,,,,0.0,0,0,0,無,無,1550000,1542,,0.0,0,,RPVNMLQLJHLGFGD88DA,0.0,0.0,0.0,無,
佳里區,土地,番子寮段1332地號,133.5,,特定農業區,甲種建築用地,1140925,土地2建物0車位0,,,其他,,,,0.0,0,0,0,無,無,688500,5157,,0.0,0,地清或未辦繼承標售；,RPQNMLRLJHLGFGD48DA,0.0,0.0,0.0,無,
歸仁區,土地,保西段1130地號,1861.87,,一般農業區,農牧用地,1140806,土地1建物0車位0,,,其他,,,,0.0,0,0,0,無,無,12000000,6445,,0.0,0,,RPUPMLPJJHLGFID88DA,0.0,0.0,0.0,無,
永康區,房地(土地+建物)+車位,臺南市永康區龍埔街５００巷６號四樓之２,39.66,住,,,1140801,土地3建物1車位1,四層,五層,華廈(10層含以下有電梯),住家用,鋼筋混凝土構造,1120314,115.28,3,2,2,有,有,12800000,111034,一樓平面,14.86,0,,RPXNMLPJJHLGFKD56DA,69.07,0.0,6.32,有,0263
學甲區,土地,育英段947地號,1081.21,農,,,1140801,土地6建物0車位0,,,其他,,,,0.0,0,0,0,無,無,6500000,6012,,0.0,0,親友、員工、共有人或其他特殊關係間之交易；,RPQNMLMKQHKGFGD48DA,0.0,0.0,0.0,無,0264
安南區,房地(土地+建物)+車位,臺南市安南區富東路１２３號,71.06,住,,,1140822,土地1建物1車位2,一層,十二層,住宅大樓(11層含以上有電梯),商業用,鋼筋混凝土造,1140819,360.37,0,0,0,無,有,59700000,187764,坡道平面,59.46,3200000,共買兩個車位，車位合併計價新台幣320萬元整。預售屋、或土地及建物分件登記案件；,RPRNMLTKJHLGFBD18DA,215.19,0.0,0.0,有,
歸仁區,房地(土地+建物)+車位,臺南市歸仁區歸仁五路１７０號二樓之１,29.27,住,,,1140817,土地1建物1車位1,二層,十三層,住宅大樓(11層含以上有電梯),住家用,鋼筋混凝土造,1140113,146.95,2,2,2,有,有,13800000,96269,坡道平面,21.26,1700000,含裝潢費；親友、員工、共有人或其他特殊關係間之交易；,RPWNMLLLJHLGFID68DA,75.37,0.0,6.64,有,
中西區,房地(土地+建物)+車位,臺南市中西區民權路一段１９１號三樓之２,19.8,商,,,1140819,土地3建物1車位1,三層,十層,華廈(10層含以下有電梯),住家用,鋼筋混凝土構造,1140506,150.63,3,2,2,有,有,23800000,171733,升降機械,19.03,1200000,,RPTOMLLLJHLGFAD67DA,83.64,0.0,4.8,有,
後壁區,土地,道場段667地號,426.3,,鄉村區,乙種建築用地,1140831,土地4建物0車位0,,,其他,,,,0.0,0,0,0,無,無,4600000,10791,,0.0,0,,RPRNMLQKJHLGFED18DA,0.0,0.0,0.0,無,
白河區,土地,崁子頭段423-2地號,3675.0,,一般農業區,農牧用地,1140829,土地1建物0車位0,,,其他,,,,0.0,0,0,0,無,無,3123750,850,,0.0,0,,RPTNMLNLJHLGFED18DA,0.0,0.0,0.0,無,
歸仁區,房地(土地+建物),臺南市歸仁區歸仁里忠孝北路１００號,2871.0,農,,,1140829,土地9建物1車位0,全,一層,透天厝,住家用,磚造,0180000,401.32,1,1,1,有,無,153000000,381242,,0.0,0,其他增建；未登記建物；,RPROMLLLJHLGFID28DA,401.32,0.0,0.0,無,
北門區,土地,麗湖段998地號,6374.64,,一般農業區,殯葬用地,1140807,土地1建物0車位0,,,其他,,,,0.0,0,0,0,無,無,7000000,1098,,0.0,0,,RPQNMLQLJHLGFGD38DA,0.0,0.0,0.0,無,
白河區,土地,詔安段1936地號,607.5,,特定農業區,農牧用地,1140723,土地1建物0車位0,,,其他,,,,0.0,0,0,0,無,無,1000000,1646,,0.0,0,,RPQNMLMKJHLGFED77EA,0.0,0.0,0.0,無,0265
永康區,房地(土地+建物),臺南市永康區國光五街３０號,97.0,住,,,1140719,土地1建物1車位0,全,四層,透天厝,住商用,鋼筋混凝土造,0950609,292.31,6,2,5,有,無,20500000,70131,,0.0,0,頂樓加蓋；,RPSNMLLLJHLGFKD48DA,260.81,0.0,31.5,無,
安南區,房地(土地+建物),臺南市安南區安生街１７２巷８號,84.0,住,,,1140717,土地1建物1車位0,全,二層,透天厝,住商用,加強磚造,0710714,103.59,4,2,2,有,無,5000000,48267,,0.0,0,親友、員工、共有人或其他特殊關係間之交易；頂樓加蓋；,RPPNMLRKJHLGFBD77DA,99.93,0.0,3.66,無,
新營區,房地(土地+建物),臺南市新營區興業里公誠街１７巷１４號,36.94,都市：其他:道路用地,,,1140723,土地2建物1車位0,一層,五層,公寓(5樓含以下無電梯),住家用,鋼筋混凝土造,0710913,66.24,4,1,2,有,無,3960000,59783,,0.0,0,,RPPNMLLMKIKGFDD67DA,66.24,0.0,0.0,無,
新營區,房地(土地+建物),臺南市新營區開元路１０３巷１０號五樓,28.97,住,,,1140629,土地1建物1車位0,五層,五層,華廈(10層含以下有電梯),住家用,鋼筋混凝土造,1120811,104.63,2,2,2,有,無,8050000,76938,,0.0,0,,RPPNMLNLJHLGFDD67DA,62.18,0.0,6.55,有,0266
歸仁區,房地(土地+建物)+車位,臺南市歸仁區高發一路２７７號,38.31,商,,,1140615,土地1建物1車位1,一層，見其他登記事項,十七層,住宅大樓(11層含以上有電梯),商業用,鋼筋混凝土造,1141023,130.19,0,0,1,有,有,24080000,213174,坡道平面,25.44,1750000,預售屋、或土地及建物分件登記案件；,RPXPMLPKKIKGFID76DA,78.48,0.0,0.0,有,
安南區,土地,安吉段353地號,24.6,農,,,1140626,土地1建物0車位0,,,其他,,,,0.0,0,0,0,無,無,120001,4878,,0.0,0,地清或未辦繼承標售；,RPXNMLKLJHLGFBD97DA,0.0,0.0,0.0,無,
安南區,土地,長溪段416-1地號,3.77,住,,,1140626,土地1建物0車位0,,,其他,,,,0.0,0,0,0,無,無,71601,18992,,0.0,0,地清或未辦繼承標售；,RPOOMLKLJHLGFBD17DA,0.0,0.0,0.0,無,
北區,房地(土地+建物),臺南市北區開元路４８５巷２４號六樓之７,14.97,商,,,1140521,土地2建物1車位0,六層,十二層,住宅大樓(11層含以上有電梯),住家用,鋼筋混凝土造,0701228,123.5,3,2,2,有,有,6000000,48583,,0.0,0,,RPVOMLKMKIKGFAD97DA,91.36,0.0,13.62,有,
白河區,土地,新興段541地號,552.0,農,,,1140524,土地1建物0車位0,,,其他,,,,0.0,0,0,0,無,無,4000000,7246,,0.0,0,,RPQNMLOKJHLGFED87DA,0.0,0.0,0.0,無,
歸仁區,房地(土地+建物)+車位,臺南市歸仁區高鐵大道３１號十四樓之８,30.02,商,,,1140401,土地1建物1車位2,十四層,十九層,住宅大樓(11層含以上有電梯),住家用,鋼筋混凝土造,1141023,200.3,4,2,2,有,有,25850000,149741,坡道平面,53.38,3850000,114年10月16日讓渡，讓渡金額2585萬元整預售屋、或土地及建物分件登記案件；,RPTOMLMKKIKGFID58DA,87.84,0.0,7.8,有,
東區,土地,德高段499-3地號,318.0,都市：其他:細部計畫道路用地,,,1140429,土地4建物0車位0,,,其他,,,,0.0,0,0,0,無,無,9662060,30384,,0.0,0,包含公共設施保留地用地；,RPRNMLOLKIKGFCD97DA,0.0,0.0,0.0,無,
永康區,房地(土地+建物)+車位,臺南市永康區永安路１０５巷８５弄２５號五樓之５,36.25,住,,,1140412,土地1建物1車位1,五層,七層,華廈(10層含以下有電梯),住家用,鋼筋混凝土造,1141016,131.32,3,2,2,有,有,14280000,119393,一樓平面,23.86,1450000,預售屋、或土地及建物分件登記案件；,RPSNMLMLJHLGFKD68EA,68.54,0.0,8.6,有,
安南區,房地(土地+建物),臺南市安南區溪東三街７０號,108.54,住,,,1140418,土地1建物1車位0,全,四層,透天厝,住商用,鋼筋混凝土造,1121207,210.59,3,3,6,有,無,29800000,141507,,0.0,0,陽台外推；其他增建；,RPUNMLLLJHLGFBD77DA,192.71,0.0,17.88,無,
關廟區,土地,新埔段43-8地號,2780.0,,山坡地保育區,農牧用地,1140408,土地1建物0車位0,,,其他,,,,0.0,0,0,0,無,無,2431000,874,,0.0,0,親友、員工、共有人或其他特殊關係間之交易；,RPQNMLLMKIKGFID28DA,0.0,0.0,0.0,無,
佳里區,房地(土地+建物)+車位,臺南市佳里區文化路６６８之１號四樓之１,44.58,住,,,1140330,土地1建物1車位1,四層,五層,華廈(10層含以下有電梯),住家用,鋼筋混凝土造,1140923,131.87,3,2,2,有,有,9670000,73330,一樓平面,0.0,1100000,預售屋、或土地及建物分件登記案件；,RPROMLOKJHLGFGD28DA,81.23,0.0,9.9,有,
佳里區,房地(土地+建物)+車位,臺南市佳里區文化路６６８之１號三樓之３,33.76,住,,,1140309,土地1建物1車位1,三層,五層,華廈(10層含以下有電梯),住家用,鋼筋混凝土造,1140923,103.58,2,2,2,有,有,7600000,73373,一樓平面,0.0,1100000,預售屋、或土地及建物分件登記案件；,RPUOMLOKJHLGFGD58DA,61.31,0.0,7.94,有,
歸仁區,房地(土地+建物)+車位,臺南市歸仁區高鐵大道３１號十六樓之３,19.29,商,,,1140301,土地1建物1車位1,十六層,十九層,住宅大樓(11層含以上有電梯),住家用,鋼筋混凝土造,1141023,120.35,2,2,2,有,有,16400000,154357,坡道平面,25.44,1750000,預售屋、或土地及建物分件登記案件；,RPRPMLPKKIKGFID78DA,57.4,0.0,4.57,有,
官田區,房地(土地+建物),臺南市官田區神田路１３７號,74.3,住,,,1140301,土地1建物1車位0,全,三層,透天厝,住家用,鋼筋混凝土造,1140905,118.41,3,2,4,有,無,11250000,95009,,0.0,0,預售屋、或土地及建物分件登記案件；,RPQNMLKLJHLGFFD77EA,107.18,0.0,11.23,無,
官田區,房地(土地+建物),臺南市官田區神田路１３５號,73.52,住,,,1140301,土地1建物1車位0,全,三層,透天厝,住家用,鋼筋混凝土造,1140905,122.74,3,3,4,有,無,11300000,92065,,0.0,0,預售屋、或土地及建物分件登記案件；,RPRNMLKLJHLGFFD87EA,110.95,0.0,11.79,無,
永康區,房地(土地+建物)+車位,臺南市永康區永安路１０５巷８５弄２５號五樓之２,36.25,住,,,1140329,土地1建物1車位1,五層,七層,華廈(10層含以下有電梯),住家用,鋼筋混凝土造,1141016,143.32,3,2,2,有,有,14650000,121198,一樓平面,36.47,1700000,預售屋、或土地及建物分件登記案件；,RPPNMLMLJHLGFKD38EA,68.14,0.0,8.39,有,
歸仁區,房地(土地+建物)+車位,臺南市歸仁區高鐵大道３３號三樓之５,23.5,商,,,1140209,土地1建物1車位2,三層,十七層,住宅大樓(11層含以上有電梯),住家用,鋼筋混凝土造,1141023,165.47,3,2,2,有,有,20100000,144864,坡道平面,50.88,3500000,預售屋、或土地及建物分件登記案件；,RPWRMLOJKIKGFID66DA,67.72,0.0,6.85,有,
歸仁區,房地(土地+建物)+車位,臺南市歸仁區高鐵大道３１號十三樓之５,36.68,商,,,1140222,土地1建物1車位2,十三層,十九層,住宅大樓(11層含以上有電梯),住家用,鋼筋混凝土造,1141023,230.17000000000002,4,2,2,有,有,30240000,148307,坡道平面,50.88,3650000,預售屋、或土地及建物分件登記案件；,RPQNMLPKKIKGFID48DA,106.5,0.0,10.67,有,
東區,房地(土地+建物),臺南市東區裕信二街１３５號,80.1,住,,,1140221,土地2建物1車位0,全,四層,透天厝,住家用,鋼筋混凝土造,1140410,210.21,3,3,2,有,無,33800000,160792,,0.0,0,有指定登記名義人登記，交易總價無變更。預售屋、或土地及建物分件登記案件；,RPTOMLOKJHLGFCD08DA,186.74,0.0,23.47,有,
佳里區,房地(土地+建物)+車位,臺南市佳里區文化路６６８之１號三樓之７,34.77,住,,,1140220,土地1建物1車位1,三層,五層,華廈(10層含以下有電梯),住家用,鋼筋混凝土造,1140923,106.00999999999999,2,2,2,有,有,7950000,74993,一樓平面,0.0,1300000,預售屋、或土地及建物分件登記案件；,RPROMLNLJHLGFGD28DA,61.97,0.0,9.16,有,
學甲區,房地(土地+建物)+車位,臺南市學甲區民族路７２之１號三樓之６,41.61,住,,,1140227,土地1建物1車位1,三層,五層,華廈(10層含以下有電梯),住家用,鋼筋混凝土造,1140515,137.9,3,2,2,有,有,7590000,56676,一樓平面,24.8,1180000,預售屋、或土地及建物分件登記案件；,RPSNMLNLJHLGFGD28DA,73.85,0.0,6.41,有,
永康區,房地(土地+建物)+車位,臺南市永康區大灣三街２５６號四樓,48.5,住,,,1140223,土地1建物1車位1,四層,五層,華廈(10層含以下有電梯),住家用,鋼筋混凝土造,1141114,166.78,4,2,3,有,有,19400000,111650,一樓平面,10.04,1900000,預售屋、或土地及建物分件登記案件；,RPTNMLQLKIKGFKD56DA,106.46,0.0,11.31,有,
北區,房地(土地+建物),臺南市北區民德路９０巷４３號,107.46,住,,,1140218,土地1建物1車位0,全,四層,透天厝,住家用,鋼筋混凝土造,1140122,297.68,4,2,5,有,無,39000000,131013,,0.0,0,,RPTNMLSLJHLGFAD28DA,275.24,0.0,22.44,有,
佳里區,房地(土地+建物)+車位,臺南市佳里區文化路６６８之１號四樓之６,34.77,住,,,1140104,土地1建物1車位1,四層,五層,華廈(10層含以下有電梯),住家用,鋼筋混凝土造,1140923,105.92000000000002,2,2,2,有,有,7600000,71752,一樓平面,0.0,900000,預售屋、或土地及建物分件登記案件；,RPPPMLOKJHLGFGD18DA,62.06,0.0,8.98,有,
歸仁區,房地(土地+建物)+車位,臺南市歸仁區高鐵大道３７號九樓之２,23.91,商,,,1140106,土地1建物1車位1,九層,十九層,住宅大樓(11層含以上有電梯),住家用,鋼筋混凝土造,1141023,141.92000000000002,3,2,2,有,有,19650000,153245,坡道平面,25.44,1800000,預售屋、或土地及建物分件登記案件；,RPOOMLQKJHLGFID38DA,68.44,0.0,7.18,有,
山上區,土地,明北段445地號,284.22,,工業區,農牧用地,1140121,土地2建物0車位0,,,其他,,,,0.0,0,0,0,無,無,14530000,51122,,0.0,0,,RPQNMLLLJHLGFHD97DA,0.0,0.0,0.0,無,
安南區,土地,溪東段29地號,80.34,住,,,1140120,土地1建物0車位0,,,其他,,,,0.0,0,0,0,無,無,5589000,69567,,0.0,0,,RPPOMLMLKIKGFBD57DA,0.0,0.0,0.0,無,
仁德區,房地(土地+建物)+車位,臺南市仁德區保生路３６號八樓之６,12.42,商,,,1131216,土地1建物1車位1,八層,十五層,住宅大樓(11層含以上有電梯),住家用,鋼筋混凝土造,1141117,111.88,2,2,1,有,有,10950000,106938,坡道平面,24.82,1640000,預售屋、或土地及建物分件登記案件；,RPTOMLTJJHLGFID09DA,53.19,0.0,4.5,有,
歸仁區,房地(土地+建物)+車位,臺南市歸仁區高鐵大道３５號十五樓之１,23.5,商,,,1131101,土地1建物1車位2,十五層,十七層,住宅大樓(11層含以上有電梯),住家用,鋼筋混凝土造,1141023,165.47,3,2,2,有,有,22050000,158827,坡道平面,50.88,3850000,預售屋、或土地及建物分件登記案件；,RPSRMLOJKIKGFID88DA,67.72,0.0,6.85,有,
安南區,房地(土地+建物),臺南市安南區大安街２８５巷１２號,83.78,住,,,1131116,土地1建物1車位0,全,二層,透天厝,住家用,加強磚造,0700910,105.99,4,2,2,有,無,7000000,66044,,0.0,0,親友、員工、共有人或其他特殊關係間之交易；,RPPNMLQLJHLGFBD87EA,100.53,0.0,5.46,無,
學甲區,房地(土地+建物),臺南市學甲區育德路１７３巷３９號,78.37,住,,,1131005,土地1建物1車位0,全,三層,透天厝,住家用,鋼筋混凝土造,1140508,145.23,4,2,3,有,無,9270000,63830,,0.0,0,預售屋、或土地及建物分件登記案件；,RPSNMLQKJHLGFGD48DA,129.6,0.0,15.63,無,
歸仁區,房地(土地+建物)+車位,臺南市歸仁區高鐵大道３５號九樓之１,23.5,商,,,1131013,土地1建物1車位1,九層,十七層,住宅大樓(11層含以上有電梯),住家用,鋼筋混凝土造,1141023,140.04,3,2,2,有,有,18650000,148342,坡道平面,25.44,1650000,預售屋、或土地及建物分件登記案件；,RPUNMLKKKIKGFID38DA,67.72,0.0,6.85,有,
歸仁區,房地(土地+建物)+車位,臺南市歸仁區高鐵大道３１號十樓之３,19.29,商,,,1131029,土地1建物1車位1,十層,十九層,住宅大樓(11層含以上有電梯),住家用,鋼筋混凝土造,1141023,120.35,2,2,2,有,有,16480000,153619,坡道平面,25.44,1900000,114年6月26日讓渡，讓渡金額1648萬元整預售屋、或土地及建物分件登記案件；,RPWOMLPKKIKGFID56DA,57.4,0.0,4.57,有,
歸仁區,房地(土地+建物)+車位,臺南市歸仁區高鐵大道３７號七樓之６,14.94,商,,,1131029,土地1建物1車位1,七層,十九層,住宅大樓(11層含以上有電梯),住家用,鋼筋混凝土造,1141023,98.87,2,2,1,有,有,13250000,156612,坡道平面,25.44,1750000,114年6月26日讓渡，讓渡金額1325萬元整預售屋、或土地及建物分件登記案件；,RPOPMLPKKIKGFID48DA,43.39,0.0,4.19,有,
歸仁區,房地(土地+建物)+車位,臺南市歸仁區高鐵大道３１號九樓之１,36.68,商,,,1131029,土地1建物1車位2,九層,十九層,住宅大樓(11層含以上有電梯),住家用,鋼筋混凝土造,1141023,230.17000000000002,4,2,2,有,有,26170000,126164,坡道平面,50.88,3550000,預售屋、或土地及建物分件登記案件；,RPOUMLOJKIKGFID78DA,106.5,0.0,10.67,有,
永康區,房地(土地+建物)+車位,臺南市永康區永安路１０５巷８５弄２５號四樓之６,28.12,住,,,1131004,土地1建物1車位1,四層,七層,華廈(10層含以下有電梯),住家用,鋼筋混凝土造,1141016,119.51,2,2,2,有,有,11680000,120183,坡道平面,36.47,1700000,預售屋、或土地及建物分件登記案件；,RPTNMLMLJHLGFKD78EA,52.33,0.0,7.19,有,
麻豆區,房地(土地+建物),臺南市麻豆區中興街１７９號,139.0,住,,,1131025,土地1建物1車位0,全,四層,透天厝,住家用,鋼筋混凝土造,1140613,375.85,6,2,6,有,無,32880000,87482,,0.0,0,預售屋、或土地及建物分件登記案件；,RPWNMLLLJHLGFFD38DA,334.19,0.0,41.66,有,
仁德區,房地(土地+建物)+車位,臺南市仁德區保生路２２號十樓之６,14.08,商,,,1131022,土地1建物1車位1,十層,十五層,住宅大樓(11層含以上有電梯),住家用,鋼筋混凝土造,1141117,125.66,2,2,2,有,有,12720000,108885,坡道平面,24.82,1740000,預售屋、或土地及建物分件登記案件；,RPURMLNLKIKGFID56DA,61.56,0.0,5.35,有,
永康區,房地(土地+建物)+車位,臺南市永康區永安路１０５巷８５弄２５號五樓之１,36.85,住,,,1131012,土地1建物1車位1,五層,七層,華廈(10層含以下有電梯),住家用,鋼筋混凝土造,1141016,138.16,3,2,2,有,有,14580000,119247,一樓平面,29.31,1600000,預售屋、或土地及建物分件登記案件；,RPQNMLMLJHLGFKD48EA,68.82,0.0,9.22,有,
永康區,房地(土地+建物)+車位,臺南市永康區永安路１０５巷８５弄２５號六樓之６,28.12,住,,,1131012,土地1建物1車位1,六層,七層,華廈(10層含以下有電梯),住家用,鋼筋混凝土造,1141016,119.51,2,2,2,有,有,12020000,124277,坡道平面,36.47,1700000,預售屋、或土地及建物分件登記案件；,RPRNMLMLJHLGFKD58EA,52.33,0.0,7.19,有,
歸仁區,房地(土地+建物)+車位,臺南市歸仁區光明街３３５號九樓之３,34.22,住,,,1131007,土地1建物1車位1,九層,十二層,住宅大樓(11層含以上有電梯),住家用,鋼筋混凝土造,1141013,157.5,3,2,2,有,有,15650000,111287,坡道平面,31.16,1590000,預售屋、或土地及建物分件登記案件；,RPRQMLRKJIKGFID98DA,75.64,0.0,7.92,有,
仁德區,房地(土地+建物)+車位,臺南市仁德區保生路３６號十四樓之５,12.42,商,,,1131008,土地1建物1車位1,十四層,十五層,住宅大樓(11層含以上有電梯),住家用,鋼筋混凝土造,1141117,111.88,2,2,1,有,有,11300000,110499,坡道平面,24.82,1680000,預售屋、或土地及建物分件登記案件；,RPSOMLTJJHLGFID98DA,53.19,0.0,4.5,有,
學甲區,房地(土地+建物),臺南市學甲區民族路７２之１號四樓之３,33.91,住,,,1131024,土地1建物1車位0,四層,五層,華廈(10層含以下有電梯),住家用,鋼筋混凝土造,1140515,92.61999999999999,2,2,2,有,有,5250000,56683,,0.0,0,預售屋、或土地及建物分件登記案件；,RPVNMLNLJHLGFGD58DA,59.64,0.0,6.07,有,
安南區,土地,保安宮段2437地號,465.11,都市：其他:主要計畫道路用地,,,1130906,土地4建物0車位0,,,其他,,,,0.0,0,0,0,無,無,12821220,27566,,0.0,0,包含公共設施保留地用地；,RPRNMLOLKIKGFBD87DA,0.0,0.0,0.0,無,
新營區,房地(土地+建物),臺南市新營區文昌街２之８號四樓之一,18.5,商,,,1130902,土地1建物1車位0,四層,十四層,住宅大樓(11層含以上有電梯),住家用,鋼筋混凝土造、鋼骨造,1140625,105.44999999999999,3,2,2,有,有,7900000,74917,,0.0,0,114.12.31解除一樓機械車位買賣原買賣價格新台幣 捌拾萬元整預售屋、或土地及建物分件登記案件；,RPTNMLKLJHLGFDD77DA,66.45,0.0,6.82,有,
學甲區,房地(土地+建物),臺南市學甲區育德路１７３巷９號,69.59,住,,,1130929,土地1建物1車位0,全,三層,透天厝,住家用,鋼筋混凝土造,1140508,142.07,4,2,3,有,無,9270000,65250,,0.0,0,預售屋、或土地及建物分件登記案件；,RPRNMLQKJHLGFGD38DA,126.69,0.0,15.38,無,
歸仁區,房地(土地+建物)+車位,臺南市歸仁區高鐵大道３７號九樓之５,14.94,商,,,1130914,土地1建物1車位1,九層,十九層,住宅大樓(11層含以上有電梯),住家用,鋼筋混凝土造,1141023,98.87,2,2,1,有,有,13250000,157974,坡道平面,25.44,1650000,預售屋、或土地及建物分件登記案件；,RPUPMLKKKIKGFID58DA,43.39,0.0,4.19,有,
新營區,房地(土地+建物)+車位,臺南市新營區文昌街２之８號七樓之五,17.7,商,,,1130930,土地1建物1車位1,七層,十四層,住宅大樓(11層含以上有電梯),住家用,鋼筋混凝土造、鋼骨造,1140625,129.26999999999998,3,2,2,有,有,8780000,74332,坡道平面,28.64,1300000,預售屋、或土地及建物分件登記案件；,RPRNMLTLJHLGFDD48DA,65.62,0.0,4.23,有,
學甲區,房地(土地+建物),臺南市學甲區育德路１７３巷１７號,72.56,住,,,1130821,土地1建物1車位0,全,三層,透天厝,住家用,鋼筋混凝土造,1140508,142.07,4,2,3,有,無,9300000,65461,,0.0,0,預售屋、或土地及建物分件登記案件；,RPPNMLQKJHLGFGD18DA,126.69,0.0,15.38,無,
安南區,房地(土地+建物)+車位,臺南市安南區宜居三路２９０號四樓之５,18.55,住,,,1130801,土地2建物1車位1,四層,十五層,住宅大樓(11層含以上有電梯),住家用,鋼筋混凝土造,1140912,158.78,3,2,2,有,有,15800000,100859,坡道平面,21.46,1950000,114.7.21換車位原車位170萬調換後之車位195萬預售屋、或土地及建物分件登記案件；,RPSOMLTKJHLGFBD48EA,81.2,0.0,9.7,有,
善化區,房地(土地+建物)+車位,臺南市善化區復興街４８巷２之６號二樓之２,32.59,住,,,1130831,土地1建物1車位1,二層,六層,華廈(10層含以下有電梯),住家用,鋼筋混凝土造,1141028,100.05000000000001,3,2,2,有,有,10950000,114251,其他,9.46,600000,預售屋、或土地及建物分件登記案件；,RPSOMLKLJHLGFHD18DA,63.29,0.0,6.86,有,
善化區,房地(土地+建物)+車位,臺南市善化區復興街４８巷２之６號四樓之２,32.59,住,,,1130815,土地1建物1車位1,四層,六層,華廈(10層含以下有電梯),住家用,鋼筋混凝土造,1141028,100.05000000000001,3,2,2,有,有,11400000,116790,其他,9.46,820000,預售屋、或土地及建物分件登記案件；,RPVOMLKLJHLGFHD48DA,63.29,0.0,6.86,有,
仁德區,房地(土地+建物)+車位,臺南市仁德區保生路３６號十樓之２,13.25,商,,,1130807,土地1建物1車位1,十層,十五層,住宅大樓(11層含以上有電梯),住家用,鋼筋混凝土造,1141117,120.74000000000001,2,2,2,有,有,12350000,111239,坡道平面,24.82,1680000,讓渡日期114/02/05預售屋、或土地及建物分件登記案件；,RPRNMLLLJHLGFID18DA,59.89,0.0,3.67,有,
安南區,房地(土地+建物)+車位,臺南市安南區本原街三段２６１號三樓之１,48.39,住,,,1130803,土地1建物1車位1,三層,四層,華廈(10層含以下有電梯),住家用,鋼筋混凝土造,1141007,116.28999999999999,2,2,2,有,有,10050000,88625,一樓平面,20.38,1550000,預售屋、或土地及建物分件登記案件；,RPVOMLMJJHLGFBD87DA,73.11,0.0,8.22,有,
歸仁區,房地(土地+建物)+車位,臺南市歸仁區光明街３３５號三樓之２,32.65,住,,,1130806,土地1建物1車位1,三層,十二層,住宅大樓(11層含以上有電梯),住家用,鋼筋混凝土造,1141013,150.43,3,2,2,有,有,12630000,93000,坡道平面,30.0,1430000,預售屋、或土地及建物分件登記案件；,RPVNMLPKJHLGFID88DA,73.03,0.0,6.69,有,
學甲區,房地(土地+建物),臺南市學甲區育德路１７３巷３７號,79.62,住,,,1130716,土地1建物1車位0,全,三層,透天厝,住家用,鋼筋混凝土造,1140508,142.07,4,2,3,有,無,8990000,63279,,0.0,0,預售屋、或土地及建物分件登記案件；,RPQNMLQKJHLGFGD28DA,126.69,0.0,15.38,無,
歸仁區,房地(土地+建物)+車位,臺南市歸仁區高鐵大道３７號十三樓之２,23.91,商,,,1130720,土地1建物1車位2,十三層,十九層,住宅大樓(11層含以上有電梯),住家用,鋼筋混凝土造,1141023,167.36,3,2,2,有,有,22200000,156250,坡道平面,50.88,4000000,預售屋、或土地及建物分件登記案件；,RPOVMLMJKIKGFID68DA,68.44,0.0,7.18,有,
歸仁區,房地(土地+建物)+車位,臺南市歸仁區高鐵大道３５號九樓之５,23.5,商,,,1130720,土地1建物1車位2,九層,十七層,住宅大樓(11層含以上有電梯),住家用,鋼筋混凝土造,1141023,165.47,3,2,2,有,有,20400000,147046,坡道平面,50.88,3550000,預售屋、或土地及建物分件登記案件；,RPTRMLOJKIKGFID98DA,67.72,0.0,6.85,有,
歸仁區,房地(土地+建物)+車位,臺南市歸仁區高鐵大道３５號九樓之３,15.49,商,,,1130707,土地1建物1車位1,九層,十七層,住宅大樓(11層含以上有電梯),住家用,鋼筋混凝土造,1141023,100.87,2,2,1,有,有,12850000,145831,坡道平面,25.44,1850000,預售屋、或土地及建物分件登記案件；,RPVSMLOJKIKGFID66DA,44.77,0.0,4.39,有,
歸仁區,房地(土地+建物)+車位,臺南市歸仁區高鐵大道３１號九樓之６,30.16,商,,,1130701,土地1建物1車位2,九層,十九層,住宅大樓(11層含以上有電梯),住家用,鋼筋混凝土造,1141023,198.14,4,2,2,有,有,22000000,123251,坡道平面,50.88,3850000,預售屋、或土地及建物分件登記案件；,RPPNMLPJKIKGFID28DA,88.18,0.0,7.8,有,
歸仁區,房地(土地+建物)+車位,臺南市歸仁區高鐵大道３１號十四樓之３,19.29,商,,,1130701,土地1建物1車位1,十四層,十九層,住宅大樓(11層含以上有電梯),住家用,鋼筋混凝土造,1141023,120.35,2,2,2,有,有,15100000,140660,坡道平面,25.44,1750000,預售屋、或土地及建物分件登記案件；,RPOPMLMKKIKGFID18DA,57.4,0.0,4.57,有,
歸仁區,房地(土地+建物)+車位,臺南市歸仁區高鐵大道３７號十四樓之１,24.18,商,,,1130710,土地1建物1車位1,十四層,十九層,住宅大樓(11層含以上有電梯),住家用,鋼筋混凝土造,1141023,143.6,3,2,2,有,有,17450000,133717,坡道平面,25.44,1650000,預售屋、或土地及建物分件登記案件；,RPPNMLTLKIKGFID88DA,69.0,0.0,7.88,有,0267
歸仁區,房地(土地+建物)+車位,臺南市歸仁區高鐵大道３３號三樓之２,15.49,商,,,1130719,土地1建物1車位1,三層,十七層,住宅大樓(11層含以上有電梯),住家用,鋼筋混凝土造,1141023,100.87,2,2,1,有,有,12740000,147024,坡道平面,25.44,1650000,預售屋、或土地及建物分件登記案件；,RPVNMLQKJHLGFID98DA,44.77,0.0,4.39,有,
歸仁區,房地(土地+建物)+車位,臺南市歸仁區高鐵大道３７號十四樓之１,24.18,商,,,1130710,土地1建物1車位1,十四層,十九層,住宅大樓(11層含以上有電梯),住家用,鋼筋混凝土造,1141023,143.6,3,2,2,有,有,17450000,133717,坡道平面,25.44,1650000,114.12.29有解除一個車位，車位價款:165萬元整預售屋、或土地及建物分件登記案件；,RPPNMLTKJHLGFID68DA,69.0,0.0,7.88,有,0267
歸仁區,房地(土地+建物)+車位,臺南市歸仁區高鐵大道３９號十五樓之３,18.61,商,,,1130720,土地1建物1車位1,十五層,十九層,住宅大樓(11層含以上有電梯),住家用,鋼筋混凝土造,1141023,117.06,2,2,2,有,有,15800000,154442,坡道平面,25.44,1650000,預售屋、或土地及建物分件登記案件；,RPSQMLPKKIKGFID98DA,54.83,0.0,4.69,有,
善化區,房地(土地+建物)+車位,臺南市善化區復興街４８巷２之６號六樓之２,32.59,住,,,1130705,土地1建物1車位1,六層,六層,華廈(10層含以下有電梯),住家用,鋼筋混凝土造,1141028,100.05000000000001,3,2,2,有,有,11270000,117783,其他,9.46,600000,預售屋、或土地及建物分件登記案件；,RPQOMLKLJHLGFHD97DA,63.29,0.0,6.86,有,
安南區,房地(土地+建物)+車位,臺南市安南區宜居三路２８８號五樓之６,18.58,住,,,1130727,土地2建物1車位1,五層,十五層,住宅大樓(11層含以上有電梯),住家用,鋼筋混凝土造,1140912,158.85,3,2,2,有,有,16570000,107140,坡道平面,21.46,1850000,預售屋、或土地及建物分件登記案件；,RPUNMLTKJHLGFBD58EA,81.2,0.0,9.77,有,
安定區,房地(土地+建物),臺南市安定區港口２５１之５６號,82.0,,鄉村區,乙種建築用地,1130729,土地1建物1車位0,全,四層,透天厝,住家用,鋼筋混凝土造,1140804,239.98,6,2,7,有,無,21210000,88382,,0.0,0,工程變更追減金額20000元整預售屋、或土地及建物分件登記案件；,RPSQMLMLJHLGFHD58DA,214.35,0.0,25.63,無,
永康區,房地(土地+建物)+車位,臺南市永康區龍潭街２０９號四樓之１,29.93,住,,,1130708,土地1建物1車位1,四層,五層,華廈(10層含以下有電梯),住家用,鋼筋混凝土造,1140618,101.68,2,2,2,有,有,10000000,96908,一樓平面,15.0,1600000,預售屋、或土地及建物分件登記案件；,RPSNMLNLJHLGFKD68DA,55.93,0.0,6.78,有,
歸仁區,房地(土地+建物)+車位,臺南市歸仁區高鐵大道３７號九樓之３,18.61,商,,,1130727,土地1建物1車位1,九層,十九層,住宅大樓(11層含以上有電梯),住家用,鋼筋混凝土造,1141023,117.06,2,2,2,有,有,15250000,146256,坡道平面,25.44,1850000,預售屋、或土地及建物分件登記案件；,RPRPMLKKKIKGFID28DA,54.83,0.0,4.69,有,
佳里區,房地(土地+建物)+車位,臺南市佳里區文化路６６８之１號四樓之２,37.37,住,,,1130706,土地1建物1車位1,四層,五層,華廈(10層含以下有電梯),住家用,鋼筋混凝土造,1140923,112.85,2,2,2,有,有,8450000,74878,一樓平面,0.0,1300000,預售屋、或土地及建物分件登記案件；,RPWOMLNLJHLGFGD78DA,67.08,0.0,9.39,有,
歸仁區,房地(土地+建物)+車位,臺南市歸仁區高鐵大道３５號十四樓之２,15.49,商,,,1130719,土地1建物1車位1,十四層,十七層,住宅大樓(11層含以上有電梯),住家用,鋼筋混凝土造,1141023,100.87,2,2,1,有,有,13540000,156304,坡道平面,25.44,1750000,預售屋、或土地及建物分件登記案件；,RPXQMLKKKIKGFID98DA,44.77,0.0,4.39,有,
歸仁區,房地(土地+建物)+車位,臺南市歸仁區高鐵大道３９號十七樓之７,14.67,商,,,1130716,土地1建物1車位1,十七層,十九層,住宅大樓(11層含以上有電梯),住家用,鋼筋混凝土造,1141023,97.33,2,2,1,有,有,12650000,151621,坡道平面,25.44,1750000,預售屋、或土地及建物分件登記案件；,RPTNMLLKKIKGFID38DA,42.11,0.0,4.35,有,
歸仁區,房地(土地+建物)+車位,臺南市歸仁區光明街３３５號二樓之６,34.22,住,,,1130729,土地1建物1車位1,二層,十二層,住宅大樓(11層含以上有電梯),住家用,鋼筋混凝土造,1141013,157.24,3,2,2,有,有,13070000,91053,坡道平面,31.16,1590000,讓渡日期114/05/14預售屋、或土地及建物分件登記案件；,RPQNMLMLJHLGFID18DA,75.5,0.0,7.92,有,
北區,房地(土地+建物)+車位,臺南市北區中華北路一段２０３巷１６弄２２號十四樓之５,29.39,住,,,1130605,土地1建物1車位1,十四層,十四層,住宅大樓(11層含以上有電梯),住家用,鋼筋混凝土造,1140814,153.18,3,2,2,有,有,14310000,107367,坡道平面,33.87,1500000,預售屋、或土地及建物分件登記案件；,RPVOMLQKJHLGFAD28DA,72.24,0.0,7.1,有,
歸仁區,房地(土地+建物)+車位,臺南市歸仁區高鐵大道３３號三樓之１,23.5,商,,,1130609,土地1建物1車位1,三層,十七層,住宅大樓(11層含以上有電梯),住家用,鋼筋混凝土造,1141023,140.04,3,2,2,有,有,14770000,116230,坡道平面,25.44,1450000,預售屋、或土地及建物分件登記案件；,RPWQMLOJKIKGFID56DA,67.72,0.0,6.85,有,
歸仁區,房地(土地+建物)+車位,臺南市歸仁區高鐵大道３５號十五樓之５,23.5,商,,,1130606,土地1建物1車位2,十五層,十七層,住宅大樓(11層含以上有電梯),住家用,鋼筋混凝土造,1141023,165.47,3,2,2,有,有,17090000,126451,坡道平面,50.88,2600000,預售屋、或土地及建物分件登記案件；,RPURMLOJKIKGFID09DA,67.72,0.0,6.85,有,
歸仁區,房地(土地+建物)+車位,臺南市歸仁區高鐵大道３９號十七樓之１,24.18,商,,,1130614,土地1建物1車位2,十七層,十九層,住宅大樓(11層含以上有電梯),住家用,鋼筋混凝土造,1141023,168.92000000000002,3,2,2,有,有,19250000,135124,坡道平面,50.88,3300000,114年8月22日讓渡，讓渡金額1925萬元整預售屋、或土地及建物分件登記案件；,RPXPMLSJKIKGFID96DA,69.6,0.0,7.17,有,
歸仁區,房地(土地+建物)+車位,臺南市歸仁區高鐵大道３９號九樓之２,23.91,商,,,1130614,土地1建物1車位1,九層,十九層,住宅大樓(11層含以上有電梯),住家用,鋼筋混凝土造,1141023,141.91,3,2,2,有,有,15400000,118915,坡道平面,25.44,1550000,預售屋、或土地及建物分件登記案件；,RPWNMLKKKIKGFID58DA,68.44,0.0,7.17,有,
歸仁區,房地(土地+建物)+車位,臺南市歸仁區高鐵大道３１號九樓之５,36.68,商,,,1130608,土地1建物1車位2,九層,十九層,住宅大樓(11層含以上有電梯),住家用,鋼筋混凝土造,1141023,230.17000000000002,4,2,2,有,有,23550000,112109,坡道平面,50.88,3450000,預售屋、或土地及建物分件登記案件；,RPXNMLKKKIKGFID68DA,106.5,0.0,10.67,有,
歸仁區,房地(土地+建物)+車位,臺南市歸仁區高鐵大道３１號九樓之２,19.29,商,,,1130621,土地1建物1車位1,九層,十九層,住宅大樓(11層含以上有電梯),住家用,鋼筋混凝土造,1141023,120.35,2,2,2,有,有,14610000,135497,坡道平面,25.44,1750000,預售屋、或土地及建物分件登記案件；,RPPOMLKKKIKGFID97DA,57.4,0.0,4.57,有,
歸仁區,房地(土地+建物)+車位,臺南市歸仁區高鐵大道３１號九樓之８,30.02,商,,,1130608,土地1建物1車位2,九層,十九層,住宅大樓(11層含以上有電梯),住家用,鋼筋混凝土造,1141023,197.8,4,2,2,有,有,21500000,122516,坡道平面,50.88,3500000,預售屋、或土地及建物分件登記案件；,RPROMLKKKIKGFID18DA,87.84,0.0,7.8,有,
歸仁區,房地(土地+建物)+車位,臺南市歸仁區高鐵大道３３號九樓之９,23.77,商,,,1130608,土地1建物1車位1,九層,十七層,住宅大樓(11層含以上有電梯),住家用,鋼筋混凝土造,1141023,141.32,3,2,2,有,有,14930000,117622,坡道平面,25.44,1300000,預售屋、或土地及建物分件登記案件；,RPOPMLKKKIKGFID97DA,68.27,0.0,7.17,有,
歸仁區,房地(土地+建物)+車位,臺南市歸仁區高鐵大道３１號六樓之６,30.16,商,,,1130611,土地1建物1車位2,六層,十九層,住宅大樓(11層含以上有電梯),住家用,鋼筋混凝土造,1141023,198.14,4,2,2,有,有,20670000,119652,坡道平面,50.88,3050000,預售屋、或土地及建物分件登記案件；,RPQNMLSKKIKGFID78DA,88.18,0.0,7.8,有,
歸仁區,房地(土地+建物)+車位,臺南市歸仁區高鐵大道３３號九樓之８,14.94,商,,,1130615,土地1建物1車位1,九層,十七層,住宅大樓(11層含以上有電梯),住家用,鋼筋混凝土造,1141023,98.41,2,2,1,有,有,11640000,135535,坡道平面,25.44,1750000,預售屋、或土地及建物分件登記案件；,RPWNMLQKJHLGFID09DA,42.77,0.0,4.35,有,
歸仁區,房地(土地+建物)+車位,臺南市歸仁區高鐵大道３３號三樓之６,23.77,商,,,1130614,土地1建物1車位1,三層,十七層,住宅大樓(11層含以上有電梯),住家用,鋼筋混凝土造,1141023,141.32,3,2,2,有,有,15130000,116327,坡道平面,25.44,1650000,預售屋、或土地及建物分件登記案件；,RPQNMLTKJHLGFID78DA,68.27,0.0,7.17,有,
歸仁區,房地(土地+建物)+車位,臺南市歸仁區高鐵大道３３號三樓之３,15.49,商,,,1130617,土地1建物1車位1,三層,十七層,住宅大樓(11層含以上有電梯),住家用,鋼筋混凝土造,1141023,100.87,2,2,1,有,有,11510000,133369,坡道平面,25.44,1450000,預售屋、或土地及建物分件登記案件；,RPRNMLTKJHLGFID88DA,44.77,0.0,4.39,有,
西港區,房地(土地+建物),臺南市西港區八份１６之６號,81.5,,鄉村區,乙種建築用地,1130616,土地5建物1車位0,全,三層,透天厝,住家用,鋼筋混凝土造,1140919,151.99,3,2,4,有,無,11480000,75531,,0.0,0,預售屋、或土地及建物分件登記案件；,RPUOMLQKJHLGFGD78DA,139.5,0.0,12.4,無,
西港區,房地(土地+建物),臺南市西港區八份１６之７號,81.5,,鄉村區,乙種建築用地,1130616,土地5建物1車位0,全,三層,透天厝,住家用,鋼筋混凝土造,1140919,151.99,3,2,4,有,無,11480000,75531,,0.0,0,預售屋、或土地及建物分件登記案件；,RPVOMLQKJHLGFGD88DA,139.5,0.0,12.4,無,
佳里區,房地(土地+建物),臺南市佳里區公園路６３６號二樓之１,25.31,住,,,1130607,土地1建物1車位0,二層,十層,華廈(10層含以下有電梯),住家用,鋼筋混凝土造,1141103,90.35000000000001,2,2,2,有,有,6600000,73049,,0.0,0,預售屋、或土地及建物分件登記案件；,RPQOMLMLJHLGFGD08DA,59.95,0.0,4.06,有,
佳里區,房地(土地+建物)+車位,臺南市佳里區文化路６６８號三樓之３,47.75,住,,,1130623,土地1建物1車位1,三層,五層,華廈(10層含以下有電梯),住家用,鋼筋混凝土造,1140923,140.19,3,2,2,有,有,10200000,72758,一樓平面,0.0,1300000,預售屋、或土地及建物分件登記案件；,RPRNMLNLJHLGFGD18DA,85.39,0.0,12.16,有,
歸仁區,房地(土地+建物)+車位,臺南市歸仁區高鐵大道３５號二樓之８,14.94,商,,,1130608,土地1建物1車位1,二層,十七層,住宅大樓(11層含以上有電梯),住家用,鋼筋混凝土造,1141023,98.41,2,2,1,有,有,11350000,132931,坡道平面,25.44,1650000,預售屋、或土地及建物分件登記案件；,RPVOMLNJKIKGFID78DA,42.77,0.0,4.35,有,
歸仁區,房地(土地+建物)+車位,臺南市歸仁區高鐵大道３３號十七樓之２,15.49,商,,,1130622,土地1建物1車位1,十七層,十七層,住宅大樓(11層含以上有電梯),住家用,鋼筋混凝土造,1141023,100.87,2,2,1,有,有,13150000,151134,坡道平面,25.44,1750000,預售屋、或土地及建物分件登記案件；,RPWUMLNJKIKGFID86DA,44.77,0.0,4.39,有,
歸仁區,房地(土地+建物)+車位,臺南市歸仁區高鐵大道３５號二樓之１,23.5,商,,,1130608,土地1建物1車位2,二層,十七層,住宅大樓(11層含以上有電梯),住家用,鋼筋混凝土造,1141023,165.06,3,2,2,有,有,18800000,135751,坡道平面,50.88,3300000,預售屋、或土地及建物分件登記案件；,RPSRMLSJKIKGFID66DA,67.72,0.0,6.85,有,
歸仁區,房地(土地+建物)+車位,臺南市歸仁區高鐵大道３７號十一樓之１,24.18,商,,,1130621,土地1建物1車位2,十一層,十九層,住宅大樓(11層含以上有電梯),住家用,鋼筋混凝土造,1141023,169.03,3,2,2,有,有,19050000,129920,坡道平面,50.88,3700000,預售屋、或土地及建物分件登記案件；,RPRNMLPKKIKGFID58DA,69.0,0.0,7.88,有,
歸仁區,房地(土地+建物)+車位,臺南市歸仁區高鐵大道３７號六樓之１,24.18,商,,,1130625,土地1建物1車位2,六層,十九層,住宅大樓(11層含以上有電梯),住家用,鋼筋混凝土造,1141023,169.03,3,2,2,有,有,18550000,125688,坡道平面,50.88,3700000,預售屋、或土地及建物分件登記案件；,RPSNMLPKKIKGFID68DA,69.0,0.0,7.88,有,
歸仁區,房地(土地+建物)+車位,臺南市歸仁區高鐵大道３３號五樓之５,23.5,商,,,1130601,土地1建物1車位1,五層,十七層,住宅大樓(11層含以上有電梯),住家用,鋼筋混凝土造,1141023,140.04,3,2,2,有,有,15810000,125305,坡道平面,25.44,1450000,預售屋、或土地及建物分件登記案件；,RPVPMLPKKIKGFID56DA,67.72,0.0,6.85,有,
歸仁區,房地(土地+建物)+車位,臺南市歸仁區高鐵大道３５號五樓之７,14.94,商,,,1130623,土地1建物1車位1,五層,十七層,住宅大樓(11層含以上有電梯),住家用,鋼筋混凝土造,1141023,98.41,2,2,1,有,有,11620000,136631,坡道平面,25.44,1650000,114年12月29日讓渡，讓渡金額1162萬元整預售屋、或土地及建物分件登記案件；,RPRNMLLMKIKGFID38DA,42.77,0.0,4.35,有,
安南區,房地(土地+建物)+車位,臺南市安南區本原街三段２６１號二樓之３,38.95,住,,,1130608,土地1建物1車位1,二層,四層,華廈(10層含以下有電梯),住家用,鋼筋混凝土造,1141007,96.72,2,2,2,有,有,8500000,91040,一樓平面,20.38,1550000,預售屋、或土地及建物分件登記案件；,RPTOMLMJJHLGFBD67DA,54.68,0.0,9.93,有,
歸仁區,房地(土地+建物)+車位,臺南市歸仁區高鐵大道３１號十五樓之１,36.68,商,,,1130524,土地1建物1車位2,十五層,十九層,住宅大樓(11層含以上有電梯),住家用,鋼筋混凝土造,1141023,230.17000000000002,4,2,2,有,有,27450000,131630,坡道平面,50.88,3850000,114年9月27日讓渡，讓渡金額2745萬元整預售屋、或土地及建物分件登記案件；,RPXPMLMJKIKGFID98DA,106.5,0.0,10.67,有,
歸仁區,房地(土地+建物)+車位,臺南市歸仁區高鐵大道３９號二樓之１,24.04,商,,,1130521,土地1建物1車位1,二層,十九層,住宅大樓(11層含以上有電梯),住家用,鋼筋混凝土造,1141023,142.25,3,2,2,有,有,15270000,118312,坡道平面,25.44,1450000,預售屋、或土地及建物分件登記案件；,RPVNMLQKKIKGFID09DA,69.6,0.0,6.77,有,
歸仁區,房地(土地+建物)+車位,臺南市歸仁區高鐵大道３１號六樓之５,36.68,商,,,1130519,土地1建物1車位2,六層,十九層,住宅大樓(11層含以上有電梯),住家用,鋼筋混凝土造,1141023,230.17000000000002,4,2,2,有,有,25020000,120308,坡道平面,50.88,3450000,預售屋、或土地及建物分件登記案件；,RPPOMLSKKIKGFID78DA,106.5,0.0,10.67,有,
歸仁區,房地(土地+建物)+車位,臺南市歸仁區高鐵大道３１號八樓之１,36.68,商,,,1130528,土地1建物1車位2,八層,十九層,住宅大樓(11層含以上有電梯),住家用,鋼筋混凝土造,1141023,230.17000000000002,4,2,2,有,有,24430000,119248,坡道平面,50.88,3050000,114年11月14日讓渡，讓渡金額2443萬元整預售屋、或土地及建物分件登記案件；,RPQOMLSKKIKGFID88DA,106.5,0.0,10.67,有,
歸仁區,房地(土地+建物)+車位,臺南市歸仁區高鐵大道３９號二樓之２,23.77,商,,,1130528,土地1建物1車位1,二層,十九層,住宅大樓(11層含以上有電梯),住家用,鋼筋混凝土造,1141023,141.49,3,2,2,有,有,16380000,126066,坡道平面,25.44,1750000,預售屋、或土地及建物分件登記案件；,RPPPMLSKKIKGFID88DA,68.44,0.0,7.17,有,
北區,房地(土地+建物)+車位,臺南市北區中華北路一段２０３巷１６弄２０號,26.04,住,,,1130507,土地1建物1車位1,一層,十四層,住宅大樓(11層含以上有電梯),住家用,鋼筋混凝土造,1140814,141.06,3,2,2,有,有,11980000,99170,坡道平面,33.87,1350000,預售屋、或土地及建物分件登記案件；,RPWOMLQKJHLGFAD38DA,67.81,0.0,3.45,有,
佳里區,房地(土地+建物)+車位,臺南市佳里區公園路６３６號六樓之５,33.24,住,,,1130524,土地1建物1車位1,六層,十層,華廈(10層含以下有電梯),住家用,鋼筋混凝土造,1141103,145.68,3,2,2,有,有,11152300,83657,一樓平面,27.91,1300000,因客變工程款增加52300元預售屋、或土地及建物分件登記案件；,RPSNMLPKJHLGFGD38DA,74.8,0.0,8.36,有,
歸仁區,房地(土地+建物)+車位,臺南市歸仁區高發一路１０號十樓之１,27.36,住,,,1130529,土地1建物1車位2,十層,十五層,住宅大樓(11層含以上有電梯),住家用,鋼筋混凝土造,1140901,160.14999999999998,2,2,2,有,有,14500000,109465,坡道平面,52.81,2750000,預售屋、或土地及建物分件登記案件；,RPPUMLNJJIKGFID68DA,63.43,0.0,6.37,有,
歸仁區,房地(土地+建物)+車位,臺南市歸仁區高鐵大道３１號三樓之８,30.02,商,,,1130521,土地1建物1車位2,三層,十九層,住宅大樓(11層含以上有電梯),住家用,鋼筋混凝土造,1141023,197.8,4,2,2,有,有,21250000,123537,坡道平面,50.88,3100000,114年3月22日讓渡，讓渡金額2125萬元整預售屋、或土地及建物分件登記案件；,RPPUMLOJKIKGFID88DA,87.84,0.0,7.8,有,
歸仁區,房地(土地+建物)+車位,臺南市歸仁區高鐵大道３３號十三樓之９,23.77,商,,,1130519,土地1建物1車位2,十三層,十七層,住宅大樓(11層含以上有電梯),住家用,鋼筋混凝土造,1141023,166.76,3,2,2,有,有,19570000,139109,坡道平面,50.88,3450000,114年10月2日讓渡，讓渡金額1957萬元整預售屋、或土地及建物分件登記案件；,RPXOMLPKKIKGFID66DA,68.27,0.0,7.17,有,
南區,土地,鹽埕段1970地號,388.0,商,,,1130520,土地1建物0車位0,,,其他,,,,0.0,0,0,0,無,無,37580000,96856,,0.0,0,未登記建物；,RPQOMLOKJHLGFCD77DA,0.0,0.0,0.0,無,
西港區,房地(土地+建物),臺南市西港區八份１６之１號,112.0,,鄉村區,乙種建築用地,1130507,土地6建物1車位0,全,三層,透天厝,住家用,鋼筋混凝土造,1140919,165.09,3,2,4,有,無,13860000,83954,,0.0,0,預售屋、或土地及建物分件登記案件；,RPQOMLQKJHLGFGD38DA,152.47,0.0,12.53,無,
西港區,房地(土地+建物),臺南市西港區八份１６之２號,81.5,,鄉村區,乙種建築用地,1130525,土地5建物1車位0,全,三層,透天厝,住家用,鋼筋混凝土造,1140919,151.99,3,2,4,有,無,11480000,75531,,0.0,0,預售屋、或土地及建物分件登記案件；,RPSOMLQKJHLGFGD58DA,139.5,0.0,12.4,無,
西港區,房地(土地+建物),臺南市西港區八份１６之３號,81.5,,鄉村區,乙種建築用地,1130525,土地5建物1車位0,全,三層,透天厝,住家用,鋼筋混凝土造,1140919,151.99,3,2,4,有,無,11480000,75531,,0.0,0,預售屋、或土地及建物分件登記案件；,RPTOMLQKJHLGFGD68DA,139.5,0.0,12.4,無,
善化區,房地(土地+建物)+車位,臺南市善化區復興街４８巷２之６號五樓之３,39.15,住,,,1130517,土地1建物1車位1,五層,六層,華廈(10層含以下有電梯),住家用,鋼筋混凝土造,1141028,123.69,3,2,2,有,有,13800000,114420,一樓平面,14.88,1350000,預售屋、或土地及建物分件登記案件；,RPOOMLKLJHLGFHD77DA,79.54,0.0,4.74,有,
安定區,房地(土地+建物)+車位,臺南市安定區港口１之２３９號十一樓之１,26.71,,特定農業區,甲種建築用地,1130503,土地1建物1車位1,十一層,十一層,住宅大樓(11層含以上有電梯),住家用,鋼筋混凝土造,1141017,125.5,2,2,2,有,有,10200000,90647,坡道平面,28.2,1380000,預售屋、或土地及建物分件登記案件；,RPOQMLKLJHLGFHD97DA,59.88,0.0,6.48,有,
下營區,土地,下營段1496地號,8867.0,,特定農業區,農牧用地,1130501,土地3建物0車位0,,,其他,,,,0.0,0,0,0,無,無,17430000,1966,,0.0,0,,RPPNMLNLJHLGFFD97EA,0.0,0.0,0.0,無,
柳營區,房地(土地+建物),臺南市柳營區柳營路一段５３７號二樓之一,24.35,,一般農業區,甲種建築用地,1130528,土地1建物1車位0,二層,五層,華廈(10層含以下有電梯),住家用,鋼筋混凝土造,1140414,75.30000000000001,2,2,2,有,有,4270000,56707,,0.0,0,預售屋、或土地及建物分件登記案件；,RPQNMLLLJHLGFDD57DA,53.22,0.0,4.48,有,
佳里區,房地(土地+建物)+車位,臺南市佳里區文化路６６８之１號二樓之６,34.77,住,,,1130511,土地1建物1車位1,二層,五層,華廈(10層含以下有電梯),住家用,鋼筋混凝土造,1140923,105.92000000000002,2,2,2,有,有,7750000,73168,一樓平面,0.0,1300000,預售屋、或土地及建物分件登記案件；,RPTOMLNLJHLGFGD48DA,62.06,0.0,8.98,有,
學甲區,房地(土地+建物)+車位,臺南市學甲區民族路７２之１號四樓之７,41.61,住,,,1130504,土地1建物1車位1,四層,五層,華廈(10層含以下有電梯),住家用,鋼筋混凝土造,1140515,138.81,3,2,2,有,有,7300000,54820,一樓平面,24.8,1050000,預售屋、或土地及建物分件登記案件；,RPUNMLNLJHLGFGD48DA,74.46,0.0,6.41,有,
歸仁區,房地(土地+建物)+車位,臺南市歸仁區光明街３３５號十二樓之２,35.26,住,,,1130506,土地1建物1車位1,十二層,十二層,住宅大樓(11層含以上有電梯),住家用,鋼筋混凝土造,1141013,161.34,3,2,2,有,有,13560000,91950,坡道平面,31.16,1590000,預售屋、或土地及建物分件登記案件；,RPTNMLPKJHLGFID68DA,78.5,0.0,7.62,有,
歸仁區,房地(土地+建物)+車位,臺南市歸仁區光明街３３５號十二樓之１,25.34,住,,,1130506,土地1建物1車位1,十二層,十二層,住宅大樓(11層含以上有電梯),住家用,鋼筋混凝土造,1141013,125.18,2,2,2,有,有,10190000,91470,坡道平面,31.16,1590000,預售屋、或土地及建物分件登記案件；,RPUNMLPKJHLGFID78DA,55.29,0.0,6.91,有,
歸仁區,房地(土地+建物)+車位,臺南市歸仁區光明街３３５號六樓之１,25.6,住,,,1130513,土地1建物1車位1,六層,十二層,住宅大樓(11層含以上有電梯),住家用,鋼筋混凝土造,1141013,124.9,2,2,2,有,有,10200000,92413,坡道平面,30.0,1430000,預售屋、或土地及建物分件登記案件；,RPXNMLPKJHLGFID09DA,59.14,0.0,3.57,有,
歸仁區,房地(土地+建物)+車位,臺南市歸仁區光明街３３５號十二樓之５,23.77,住,,,1130506,土地1建物1車位1,十二層,十二層,住宅大樓(11層含以上有電梯),住家用,鋼筋混凝土造,1141013,119.11,2,2,2,有,有,9320000,87891,坡道平面,31.16,1590000,預售屋、或土地及建物分件登記案件；,RPQOMLPKJHLGFID48DA,53.75,0.0,4.44,有,
歸仁區,房地(土地+建物)+車位,臺南市歸仁區光明街３３５號十二樓之３,34.22,住,,,1130506,土地1建物1車位1,十二層,十二層,住宅大樓(11層含以上有電梯),住家用,鋼筋混凝土造,1141013,157.5,3,2,2,有,有,13710000,95932,坡道平面,31.16,1590000,預售屋、或土地及建物分件登記案件；,RPTPMLPKJHLGFID88DA,75.64,0.0,7.92,有,
佳里區,房地(土地+建物),臺南市佳里區公園路６３６號三樓之１,25.31,住,,,1130517,土地1建物1車位0,三層,十層,華廈(10層含以下有電梯),住家用,鋼筋混凝土造,1141103,90.35000000000001,2,2,2,有,有,6700000,74156,,0.0,0,預售屋、或土地及建物分件登記案件；,RPUNMLMLJHLGFGD38DA,59.95,0.0,4.06,有,
北區,房地(土地+建物)+車位,臺南市北區中華北路一段２０３巷１６弄２２號四樓之５,29.39,住,,,1130430,土地1建物1車位1,四層,十四層,住宅大樓(11層含以上有電梯),住家用,鋼筋混凝土造,1140814,153.18,3,2,2,有,有,12330000,90772,坡道平面,33.87,1500000,預售屋、或土地及建物分件登記案件；,RPUOMLQKJHLGFAD18DA,72.24,0.0,7.1,有,
歸仁區,房地(土地+建物)+車位,臺南市歸仁區高鐵大道３７號三樓之５,14.94,商,,,1130414,土地1建物1車位1,三層,十九層,住宅大樓(11層含以上有電梯),住家用,鋼筋混凝土造,1141023,98.87,2,2,1,有,有,9680000,115484,坡道平面,25.44,1200000,114年11月10日讓渡，讓渡金額968萬元整預售屋、或土地及建物分件登記案件；,RPROMLMLKIKGFID48DA,43.39,0.0,4.19,有,
善化區,房地(土地+建物)+車位,臺南市善化區民權路５０號六樓之３,13.44,商,,,1130403,土地1建物1車位1,六層,二十六層,住宅大樓(11層含以上有電梯),住家用,鋼骨鋼筋混凝土造,1120927,131.57,2,2,1,有,有,12000000,91206,坡道平面,39.6,0,,RPTNMLNLKIKGFHD58DA,58.7,0.0,2.3,有,0269
歸仁區,房地(土地+建物)+車位,臺南市歸仁區高鐵大道３３號七樓之６,23.77,商,,,1130426,土地1建物1車位1,七層,十七層,住宅大樓(11層含以上有電梯),住家用,鋼筋混凝土造,1141023,141.32,3,2,2,有,有,14510000,113134,坡道平面,25.44,1400000,114年9月27日讓渡，讓渡金額1451萬元整預售屋、或土地及建物分件登記案件；,RPPRMLSJKIKGFID98DA,68.27,0.0,7.17,有,
歸仁區,房地(土地+建物)+車位,臺南市歸仁區高鐵大道３１號四樓之３,19.29,商,,,1130418,土地1建物1車位1,四層,十九層,住宅大樓(11層含以上有電梯),住家用,鋼筋混凝土造,1141023,120.35,2,2,2,有,有,11260000,104942,坡道平面,25.44,1300000,114年10月9日兄讓渡給妹，讓渡金額1126萬元整114年10月30日妹讓渡給夫，讓渡金額1126萬元整預售屋、或土地及建物分件登記案件；,RPTNMLPKKIKGFID78DA,57.4,0.0,4.57,有,
歸仁區,房地(土地+建物)+車位,臺南市歸仁區高鐵大道３３號八樓之６,23.77,商,,,1130426,土地1建物1車位1,八層,十七層,住宅大樓(11層含以上有電梯),住家用,鋼筋混凝土造,1141023,141.32,3,2,2,有,有,13990000,109510,坡道平面,25.44,1300000,114年10月8日讓渡，讓渡金額1399萬元整預售屋、或土地及建物分件登記案件；,RPVNMLPKKIKGFID98DA,68.27,0.0,7.17,有,
歸仁區,房地(土地+建物)+車位,臺南市歸仁區光明街３３５號四樓之５,35.26,住,,,1130407,土地1建物1車位1,四層,十二層,住宅大樓(11層含以上有電梯),住家用,鋼筋混凝土造,1141013,161.34,3,2,2,有,有,12750000,86496,坡道平面,31.16,1490000,預售屋、或土地及建物分件登記案件；,RPSNMLPKJHLGFID58DA,78.5,0.0,7.62,有,
歸仁區,房地(土地+建物)+車位,臺南市歸仁區光明街３３５號八樓之１,25.34,住,,,1130419,土地1建物1車位1,八層,十二層,住宅大樓(11層含以上有電梯),住家用,鋼筋混凝土造,1141013,125.18,2,2,2,有,有,10050000,91044,坡道平面,31.16,1490000,預售屋、或土地及建物分件登記案件；,RPXOMLMLJHLGFID98DA,55.29,0.0,6.91,有,
安定區,房地(土地+建物)+車位,臺南市安定區港口１之２３９號十樓之３,26.71,,特定農業區,甲種建築用地,1130409,土地1建物1車位1,十層,十一層,住宅大樓(11層含以上有電梯),住家用,鋼筋混凝土造,1141017,125.5,2,2,2,有,有,10390000,92292,坡道平面,28.2,1410000,預售屋、或土地及建物分件登記案件；,RPPOMLQLJHLGFHD48DA,59.88,0.0,6.48,有,
安定區,房地(土地+建物)+車位,臺南市安定區港口１之２３９號九樓之３,26.71,,特定農業區,甲種建築用地,1130411,土地1建物1車位1,九層,十一層,住宅大樓(11層含以上有電梯),住家用,鋼筋混凝土造,1141017,125.5,2,2,2,有,有,10260000,90956,坡道平面,28.2,1410000,經114/07/16更名權利轉讓，總價1026萬元，平轉取得預售屋、或土地及建物分件登記案件；,RPQOMLQLJHLGFHD58DA,59.88,0.0,6.48,有,
北區,房地(土地+建物),臺南市北區中華北路一段２０３巷１６弄２２號,19.59,住,,,1130319,土地1建物1車位0,一層,十四層,住宅大樓(11層含以上有電梯),住家用,鋼筋混凝土造,1140814,79.94,2,2,1,有,有,8030000,100450,,0.0,0,預售屋、或土地及建物分件登記案件；,RPXOMLQKJHLGFAD48DA,50.57,0.0,2.58,有,
學甲區,房地(土地+建物)+車位,臺南市學甲區濟生路６之２０號二樓之２,32.27,住,,,1130316,土地1建物1車位1,二層,五層,華廈(10層含以下有電梯),住家用,鋼筋混凝土造,1140626,121.5,2,2,2,有,有,5860000,55885,一樓平面,35.43,1050000,預售屋、或土地及建物分件登記案件；,RPTNMLTKJHLGFGD88DA,54.96,0.0,6.09,有,
善化區,房地(土地+建物)+車位,臺南市善化區復興街４８巷２之６號二樓之１,33.22,住,,,1130324,土地1建物1車位1,二層,六層,華廈(10層含以下有電梯),住家用,鋼筋混凝土造,1141028,102.13,3,2,2,有,有,11717970,116197,其他,9.46,950000,預售屋、或土地及建物分件登記案件；,RPTOMLKLJHLGFHD28DA,67.27,0.0,4.54,有,
善化區,房地(土地+建物)+車位,臺南市善化區復興街４８巷２之６號三樓之２,32.59,住,,,1130309,土地1建物1車位1,三層,六層,華廈(10層含以下有電梯),住家用,鋼筋混凝土造,1141028,100.05000000000001,3,2,2,有,有,11150000,115907,其他,9.46,650000,預售屋、或土地及建物分件登記案件；,RPUNMLKLJHLGFHD28DA,63.29,0.0,6.86,有,
善化區,房地(土地+建物)+車位,臺南市善化區復興街４８巷２之６號六樓之１,33.22,住,,,1130303,土地1建物1車位1,六層,六層,華廈(10層含以下有電梯),住家用,鋼筋混凝土造,1141028,102.13,3,2,2,有,有,11750000,118161,其他,9.46,800000,預售屋、或土地及建物分件登記案件；,RPPOMLKLJHLGFHD87DA,67.27,0.0,4.54,有,
善化區,房地(土地+建物)+車位,臺南市善化區復興街４８巷２之６號五樓之２,32.59,住,,,1130303,土地1建物1車位1,五層,六層,華廈(10層含以下有電梯),住家用,鋼筋混凝土造,1141028,100.05000000000001,3,2,2,有,有,11250000,117563,其他,9.46,600000,預售屋、或土地及建物分件登記案件；,RPUOMLKLJHLGFHD38DA,63.29,0.0,6.86,有,
新營區,房地(土地+建物)+車位,臺南市新營區新進路二段２２７號七樓之五,12.42,商,,,1130303,土地1建物1車位1,七層,十五層,住宅大樓(11層含以上有電梯),住家用,鋼筋混凝土造,1141104,115.99000000000001,2,2,2,有,有,9620000,89719,坡道平面,25.82,1530000,預售屋、或土地及建物分件登記案件；,RPTNMLQLJHLGFDD38DA,52.4,0.0,4.02,有,
仁德區,房地(土地+建物)+車位,臺南市仁德區保生路３６號七樓之１,13.25,商,,,1130326,土地1建物1車位1,七層,十五層,住宅大樓(11層含以上有電梯),住家用,鋼筋混凝土造,1141117,119.39,2,2,1,有,有,10700000,97494,坡道平面,24.82,1480000,預售屋、或土地及建物分件登記案件；,RPQOMLMKJHLGFID18DA,56.64,0.0,6.05,有,
永康區,房地(土地+建物)+車位,臺南市永康區仁愛街５３巷１９號十一樓之６,14.45,商,,,1130330,土地1建物1車位1,十一層,十五層,住宅大樓(11層含以上有電梯),住家用,鋼筋混凝土造,1140409,142.82999999999998,3,2,2,有,有,14200000,113626,坡道平面,31.94,1600000,預售屋、或土地及建物分件登記案件；,RPTNMLPLJHLGFKD98DA,68.99,0.0,4.68,有,
歸仁區,房地(土地+建物)+車位,臺南市歸仁區光明街３３３號五樓之５,32.65,住,,,1130331,土地1建物1車位1,五層,七層,華廈(10層含以下有電梯),住家用,鋼筋混凝土造,1141013,151.25,3,2,2,有,有,11670000,84770,坡道平面,31.16,1490000,第一次讓渡日期114/04/22第二次讓渡日期114/11/07預售屋、或土地及建物分件登記案件；,RPVOMLMLJHLGFID78DA,72.69,0.0,6.69,有,
安南區,房地(土地+建物)+車位,臺南市安南區本原街三段２６１號三樓之２,42.72,住,,,1130311,土地1建物1車位1,三層,四層,華廈(10層含以下有電梯),住家用,鋼筋混凝土造,1141007,106.05,2,2,2,有,有,9030000,90443,一樓平面,22.24,1450000,預售屋、或土地及建物分件登記案件；,RPWOMLMJJHLGFBD97DA,61.79,0.0,9.15,有,
北區,房地(土地+建物)+車位,臺南市北區和緯路二段３４１號三樓之３,10.21,住,,,1130218,土地1建物1車位1,三層,十五層,住宅大樓(11層含以上有電梯),住家用,鋼筋混凝土造,1141110,100.67,1,2,2,有,有,12520000,136514,坡道平面,22.29,1820000,預售屋、或土地及建物分件登記案件；,RPTNMLKLJHLGFAD47DA,45.88,0.0,4.14,有,
西港區,房地(土地+建物),臺南市西港區八份１６之２０號,87.63,,鄉村區,乙種建築用地,1130224,土地4建物1車位0,全,三層,透天厝,住家用,鋼筋混凝土造,1140919,151.98,3,2,4,有,無,11380000,74878,,0.0,0,預售屋、或土地及建物分件登記案件；,RPOOMLQKJHLGFGD18DA,145.01,0.0,6.88,無,
西港區,房地(土地+建物),臺南市西港區八份１６之１７號,90.99,,鄉村區,乙種建築用地,1130224,土地4建物1車位0,全,三層,透天厝,住家用,鋼筋混凝土造,1140919,151.98,3,2,4,有,無,11580000,76194,,0.0,0,預售屋、或土地及建物分件登記案件；,RPPOMLQKJHLGFGD28DA,145.01,0.0,6.88,無,
西港區,房地(土地+建物),臺南市西港區八份１６之１１號,105.59,,鄉村區,乙種建築用地,1130224,土地4建物1車位0,全,三層,透天厝,住家用,鋼筋混凝土造,1140919,152.76,4,2,5,有,無,12880000,84315,,0.0,0,預售屋、或土地及建物分件登記案件；,RPOPMLQKJHLGFGD28DA,147.61,0.0,5.06,無,
善化區,房地(土地+建物)+車位,臺南市善化區復興街４８巷２之６號四樓之１,33.22,住,,,1130208,土地1建物1車位1,四層,六層,華廈(10層含以下有電梯),住家用,鋼筋混凝土造,1141028,102.13,3,2,2,有,有,11650000,116543,其他,9.46,850000,預售屋、或土地及建物分件登記案件；,RPVNMLKLJHLGFHD38DA,67.27,0.0,4.54,有,
仁德區,房地(土地+建物),臺南市仁德區保生路３６號十一樓之２,13.25,商,,,1130216,土地1建物1車位0,十一層,十五層,住宅大樓(11層含以上有電梯),住家用,鋼筋混凝土造,1141117,95.92,2,2,2,有,有,9900000,103211,,0.0,0,預售屋、或土地及建物分件登記案件；,RPXNMLMKJHLGFID78DA,59.89,0.0,3.67,有,
仁德區,房地(土地+建物)+車位,臺南市仁德區保生路３６號六樓之１,13.25,商,,,1130229,土地1建物1車位1,六層,十五層,住宅大樓(11層含以上有電梯),住家用,鋼筋混凝土造,1141117,119.39,2,2,1,有,有,10600000,95802,坡道平面,24.82,1540000,預售屋、或土地及建物分件登記案件；,RPPOMLMKJHLGFID08DA,56.64,0.0,6.05,有,
仁德區,房地(土地+建物)+車位,臺南市仁德區保生路２２號五樓之２,12.42,商,,,1130227,土地1建物1車位1,五層,十五層,住宅大樓(11層含以上有電梯),住家用,鋼筋混凝土造,1141117,111.88,2,2,1,有,有,10150000,99586,坡道平面,24.82,1480000,預售屋、或土地及建物分件登記案件；,RPWOMLMKJHLGFID78DA,53.19,0.0,4.5,有,
仁德區,房地(土地+建物),臺南市仁德區保生路２２號四樓之２,12.42,商,,,1130215,土地1建物1車位0,四層,十五層,住宅大樓(11層含以上有電梯),住家用,鋼筋混凝土造,1141117,87.06,2,2,1,有,有,8420000,96715,,0.0,0,預售屋、或土地及建物分件登記案件；,RPVOMLMKJHLGFID68DA,53.19,0.0,4.5,有,
仁德區,房地(土地+建物),臺南市仁德區保生路２２號七樓之１,12.42,商,,,1130215,土地1建物1車位0,七層,十五層,住宅大樓(11層含以上有電梯),住家用,鋼筋混凝土造,1141117,87.06,2,2,1,有,有,8350000,95911,,0.0,0,預售屋、或土地及建物分件登記案件；,RPQPMLMKJHLGFID28DA,53.19,0.0,4.5,有,
仁德區,房地(土地+建物)+車位,臺南市仁德區保生路２２號八樓之６,14.08,商,,,1130215,土地1建物1車位1,八層,十五層,住宅大樓(11層含以上有電梯),住家用,鋼筋混凝土造,1141117,125.66,2,2,2,有,有,11700000,100357,坡道平面,24.82,1580000,預售屋、或土地及建物分件登記案件；,RPRQMLMKJHLGFID48DA,61.56,0.0,5.35,有,
歸仁區,房地(土地+建物)+車位,臺南市歸仁區光明街３３３號四樓之５,32.65,住,,,1130229,土地1建物1車位1,四層,七層,華廈(10層含以下有電梯),住家用,鋼筋混凝土造,1141013,151.25,3,2,2,有,有,11290000,81605,坡道平面,31.16,1490000,預售屋、或土地及建物分件登記案件；,RPUPMLPKJHLGFID98DA,72.69,0.0,6.69,有,
北區,房地(土地+建物)+車位,臺南市北區中華北路一段２０３巷１６弄２２號十二樓之１,29.39,住,,,1130129,土地1建物1車位1,十二層,十四層,住宅大樓(11層含以上有電梯),住家用,鋼筋混凝土造,1140814,153.18,3,2,2,有,有,13380000,98315,坡道平面,33.87,1650000,預售屋、或土地及建物分件登記案件；,RPROMLQKJHLGFAD87DA,72.24,0.0,7.1,有,
北區,房地(土地+建物)+車位,臺南市北區中華北路一段２０３巷１６弄２２號九樓之３,20.11,住,,,1130108,土地1建物1車位1,九層,十四層,住宅大樓(11層含以上有電梯),住家用,鋼筋混凝土造,1140814,115.15,2,2,1,有,有,9140000,95842,坡道平面,33.87,1350000,預售屋、或土地及建物分件登記案件；,RPTOMLQKJHLGFAD08DA,50.93,0.0,3.13,有,
北區,房地(土地+建物)+車位,臺南市北區中華北路一段２０３巷１６弄２２號七樓之９,26.3,住,,,1130115,土地1建物1車位1,七層,十四層,住宅大樓(11層含以上有電梯),住家用,鋼筋混凝土造,1140814,140.99,3,2,2,有,有,11540000,93727,坡道平面,33.87,1500000,預售屋、或土地及建物分件登記案件；,RPVOMLMJJHLGFAD77DA,67.81,0.0,3.45,有,
安南區,房地(土地+建物)+車位,臺南市安南區安富二街２６號,31.1,住,,,1130129,土地1建物1車位1,一層,十四層,住宅大樓(11層含以上有電梯),住家用,鋼筋混凝土造,1140728,176.51,4,2,2,有,有,20660000,129968,坡道平面,31.09,1760000,114.06.13配偶間讓渡預售屋、或土地及建物分件登記案件；,RPVNMLTKKIKGFBD68DA,85.72,0.0,9.95,有,
仁德區,房地(土地+建物),臺南市仁德區保生路３６號七樓之６,12.42,商,,,1130119,土地1建物1車位0,七層,十五層,住宅大樓(11層含以上有電梯),住家用,鋼筋混凝土造,1141117,87.06,2,2,1,有,有,8350000,95911,,0.0,0,預售屋、或土地及建物分件登記案件；,RPSOMLMKJHLGFID38DA,53.19,0.0,4.5,有,
歸仁區,房地(土地+建物)+車位,臺南市歸仁區光明街３３３號四樓之３,25.34,住,,,1130119,土地1建物1車位1,四層,七層,華廈(10層含以下有電梯),住家用,鋼筋混凝土造,1141013,125.0,2,2,2,有,有,8880000,78751,坡道平面,31.16,1490000,預售屋、或土地及建物分件登記案件；,RPVPMLPKJHLGFID09DA,55.14,0.0,6.94,有,
北區,房地(土地+建物)+車位,臺南市北區中華北路一段２０３巷１６弄２２號十四樓之１,29.39,住,,,1130129,土地1建物1車位1,十四層,十四層,住宅大樓(11層含以上有電梯),住家用,鋼筋混凝土造,1140814,153.18,3,2,2,有,有,12870000,95298,坡道平面,33.87,1500000,114.09.30 預售屋有讓渡，關係：姊妹。預售屋、或土地及建物分件登記案件；,RPSOMLQKJHLGFAD97DA,72.24,0.0,7.1,有,
安定區,房地(土地+建物)+車位,臺南市安定區港口１之２３９號七樓之５,32.54,,特定農業區,甲種建築用地,1130109,土地1建物1車位1,七層,十一層,住宅大樓(11層含以上有電梯),住家用,鋼筋混凝土造,1141017,146.18,3,2,2,有,有,12340000,91880,一樓平面,28.2,1500000,預售屋、或土地及建物分件登記案件；,RPUOMLQLJHLGFHD98DA,73.44,0.0,7.03,有,
安定區,房地(土地+建物)+車位,臺南市安定區港口１之２３９號五樓之２,32.54,,特定農業區,甲種建築用地,1121224,土地1建物1車位1,五層,十一層,住宅大樓(11層含以上有電梯),住家用,鋼筋混凝土造,1141017,146.18,3,2,2,有,有,11580000,86540,一樓平面,28.2,1370000,經114/04/11更名權利轉讓，總價1158萬元，平轉取得預售屋、或土地及建物分件登記案件；,RPUPMLKLJHLGFHD48DA,73.44,0.0,7.03,有,
安定區,房地(土地+建物)+車位,臺南市安定區港口１之２３９號六樓之５,32.54,,特定農業區,甲種建築用地,1121230,土地1建物1車位1,六層,十一層,住宅大樓(11層含以上有電梯),住家用,鋼筋混凝土造,1141017,146.18,3,2,2,有,有,12350000,92049,一樓平面,28.2,1490000,預售屋、或土地及建物分件登記案件；,RPWPMLKLJHLGFHD68DA,73.44,0.0,7.03,有,
善化區,房地(土地+建物)+車位,臺南市善化區民生路３０號六樓之１,30.59,住,,,1121229,土地1建物1車位1,六層,六層,華廈(10層含以下有電梯),住家用,鋼筋混凝土造,1140912,94.22999999999999,2,2,2,有,有,11060000,114813,其他,7.48,1100000,預售屋、或土地及建物分件登記案件；,RPUPMLMJJHLGFHD48DA,60.5,0.0,5.63,有,
善化區,房地(土地+建物)+車位,臺南市善化區民生路３０號六樓之３,29.2,住,,,1121225,土地1建物1車位1,六層,六層,華廈(10層含以下有電梯),住家用,鋼筋混凝土造,1140912,97.83,2,2,2,有,有,11550000,118062,一樓平面,0.0,1700000,法定空地停車位預售屋、或土地及建物分件登記案件；,RPVPMLMJJHLGFHD58DA,62.08,0.0,2.09,有,
仁德區,房地(土地+建物)+車位,臺南市仁德區保生路２２號十二樓之６,14.08,商,,,1121218,土地1建物1車位1,十二層,十五層,住宅大樓(11層含以上有電梯),住家用,鋼筋混凝土造,1141117,124.56,2,2,2,有,有,11580000,100754,坡道平面,23.72,1420000,讓渡日期114/01/19預售屋、或土地及建物分件登記案件；,RPSNMLLLJHLGFID28DA,61.56,0.0,5.35,有,
歸仁區,房地(土地+建物)+車位,臺南市歸仁區光明街３３３號五樓之３,25.34,住,,,1121218,土地1建物1車位1,五層,七層,華廈(10層含以下有電梯),住家用,鋼筋混凝土造,1141013,125.0,2,2,2,有,有,9290000,83120,坡道平面,31.16,1490000,預售屋、或土地及建物分件登記案件；,RPORMLRKJIKGFID78DA,55.14,0.0,6.94,有,
安定區,房地(土地+建物)+車位,臺南市安定區安定２６之７號六樓之５,31.4,住,,,1121110,土地1建物1車位1,六層,八層,華廈(10層含以下有電梯),住家用,鋼筋混凝土造,1140704,97.68,2,2,2,有,有,8800000,91720,一樓平面,18.09,1500000,預售屋、或土地及建物分件登記案件；,RPPPMLKLJHLGFHD97DA,53.77,0.0,3.69,有,
安定區,房地(土地+建物)+車位,臺南市安定區港口１之２３９號三樓之１,26.71,,特定農業區,甲種建築用地,1121110,土地1建物1車位1,三層,十一層,住宅大樓(11層含以上有電梯),住家用,鋼筋混凝土造,1141017,125.5,2,2,2,有,有,9420000,82939,坡道平面,28.2,1350000,預售屋、或土地及建物分件登記案件；,RPSPMLKLJHLGFHD28DA,59.88,0.0,6.48,有,
安定區,房地(土地+建物)+車位,臺南市安定區港口１之２３８號三樓之２,32.54,,特定農業區,甲種建築用地,1121128,土地1建物1車位1,三層,十一層,住宅大樓(11層含以上有電梯),住家用,鋼筋混凝土造,1141017,146.18,3,2,2,有,有,11170000,83234,坡道平面,28.2,1350000,預售屋、或土地及建物分件登記案件；,RPTPMLKLJHLGFHD38DA,73.44,0.0,7.03,有,
安定區,房地(土地+建物)+車位,臺南市安定區港口１之２３９號六樓之３,26.71,,特定農業區,甲種建築用地,1121116,土地1建物1車位1,六層,十一層,住宅大樓(11層含以上有電梯),住家用,鋼筋混凝土造,1141017,126.18,2,2,2,有,有,9960000,88480,坡道平面,28.87,1350000,預售屋、或土地及建物分件登記案件；,RPVPMLKLJHLGFHD58DA,59.88,0.0,6.48,有,
仁德區,房地(土地+建物),臺南市仁德區保生路３６號十一樓之３,9.94,商,,,1121117,土地1建物1車位0,十一層,十五層,住宅大樓(11層含以上有電梯),住家用,鋼筋混凝土造,1141117,71.42,2,2,1,有,有,7580000,106133,,0.0,0,預售屋、或土地及建物分件登記案件；,RPWOMLNLKIKGFID09DA,44.03,0.0,3.36,有,
仁德區,房地(土地+建物)+車位,臺南市仁德區保生路２２號五樓之１,12.42,商,,,1121110,土地1建物1車位1,五層,十五層,住宅大樓(11層含以上有電梯),住家用,鋼筋混凝土造,1141117,111.88,2,2,1,有,有,9700000,93728,坡道平面,24.82,1540000,預售屋、或土地及建物分件登記案件；,RPUOMLTJJHLGFID56DA,53.19,0.0,4.5,有,
仁德區,房地(土地+建物)+車位,臺南市仁德區保生路２２號三樓之１,12.42,商,,,1121127,土地1建物1車位1,三層,十五層,住宅大樓(11層含以上有電梯),住家用,鋼筋混凝土造,1141117,111.88,2,2,1,有,有,9650000,93154,坡道平面,24.82,1540000,預售屋、或土地及建物分件登記案件；,RPPPMLMKJHLGFID18DA,53.19,0.0,4.5,有,
歸仁區,房地(土地+建物)+車位,臺南市歸仁區光明街３３５號四樓之２,32.65,住,,,1121119,土地1建物1車位1,四層,十二層,住宅大樓(11層含以上有電梯),住家用,鋼筋混凝土造,1141013,151.59,3,2,2,有,有,11520000,83285,坡道平面,31.16,1490000,預售屋、或土地及建物分件登記案件；,RPWNMLPKJHLGFID98DA,73.03,0.0,6.69,有,
安定區,房地(土地+建物)+車位,臺南市安定區港口１之２３８號八樓之５,32.54,,特定農業區,甲種建築用地,1121127,土地1建物1車位1,八層,十一層,住宅大樓(11層含以上有電梯),住家用,鋼筋混凝土造,1141017,146.18,3,2,2,有,有,12110000,91202,一樓平面,28.2,1350000,預售屋、或土地及建物分件登記案件；,RPROMLQLJHLGFHD68DA,73.44,0.0,7.03,有,
安定區,房地(土地+建物)+車位,臺南市安定區港口１之２３９號三樓之２,32.54,,特定農業區,甲種建築用地,1121121,土地1建物1車位1,三層,十一層,住宅大樓(11層含以上有電梯),住家用,鋼筋混凝土造,1141017,146.18,3,2,2,有,有,11300000,84336,坡道平面,28.2,1350000,預售屋、或土地及建物分件登記案件；,RPWOMLQLJHLGFHD56DA,73.44,0.0,7.03,有,
學甲區,房地(土地+建物)+車位,臺南市學甲區濟生路６之２０號三樓之８,32.63,住,,,1121002,土地1建物1車位1,三層,五層,華廈(10層含以下有電梯),住家用,鋼筋混凝土造,1140626,123.24,2,2,2,有,有,5800000,55233,一樓平面,35.43,950000,預售屋、或土地及建物分件登記案件；,RPXNMLNLJHLGFGD78DA,55.67,0.0,6.63,有,
佳里區,房地(土地+建物)+車位,臺南市佳里區公園路６３６號四樓之６,32.27,住,,,1121028,土地1建物1車位1,四層,十層,華廈(10層含以下有電梯),住家用,鋼筋混凝土造,1141103,142.18,3,2,2,有,有,9721500,74573,坡道平面,27.91,1200000,因客變工程款增加1500元預售屋、或土地及建物分件登記案件；,RPPOMLMLJHLGFGD97DA,72.84,0.0,7.85,有,
安定區,房地(土地+建物)+車位,臺南市安定區港口１之２３８號三樓之１,26.71,,特定農業區,甲種建築用地,1121003,土地1建物1車位1,三層,十一層,住宅大樓(11層含以上有電梯),住家用,鋼筋混凝土造,1141017,125.5,2,2,2,有,有,9480000,83556,坡道平面,28.2,1350000,預售屋、或土地及建物分件登記案件；,RPXOMLQLJHLGFHD66DA,59.88,0.0,6.48,有,
北區,房地(土地+建物)+車位,臺南市北區和緯路二段３３９號七樓之２,16.55,住,,,1120917,土地1建物1車位1,七層,十五層,住宅大樓(11層含以上有電梯),住家用,鋼筋混凝土造,1141110,149.48000000000002,2,2,2,有,有,18250000,129884,坡道平面,22.29,1730000,預售屋、或土地及建物分件登記案件；,RPWNMLQJJHLGFAD18DA,73.56,0.0,7.59,有,
仁德區,房地(土地+建物),臺南市仁德區保生路２２號七樓之２,12.42,商,,,1120910,土地1建物1車位0,七層,十五層,住宅大樓(11層含以上有電梯),住家用,鋼筋混凝土造,1141117,87.06,2,2,1,有,有,8890000,102113,,0.0,0,預售屋、或土地及建物分件登記案件；,RPXOMLMKJHLGFID88DA,53.19,0.0,4.5,有,
安定區,房地(土地+建物)+車位,臺南市安定區港口１之２３８號七樓之５,32.54,,特定農業區,甲種建築用地,1120920,土地1建物1車位1,七層,十一層,住宅大樓(11層含以上有電梯),住家用,鋼筋混凝土造,1141017,146.18,3,2,2,有,有,12000000,90270,坡道平面,28.2,1350000,預售屋、或土地及建物分件登記案件；,RPTOMLQLJHLGFHD88DA,73.44,0.0,7.03,有,
麻豆區,房地(土地+建物),臺南市麻豆區興國路５１之１９號,85.47,住,,,1120812,土地1建物1車位0,全,三層,透天厝,住家用,鋼筋混凝土造,1140508,192.65,4,2,5,有,無,23600000,122502,,0.0,0,預售屋、或土地及建物分件登記案件；,RPTNMLLKKIKGFFD08DA,176.99,0.0,15.66,無,
佳里區,房地(土地+建物)+車位,臺南市佳里區公園路６３６號八樓之６,32.27,住,,,1120827,土地1建物1車位1,八層,十層,華廈(10層含以下有電梯),住家用,鋼筋混凝土造,1141103,142.18,3,2,2,有,有,10100000,77011,一樓平面,27.91,1300000,預售屋、或土地及建物分件登記案件；,RPTNMLPKJHLGFGD48DA,72.84,0.0,7.85,有,
善化區,房地(土地+建物),臺南市善化區復興街４８巷２之６號五樓之１,33.22,住,,,1120826,土地1建物1車位0,五層,六層,華廈(10層含以下有電梯),住家用,鋼筋混凝土造,1141028,92.67,3,2,2,有,有,10880000,117406,,0.0,0,預售屋、或土地及建物分件登記案件；,RPXNMLKLJHLGFHD58DA,67.27,0.0,4.54,有,
善化區,土地,善西段270-3地號,19.57,住,,,1120826,土地1建物0車位0,,,其他,,,,0.0,0,0,0,無,無,1570000,80225,,0.0,0,善西段270-3地號，權利範圍1/1。,SPXNMLKLJHLGFHD68DA,0.0,0.0,0.0,無,
仁德區,房地(土地+建物)+車位,臺南市仁德區保生路１０號十四樓之３,12.83,商,,,1120811,土地1建物1車位1,十四層,十五層,住宅大樓(11層含以上有電梯),住家用,鋼筋混凝土造,1141117,116.35,2,2,2,有,有,10430000,97127,坡道平面,24.82,1540000,預售屋、或土地及建物分件登記案件；,RPRRMLMKJHLGFID58DA,55.25,0.0,5.49,有,
安定區,房地(土地+建物)+車位,臺南市安定區港口１之２３９號四樓之３,26.71,,特定農業區,甲種建築用地,1120810,土地1建物1車位1,四層,十一層,住宅大樓(11層含以上有電梯),住家用,鋼筋混凝土造,1141017,125.5,2,2,2,有,有,9450000,83556,坡道平面,28.2,1320000,預售屋、或土地及建物分件登記案件；,RPVOMLQLJHLGFHD09DA,59.88,0.0,6.48,有,
北區,房地(土地+建物)+車位,臺南市北區和緯路二段３４１號十三樓之３,10.21,住,,,1120625,土地1建物1車位1,十三層,十五層,住宅大樓(11層含以上有電梯),住家用,鋼筋混凝土造,1141110,100.67,1,2,2,有,有,12390000,135239,坡道平面,22.29,1790000,契約讓與價格不變。預售屋、或土地及建物分件登記案件；,RPTQMLQJJHLGFAD18DA,45.88,0.0,4.14,有,
永康區,房地(土地+建物)+車位,臺南市永康區永榮二街１０６號三樓之３,18.93,住,,,1120603,土地1建物1車位1,三層,十四層,住宅大樓(11層含以上有電梯),住家用,鋼筋混凝土造,1140718,128.82,2,2,1,有,有,11660000,108040,坡道平面,32.93,1300000,預售屋、或土地及建物分件登記案件；,RPQPMLSKKIKGFKD56DA,57.91,0.0,4.91,有,
安定區,房地(土地+建物)+車位,臺南市安定區安定２６之７號二樓之２,44.74,住,,,1120627,土地1建物1車位1,二層,八層,華廈(10層含以下有電梯),住家用,鋼筋混凝土造,1140704,131.47,3,2,2,有,有,11500000,88199,一樓平面,18.09,1500000,預售屋、或土地及建物分件登記案件；,RPQPMLKLJHLGFHD08DA,72.95,0.0,8.91,有,
安定區,房地(土地+建物),臺南市安定區安定２６之７號五樓之７,36.4,住,,,1120628,土地1建物1車位0,五層,八層,華廈(10層含以下有電梯),住家用,鋼筋混凝土造,1140704,92.24,2,2,2,有,有,7980000,86513,,0.0,0,預售屋、或土地及建物分件登記案件；,RPRPMLKLJHLGFHD18DA,57.69,0.0,8.91,有,
歸仁區,房地(土地+建物)+車位,臺南市歸仁區高發一路１０號十一樓之１,27.36,住,,,1120614,土地1建物1車位2,十一層,十五層,住宅大樓(11層含以上有電梯),住家用,鋼筋混凝土造,1140901,162.36,2,2,2,有,有,12450000,92230,坡道平面,55.02,2550000,讓渡日期：114.4.28讓渡金額1245萬預售屋、或土地及建物分件登記案件；,RPPOMLOJJIKGFID18DA,63.43,0.0,6.37,有,
歸仁區,房地(土地+建物)+車位,臺南市歸仁區高發一路１０號六樓之５,21.11,住,,,1120626,土地1建物1車位1,六層,十五層,住宅大樓(11層含以上有電梯),住家用,鋼筋混凝土造,1140901,110.35,2,2,2,有,有,10200000,108040,坡道平面,27.51,1250000,讓渡日期：114.12.18讓渡金額1020萬預售屋、或土地及建物分件登記案件；,RPRQMLPKJHLGFID78DA,49.24,0.0,4.64,有,
新市區,房地(土地+建物)+車位,臺南市新市區大順六路２１９號五樓之３,23.06,,鄉村區,乙種建築用地,1120626,土地1建物1車位1,五層,七層,華廈(10層含以下有電梯),住家用,鋼筋混凝土造,1140909,84.75,2,2,2,有,有,7390000,85440,其他,7.62,800000,預售屋、或土地及建物分件登記案件；,RPPOMLPJJHLGFHD18DA,50.54,0.0,4.95,有,
歸仁區,房地(土地+建物)+車位,臺南市歸仁區六甲二街６９巷１２號五樓之１,22.01,,鄉村區,乙種建築用地,1120629,土地1建物1車位1,五層,七層,華廈(10層含以下有電梯),住家用,鋼筋混凝土造,1141027,109.89999999999999,3,2,2,有,有,8000000,72793,一樓平面,0.0,1100000,預售屋、或土地及建物分件登記案件；,RPWSMLKKKIKGFID09DA,65.91,0.0,8.41,有,
仁德區,房地(土地+建物)+車位,臺南市仁德區保生路３６號十四樓之２,13.25,商,,,1120630,土地1建物1車位1,十四層,十五層,住宅大樓(11層含以上有電梯),住家用,鋼筋混凝土造,1141117,120.74000000000001,2,2,2,有,有,11500000,103837,坡道平面,24.82,1540000,預售屋、或土地及建物分件登記案件；,RPOOMLMKJHLGFID97DA,59.89,0.0,3.67,有,
善化區,房地(土地+建物)+車位,臺南市善化區西衛１８之３號三樓之８,26.22,,鄉村區,乙種建築用地,1120627,土地1建物1車位1,三層,六層,華廈(10層含以下有電梯),住家用,鋼筋混凝土造,1140724,94.75,2,2,2,有,有,7500000,77600,其他,8.41,800000,預售屋、或土地及建物分件登記案件；,RPUOMLTJJHLGFHD09DA,55.29,0.0,7.38,有,
仁德區,房地(土地+建物)+車位,臺南市仁德區保生路３８號四樓之１,18.22,商,,,1120630,土地1建物1車位1,四層,十五層,住宅大樓(11層含以上有電梯),住家用,鋼筋混凝土造,1141117,155.56,3,2,2,有,有,13590000,91403,坡道平面,24.82,1640000,預售屋、或土地及建物分件登記案件；,RPWQMLMKJHLGFID98DA,77.17,0.0,9.59,有,
北區,房地(土地+建物)+車位,臺南市北區和緯路二段３４１號九樓之２,16.55,住,,,1120520,土地1建物1車位1,九層,十五層,住宅大樓(11層含以上有電梯),住家用,鋼筋混凝土造,1141110,149.48000000000002,2,2,2,有,有,18380000,131221,坡道平面,22.29,1690000,預售屋、或土地及建物分件登記案件；,RPXPMLQJJHLGFAD48DA,73.56,0.0,7.59,有,
北區,房地(土地+建物)+車位,臺南市北區和緯路二段３４１號十樓之２,16.55,住,,,1120511,土地1建物1車位1,十層,十五層,住宅大樓(11層含以上有電梯),住家用,鋼筋混凝土造,1141110,149.48000000000002,2,2,2,有,有,18500000,131064,坡道平面,22.29,1830000,預售屋、或土地及建物分件登記案件；,RPOQMLQJJHLGFAD67DA,73.56,0.0,7.59,有,
安定區,房地(土地+建物)+車位,臺南市安定區港口１之２３９號七樓之１,26.71,,特定農業區,甲種建築用地,1120507,土地1建物1車位1,七層,十一層,住宅大樓(11層含以上有電梯),住家用,鋼筋混凝土造,1141017,125.5,2,2,2,有,有,9900000,88181,坡道平面,28.2,1320000,預售屋、或土地及建物分件登記案件；,RPPQMLKLJHLGFHD08DA,59.88,0.0,6.48,有,
善化區,房地(土地+建物),臺南市善化區成功路１６９巷９號,33.09,住,,,1120525,土地1建物1車位0,一層,十五層,住宅大樓(11層含以上有電梯),商業用,鋼筋混凝土造,1140902,134.15,0,0,1,有,有,20880000,155647,,0.0,0,預售屋、或土地及建物分件登記案件；,RPQNMLNLJHLGFHD18DA,101.62,0.0,0.0,有,
麻豆區,房地(土地+建物)+車位,臺南市麻豆區自由路３９之５號四樓之１,55.46,住,,,1120419,土地2建物1車位1,四層,五層,華廈(10層含以下有電梯),住家用,鋼筋混凝土造,1140620,179.53,3,2,2,有,有,10200000,54955,一樓平面,15.76,1200000,轉讓日期:113年9月16日，最後一手成交金額:10200000元預售屋、或土地及建物分件登記案件；,RPROMLRJJHLGFFD38DA,104.03,0.0,16.6,有,
麻豆區,房地(土地+建物),臺南市麻豆區自由路３９之３號,70.5,住,,,1120412,土地2建物1車位0,全,二層,透天厝,住商用,鋼筋混凝土造,1140620,153.4,3,2,3,有,有,12900000,84094,,0.0,0,預售屋、或土地及建物分件登記案件；,RPWNMLRJJHLGFFD78DA,148.74,0.0,4.62,無,
麻豆區,房地(土地+建物),臺南市麻豆區自由路３９之５號四樓之３,35.17,住,,,1120412,土地2建物1車位0,四層,五層,華廈(10層含以下有電梯),住家用,鋼筋混凝土造,1140620,104.0,2,2,2,有,有,6500000,62500,,0.0,0,購買一個法定空地停車位，金額為:800000元預售屋、或土地及建物分件登記案件；,RPSOMLRJJHLGFFD48DA,71.55,0.0,5.02,有,
安南區,房地(土地+建物)+車位,臺南市安南區海佃路一段１５８巷２０３號二樓之３,49.71,住,,,1120322,土地1建物1車位2,二層,十二層,住宅大樓(11層含以上有電梯),住家用,鋼筋混凝土造,1140819,297.1,3,2,2,有,有,25750000,97416,坡道平面,59.46,2600000,114/12/22簽不動產買賣權利讓渡書，權利讓渡總金額新臺幣3150萬元整。共買兩個車位，車位合併計價新臺幣260萬元整。預售屋、或土地及建物分件登記案件；,RPWNMLTKJHLGFBD68DA,130.07,0.0,20.32,有,
歸仁區,房地(土地+建物),臺南市歸仁區六甲二街６９巷１２號二樓之１,21.98,,鄉村區,乙種建築用地,1120304,土地1建物1車位0,二層,七層,華廈(10層含以下有電梯),住家用,鋼筋混凝土造,1141027,98.85,3,2,2,有,有,6500000,65756,,0.0,0,預售屋、或土地及建物分件登記案件；,RPPOMLNLKIKGFID38DA,65.91,0.0,8.41,有,
歸仁區,房地(土地+建物),臺南市歸仁區六甲二街６９巷１２號四樓之２,20.06,,鄉村區,乙種建築用地,1120326,土地1建物1車位0,四層,七層,華廈(10層含以下有電梯),住家用,鋼筋混凝土造,1141027,89.94000000000001,3,2,2,有,有,6600000,73382,,0.0,0,預售屋、或土地及建物分件登記案件；,RPVSMLKKKIKGFID98DA,61.06,0.0,6.37,有,
歸仁區,房地(土地+建物),臺南市歸仁區六甲二街６９巷１２號七樓之１,22.01,,鄉村區,乙種建築用地,1120301,土地1建物1車位0,七層,七層,華廈(10層含以下有電梯),住家用,鋼筋混凝土造,1141027,98.88999999999999,3,2,2,有,有,6650000,67246,,0.0,0,預售屋、或土地及建物分件登記案件；,RPOOMLNLKIKGFID28DA,65.91,0.0,8.41,有,
仁德區,房地(土地+建物)+車位,臺南市仁德區保生路３６號八樓之３,9.94,商,,,1120317,土地1建物1車位1,八層,十五層,住宅大樓(11層含以上有電梯),住家用,鋼筋混凝土造,1141117,95.14,2,2,1,有,有,9420000,109213,坡道平面,23.72,1620000,114/02/11加購地下一層22號車位，車位價格新台幣162萬元，原買賣總價款新台幣780萬元整，變更為新台幣942萬元整。預售屋、或土地及建物分件登記案件；,RPUNMLLLJHLGFID48DA,44.03,0.0,3.36,有,
善化區,房地(土地+建物)+車位,臺南市善化區西衛１８之３號五樓之１,24.35,,鄉村區,乙種建築用地,1120222,土地1建物1車位1,五層,六層,華廈(10層含以下有電梯),住家用,鋼筋混凝土造,1140724,88.21,2,2,2,有,有,7060000,77820,其他,8.41,850000,114年09月20日權利價值移轉新台幣706萬元整預售屋、或土地及建物分件登記案件；,RPQPMLTJJHLGFHD78DA,53.29,0.0,4.54,有,
安南區,房地(土地+建物)+車位,臺南市安南區海佃路一段１５８巷２０３號二樓之１,49.71,住,,,1120210,土地1建物1車位3,二層,十二層,住宅大樓(11層含以上有電梯),住家用,鋼筋混凝土造,1140819,326.83,3,2,2,有,有,27142867,96965,坡道平面,89.19,4100000,114/8/20工程變更款減少新臺幣107133元整。共買三個車位，車位合併計價新臺幣410萬元整。預售屋、或土地及建物分件登記案件；,RPUNMLTKJHLGFBD48DA,130.07,0.0,20.32,有,
善化區,房地(土地+建物)+車位,臺南市善化區西衛１８之３號五樓之６,24.35,,鄉村區,乙種建築用地,1120209,土地1建物1車位1,五層,六層,華廈(10層含以下有電梯),住家用,鋼筋混凝土造,1140724,88.21,2,2,2,有,有,7070000,77945,其他,8.41,850000,預售屋、或土地及建物分件登記案件；,RPQOMLTJJHLGFHD68DA,53.29,0.0,4.54,有,
善化區,房地(土地+建物)+車位,臺南市善化區西衛１８之３號六樓之７,26.22,,鄉村區,乙種建築用地,1120116,土地1建物1車位1,六層,六層,華廈(10層含以下有電梯),住家用,鋼筋混凝土造,1140724,103.18,2,2,2,有,有,8500000,82908,一樓平面,16.94,1350000,預售屋、或土地及建物分件登記案件；,RPUNMLTJJHLGFHD98DA,55.26,0.0,7.31,有,
中西區,房地(土地+建物)+車位,臺南市中西區民權路一段１９１號六樓之１,14.8,商,,,1111230,土地3建物1車位1,六層,十層,華廈(10層含以下有電梯),住家用,鋼筋混凝土構造,1140506,117.57,2,1,2,有,有,12600000,116704,升降機械,19.03,1100000,本案於113年6月3日轉讓，權利契約買賣價格1320萬元。預售屋、或土地及建物分件登記案件；,RPQNMLTKJHLGFAD97DA,62.95,0.0,3.27,有,
安南區,房地(土地+建物)+車位,臺南市安南區安富二街１６號四樓,24.58,住,,,1111218,土地1建物1車位1,四層,十四層,住宅大樓(11層含以上有電梯),住家用,鋼筋混凝土造,1140728,146.29000000000002,3,2,2,有,有,14990000,118403,坡道平面,31.09,1350000,預售屋、或土地及建物分件登記案件；,RPSNMLTLKIKGFBD48DA,70.04,0.0,5.75,有,
歸仁區,房地(土地+建物),臺南市歸仁區六甲二街６９巷１２號四樓之１,21.98,,鄉村區,乙種建築用地,1111216,土地1建物1車位0,四層,七層,華廈(10層含以下有電梯),住家用,鋼筋混凝土造,1141027,98.85,3,2,2,有,有,6280000,63531,,0.0,0,預售屋、或土地及建物分件登記案件；,RPUSMLKKKIKGFID88DA,65.91,0.0,8.41,有,
歸仁區,房地(土地+建物)+車位,臺南市歸仁區智發街１５號七樓之１,22.81,住,,,1111207,土地1建物1車位1,七層,十四層,住宅大樓(11層含以上有電梯),住家用,鋼筋混凝土造,1140124,115.4,2,2,2,有,有,9090000,83824,坡道平面,25.45,1550000,讓渡日期114.11.25讓渡總價909萬預售屋、或土地及建物分件登記案件；,RPSNMLKKKIKGFID18DA,53.04,0.0,5.54,有,
仁德區,房地(土地+建物)+車位,臺南市仁德區保生路２２號二樓之３,9.94,商,,,1111114,土地1建物1車位1,二層,十五層,住宅大樓(11層含以上有電梯),住家用,鋼筋混凝土造,1141117,96.24000000000001,2,2,1,有,有,8940000,103612,坡道平面,24.82,1540000,113/10/22加購地下一層31號車位，車位價格新台幣154萬元，原買賣總價款新台幣740萬元整，變更為新台幣894萬元整。預售屋、或土地及建物分件登記案件；,RPTNMLLLJHLGFID38DA,44.03,0.0,3.36,有,
中西區,房地(土地+建物)+車位,臺南市中西區民權路一段１９１號七樓之２,11.03,商,,,1110927,土地3建物1車位1,七層,十層,華廈(10層含以下有電梯),住家用,鋼筋混凝土構造,1140506,92.44,2,1,1,有,有,9800000,118512,升降機械,19.03,1100000,預售屋、或土地及建物分件登記案件；,RPPNMLTKJHLGFAD87DA,46.28,0.0,3.05,有,
安南區,房地(土地+建物)+車位,臺南市安南區宜居三路２９０號一樓之２,18.77,住,,,1110920,土地2建物1車位1,一層,十五層,住宅大樓(11層含以上有電梯),住家用,鋼筋混凝土造,1140912,142.47,3,2,2,有,有,13230000,98331,坡道平面,22.67,1450000,預售屋、或土地及建物分件登記案件；,RPPOMLTKJHLGFBD18EA,92.04,0.0,0.0,有,
中西區,房地(土地+建物)+車位,臺南市中西區民權路一段１９１號六樓之２,11.03,商,,,1110916,土地3建物1車位1,六層,十層,華廈(10層含以下有電梯),住家用,鋼筋混凝土構造,1140506,92.44,2,1,1,有,有,9600000,115788,升降機械,19.03,1100000,預售屋、或土地及建物分件登記案件；,RPUOMLLLJHLGFAD77DA,46.28,0.0,3.05,有,
中西區,房地(土地+建物)+車位,臺南市中西區民權路一段１９１號八樓之２,11.03,商,,,1110927,土地3建物1車位1,八層,十層,華廈(10層含以下有電梯),住家用,鋼筋混凝土構造,1140506,92.44,2,1,1,有,有,10150000,123280,升降機械,19.03,1100000,本案於113年2月6日親屬間轉讓，權利契約買賣價格不變。預售屋、或土地及建物分件登記案件；,RPVOMLLLJHLGFAD87DA,46.28,0.0,3.05,有,
中西區,房地(土地+建物)+車位,臺南市中西區民權路一段１９１號四樓之２,11.03,商,,,1110915,土地3建物1車位1,四層,十層,華廈(10層含以下有電梯),住家用,鋼筋混凝土構造,1140506,92.44,2,1,1,有,有,9250000,111020,升降機械,19.03,1100000,預售屋、或土地及建物分件登記案件；,RPSOMLLLJHLGFAD57DA,46.28,0.0,3.05,有,
安南區,房地(土地+建物)+車位,臺南市安南區宜居三路２９０號五樓之５,18.55,住,,,1110815,土地2建物1車位1,五層,十五層,住宅大樓(11層含以上有電梯),住家用,鋼筋混凝土造,1140912,158.78,3,2,2,有,有,13660000,88916,坡道平面,21.46,1450000,預售屋、或土地及建物分件登記案件；,RPUOMLTKJHLGFBD68EA,81.2,0.0,9.7,有,
佳里區,房地(土地+建物)+車位,臺南市佳里區公園路６３６號五樓之３,24.33,住,,,1110618,土地1建物1車位1,五層,十層,華廈(10層含以下有電梯),住家用,鋼筋混凝土造,1141103,114.25,2,2,1,有,有,7700000,75284,坡道平面,27.91,1200000,預售屋、或土地及建物分件登記案件；,RPWNMLMLJHLGFGD58DA,57.12,0.0,3.89,有,
佳里區,房地(土地+建物)+車位,臺南市佳里區公園路６３６號六樓之３,24.33,住,,,1110610,土地1建物1車位1,六層,十層,華廈(10層含以下有電梯),住家用,鋼筋混凝土造,1141103,114.25,2,2,1,有,有,7700000,75284,坡道平面,27.91,1200000,預售屋、或土地及建物分件登記案件；,RPOOMLMLJHLGFGD87DA,57.12,0.0,3.89,有,
安南區,房地(土地+建物)+車位,臺南市安南區海佃路一段１５８巷２０３號七樓之２,48.7,住,,,1110530,土地1建物1車位2,七層,十二層,住宅大樓(11層含以上有電梯),住家用,鋼筋混凝土造,1140819,292.0,3,2,2,有,有,26258300,100879,坡道平面,59.46,2800000,114/8/18簽工程變更款增加新臺幣8300元整。113/7/1簽預售屋權利買賣移轉契約書，交易總價不變。共買兩個車位，車位合併計價新臺幣280萬元整。預售屋、或土地及建物分件登記案件；,RPVNMLTKJHLGFBD58DA,126.74,0.0,20.32,有,
安南區,房地(土地+建物)+車位,臺南市安南區宜居三路２９０號五樓之６,18.58,住,,,1110115,土地2建物1車位1,五層,十五層,住宅大樓(11層含以上有電梯),住家用,鋼筋混凝土造,1140912,158.85,3,2,2,有,有,12490000,81447,坡道平面,21.46,1300000,預售屋、或土地及建物分件登記案件；,RPVOMLTKJHLGFBD78EA,81.2,0.0,9.77,有,
永康區,房地(土地+建物)+車位,臺南市永康區仁愛街５３巷１９號五樓之７,11.49,商,,,1110118,土地1建物1車位1,五層,十五層,住宅大樓(11層含以上有電梯),住家用,鋼筋混凝土造,1140409,119.99000000000001,2,2,1,有,有,8370000,81431,坡道平面,31.94,1200000,原權利人114.6.3變更第三人買賣價格:新台幣捌佰陸拾柒萬元整預售屋、或土地及建物分件登記案件；,RPPNMLPLJHLGFKD58DA,50.29,0.0,8.21,有,
永康區,房地(土地+建物)+車位,臺南市永康區仁愛街５３巷１９號十一樓之５,14.18,商,,,1110123,土地1建物1車位1,十一層,十五層,住宅大樓(11層含以上有電梯),住家用,鋼筋混凝土造,1140409,140.62,3,2,2,有,有,10900000,87413,坡道平面,31.94,1400000,預售屋、或土地及建物分件登記案件；,RPSNMLPLJHLGFKD88DA,66.91,0.0,5.28,有,
安南區,房地(土地+建物)+車位,臺南市安南區宜居三路２９０號十樓之７,18.38,住,,,1110108,土地2建物1車位1,十層,十五層,住宅大樓(11層含以上有電梯),住家用,鋼筋混凝土造,1140912,158.45999999999998,3,2,2,有,有,13500000,89476,坡道平面,22.67,1350000,預售屋、或土地及建物分件登記案件；,RPQNMLQLJHLGFBD97EA,82.6,0.0,7.25,有,
安南區,房地(土地+建物)+車位,臺南市安南區宜居三路２９０號二樓之５,18.55,住,,,1101218,土地2建物1車位1,二層,十五層,住宅大樓(11層含以上有電梯),住家用,鋼筋混凝土造,1140912,158.78,3,2,2,有,有,12670000,80251,坡道平面,21.46,1650000,預售屋、或土地及建物分件登記案件；,RPQOMLTKJHLGFBD28EA,81.2,0.0,9.7,有,
安南區,房地(土地+建物)+車位,臺南市安南區宜居三路２９０號八樓之６,18.58,住,,,1101225,土地2建物1車位1,八層,十五層,住宅大樓(11層含以上有電梯),住家用,鋼筋混凝土造,1140912,158.85,3,2,2,有,有,13000000,84795,坡道平面,21.46,1350000,預售屋、或土地及建物分件登記案件；,RPWOMLTKJHLGFBD88EA,81.2,0.0,9.77,有,
安南區,房地(土地+建物)+車位,臺南市安南區宜居三路２８８號十五樓之２,18.55,住,,,1101029,土地2建物1車位1,十五層,十五層,住宅大樓(11層含以上有電梯),住家用,鋼筋混凝土造,1140912,158.78,3,2,2,有,有,14330000,94160,坡道平面,21.46,1400000,預售屋、或土地及建物分件登記案件；,RPOOMLTKJHLGFBD08EA,81.2,0.0,9.7,有,
安南區,房地(土地+建物)+車位,臺南市安南區宜居三路２９０號五樓之３,16.26,住,,,1101017,土地2建物1車位1,五層,十五層,住宅大樓(11層含以上有電梯),住家用,鋼筋混凝土造,1140912,141.68,3,2,2,有,有,11370000,83597,坡道平面,21.46,1320000,預售屋、或土地及建物分件登記案件；,RPTOMLTKJHLGFBD58EA,73.2,0.0,6.42,有,
安南區,房地(土地+建物)+車位,臺南市安南區宜居三路２８８號六樓之２,18.55,住,,,1101003,土地2建物1車位1,六層,十五層,住宅大樓(11層含以上有電梯),住家用,鋼筋混凝土造,1140912,158.78,3,2,2,有,有,12120000,78430,坡道平面,21.46,1350000,預售屋、或土地及建物分件登記案件；,RPVNMLTKJHLGFBD68EA,81.2,0.0,9.7,有,
安南區,房地(土地+建物)+車位,臺南市安南區宜居三路２８８號六樓之３,16.26,住,,,1101029,土地2建物1車位1,六層,十五層,住宅大樓(11層含以上有電梯),住家用,鋼筋混凝土造,1140912,141.68,3,2,2,有,有,11660000,84096,坡道平面,21.46,1550000,預售屋、或土地及建物分件登記案件；,RPWNMLTKJHLGFBD78EA,73.2,0.0,6.42,有,
安平區,房地(土地+建物)+車位,臺南市安平區民權路四段１１１號五樓之３,20.67,住,,,1101024,土地1建物1車位1,五層,十四層,住宅大樓(11層含以上有電梯),住家用,鋼筋混凝土造,1141027,126.07,2,2,1,有,有,11571407,107691,坡道平面,34.87,1750000,合約價格：11640000元，減面積找補68593元，實際交易總價：11571407元預售屋、或土地及建物分件登記案件；,RPQOMLKLJHLGFAD27DA,54.45,0.0,4.57,有,
安平區,房地(土地+建物)+車位,臺南市安平區郡平路３２號四樓之２,36.5,商,,,1101004,土地1建物1車位2,四層,二十三層,住宅大樓(11層含以上有電梯),住家用,鋼筋混凝土造,1140930,308.72,3,2,3,有,有,28740000,98384,坡道平面,45.06,2800000,預售屋、或土地及建物分件登記案件；,RPUNMLQJKIKGFAD08DA,163.12,0.0,16.51,有,
安平區,房地(土地+建物)+車位,臺南市安平區國平北路８６號十樓之３,9.02,商,,,1101030,土地1建物1車位1,十層,二十六層,住宅大樓(11層含以上有電梯),住家用,鋼筋混凝土造,1140722,114.34,0,0,0,無,有,9667458,93672,坡道機械,17.54,600000,工程變更追加金額17458元整預售屋、或土地及建物分件登記案件；,RPVOMLNLJHLGFAD08DA,53.93,0.0,6.74,有,
安平區,房地(土地+建物)+車位,臺南市安平區國平北路８６號二十一樓之５,9.02,商,,,1101014,土地1建物1車位1,二十一層,二十六層,住宅大樓(11層含以上有電梯),住家用,鋼筋混凝土造,1140722,108.34,0,0,0,無,有,9400000,93879,坡道機械,14.07,550000,預售屋、或土地及建物分件登記案件；,RPWOMLNLJHLGFAD18DA,51.61,0.0,7.4,有,
安南區,房地(土地+建物)+車位,臺南市安南區宜居三路２９０號三樓之３,16.26,住,,,1100918,土地2建物1車位1,三層,十五層,住宅大樓(11層含以上有電梯),住家用,鋼筋混凝土造,1140912,141.68,3,2,2,有,有,10610000,73698,坡道平面,21.46,1750000,原沒買車位後來買1個車位價款175萬故交易總價有變動預售屋、或土地及建物分件登記案件；,RPRNMLTKJHLGFBD28EA,73.2,0.0,6.42,有,
安南區,房地(土地+建物)+車位,臺南市安南區宜居三路２９０號四樓之２,18.55,住,,,1100912,土地2建物1車位1,四層,十五層,住宅大樓(11層含以上有電梯),住家用,鋼筋混凝土造,1140912,158.78,3,2,2,有,有,11900000,77556,坡道平面,21.46,1250000,預售屋、或土地及建物分件登記案件；,RPROMLTKJHLGFBD38EA,81.2,0.0,9.7,有,
安南區,房地(土地+建物)+車位,臺南市安南區宜居三路２９０號十五樓之２,18.55,住,,,1100911,土地2建物1車位2,十五層,十五層,住宅大樓(11層含以上有電梯),住家用,鋼筋混凝土造,1140912,180.24,3,2,2,有,有,14610000,83819,坡道平面,42.92,3100000,1.共買2個車位車位合併計價310萬2.此案權利人有更名預售屋、或土地及建物分件登記案件；,RPXOMLTKJHLGFBD98EA,81.2,0.0,9.7,有,
安南區,房地(土地+建物)+車位,臺南市安南區宜居三路２９０號十二樓之２,18.55,住,,,1100907,土地2建物1車位1,十二層,十五層,住宅大樓(11層含以上有電梯),住家用,鋼筋混凝土造,1140912,158.78,3,2,2,有,有,12710000,82726,坡道平面,21.46,1350000,預售屋、或土地及建物分件登記案件；,RPPPMLTKJHLGFBD28EA,81.2,0.0,9.7,有,
安南區,房地(土地+建物)+車位,臺南市安南區宜居三路２９０號五樓之２,18.55,住,,,1100923,土地2建物1車位1,五層,十五層,住宅大樓(11層含以上有電梯),住家用,鋼筋混凝土造,1140912,158.78,3,2,2,有,有,11990000,78211,坡道平面,21.46,1250000,預售屋、或土地及建物分件登記案件；,RPQNMLTKJHLGFBD18EA,81.2,0.0,9.7,有,
安南區,房地(土地+建物)+車位,臺南市安南區宜居三路２８８號二樓之３,16.26,住,,,1100905,土地2建物1車位1,二層,十五層,住宅大樓(11層含以上有電梯),住家用,鋼筋混凝土造,1140912,141.60000000000002,3,2,2,有,有,10430000,76411,坡道平面,21.46,1250000,預售屋、或土地及建物分件登記案件；,RPTNMLTKJHLGFBD48EA,73.12,0.0,6.42,有,
安南區,房地(土地+建物)+車位,臺南市安南區宜居三路２８８號十四樓之２,18.55,住,,,1100909,土地2建物1車位1,十四層,十五層,住宅大樓(11層含以上有電梯),住家用,鋼筋混凝土造,1140912,158.78,3,2,2,有,有,12820000,83528,坡道平面,21.46,1350000,預售屋、或土地及建物分件登記案件；,RPXNMLTKJHLGFBD88EA,81.2,0.0,9.7,有,
安平區,房地(土地+建物)+車位,臺南市安平區郡平路３６號三樓之２,36.5,商,,,1100911,土地1建物1車位1,三層,二十三層,住宅大樓(11層含以上有電梯),住家用,鋼筋混凝土造,1140930,286.24,3,2,3,有,有,24860000,88203,坡道平面,22.53,1600000,預售屋、或土地及建物分件登記案件；,RPOQMLRKJHLGFAD87DA,163.12,0.0,16.51,有,
安平區,房地(土地+建物)+車位,臺南市安平區國平北路８６號八樓之６,11.02,商,,,1100902,土地1建物1車位1,八層,二十六層,住宅大樓(11層含以上有電梯),住家用,鋼筋混凝土造,1140722,138.48,2,2,2,有,有,10600000,80000,坡道平面,22.23,1300000,預售屋、或土地及建物分件登記案件；,RPXOMLNLJHLGFAD28DA,63.03,0.0,10.49,有,
安南區,房地(土地+建物)+車位,臺南市安南區宜居三路２９０號六樓之３,16.26,住,,,1100826,土地2建物1車位1,六層,十五層,住宅大樓(11層含以上有電梯),住家用,鋼筋混凝土造,1140912,141.68,3,2,2,有,有,10390000,75195,坡道平面,21.46,1350000,預售屋、或土地及建物分件登記案件；,RPPNMLTKJHLGFBD08EA,73.2,0.0,6.42,有,
安南區,房地(土地+建物)+車位,臺南市安南區宜居三路２９０號十一樓之２,18.55,住,,,1100827,土地2建物1車位1,十一層,十五層,住宅大樓(11層含以上有電梯),住家用,鋼筋混凝土造,1140912,158.78,3,2,2,有,有,12820000,82071,坡道平面,21.46,1550000,預售屋、或土地及建物分件登記案件；,RPOPMLTKJHLGFBD18EA,81.2,0.0,9.7,有,
安平區,房地(土地+建物)+車位,臺南市安平區民權路四段１１１號八樓之６,35.07,住,,,1100802,土地1建物1車位2,八層,十四層,住宅大樓(11層含以上有電梯),住家用,鋼筋混凝土造,1141027,226.66,3,2,2,有,有,20345787,108627,坡道平面,69.74,3300000,合約價格：20470000元，減面積找補：124213元，實際交易總價：20345787元預售屋、或土地及建物分件登記案件；,RPROMLKLJHLGFAD37DA,89.66,0.0,11.73,有,
安平區,房地(土地+建物)+車位,臺南市安平區郡平路３８號二十二樓之５,24.6,商,,,1100806,土地1建物1車位1,二十二層,二十三層,住宅大樓(11層含以上有電梯),住家用,鋼筋混凝土造,1140930,202.47,3,2,2,有,有,18880000,96809,坡道平面,24.49,1650000,預售屋、或土地及建物分件登記案件；,RPPNMLRKJHLGFAD67DA,108.03,0.0,13.06,有,
安平區,房地(土地+建物)+車位,臺南市安平區民權路四段１１１號七樓之５,26.93,住,,,1100807,土地1建物1車位1,七層,十四層,住宅大樓(11層含以上有電梯),住家用,鋼筋混凝土造,1141027,154.36,3,2,2,有,有,14538419,107862,坡道平面,34.87,1650000,合約價格： 14630000元，工程款減帳14887元，減面積找補76694元，實際交易總價： 14538419元預售屋、或土地及建物分件登記案件；,RPQPMLNLJHLGFAD67DA,72.42,0.0,4.83,有,
安平區,房地(土地+建物)+車位,臺南市安平區郡平路３６號十二樓之２,36.5,商,,,1100612,土地1建物1車位2,十二層,二十三層,住宅大樓(11層含以上有電梯),住家用,鋼筋混凝土造,1140930,308.77,3,2,3,有,有,27900000,93663,坡道平面,45.06,3200000,預售屋、或土地及建物分件登記案件；,RPPQMLRKJHLGFAD97DA,163.12,0.0,16.51,有,
安平區,房地(土地+建物)+車位,臺南市安平區郡平路３２號三樓之３,32.73,商,,,1100607,土地1建物1車位2,三層,二十三層,住宅大樓(11層含以上有電梯),住家用,鋼筋混凝土造,1140930,279.59000000000003,3,2,3,有,有,22400000,82737,坡道平面,43.3,2850000,預售屋、或土地及建物分件登記案件；,RPWOMLKLJHLGFAD87DA,145.74,0.0,15.45,有,
安平區,房地(土地+建物)+車位,臺南市安平區郡平路３８號二十三樓之２,29.18,商,,,1100630,土地1建物1車位1,二十三層,二十三層,住宅大樓(11層含以上有電梯),住家用,鋼筋混凝土造,1140930,234.49,3,2,2,有,有,23000000,100255,坡道平面,22.53,1750000,預售屋、或土地及建物分件登記案件；,RPPPMLKLJHLGFAD27DA,130.09,0.0,13.36,有,
安平區,房地(土地+建物)+車位,臺南市安平區國平北路８８號十二樓之３,11.69,商,,,1100618,土地1建物1車位1,十二層,二十六層,住宅大樓(11層含以上有電梯),住家用,鋼筋混凝土造,1140722,146.43,2,2,2,有,有,10770000,76651,坡道平面,22.23,1250000,預售屋、或土地及建物分件登記案件；,RPTOMLNLJHLGFAD87DA,69.97,0.0,8.72,有,
安平區,房地(土地+建物)+車位,臺南市安平區國平北路８８號十三樓之１,15.03,商,,,1100602,土地1建物1車位1,十三層,二十六層,住宅大樓(11層含以上有電梯),住家用,鋼筋混凝土造,1140722,177.82,2,2,2,有,有,13194103,76767,坡道平面,22.23,1250000,權利讓渡工程變更追加金額64103元整預售屋、或土地及建物分件登記案件；,RPVNMLRLJHLGFAD38DA,86.5,0.0,12.99,有,
玉井區,房地(土地+建物),臺南市玉井區望明１００之４３號,48.0,,一般農業區,甲種建築用地,1100619,土地1建物1車位0,全,二層,透天厝,住家用,鋼筋混凝土造,1131031,54.17,3,2,2,有,無,5100000,94148,,0.0,0,土地交易總價：2040000元整，房屋交易總價：3060000元整。,RPQNMLMJPHKGFJD58DA,53.76,0.0,0.41,無,
安平區,房地(土地+建物)+車位,臺南市安平區郡平路３８號二十一樓之５,24.6,商,,,1100504,土地1建物1車位1,二十一層,二十三層,住宅大樓(11層含以上有電梯),住家用,鋼筋混凝土造,1140930,200.5,3,2,2,有,有,18090000,92656,坡道平面,22.53,1600000,預售屋、或土地及建物分件登記案件；,RPROMLNJJHLGFAD47DA,108.03,0.0,13.06,有,
安平區,房地(土地+建物)+車位,臺南市安平區郡平路３８號十七樓之５,24.6,商,,,1100523,土地1建物1車位1,十七層,二十三層,住宅大樓(11層含以上有電梯),住家用,鋼筋混凝土造,1140930,200.5,3,2,2,有,有,17480000,89790,坡道平面,22.53,1500000,本案於110年6月18日轉讓，權利買賣契約價格不變 ； 於114年6月19日轉讓，權利買賣契約價格2300萬元 。預售屋、或土地及建物分件登記案件；,RPRNMLRKJHLGFAD87DA,108.03,0.0,13.06,有,
安平區,房地(土地+建物)+車位,臺南市安平區郡平路３８號二樓之２,29.18,商,,,1100529,土地1建物1車位2,二層,二十三層,住宅大樓(11層含以上有電梯),住家用,鋼筋混凝土造,1140930,255.26,3,2,2,有,有,21610000,87092,坡道平面,43.3,3150000,預售屋、或土地及建物分件登記案件；,RPWNMLRKJHLGFAD38DA,130.09,0.0,13.36,有,
安平區,房地(土地+建物)+車位,臺南市安平區郡平路３２號十七樓之３,32.73,商,,,1100521,土地1建物1車位2,十七層,二十三層,住宅大樓(11層含以上有電梯),住家用,鋼筋混凝土造,1140930,281.35,3,2,3,有,有,24860000,92937,坡道平面,45.06,2900000,預售屋、或土地及建物分件登記案件；,RPWQMLRKJHLGFAD68DA,145.74,0.0,15.45,有,
安平區,房地(土地+建物)+車位,臺南市安平區郡平路３６號八樓之１,39.67,商,,,1100509,土地1建物1車位2,八層,二十三層,住宅大樓(11層含以上有電梯),住家用,鋼筋混凝土造,1140930,331.11,4,2,3,有,有,29850000,93515,坡道平面,45.06,3100000,親屬間權利轉讓，價格不變。預售屋、或土地及建物分件登記案件；,RPUOMLKLJHLGFAD67DA,176.3,0.0,18.85,有,
安平區,房地(土地+建物)+車位,臺南市安平區郡平路３８號十五樓之５,24.6,商,,,1100522,土地1建物1車位1,十五層,二十三層,住宅大樓(11層含以上有電梯),住家用,鋼筋混凝土造,1140930,200.5,3,2,2,有,有,17280000,88105,坡道平面,22.53,1600000,本案於112年6月16日轉讓，權利買賣契約價格2150萬元。預售屋、或土地及建物分件登記案件；,RPSPMLKLJHLGFAD57DA,108.03,0.0,13.06,有,
安平區,房地(土地+建物)+車位,臺南市安平區建平七街５６９號,27.19,商,,,1100507,土地1建物1車位1,一層，見其他登記事項,二十三層,住宅大樓(11層含以上有電梯),商業用,鋼筋混凝土造,1140930,202.89,0,0,0,無,有,40600000,215403,坡道平面,22.53,1750000,本案於110年10月26日轉讓，權利買賣契約價格不變。預售屋、或土地及建物分件登記案件；,RPTPMLKLJHLGFAD67DA,134.82,0.0,0.0,有,
安平區,房地(土地+建物)+車位,臺南市安平區國平北路８８號十三樓之６,9.02,商,,,1100518,土地1建物1車位1,十三層,二十六層,住宅大樓(11層含以上有電梯),住家用,鋼筋混凝土造,1140722,110.97,2,2,1,有,有,8130000,78225,坡道機械,14.07,550000,權利讓渡預售屋、或土地及建物分件登記案件；,RPUOMLNLJHLGFAD97DA,56.26,0.0,4.51,有,
安平區,房地(土地+建物)+車位,臺南市安平區郡平路３２號十六樓之１,39.67,商,,,1100417,土地1建物1車位2,十六層,二十三層,住宅大樓(11層含以上有電梯),住家用,鋼筋混凝土造,1140930,331.06,4,2,3,有,有,32030000,101154,坡道平面,45.06,3100000,預售屋、或土地及建物分件登記案件；,RPUOMLNJJHLGFAD77DA,176.3,0.0,18.85,有,
安平區,房地(土地+建物)+車位,臺南市安平區郡平路３８號十八樓之１,29.11,商,,,1100420,土地1建物1車位1,十八層,二十三層,住宅大樓(11層含以上有電梯),住家用,鋼筋混凝土造,1140930,234.18,3,2,2,有,有,21390000,93503,坡道平面,22.53,1600000,親屬間權利轉讓，價格不變。預售屋、或土地及建物分件登記案件；,RPUNMLRKJHLGFAD18DA,129.98,0.0,13.24,有,
安平區,房地(土地+建物)+車位,臺南市安平區郡平路３８號三樓之２,29.18,商,,,1100426,土地1建物1車位1,三層,二十三層,住宅大樓(11層含以上有電梯),住家用,鋼筋混凝土造,1140930,234.49,3,2,2,有,有,19430000,84591,坡道平面,22.53,1500000,配偶間權利轉讓，價格不變。預售屋、或土地及建物分件登記案件；,RPXNMLRKJHLGFAD48DA,130.09,0.0,13.36,有,
安平區,房地(土地+建物)+車位,臺南市安平區郡平路３８號十二樓之３,24.38,商,,,1100428,土地1建物1車位1,十二層,二十三層,住宅大樓(11層含以上有電梯),住家用,鋼筋混凝土造,1140930,197.53,3,2,2,有,有,16310000,83786,坡道平面,20.77,1500000,預售屋、或土地及建物分件登記案件；,RPQOMLRKJHLGFAD87DA,108.05,0.0,11.83,有,
安平區,房地(土地+建物)+車位,臺南市安平區郡平路３２號十樓之３,32.73,商,,,1100416,土地1建物1車位2,十層,二十三層,住宅大樓(11層含以上有電梯),住家用,鋼筋混凝土造,1140930,279.59000000000003,3,2,3,有,有,23780000,87096,坡道平面,43.3,3200000,本案於113年7月12日轉讓，權利買賣契約價格3300萬元。預售屋、或土地及建物分件登記案件；,RPROMLRKJHLGFAD97DA,145.74,0.0,15.45,有,
安平區,房地(土地+建物)+車位,臺南市安平區郡平路３２號十二樓之１,39.67,商,,,1100415,土地1建物1車位2,十二層,二十三層,住宅大樓(11層含以上有電梯),住家用,鋼筋混凝土造,1140930,331.06,4,2,3,有,有,31130000,97483,坡道平面,45.06,3250000,配偶間權利轉讓，價格不變。預售屋、或土地及建物分件登記案件；,RPTOMLKLJHLGFAD57DA,176.3,0.0,18.85,有,
安平區,房地(土地+建物)+車位,臺南市安平區郡平路３２號十六樓之３,32.73,商,,,1100430,土地1建物1車位2,十六層,二十三層,住宅大樓(11層含以上有電梯),住家用,鋼筋混凝土造,1140930,281.35,3,2,3,有,有,24250000,90778,坡道平面,45.06,2800000,本案於110年10月25日轉讓，權利買賣契約價格2475萬元 ； 111年4月15日轉讓，權利買賣契約價格2780萬元；113年12月20日親屬間轉讓，價格不變。預售屋、或土地及建物分件登記案件；,RPVOMLKLJHLGFAD77DA,145.74,0.0,15.45,有,
安平區,房地(土地+建物)+車位,臺南市安平區郡平路３６號九樓之３,32.73,商,,,1100418,土地1建物1車位2,九層,二十三層,住宅大樓(11層含以上有電梯),住家用,鋼筋混凝土造,1140930,281.39,3,2,3,有,有,23700000,88013,坡道平面,45.06,2900000,本案於110年9月11日轉讓，權利轉讓價格不變 ； 113年1月24日，配偶間轉讓。預售屋、或土地及建物分件登記案件；,RPXOMLKLJHLGFAD97DA,145.74,0.0,15.45,有,
安平區,房地(土地+建物)+車位,臺南市安平區郡平路３６號十二樓之３,32.73,商,,,1100417,土地1建物1車位1,十二層,二十三層,住宅大樓(11層含以上有電梯),住家用,鋼筋混凝土造,1140930,258.87,3,2,3,有,有,22830000,89828,坡道平面,22.53,1600000,預售屋、或土地及建物分件登記案件；,RPOPMLKLJHLGFAD17DA,145.74,0.0,15.45,有,
安平區,房地(土地+建物)+車位,臺南市安平區郡平路３８號六樓之３,24.38,商,,,1100413,土地1建物1車位1,六層,二十三層,住宅大樓(11層含以上有電梯),住家用,鋼筋混凝土造,1140930,199.29,3,2,2,有,有,15660000,80109,坡道平面,22.53,1500000,本案於110年10月27日轉讓，權利買賣契約價格1750萬元。預售屋、或土地及建物分件登記案件；,RPQPMLKLJHLGFAD37DA,108.05,0.0,11.83,有,
安平區,房地(土地+建物)+車位,臺南市安平區郡平路３８號八樓之５,24.6,商,,,1100413,土地1建物1車位1,八層,二十三層,住宅大樓(11層含以上有電梯),住家用,鋼筋混凝土造,1140930,200.5,3,2,2,有,有,16010000,81531,坡道平面,22.53,1500000,預售屋、或土地及建物分件登記案件；,RPUPMLKLJHLGFAD77DA,108.03,0.0,13.06,有,
安平區,房地(土地+建物)+車位,臺南市安平區郡平路３８號十八樓之２,29.18,商,,,1100423,土地1建物1車位1,十八層,二十三層,住宅大樓(11層含以上有電梯),住家用,鋼筋混凝土造,1140930,234.49,3,2,2,有,有,21580000,93791,坡道平面,22.53,1700000,本案於110年10月22日轉讓，權利買賣契約價格2250萬元 ； 110年12月3日轉讓，權利買賣契約價格2325萬元。預售屋、或土地及建物分件登記案件；,RPXPMLKLJHLGFAD08DA,130.09,0.0,13.36,有,
安平區,房地(土地+建物)+車位,臺南市安平區郡平路３６號十三樓之２,36.5,商,,,1100422,土地1建物1車位1,十三層,二十三層,住宅大樓(11層含以上有電梯),住家用,鋼筋混凝土造,1140930,286.24,3,2,3,有,有,26260000,93512,坡道平面,22.53,1600000,預售屋、或土地及建物分件登記案件；,RPQQMLRKJHLGFAD08DA,163.12,0.0,16.51,有,
安平區,房地(土地+建物)+車位,臺南市安平區郡平路３８號十樓之３,24.38,商,,,1100417,土地1建物1車位1,十層,二十三層,住宅大樓(11層含以上有電梯),住家用,鋼筋混凝土造,1140930,199.29,3,2,2,有,有,16520000,85540,坡道平面,22.53,1400000,本案於110年12月20日轉讓，權利買賣契約價格1707萬元。預售屋、或土地及建物分件登記案件；,RPROMLLLJHLGFAD47DA,108.05,0.0,11.83,有,
安南區,房地(土地+建物)+車位,臺南市安南區義吉街８６巷１５號十三樓,30.27,住,,,1091124,土地1建物1車位1,十三層,十五層,住宅大樓(11層含以上有電梯),住家用,鋼筋混凝土造,1140630,178.64,3,2,2,有,有,10620000,60305,坡道平面,25.75,1400000,預售屋、或土地及建物分件登記案件；,RPXNMLNLJHLGFBD28DA,77.8,12.9,10.45,有,
安南區,房地(土地+建物)+車位,臺南市安南區義吉街８６巷１５號五樓,30.27,住,,,1090802,土地1建物1車位1,五層,十五層,住宅大樓(11層含以上有電梯),住家用,鋼筋混凝土造,1140630,179.74,3,2,2,有,有,9500000,52979,坡道平面,26.85,1400000,預售屋、或土地及建物分件登記案件；,RPRNMLNLJHLGFBD67DA,77.8,12.9,10.45,有,
安南區,房地(土地+建物)+車位,臺南市安南區義吉街８６巷１９號十樓,27.45,住,,,1090802,土地1建物1車位1,十層,十五層,住宅大樓(11層含以上有電梯),住家用,鋼筋混凝土造,1140630,164.51,3,2,2,有,有,9150000,56298,坡道平面,26.85,1400000,預售屋、或土地及建物分件登記案件；,RPVNMLNLJHLGFBD08DA,70.27,13.27,7.88,有,
安南區,房地(土地+建物)+車位,臺南市安南區義吉街８６巷２１號二樓,26.32,住,,,1090721,土地1建物1車位1,二層,十五層,住宅大樓(11層含以上有電梯),住家用,鋼筋混凝土造,1140630,157.06,3,2,2,有,有,7780000,50150,坡道平面,26.85,1250000,買方於110年10月29日讓渡取得預售屋、或土地及建物分件登記案件；,RPPNMLNLJHLGFBD47DA,66.84,12.46,6.92,有,
安南區,房地(土地+建物)+車位,臺南市安南區義吉街８６巷１７號五樓,30.27,住,,,1090703,土地1建物1車位1,五層,十五層,住宅大樓(11層含以上有電梯),住家用,鋼筋混凝土造,1140630,178.88,3,2,2,有,有,9200000,52621,坡道平面,26.85,1200000,預售屋、或土地及建物分件登記案件；,RPSNMLNLJHLGFBD77DA,77.8,12.95,10.49,有,
安南區,房地(土地+建物)+車位,臺南市安南區義吉街８６巷２１號七樓,26.13,住,,,1090721,土地1建物1車位1,七層,十五層,住宅大樓(11層含以上有電梯),住家用,鋼筋混凝土造,1140630,157.06,3,2,2,有,有,7980000,51686,坡道平面,26.85,1250000,買方於110年6月25日讓渡取得預售屋、或土地及建物分件登記案件；,RPTNMLNLJHLGFBD87DA,66.84,12.46,6.92,有,
安南區,房地(土地+建物)+車位,臺南市安南區義吉街８６巷１７號六樓,30.27,住,,,1090704,土地1建物1車位1,六層,十五層,住宅大樓(11層含以上有電梯),住家用,鋼筋混凝土造,1140630,178.88,3,2,2,有,有,9340000,52884,坡道平面,26.85,1300000,預售屋、或土地及建物分件登記案件；,RPWNMLRLJHLGFBD58DA,77.8,12.95,10.49,有,
安南區,房地(土地+建物)+車位,臺南市安南區義吉街８６巷１９號九樓,27.45,住,,,1090620,土地1建物1車位1,九層,十五層,住宅大樓(11層含以上有電梯),住家用,鋼筋混凝土造,1140630,164.51,3,2,2,有,有,8660000,54191,坡道平面,26.85,1200000,買方於110年1月18日讓渡取得預售屋、或土地及建物分件登記案件；,RPUNMLNLJHLGFBD97DA,70.27,13.27,7.88,有,
安南區,房地(土地+建物)+車位,臺南市安南區義吉街８６巷２３號四樓,24.44,住,,,1090510,土地1建物1車位1,四層,十五層,住宅大樓(11層含以上有電梯),住家用,鋼筋混凝土造,1140630,150.09,3,2,2,有,有,7360000,49984,坡道平面,26.85,1200000,預售屋、或土地及建物分件登記案件；,RPQNMLNLJHLGFBD57DA,62.5,12.27,7.13,有,
