source_id,name,subtype,district,addr_raw,address_norm,center_source,match_level,extra
27257432,台南市第二十分公司,統一超商股份有限公司,七股區,臺南市七股區大埕村272號1樓,台南市七股區大埕村272號,NONE,NONE,"{""branch_id"": ""27257432"", ""company_id"": ""22555003"", ""company_name"": ""統一超商股份有限公司"", ""updated_date"": ""1120107"", ""branch_status"": ""01"", ""established_date"": ""0940608""}"
80353589,台南縣第七十四分公司,統一超商股份有限公司,七股區,臺南市七股區七股村14鄰154之1號1樓,台南市七股區七股村14鄰154之1號,NONE,NONE,"{""branch_id"": ""80353589"", ""company_id"": ""22555003"", ""company_name"": ""統一超商股份有限公司"", ""updated_date"": ""1120105"", ""branch_status"": ""01"", ""established_date"": ""0920129""}"
28439328,第三五六一分公司,萊爾富國際股份有限公司,七股區,臺南市七股區大潭村台潭25號1樓,台南市七股區大潭村台潭25號,NONE,NONE,"{""branch_id"": ""28439328"", ""company_id"": ""23285582"", ""company_name"": ""萊爾富國際股份有限公司"", ""updated_date"": ""1121121"", ""branch_status"": ""01"", ""established_date"": ""0970912""}"
90107741,第五0三七分公司,萊爾富國際股份有限公司,七股區,臺南市七股區三股里三股29之5號,台南市七股區三股里三股29之5號,NONE,NONE,"{""branch_id"": ""90107741"", ""company_id"": ""23285582"", ""company_name"": ""萊爾富國際股份有限公司"", ""updated_date"": ""1121123"", ""branch_status"": ""01"", ""established_date"": ""1110912""}"
97502583,第五一五Ｏ分公司,萊爾富國際股份有限公司,七股區,臺南市七股區樹林38號1樓,台南市七股區樹林38號,NONE,NONE,"{""branch_id"": ""97502583"", ""company_id"": ""23285582"", ""company_name"": ""萊爾富國際股份有限公司"", ""updated_date"": null, ""branch_status"": ""01"", ""established_date"": ""1130416""}"
60475666,第五五四〇分公司,萊爾富國際股份有限公司,七股區,臺南市七股區竹橋43之1號1樓,台南市七股區竹橋43之1號,NONE,NONE,"{""branch_id"": ""60475666"", ""company_id"": ""23285582"", ""company_name"": ""萊爾富國際股份有限公司"", ""updated_date"": null, ""branch_status"": ""01"", ""established_date"": ""1141205""}"
53674139,下營中山分公司,全聯實業股份有限公司,下營區,臺南市下營區新興里中山路一段250號,台南市下營區新興里中山路1段250號,NONE,NONE,"{""branch_id"": ""53674139"", ""company_id"": ""16740494"", ""company_name"": ""全聯實業股份有限公司"", ""updated_date"": ""1140108"", ""branch_status"": ""01"", ""established_date"": ""1020710""}"
70763304,下營中山分公司,全家便利商店股份有限公司,下營區,臺南市下營區仁里村中山路二段32號1樓,台南市下營區仁里村中山路2段32號,NONE,NONE,"{""branch_id"": ""70763304"", ""company_id"": ""23060248"", ""company_name"": ""全家便利商店股份有限公司"", ""updated_date"": ""1141124"", ""branch_status"": ""01"", ""established_date"": ""0890131""}"
27235682,台南縣第六十分公司,統一超商股份有限公司,下營區,臺南市下營區中營村十五鄰一二八六號一樓,台南市下營區中營村十五鄰一二八六號,NONE,NONE,"{""branch_id"": ""27235682"", ""company_id"": ""22555003"", ""company_name"": ""統一超商股份有限公司"", ""updated_date"": ""1120106"", ""branch_status"": ""01"", ""established_date"": ""0930427""}"
23471832,臺南縣第九分公司,統一超商股份有限公司,下營區,臺南市下營區下營村中山路1段46、48號1樓,台南市下營區下營村中山路1段46、48號,NONE,NONE,"{""branch_id"": ""23471832"", ""company_id"": ""22555003"", ""company_name"": ""統一超商股份有限公司"", ""updated_date"": ""1120106"", ""branch_status"": ""01"", ""established_date"": ""0780923""}"
80330812,台南南新分公司,萊爾富國際股份有限公司,中西區,臺南市中西區仙草里西門路1段580號1樓,台南市中西區仙草里西門路1段580號,NONE,NONE,"{""branch_id"": ""80330812"", ""company_id"": ""23285582"", ""company_name"": ""萊爾富國際股份有限公司"", ""updated_date"": ""1121120"", ""branch_status"": ""01"", ""established_date"": ""0910403""}"
16091717,台南巿第１０３分公司,統一超商股份有限公司,中西區,臺南市中西區大涼里中華西路二段三十六號１樓,台南市中西區大涼里中華西路2段三十六號,NONE,NONE,"{""branch_id"": ""16091717"", ""company_id"": ""22555003"", ""company_name"": ""統一超商股份有限公司"", ""updated_date"": ""1130328"", ""branch_status"": ""01"", ""established_date"": ""0860905""}"
96973311,台南巿第８１分公司,統一超商股份有限公司,中西區,臺南市中西區民生里永華路１８４、１８４–１號１樓,台南市中西區民生里永華路184、184–1號,NONE,NONE,"{""branch_id"": ""96973311"", ""company_id"": ""22555003"", ""company_name"": ""統一超商股份有限公司"", ""updated_date"": ""0850214"", ""branch_status"": ""01"", ""established_date"": ""0850214""}"
97163438,台南巿第８４分公司,統一超商股份有限公司,中西區,臺南市中西區竹翠里５鄰民族路二段３３１、３３３號１樓,台南市中西區竹翠里5鄰民族路2段331、333號,NONE,NONE,"{""branch_id"": ""97163438"", ""company_id"": ""22555003"", ""company_name"": ""統一超商股份有限公司"", ""updated_date"": ""1130328"", ""branch_status"": ""01"", ""established_date"": ""0850819""}"
97176172,台南巿第８８分公司,統一超商股份有限公司,中西區,臺南市中西區西門路二段３８４號,台南市中西區西門路2段384號,NONE,NONE,"{""branch_id"": ""97176172"", ""company_id"": ""22555003"", ""company_name"": ""統一超商股份有限公司"", ""updated_date"": ""0860224"", ""branch_status"": ""01"", ""established_date"": ""0860224""}"
89405089,台南巿第七十五分公司,統一超商股份有限公司,中西區,臺南市中西區光賢里武聖路47、49號1樓,台南市中西區光賢里武聖路47、49號,NONE,NONE,"{""branch_id"": ""89405089"", ""company_id"": ""22555003"", ""company_name"": ""統一超商股份有限公司"", ""updated_date"": ""1100209"", ""branch_status"": ""01"", ""established_date"": ""0841030""}"
84254652,台南巿第五十五分公司,統一超商股份有限公司,中西區,臺南市中西區忠義里永福路1段30、32號1樓,台南市中西區忠義里永福路1段30、32號,NONE,NONE,"{""branch_id"": ""84254652"", ""company_id"": ""22555003"", ""company_name"": ""統一超商股份有限公司"", ""updated_date"": ""1120105"", ""branch_status"": ""01"", ""established_date"": ""0820426""}"
97173652,台南市第８７分公司,統一超商股份有限公司,中西區,臺南市中西區西和路1、3號1樓,台南市中西區西和路1、3號,NONE,NONE,"{""branch_id"": ""97173652"", ""company_id"": ""22555003"", ""company_name"": ""統一超商股份有限公司"", ""updated_date"": ""1120315"", ""branch_status"": ""01"", ""established_date"": ""0860111""}"
28415162,台南市第一一○分公司,統一超商股份有限公司,中西區,臺南市中西區西湖里西湖街3號1樓,台南市中西區西湖里西湖街3號,NONE,NONE,"{""branch_id"": ""28415162"", ""company_id"": ""22555003"", ""company_name"": ""統一超商股份有限公司"", ""updated_date"": ""1120105"", ""branch_status"": ""01"", ""established_date"": ""0960523""}"
27238180,台南市第一五四分公司,統一超商股份有限公司,中西區,臺南市中西區永福里忠義路二段一０九號一樓,台南市中西區永福里忠義路2段一0九號,NONE,NONE,"{""branch_id"": ""27238180"", ""company_id"": ""22555003"", ""company_name"": ""統一超商股份有限公司"", ""updated_date"": ""1120107"", ""branch_status"": ""01"", ""established_date"": ""0930618""}"
27923294,台南市第一六五分公司,統一超商股份有限公司,中西區,臺南市中西區西湖里湖美街10號,台南市中西區西湖里湖美街10號,NONE,NONE,"{""branch_id"": ""27923294"", ""company_id"": ""22555003"", ""company_name"": ""統一超商股份有限公司"", ""updated_date"": ""1120107"", ""branch_status"": ""01"", ""established_date"": ""0940816""}"
89403337,台南市第七十四分公司,統一超商股份有限公司,中西區,臺南市中西區民生里永華路一段248號1樓,台南市中西區民生里永華路1段248號,NONE,NONE,"{""branch_id"": ""89403337"", ""company_id"": ""22555003"", ""company_name"": ""統一超商股份有限公司"", ""updated_date"": ""1120105"", ""branch_status"": ""01"", ""established_date"": ""0840930""}"
90886260,台南市第三八０分公司,統一超商股份有限公司,中西區,臺南市中西區兌悅里金華路四段194號1樓、 信義街60巷6號1樓,台南市中西區兌悅里金華路4段194號,NONE,NONE,"{""branch_id"": ""90886260"", ""company_id"": ""22555003"", ""company_name"": ""統一超商股份有限公司"", ""updated_date"": null, ""branch_status"": ""01"", ""established_date"": ""1100503""}"
00004065,台南市第三○○分公司,全家便利商店股份有限公司,中西區,臺南市中西區府前里府前路二段37號1樓,台南市中西區府前里府前路2段37號,NONE,NONE,"{""branch_id"": ""00004065"", ""company_id"": ""23060248"", ""company_name"": ""全家便利商店股份有限公司"", ""updated_date"": ""1141121"", ""branch_status"": ""01"", ""established_date"": ""1131008""}"
28439039,台南市第二０一分公司,統一超商股份有限公司,中西區,臺南市中西區水仙里民權路3段87號1樓,台南市中西區水仙里民權路3段87號,NONE,NONE,"{""branch_id"": ""28439039"", ""company_id"": ""22555003"", ""company_name"": ""統一超商股份有限公司"", ""updated_date"": ""1120107"", ""branch_status"": ""01"", ""established_date"": ""0970904""}"
28989630,台南市第二一三分公司,統一超商股份有限公司,中西區,臺南市中西區五妃里南門路229號1樓,台南市中西區五妃里南門路229號,NONE,NONE,"{""branch_id"": ""28989630"", ""company_id"": ""22555003"", ""company_name"": ""統一超商股份有限公司"", ""updated_date"": ""1120107"", ""branch_status"": ""01"", ""established_date"": ""0981230""}"
24812529,台南市第二七一分公司,統一超商股份有限公司,中西區,臺南市中西區水仙里民生路2段26、28號1樓,台南市中西區水仙里民生路2段26、28號,NONE,NONE,"{""branch_id"": ""24812529"", ""company_id"": ""22555003"", ""company_name"": ""統一超商股份有限公司"", ""updated_date"": null, ""branch_status"": ""01"", ""established_date"": ""1050815""}"
51874717,台南市第二三八分公司,全家便利商店股份有限公司,中西區,臺南市中西區大涼里府前路二段277號,台南市中西區大涼里府前路2段277號,NONE,NONE,"{""branch_id"": ""51874717"", ""company_id"": ""23060248"", ""company_name"": ""全家便利商店股份有限公司"", ""updated_date"": ""1141121"", ""branch_status"": ""01"", ""established_date"": ""1070809""}"
24814287,台南市第二九二分公司,統一超商股份有限公司,中西區,臺南市中西區民權里民權路3段150號1樓,台南市中西區民權里民權路3段150號,NONE,NONE,"{""branch_id"": ""24814287"", ""company_id"": ""22555003"", ""company_name"": ""統一超商股份有限公司"", ""updated_date"": null, ""branch_status"": ""01"", ""established_date"": ""1071102""}"
43167417,台南市第二二八分公司,全家便利商店股份有限公司,中西區,臺南市中西區仙草里五妃街270號1樓,台南市中西區仙草里五妃街270號,NONE,NONE,"{""branch_id"": ""43167417"", ""company_id"": ""23060248"", ""company_name"": ""全家便利商店股份有限公司"", ""updated_date"": ""1141120"", ""branch_status"": ""01"", ""established_date"": ""1050608""}"
83530650,台南市第二五五分公司,全家便利商店股份有限公司,中西區,臺南市中西區小西門里永福路一段191號,台南市中西區小西門里永福路1段191號,NONE,NONE,"{""branch_id"": ""83530650"", ""company_id"": ""23060248"", ""company_name"": ""全家便利商店股份有限公司"", ""updated_date"": ""1141120"", ""branch_status"": ""01"", ""established_date"": ""1081218""}"
54395135,台南市第二五六分公司,統一超商股份有限公司,中西區,臺南市中西區公正里民族路2段53號1樓,台南市中西區公正里民族路2段53號,NONE,NONE,"{""branch_id"": ""54395135"", ""company_id"": ""22555003"", ""company_name"": ""統一超商股份有限公司"", ""updated_date"": null, ""branch_status"": ""01"", ""established_date"": ""1031227""}"
90620810,台南市第二八三分公司,全家便利商店股份有限公司,中西區,臺南市中西區法華里健康路一段90號1樓,台南市中西區法華里健康路1段90號,NONE,NONE,"{""branch_id"": ""90620810"", ""company_id"": ""23060248"", ""company_name"": ""全家便利商店股份有限公司"", ""updated_date"": ""1141121"", ""branch_status"": ""01"", ""established_date"": ""1110107""}"
90593335,台南市第二八五分公司,全家便利商店股份有限公司,中西區,臺南市中西區淺草里民生路二段375號、377號1樓,台南市中西區淺草里民生路2段375號,NONE,NONE,"{""branch_id"": ""90593335"", ""company_id"": ""23060248"", ""company_name"": ""全家便利商店股份有限公司"", ""updated_date"": ""1141121"", ""branch_status"": ""01"", ""established_date"": ""1110121""}"
90542842,台南市第二八○分公司,全家便利商店股份有限公司,中西區,臺南市中西區府前里金華路三段143號1樓,台南市中西區府前里金華路3段143號,NONE,NONE,"{""branch_id"": ""90542842"", ""company_id"": ""23060248"", ""company_name"": ""全家便利商店股份有限公司"", ""updated_date"": ""1141121"", ""branch_status"": ""01"", ""established_date"": ""1100923""}"
24798667,台南市第二六二分公司,統一超商股份有限公司,中西區,臺南市中西區小西里西門路1段658號B2,台南市中西區小西里西門路1段658號,NONE,NONE,"{""branch_id"": ""24798667"", ""company_id"": ""22555003"", ""company_name"": ""統一超商股份有限公司"", ""updated_date"": null, ""branch_status"": ""01"", ""established_date"": ""1040917""}"
24813935,台南市第二四O分公司,全家便利商店股份有限公司,中西區,臺南市中西區西湖里湖美街72號1樓,台南市中西區西湖里湖美街72號,NONE,NONE,"{""branch_id"": ""24813935"", ""company_id"": ""23060248"", ""company_name"": ""全家便利商店股份有限公司"", ""updated_date"": ""1141121"", ""branch_status"": ""01"", ""established_date"": ""1071017""}"
84894524,台南市第十八分公司,統一超商股份有限公司,中西區,"臺南市中西區赤嵌里民族路2段76號之13,1樓",台南市中西區赤嵌里民族路2段76號,NONE,NONE,"{""branch_id"": ""84894524"", ""company_id"": ""22555003"", ""company_name"": ""統一超商股份有限公司"", ""updated_date"": ""1100524"", ""branch_status"": ""01"", ""established_date"": ""0830711""}"
60522289,台南市第四九九分公司,統一超商股份有限公司,中西區,臺南市中西區小西門里西門路一段660號1樓,台南市中西區小西門里西門路1段660號,NONE,NONE,"{""branch_id"": ""60522289"", ""company_id"": ""22555003"", ""company_name"": ""統一超商股份有限公司"", ""updated_date"": null, ""branch_status"": ""01"", ""established_date"": ""1141215""}"
93502295,台南市第四六四分公司,統一超商股份有限公司,中西區,臺南市中西區淺草里金華路三段218號1樓,台南市中西區淺草里金華路3段218號,NONE,NONE,"{""branch_id"": ""93502295"", ""company_id"": ""22555003"", ""company_name"": ""統一超商股份有限公司"", ""updated_date"": null, ""branch_status"": ""01"", ""established_date"": ""1130117""}"
27935539,台南康樂二分公司,全家便利商店股份有限公司,中西區,臺南市中西區中正里康樂街150號1樓,台南市中西區中正里康樂街150號,NONE,NONE,"{""branch_id"": ""27935539"", ""company_id"": ""23060248"", ""company_name"": ""全家便利商店股份有限公司"", ""updated_date"": ""1141121"", ""branch_status"": ""01"", ""established_date"": ""0950306""}"
90682316,台南康樂分公司,全聯實業股份有限公司,中西區,臺南市中西區淺草里康樂街233、237、241號1、2樓及民生路二段173巷5號1、2樓,台南市中西區淺草里康樂街233、237、241號,NONE,NONE,"{""branch_id"": ""90682316"", ""company_id"": ""16740494"", ""company_name"": ""全聯實業股份有限公司"", ""updated_date"": ""1150106"", ""branch_status"": ""01"", ""established_date"": ""1100408""}"
51330975,台南民權分公司,全聯實業股份有限公司,中西區,臺南市中西區西賢里民權路四段350、352號,台南市中西區西賢里民權路4段350、352號,NONE,NONE,"{""branch_id"": ""51330975"", ""company_id"": ""16740494"", ""company_name"": ""全聯實業股份有限公司"", ""updated_date"": null, ""branch_status"": ""01"", ""established_date"": ""1060410""}"
54912665,台南西和分公司,全聯實業股份有限公司,中西區,臺南市中西區西和里西和路106號,台南市中西區西和里西和路106號,NONE,NONE,"{""branch_id"": ""54912665"", ""company_id"": ""16740494"", ""company_name"": ""全聯實業股份有限公司"", ""updated_date"": null, ""branch_status"": ""01"", ""established_date"": ""1080610""}"
27258571,台南赤崁分公司,全家便利商店股份有限公司,中西區,臺南市中西區三民里民族路二段257號1樓,台南市中西區三民里民族路2段257號,NONE,NONE,"{""branch_id"": ""27258571"", ""company_id"": ""23060248"", ""company_name"": ""全家便利商店股份有限公司"", ""updated_date"": ""1141121"", ""branch_status"": ""01"", ""established_date"": ""0940630""}"
23640979,臺南巿第四十分公司,統一超商股份有限公司,中西區,臺南市中西區臺南市永福路二段65號1樓,台南市中西區台南市永福路2段65號,NONE,NONE,"{""branch_id"": ""23640979"", ""company_id"": ""22555003"", ""company_name"": ""統一超商股份有限公司"", ""updated_date"": ""1120107"", ""branch_status"": ""01"", ""established_date"": ""0790514""}"
60635045,仁德德安分公司,全聯實業股份有限公司,仁德區,臺南市仁德區後壁里德安路156、158號1樓,台南市仁德區後壁里德安路156、158號,NONE,NONE,"{""branch_id"": ""60635045"", ""company_id"": ""16740494"", ""company_name"": ""全聯實業股份有限公司"", ""updated_date"": null, ""branch_status"": ""01"", ""established_date"": ""1140609""}"
27931610,仁德德洋分公司,全家便利商店股份有限公司,仁德區,臺南市仁德區後壁村德洋路248之1號1樓,台南市仁德區後壁村德洋路248之1號,NONE,NONE,"{""branch_id"": ""27931610"", ""company_id"": ""23060248"", ""company_name"": ""全家便利商店股份有限公司"", ""updated_date"": ""1141124"", ""branch_status"": ""01"", ""established_date"": ""0941221""}"
27238581,仁德鼎安分公司,全家便利商店股份有限公司,仁德區,臺南市仁德區後壁村德安路1之1號1樓,台南市仁德區後壁村德安路1之1號,NONE,NONE,"{""branch_id"": ""27238581"", ""company_id"": ""23060248"", ""company_name"": ""全家便利商店股份有限公司"", ""updated_date"": ""1141124"", ""branch_status"": ""01"", ""established_date"": ""0930629""}"
28426674,台南仁德分公司,全聯實業股份有限公司,仁德區,臺南市仁德區後壁村民安路1段402號1樓,台南市仁德區後壁村民安路1段402號,NONE,NONE,"{""branch_id"": ""28426674"", ""company_id"": ""16740494"", ""company_name"": ""全聯實業股份有限公司"", ""updated_date"": ""1070323"", ""branch_status"": ""01"", ""established_date"": ""0961204""}"
83245591,台南市第三七０分公司,統一超商股份有限公司,仁德區,臺南市仁德區太子里長興路77-1、83號1樓,台南市仁德區太子里長興路77-1、83號,NONE,NONE,"{""branch_id"": ""83245591"", ""company_id"": ""22555003"", ""company_name"": ""統一超商股份有限公司"", ""updated_date"": null, ""branch_status"": ""01"", ""established_date"": ""1100114""}"
91055209,台南市第三八九分公司,統一超商股份有限公司,仁德區,臺南市仁德區後壁里德南路92號1樓,台南市仁德區後壁里德南路92號,NONE,NONE,"{""branch_id"": ""91055209"", ""company_id"": ""22555003"", ""company_name"": ""統一超商股份有限公司"", ""updated_date"": null, ""branch_status"": ""01"", ""established_date"": ""1100806""}"
54379487,台南市第二0六分公司,全家便利商店股份有限公司,仁德區,臺南市仁德區德南路22巷1、3號、24、26號1樓,台南市仁德區德南路22巷1、3號,NONE,NONE,"{""branch_id"": ""54379487"", ""company_id"": ""23060248"", ""company_name"": ""全家便利商店股份有限公司"", ""updated_date"": ""1141124"", ""branch_status"": ""01"", ""established_date"": ""1030326""}"
51537808,台南市第二七七分公司,統一超商股份有限公司,仁德區,臺南市仁德區二行里15鄰中正西路347號1樓,台南市仁德區二行里15鄰中正西路347號,NONE,NONE,"{""branch_id"": ""51537808"", ""company_id"": ""22555003"", ""company_name"": ""統一超商股份有限公司"", ""updated_date"": null, ""branch_status"": ""01"", ""established_date"": ""1061012""}"
91052815,台南市第二七七分公司,全家便利商店股份有限公司,仁德區,臺南市仁德區仁德里文心路70號,台南市仁德區仁德里文心路70號,NONE,NONE,"{""branch_id"": ""91052815"", ""company_id"": ""23060248"", ""company_name"": ""全家便利商店股份有限公司"", ""updated_date"": ""1141124"", ""branch_status"": ""01"", ""established_date"": ""1100727""}"
83530666,台南市第二五四分公司,全家便利商店股份有限公司,仁德區,臺南市仁德區成功里崇德路10號,台南市仁德區成功里崇德路10號,NONE,NONE,"{""branch_id"": ""83530666"", ""company_id"": ""23060248"", ""company_name"": ""全家便利商店股份有限公司"", ""updated_date"": ""1141124"", ""branch_status"": ""01"", ""established_date"": ""1081218""}"
90487881,台南市第二八二分公司,全家便利商店股份有限公司,仁德區,臺南市仁德區仁義里中清路2號、4號,台南市仁德區仁義里中清路2號,NONE,NONE,"{""branch_id"": ""90487881"", ""company_id"": ""23060248"", ""company_name"": ""全家便利商店股份有限公司"", ""updated_date"": ""1141124"", ""branch_status"": ""01"", ""established_date"": ""1101019""}"
27256503,台南市第四三一分公司,統一超商股份有限公司,仁德區,臺南市仁德區中洲里中洲路661、663號1樓,台南市仁德區中洲里中洲路661、663號,NONE,NONE,"{""branch_id"": ""27256503"", ""company_id"": ""22555003"", ""company_name"": ""統一超商股份有限公司"", ""updated_date"": ""1111125"", ""branch_status"": ""01"", ""established_date"": ""0940523""}"
60724975,台南市第四九一分公司,統一超商股份有限公司,仁德區,臺南市仁德區仁愛里保仁路142號1樓、146號1樓,台南市仁德區仁愛里保仁路142號,NONE,NONE,"{""branch_id"": ""60724975"", ""company_id"": ""22555003"", ""company_name"": ""統一超商股份有限公司"", ""updated_date"": null, ""branch_status"": ""01"", ""established_date"": ""1140509""}"
60600480,台南市第四九五分公司,統一超商股份有限公司,仁德區,臺南市仁德區仁愛里大同路三段478號1樓,台南市仁德區仁愛里大同路3段478號,NONE,NONE,"{""branch_id"": ""60600480"", ""company_id"": ""22555003"", ""company_name"": ""統一超商股份有限公司"", ""updated_date"": null, ""branch_status"": ""01"", ""established_date"": ""1140909""}"
00099554,台南市第四八０分公司,統一超商股份有限公司,仁德區,臺南市仁德區後壁里018鄰德崙路23號1樓,台南市仁德區後壁里018鄰德崙路23號,NONE,NONE,"{""branch_id"": ""00099554"", ""company_id"": ""22555003"", ""company_name"": ""統一超商股份有限公司"", ""updated_date"": null, ""branch_status"": ""01"", ""established_date"": ""1131008""}"
16434919,台南縣第６１分公司,統一超商股份有限公司,仁德區,臺南市仁德區中正路二段１０５２號,台南市仁德區中正路2段1052號,NONE,NONE,"{""branch_id"": ""16434919"", ""company_id"": ""22555003"", ""company_name"": ""統一超商股份有限公司"", ""updated_date"": ""1130328"", ""branch_status"": ""01"", ""established_date"": ""0870103""}"
16448857,台南縣第７２分公司,統一超商股份有限公司,仁德區,臺南市仁德區田厝村１鄰中正路一段５２７．５２９號,台南市仁德區田厝村1鄰中正路1段527529號,NONE,NONE,"{""branch_id"": ""16448857"", ""company_id"": ""22555003"", ""company_name"": ""統一超商股份有限公司"", ""updated_date"": ""1130328"", ""branch_status"": ""01"", ""established_date"": ""0870604""}"
27930464,台南縣第一七六分公司,統一超商股份有限公司,仁德區,臺南市仁德區新田村4鄰勝利路139號1樓,台南市仁德區新田村4鄰勝利路139號,NONE,NONE,"{""branch_id"": ""27930464"", ""company_id"": ""22555003"", ""company_name"": ""統一超商股份有限公司"", ""updated_date"": ""1120106"", ""branch_status"": ""01"", ""established_date"": ""0941206""}"
27250819,台南縣第一五八分公司,統一超商股份有限公司,仁德區,臺南市仁德區仁義村1鄰中山路155號,台南市仁德區仁義村1鄰中山路155號,NONE,NONE,"{""branch_id"": ""27250819"", ""company_id"": ""22555003"", ""company_name"": ""統一超商股份有限公司"", ""updated_date"": ""1120106"", ""branch_status"": ""01"", ""established_date"": ""0940221""}"
27932771,台南縣第一八三分公司,統一超商股份有限公司,仁德區,臺南市仁德區保安村20鄰文賢路1段576號1樓,台南市仁德區保安村20鄰文賢路1段576號,NONE,NONE,"{""branch_id"": ""27932771"", ""company_id"": ""22555003"", ""company_name"": ""統一超商股份有限公司"", ""updated_date"": ""1120106"", ""branch_status"": ""01"", ""established_date"": ""0950103""}"
27255510,台南縣第一六三分公司,統一超商股份有限公司,仁德區,臺南市仁德區中洲村中洲路1巷220號1樓,台南市仁德區中洲村中洲路1巷220號,NONE,NONE,"{""branch_id"": ""27255510"", ""company_id"": ""22555003"", ""company_name"": ""統一超商股份有限公司"", ""updated_date"": ""1120106"", ""branch_status"": ""01"", ""established_date"": ""0940510""}"
27255504,台南縣第一六四分公司,統一超商股份有限公司,仁德區,臺南市仁德區中洲村中洲路1巷200號1樓,台南市仁德區中洲村中洲路1巷200號,NONE,NONE,"{""branch_id"": ""27255504"", ""company_id"": ""22555003"", ""company_name"": ""統一超商股份有限公司"", ""updated_date"": ""1120106"", ""branch_status"": ""01"", ""established_date"": ""0940510""}"
23222813,台南縣第三分公司,統一超商股份有限公司,仁德區,臺南市仁德區仁義村中山路497、499、501號1樓,台南市仁德區仁義村中山路497、499、501號,NONE,NONE,"{""branch_id"": ""23222813"", ""company_id"": ""22555003"", ""company_name"": ""統一超商股份有限公司"", ""updated_date"": ""1120107"", ""branch_status"": ""01"", ""established_date"": ""0780228""}"
28417844,台南縣第二０七分公司,統一超商股份有限公司,仁德區,臺南市仁德區太子村太子路122號1樓,台南市仁德區太子村太子路122號,NONE,NONE,"{""branch_id"": ""28417844"", ""company_id"": ""22555003"", ""company_name"": ""統一超商股份有限公司"", ""updated_date"": ""1120106"", ""branch_status"": ""01"", ""established_date"": ""0960627""}"
28421447,台南縣第二一一分公司,統一超商股份有限公司,仁德區,臺南市仁德區仁德村35鄰文德路157號,台南市仁德區仁德村35鄰文德路157號,NONE,NONE,"{""branch_id"": ""28421447"", ""company_id"": ""22555003"", ""company_name"": ""統一超商股份有限公司"", ""updated_date"": ""1120107"", ""branch_status"": ""01"", ""established_date"": ""0960912""}"
28423873,台南縣第二一四分公司,統一超商股份有限公司,仁德區,臺南市仁德區保安村11鄰中正路1段209號1樓,台南市仁德區保安村11鄰中正路1段209號,NONE,NONE,"{""branch_id"": ""28423873"", ""company_id"": ""22555003"", ""company_name"": ""統一超商股份有限公司"", ""updated_date"": ""1120107"", ""branch_status"": ""01"", ""established_date"": ""0961011""}"
16084238,台南縣第五十二分公司,統一超商股份有限公司,仁德區,臺南市仁德區二行村二仁路1段151號1樓,台南市仁德區二行村二仁路1段151號,NONE,NONE,"{""branch_id"": ""16084238"", ""company_id"": ""22555003"", ""company_name"": ""統一超商股份有限公司"", ""updated_date"": ""1130328"", ""branch_status"": ""01"", ""established_date"": ""0860611""}"
27945683,台南縣第五十六分公司,統一超商股份有限公司,仁德區,臺南市仁德區後壁村6鄰德安路188號1樓,台南市仁德區後壁村6鄰德安路188號,NONE,NONE,"{""branch_id"": ""27945683"", ""company_id"": ""22555003"", ""company_name"": ""統一超商股份有限公司"", ""updated_date"": ""1120107"", ""branch_status"": ""01"", ""established_date"": ""0950911""}"
28420236,台南縣第四十八分公司,統一超商股份有限公司,仁德區,臺南市仁德區成功村崇德路88號1樓,台南市仁德區成功村崇德路88號,NONE,NONE,"{""branch_id"": ""28420236"", ""company_id"": ""22555003"", ""company_name"": ""統一超商股份有限公司"", ""updated_date"": ""1120107"", ""branch_status"": ""01"", ""established_date"": ""0960822""}"
27244768,第２８４６分公司,萊爾富國際股份有限公司,仁德區,臺南市仁德區中正路一段三四０號一樓,台南市仁德區中正路1段三四0號,NONE,NONE,"{""branch_id"": ""27244768"", ""company_id"": ""23285582"", ""company_name"": ""萊爾富國際股份有限公司"", ""updated_date"": ""1121122"", ""branch_status"": ""01"", ""established_date"": ""0931020""}"
80345771,佳里光復分公司,全家便利商店股份有限公司,佳里區,臺南市佳里區安西里光復路327號1樓,台南市佳里區安西里光復路327號,NONE,NONE,"{""branch_id"": ""80345771"", ""company_id"": ""23060248"", ""company_name"": ""全家便利商店股份有限公司"", ""updated_date"": ""1141203"", ""branch_status"": ""01"", ""established_date"": ""0911021""}"
70782999,佳里延平分公司,全家便利商店股份有限公司,佳里區,臺南市佳里區六安里忠孝東路91號1樓,台南市佳里區六安里忠孝東路91號,NONE,NONE,"{""branch_id"": ""70782999"", ""company_id"": ""23060248"", ""company_name"": ""全家便利商店股份有限公司"", ""updated_date"": ""1141203"", ""branch_status"": ""01"", ""established_date"": ""0890816""}"
70795832,台南佳里店分公司,全聯實業股份有限公司,佳里區,臺南市佳里區民安里同安寮80之2號,台南市佳里區民安里同安寮80之2號,NONE,NONE,"{""branch_id"": ""70795832"", ""company_id"": ""16740494"", ""company_name"": ""全聯實業股份有限公司"", ""updated_date"": ""1140721"", ""branch_status"": ""01"", ""established_date"": ""0910117""}"
60522350,台南市第三一○分公司,全家便利商店股份有限公司,佳里區,臺南市佳里區南勢里成功路159號、161號,台南市佳里區南勢里成功路159號,NONE,NONE,"{""branch_id"": ""60522350"", ""company_id"": ""23060248"", ""company_name"": ""全家便利商店股份有限公司"", ""updated_date"": null, ""branch_status"": ""01"", ""established_date"": ""1141217""}"
83245585,台南市第三七二分公司,統一超商股份有限公司,佳里區,臺南市佳里區東寧里進學路7號1樓,台南市佳里區東寧里進學路7號,NONE,NONE,"{""branch_id"": ""83245585"", ""company_id"": ""22555003"", ""company_name"": ""統一超商股份有限公司"", ""updated_date"": null, ""branch_status"": ""01"", ""established_date"": ""1100114""}"
53026438,台南市第三二三分公司,統一超商股份有限公司,佳里區,臺南市佳里區建南里勝利路216號1樓,台南市佳里區建南里勝利路216號,NONE,NONE,"{""branch_id"": ""53026438"", ""company_id"": ""22555003"", ""company_name"": ""統一超商股份有限公司"", ""updated_date"": ""1120107"", ""branch_status"": ""01"", ""established_date"": ""1010301""}"
91052343,台南市第三八七分公司,統一超商股份有限公司,佳里區,臺南市佳里區佳興里佳里興570-51號1樓,台南市佳里區佳興里佳里興570號,NONE,NONE,"{""branch_id"": ""91052343"", ""company_id"": ""22555003"", ""company_name"": ""統一超商股份有限公司"", ""updated_date"": null, ""branch_status"": ""01"", ""established_date"": ""1100709""}"
24794775,台南市第二二五分公司,全家便利商店股份有限公司,佳里區,臺南市佳里區建南里中山路155號,台南市佳里區建南里中山路155號,NONE,NONE,"{""branch_id"": ""24794775"", ""company_id"": ""23060248"", ""company_name"": ""全家便利商店股份有限公司"", ""updated_date"": ""1141203"", ""branch_status"": ""01"", ""established_date"": ""1040820""}"
97515953,台南市第四八五分公司,統一超商股份有限公司,佳里區,臺南市佳里區安西里文化路428號1樓,台南市佳里區安西里文化路428號,NONE,NONE,"{""branch_id"": ""97515953"", ""company_id"": ""22555003"", ""company_name"": ""統一超商股份有限公司"", ""updated_date"": null, ""branch_status"": ""01"", ""established_date"": ""1140121""}"
53015241,台南市第四十二分公司,統一超商股份有限公司,佳里區,臺南市佳里區忠仁里延平路195號1樓,台南市佳里區忠仁里延平路195號,NONE,NONE,"{""branch_id"": ""53015241"", ""company_id"": ""22555003"", ""company_name"": ""統一超商股份有限公司"", ""updated_date"": ""1120105"", ""branch_status"": ""01"", ""established_date"": ""1000726""}"
28978872,台南縣第二三六分公司,統一超商股份有限公司,佳里區,臺南市佳里區東寧里文化路196號1樓,台南市佳里區東寧里文化路196號,NONE,NONE,"{""branch_id"": ""28978872"", ""company_id"": ""22555003"", ""company_name"": ""統一超商股份有限公司"", ""updated_date"": ""1120105"", ""branch_status"": ""01"", ""established_date"": ""0980525""}"
53947960,第四０五０分公司,萊爾富國際股份有限公司,佳里區,臺南市佳里區六安117號之46,台南市佳里區六安117號,NONE,NONE,"{""branch_id"": ""53947960"", ""company_id"": ""23285582"", ""company_name"": ""萊爾富國際股份有限公司"", ""updated_date"": ""1121122"", ""branch_status"": ""01"", ""established_date"": ""1011105""}"
83477803,臺南市第三四三分公司,統一超商股份有限公司,佳里區,臺南市佳里區塭內里塭子內12-1號,台南市佳里區塭內里塭子內12號,NONE,NONE,"{""branch_id"": ""83477803"", ""company_id"": ""22555003"", ""company_name"": ""統一超商股份有限公司"", ""updated_date"": null, ""branch_status"": ""01"", ""established_date"": ""1090306""}"
23825912,臺南縣第十四分公司,統一超商股份有限公司,佳里區,臺南市佳里區文新里光復路197、197-1號1樓,台南市佳里區文新里光復路197、197號,NONE,NONE,"{""branch_id"": ""23825912"", ""company_id"": ""22555003"", ""company_name"": ""統一超商股份有限公司"", ""updated_date"": ""1100727"", ""branch_status"": ""01"", ""established_date"": ""0790822""}"
00220296,台南市第三○二分公司,全家便利商店股份有限公司,六甲區,臺南市六甲區龜港里龜子港122號,台南市六甲區龜港里龜子港122號,NONE,NONE,"{""branch_id"": ""00220296"", ""company_id"": ""23060248"", ""company_name"": ""全家便利商店股份有限公司"", ""updated_date"": ""1141124"", ""branch_status"": ""01"", ""established_date"": ""1140113""}"
53664759,台南市第二一六分公司,統一超商股份有限公司,六甲區,臺南市六甲區林鳳營111-8號1樓,台南市六甲區林鳳營111號,NONE,NONE,"{""branch_id"": ""53664759"", ""company_id"": ""22555003"", ""company_name"": ""統一超商股份有限公司"", ""updated_date"": null, ""branch_status"": ""01"", ""established_date"": ""1020123""}"
96764692,台南市第二九七分公司,全家便利商店股份有限公司,六甲區,臺南市六甲區水林里中山路96號,台南市六甲區水林里中山路96號,NONE,NONE,"{""branch_id"": ""96764692"", ""company_id"": ""23060248"", ""company_name"": ""全家便利商店股份有限公司"", ""updated_date"": ""1141124"", ""branch_status"": ""01"", ""established_date"": ""1130424""}"
16094279,台南縣第５５分公司,統一超商股份有限公司,六甲區,臺南市六甲區六甲村二十二鄰中正路５５２號１樓,台南市六甲區六甲村二十二鄰中正路552號,NONE,NONE,"{""branch_id"": ""16094279"", ""company_id"": ""22555003"", ""company_name"": ""統一超商股份有限公司"", ""updated_date"": ""1130328"", ""branch_status"": ""01"", ""established_date"": ""0861001""}"
16093193,台南公園分公司,全家便利商店股份有限公司,北區,臺南市北區興南里公園北路131號1樓,台南市北區興南里公園北路131號,NONE,NONE,"{""branch_id"": ""16093193"", ""company_id"": ""23060248"", ""company_name"": ""全家便利商店股份有限公司"", ""updated_date"": ""1141124"", ""branch_status"": ""01"", ""established_date"": ""0860922""}"
16447689,台南北園分公司,全家便利商店股份有限公司,北區,臺南市北區開元里北園街20號1樓,台南市北區開元里北園街20號,NONE,NONE,"{""branch_id"": ""16447689"", ""company_id"": ""23060248"", ""company_name"": ""全家便利商店股份有限公司"", ""updated_date"": ""1141124"", ""branch_status"": ""01"", ""established_date"": ""0870522""}"
80329147,台南北成分公司,全家便利商店股份有限公司,北區,臺南市北區成功里北成路39號1樓,台南市北區成功里北成路39號,NONE,NONE,"{""branch_id"": ""80329147"", ""company_id"": ""23060248"", ""company_name"": ""全家便利商店股份有限公司"", ""updated_date"": ""1141124"", ""branch_status"": ""01"", ""established_date"": ""0910311""}"
27949132,台南和緯分公司,全家便利商店股份有限公司,北區,臺南市北區文成里和緯路三段333號1樓,台南市北區文成里和緯路3段333號,NONE,NONE,"{""branch_id"": ""27949132"", ""company_id"": ""23060248"", ""company_name"": ""全家便利商店股份有限公司"", ""updated_date"": ""1141121"", ""branch_status"": ""01"", ""established_date"": ""0951128""}"
16450001,台南和順分公司,全家便利商店股份有限公司,北區,臺南市北區和順里公園南路360號1樓,台南市北區和順里公園南路360號,NONE,NONE,"{""branch_id"": ""16450001"", ""company_id"": ""23060248"", ""company_name"": ""全家便利商店股份有限公司"", ""updated_date"": ""1141121"", ""branch_status"": ""01"", ""established_date"": ""0870611""}"
27926095,台南國宅分公司,全家便利商店股份有限公司,北區,臺南市北區大道里北門路二段545號1樓,台南市北區大道里北門路2段545號,NONE,NONE,"{""branch_id"": ""27926095"", ""company_id"": ""23060248"", ""company_name"": ""全家便利商店股份有限公司"", ""updated_date"": ""1141121"", ""branch_status"": ""01"", ""established_date"": ""0941004""}"
16439273,台南巿第１０８分公司,統一超商股份有限公司,北區,臺南市北區國姓里西門路四段２號１樓,台南市北區國姓里西門路4段2號,NONE,NONE,"{""branch_id"": ""16439273"", ""company_id"": ""22555003"", ""company_name"": ""統一超商股份有限公司"", ""updated_date"": ""0870303"", ""branch_status"": ""01"", ""established_date"": ""0870303""}"
16447479,台南巿第２１分公司,統一超商股份有限公司,北區,臺南市北區正風里十六鄰長榮路五段４４８號１樓,台南市北區正風里十六鄰長榮路5段448號,NONE,NONE,"{""branch_id"": ""16447479"", ""company_id"": ""22555003"", ""company_name"": ""統一超商股份有限公司"", ""updated_date"": ""0870521"", ""branch_status"": ""01"", ""established_date"": ""0870521""}"
16448483,台南巿第６８分公司,統一超商股份有限公司,北區,臺南市北區大豐里文賢路３１５號１樓,台南市北區大豐里文賢路315號,NONE,NONE,"{""branch_id"": ""16448483"", ""company_id"": ""22555003"", ""company_name"": ""統一超商股份有限公司"", ""updated_date"": ""1130328"", ""branch_status"": ""01"", ""established_date"": ""0870601""}"
89401197,台南巿第７２分公司,統一超商股份有限公司,北區,臺南市北區仁愛里勝利路１９２．１９４號１樓,台南市北區仁愛里勝利路192194號,NONE,NONE,"{""branch_id"": ""89401197"", ""company_id"": ""22555003"", ""company_name"": ""統一超商股份有限公司"", ""updated_date"": ""1100209"", ""branch_status"": ""01"", ""established_date"": ""0840824""}"
97167194,台南巿第８６分公司,統一超商股份有限公司,北區,臺南市北區和順里民德路八十七號１樓,台南市北區和順里民德路八十七號,NONE,NONE,"{""branch_id"": ""97167194"", ""company_id"": ""22555003"", ""company_name"": ""統一超商股份有限公司"", ""updated_date"": ""1130328"", ""branch_status"": ""01"", ""established_date"": ""0851003""}"
97178024,台南巿第９５分公司,統一超商股份有限公司,北區,臺南市北區大豐里二十七鄰中華北路一段１４３號,台南市北區大豐里二十七鄰中華北路1段143號,NONE,NONE,"{""branch_id"": ""97178024"", ""company_id"": ""22555003"", ""company_name"": ""統一超商股份有限公司"", ""updated_date"": ""1130328"", ""branch_status"": ""01"", ""established_date"": ""0860320""}"
97178039,台南巿第９６分公司,統一超商股份有限公司,北區,臺南市北區和順里西門路三段81號1樓；台南市北區西門路三段47巷12號1樓,台南市北區和順里西門路3段81號,NONE,NONE,"{""branch_id"": ""97178039"", ""company_id"": ""22555003"", ""company_name"": ""統一超商股份有限公司"", ""updated_date"": ""1120105"", ""branch_status"": ""01"", ""established_date"": ""0860320""}"
89405095,台南巿第七十六分公司,統一超商股份有限公司,北區,臺南市北區北華里成功路140號1樓,台南市北區北華里成功路140號,NONE,NONE,"{""branch_id"": ""89405095"", ""company_id"": ""22555003"", ""company_name"": ""統一超商股份有限公司"", ""updated_date"": ""1100608"", ""branch_status"": ""01"", ""established_date"": ""0841030""}"
27928636,台南市第一七二分公司,統一超商股份有限公司,北區,臺南市北區實踐里北門路3段2號,台南市北區實踐里北門路3段2號,NONE,NONE,"{""branch_id"": ""27928636"", ""company_id"": ""22555003"", ""company_name"": ""統一超商股份有限公司"", ""updated_date"": ""1120105"", ""branch_status"": ""01"", ""established_date"": ""0941115""}"
16845700,台南市第一三二分公司,統一超商股份有限公司,北區,臺南市北區安民里海安路３段２號１樓,台南市北區安民里海安路3段2號,NONE,NONE,"{""branch_id"": ""16845700"", ""company_id"": ""22555003"", ""company_name"": ""統一超商股份有限公司"", ""updated_date"": ""1130328"", ""branch_status"": ""01"", ""established_date"": ""0880608""}"
16841676,台南市第一二四分公司,統一超商股份有限公司,北區,臺南市北區大豐里和緯路五段七十六號一樓,台南市北區大豐里和緯路5段七十六號,NONE,NONE,"{""branch_id"": ""16841676"", ""company_id"": ""22555003"", ""company_name"": ""統一超商股份有限公司"", ""updated_date"": ""1130328"", ""branch_status"": ""01"", ""established_date"": ""0880421""}"
27945706,台南市第一八○分公司,統一超商股份有限公司,北區,臺南市北區長榮里長勝路1號1樓,台南市北區長榮里長勝路1號,NONE,NONE,"{""branch_id"": ""27945706"", ""company_id"": ""22555003"", ""company_name"": ""統一超商股份有限公司"", ""updated_date"": ""1120105"", ""branch_status"": ""01"", ""established_date"": ""0950911""}"
27925461,台南市第一六九分公司,統一超商股份有限公司,北區,臺南市北區大道里北門路2段500號1樓,台南市北區大道里北門路2段500號,NONE,NONE,"{""branch_id"": ""27925461"", ""company_id"": ""22555003"", ""company_name"": ""統一超商股份有限公司"", ""updated_date"": ""1120105"", ""branch_status"": ""01"", ""established_date"": ""0940926""}"
54915311,台南市第三一三分公司,統一超商股份有限公司,北區,臺南市北區海安路3段219巷5號1樓,台南市北區海安路3段219巷5號,NONE,NONE,"{""branch_id"": ""54915311"", ""company_id"": ""22555003"", ""company_name"": ""統一超商股份有限公司"", ""updated_date"": null, ""branch_status"": ""01"", ""established_date"": ""1080902""}"
60600025,台南市第三○八分公司,全家便利商店股份有限公司,北區,臺南市北區大和里大港街106號,台南市北區大和里大港街106號,NONE,NONE,"{""branch_id"": ""60600025"", ""company_id"": ""23060248"", ""company_name"": ""全家便利商店股份有限公司"", ""updated_date"": ""1141120"", ""branch_status"": ""01"", ""established_date"": ""1140829""}"
28981139,台南市第二一○分公司,統一超商股份有限公司,北區,臺南市北區大和里23鄰大港街140號1樓,台南市北區大和里23鄰大港街140號,NONE,NONE,"{""branch_id"": ""28981139"", ""company_id"": ""22555003"", ""company_name"": ""統一超商股份有限公司"", ""updated_date"": ""1120105"", ""branch_status"": ""01"", ""established_date"": ""0980713""}"
90417844,台南市第二七八分公司,全家便利商店股份有限公司,北區,臺南市北區仁愛里林森路三段157號,台南市北區仁愛里林森路3段157號,NONE,NONE,"{""branch_id"": ""90417844"", ""company_id"": ""23060248"", ""company_name"": ""全家便利商店股份有限公司"", ""updated_date"": ""1141124"", ""branch_status"": ""01"", ""established_date"": ""1100903""}"
51324137,台南市第二三一分公司,全家便利商店股份有限公司,北區,臺南市北區長德里長北街112號,台南市北區長德里長北街112號,NONE,NONE,"{""branch_id"": ""51324137"", ""company_id"": ""23060248"", ""company_name"": ""全家便利商店股份有限公司"", ""updated_date"": ""1141121"", ""branch_status"": ""01"", ""established_date"": ""1060308""}"
24817968,台南市第二九九分公司,統一超商股份有限公司,北區,臺南市北區元寶里北園街6-6號1樓,台南市北區元寶里北園街6號,NONE,NONE,"{""branch_id"": ""24817968"", ""company_id"": ""22555003"", ""company_name"": ""統一超商股份有限公司"", ""updated_date"": null, ""branch_status"": ""01"", ""established_date"": ""1080412""}"
53669614,台南市第二二一分公司,統一超商股份有限公司,北區,臺南市北區小東路307巷75、77號1樓,台南市北區小東路307巷75、77號,NONE,NONE,"{""branch_id"": ""53669614"", ""company_id"": ""22555003"", ""company_name"": ""統一超商股份有限公司"", ""updated_date"": null, ""branch_status"": ""01"", ""established_date"": ""1020423""}"
24790052,台南市第二五九分公司,統一超商股份有限公司,北區,臺南市北區成德里20鄰育德二路308號1樓,台南市北區成德里20鄰育德二路308號,NONE,NONE,"{""branch_id"": ""24790052"", ""company_id"": ""22555003"", ""company_name"": ""統一超商股份有限公司"", ""updated_date"": null, ""branch_status"": ""01"", ""established_date"": ""1040416""}"
51573000,台南市第二八一分公司,統一超商股份有限公司,北區,臺南市北區實踐里北門路三段47、49號1樓,台南市北區實踐里北門路3段47、49號,NONE,NONE,"{""branch_id"": ""51573000"", ""company_id"": ""22555003"", ""company_name"": ""統一超商股份有限公司"", ""updated_date"": null, ""branch_status"": ""01"", ""established_date"": ""1061205""}"
51758702,台南市第二八六分公司,統一超商股份有限公司,北區,臺南市北區文元里文成路775號1樓,台南市北區文元里文成路775號,NONE,NONE,"{""branch_id"": ""51758702"", ""company_id"": ""22555003"", ""company_name"": ""統一超商股份有限公司"", ""updated_date"": null, ""branch_status"": ""01"", ""established_date"": ""1070525""}"
24791876,台南市第二六一分公司,統一超商股份有限公司,北區,臺南市北區公園里成功路54號1樓,台南市北區公園里成功路54號,NONE,NONE,"{""branch_id"": ""24791876"", ""company_id"": ""22555003"", ""company_name"": ""統一超商股份有限公司"", ""updated_date"": null, ""branch_status"": ""01"", ""established_date"": ""1040519""}"
54916037,台南市第二四七分公司,全家便利商店股份有限公司,北區,臺南市北區文元里海安路三段817號1樓,台南市北區文元里海安路3段817號,NONE,NONE,"{""branch_id"": ""54916037"", ""company_id"": ""23060248"", ""company_name"": ""全家便利商店股份有限公司"", ""updated_date"": ""1141124"", ""branch_status"": ""01"", ""established_date"": ""1080923""}"
70815540,台南市第八十二分公司,統一超商股份有限公司,北區,臺南市北區北門里公園南路71號,台南市北區北門里公園南路71號,NONE,NONE,"{""branch_id"": ""70815540"", ""company_id"": ""22555003"", ""company_name"": ""統一超商股份有限公司"", ""updated_date"": ""1080528"", ""branch_status"": ""01"", ""established_date"": ""0900816""}"
22656516,台南市第十二分公司,統一超商股份有限公司,北區,臺南市北區公園路1072之1、2、3號1樓,台南市北區公園路1072之1、2、3號,NONE,NONE,"{""branch_id"": ""22656516"", ""company_id"": ""22555003"", ""company_name"": ""統一超商股份有限公司"", ""updated_date"": ""1051227"", ""branch_status"": ""01"", ""established_date"": ""0760622""}"
22656558,台南市第十六分公司,統一超商股份有限公司,北區,臺南市北區公園路599之11號1樓,台南市北區公園路599之11號,NONE,NONE,"{""branch_id"": ""22656558"", ""company_id"": ""22555003"", ""company_name"": ""統一超商股份有限公司"", ""updated_date"": ""1051227"", ""branch_status"": ""01"", ""established_date"": ""0760622""}"
22656494,台南市第十分公司,統一超商股份有限公司,北區,臺南市北區北園街78、78-1、78-2、78-3號1樓,台南市北區北園街78、78-1、78-2、78號,NONE,NONE,"{""branch_id"": ""22656494"", ""company_id"": ""22555003"", ""company_name"": ""統一超商股份有限公司"", ""updated_date"": ""1120105"", ""branch_status"": ""01"", ""established_date"": ""0760622""}"
94273904,台南市第四五五分公司,統一超商股份有限公司,北區,臺南市北區中華北路一段78巷53號1樓,台南市北區中華北路1段78巷53號,NONE,NONE,"{""branch_id"": ""94273904"", ""company_id"": ""22555003"", ""company_name"": ""統一超商股份有限公司"", ""updated_date"": null, ""branch_status"": ""01"", ""established_date"": ""1121019""}"
00208125,台南市第四八四分公司,統一超商股份有限公司,北區,臺南市北區北華里成功路114號1樓,台南市北區北華里成功路114號,NONE,NONE,"{""branch_id"": ""00208125"", ""company_id"": ""22555003"", ""company_name"": ""統一超商股份有限公司"", ""updated_date"": null, ""branch_status"": ""01"", ""established_date"": ""1131226""}"
80337441,台南延平分公司,全聯實業股份有限公司,北區,臺南市北區延平里公園路798號1樓,台南市北區延平里公園路798號,NONE,NONE,"{""branch_id"": ""80337441"", ""company_id"": ""16740494"", ""company_name"": ""全聯實業股份有限公司"", ""updated_date"": ""1090316"", ""branch_status"": ""01"", ""established_date"": ""0910628""}"
51710736,台南忠義分公司,全聯實業股份有限公司,北區,臺南市北區北華里忠義路3段85、87號,台南市北區北華里忠義路3段85、87號,NONE,NONE,"{""branch_id"": ""51710736"", ""company_id"": ""16740494"", ""company_name"": ""全聯實業股份有限公司"", ""updated_date"": ""1140502"", ""branch_status"": ""01"", ""established_date"": ""1070426""}"
90097687,台南文賢一分公司,全聯實業股份有限公司,北區,臺南市北區文成里文賢一路77號1樓,台南市北區文成里文賢一路77號,NONE,NONE,"{""branch_id"": ""90097687"", ""company_id"": ""16740494"", ""company_name"": ""全聯實業股份有限公司"", ""updated_date"": ""1120307"", ""branch_status"": ""01"", ""established_date"": ""1111006""}"
28417984,台南湖美分公司,全聯實業股份有限公司,北區,臺南市北區賢北里和緯路5段30號1樓,台南市北區賢北里和緯路5段30號,NONE,NONE,"{""branch_id"": ""28417984"", ""company_id"": ""16740494"", ""company_name"": ""全聯實業股份有限公司"", ""updated_date"": ""0970619"", ""branch_status"": ""01"", ""established_date"": ""0960703""}"
27247126,台南育德分公司,全家便利商店股份有限公司,北區,臺南市北區成德里育德路433號1樓,台南市北區成德里育德路433號,NONE,NONE,"{""branch_id"": ""27247126"", ""company_id"": ""23060248"", ""company_name"": ""全家便利商店股份有限公司"", ""updated_date"": ""1141121"", ""branch_status"": ""01"", ""established_date"": ""0931208""}"
83140317,台南西門分公司,全聯實業股份有限公司,北區,臺南市北區成德里西門路四段111號,台南市北區成德里西門路4段111號,NONE,NONE,"{""branch_id"": ""83140317"", ""company_id"": ""16740494"", ""company_name"": ""全聯實業股份有限公司"", ""updated_date"": ""1100713"", ""branch_status"": ""01"", ""established_date"": ""1090804""}"
70744763,台南長成分公司,全家便利商店股份有限公司,北區,臺南市北區重光里成功路212號1樓,台南市北區重光里成功路212號,NONE,NONE,"{""branch_id"": ""70744763"", ""company_id"": ""23060248"", ""company_name"": ""全家便利商店股份有限公司"", ""updated_date"": ""1141121"", ""branch_status"": ""01"", ""established_date"": ""0880720""}"
51766800,台南開元分公司,全聯實業股份有限公司,北區,臺南市北區長勝里開元路153號,台南市北區長勝里開元路153號,NONE,NONE,"{""branch_id"": ""51766800"", ""company_id"": ""16740494"", ""company_name"": ""全聯實業股份有限公司"", ""updated_date"": ""1140108"", ""branch_status"": ""01"", ""established_date"": ""1070530""}"
94016722,第五O八八分公司,萊爾富國際股份有限公司,北區,臺南市北區和緯路4段95巷65號1樓,台南市北區和緯路4段95巷65號,NONE,NONE,"{""branch_id"": ""94016722"", ""company_id"": ""23285582"", ""company_name"": ""萊爾富國際股份有限公司"", ""updated_date"": ""1121127"", ""branch_status"": ""01"", ""established_date"": ""1120426""}"
60405091,第五五四五分公司,萊爾富國際股份有限公司,北區,臺南市北區開元路485巷37號1樓及39號1樓,台南市北區開元路485巷37號,NONE,NONE,"{""branch_id"": ""60405091"", ""company_id"": ""23285582"", ""company_name"": ""萊爾富國際股份有限公司"", ""updated_date"": null, ""branch_status"": ""01"", ""established_date"": ""1141217""}"
80023672,台南縣第一三四分公司,統一超商股份有限公司,北門區,臺南市北門區鯤江村蚵寮841之1號1樓,台南市北門區鯤江村蚵寮841之1號,NONE,NONE,"{""branch_id"": ""80023672"", ""company_id"": ""22555003"", ""company_name"": ""統一超商股份有限公司"", ""updated_date"": ""1120105"", ""branch_status"": ""01"", ""established_date"": ""0920610""}"
24793305,第四二八一分公司,萊爾富國際股份有限公司,北門區,臺南市北門區永隆里北門1號1樓,台南市北門區永隆里北門1號,NONE,NONE,"{""branch_id"": ""24793305"", ""company_id"": ""23285582"", ""company_name"": ""萊爾富國際股份有限公司"", ""updated_date"": ""1121122"", ""branch_status"": ""01"", ""established_date"": ""1040615""}"
51780900,台南市第二八七分公司,統一超商股份有限公司,南化區,臺南市南化區南化里128號1樓,台南市南化區南化里128號,NONE,NONE,"{""branch_id"": ""51780900"", ""company_id"": ""22555003"", ""company_name"": ""統一超商股份有限公司"", ""updated_date"": null, ""branch_status"": ""01"", ""established_date"": ""1070601""}"
91052408,第四八九九分公司,萊爾富國際股份有限公司,南化區,臺南市南化區北寮里北寮11號1樓,台南市南化區北寮里北寮11號,NONE,NONE,"{""branch_id"": ""91052408"", ""company_id"": ""23285582"", ""company_name"": ""萊爾富國際股份有限公司"", ""updated_date"": ""1121123"", ""branch_status"": ""01"", ""established_date"": ""1100713""}"
80355496,台南南慶分公司,萊爾富國際股份有限公司,南區,臺南市南區田寮里西門路一段二七七號一樓,台南市南區田寮里西門路1段二七七號,NONE,NONE,"{""branch_id"": ""80355496"", ""company_id"": ""23285582"", ""company_name"": ""萊爾富國際股份有限公司"", ""updated_date"": ""1121121"", ""branch_status"": ""01"", ""established_date"": ""0920304""}"
96976725,台南巿第３２分公司,統一超商股份有限公司,南區,臺南市南區南都里中華南路二段３１７、３１９號１樓,台南市南區南都里中華南路2段317、319號,NONE,NONE,"{""branch_id"": ""96976725"", ""company_id"": ""22555003"", ""company_name"": ""統一超商股份有限公司"", ""updated_date"": ""1130328"", ""branch_status"": ""01"", ""established_date"": ""0850425""}"
84254647,台南巿第五十二分公司,統一超商股份有限公司,南區,臺南市南區日新里十鄰新興路441、443號1樓,台南市南區日新里十鄰新興路441、443號,NONE,NONE,"{""branch_id"": ""84254647"", ""company_id"": ""22555003"", ""company_name"": ""統一超商股份有限公司"", ""updated_date"": ""1120105"", ""branch_status"": ""01"", ""established_date"": ""0820426""}"
23827448,台南巿第四十六分公司,統一超商股份有限公司,南區,臺南市南區大恩里國民路152號1樓,台南市南區大恩里國民路152號,NONE,NONE,"{""branch_id"": ""23827448"", ""company_id"": ""22555003"", ""company_name"": ""統一超商股份有限公司"", ""updated_date"": ""1100601"", ""branch_status"": ""01"", ""established_date"": ""0791005""}"
70762620,台南市第一四三分公司,統一超商股份有限公司,南區,臺南市南區彰南里新樂路七十二號一樓,台南市南區彰南里新樂路七十二號,NONE,NONE,"{""branch_id"": ""70762620"", ""company_id"": ""22555003"", ""company_name"": ""統一超商股份有限公司"", ""updated_date"": ""1130328"", ""branch_status"": ""01"", ""established_date"": ""0890125""}"
54912031,台南市第三０一分公司,統一超商股份有限公司,南區,臺南市南區文華里金華路2段341號1樓,台南市南區文華里金華路2段341號,NONE,NONE,"{""branch_id"": ""54912031"", ""company_id"": ""22555003"", ""company_name"": ""統一超商股份有限公司"", ""updated_date"": null, ""branch_status"": ""01"", ""established_date"": ""1080517""}"
54912068,台南市第三０二分公司,統一超商股份有限公司,南區,臺南市南區明德里大成路1段128號1樓,台南市南區明德里大成路1段128號,NONE,NONE,"{""branch_id"": ""54912068"", ""company_id"": ""22555003"", ""company_name"": ""統一超商股份有限公司"", ""updated_date"": null, ""branch_status"": ""01"", ""established_date"": ""1080520""}"
54918231,台南市第三一六分公司,統一超商股份有限公司,南區,臺南市南區大同路2段136巷3號1樓,台南市南區大同路2段136巷3號,NONE,NONE,"{""branch_id"": ""54918231"", ""company_id"": ""22555003"", ""company_name"": ""統一超商股份有限公司"", ""updated_date"": null, ""branch_status"": ""01"", ""established_date"": ""1081113""}"
00091814,台南市第三○一分公司,全家便利商店股份有限公司,南區,臺南市南區光明里利南街227號,台南市南區光明里利南街227號,NONE,NONE,"{""branch_id"": ""00091814"", ""company_id"": ""23060248"", ""company_name"": ""全家便利商店股份有限公司"", ""updated_date"": ""1141120"", ""branch_status"": ""01"", ""established_date"": ""1131209""}"
90412708,台南市第三九七分公司,統一超商股份有限公司,南區,臺南市南區府南里永成路3段319號1樓,台南市南區府南里永成路3段319號,NONE,NONE,"{""branch_id"": ""90412708"", ""company_id"": ""22555003"", ""company_name"": ""統一超商股份有限公司"", ""updated_date"": null, ""branch_status"": ""01"", ""established_date"": ""1101028""}"
54382862,台南市第二一0分公司,全家便利商店股份有限公司,南區,臺南市南區大同路二段136巷2號,台南市南區大同路2段136巷2號,NONE,NONE,"{""branch_id"": ""54382862"", ""company_id"": ""23060248"", ""company_name"": ""全家便利商店股份有限公司"", ""updated_date"": ""1141121"", ""branch_status"": ""01"", ""established_date"": ""1030523""}"
28991538,台南市第二一二分公司,統一超商股份有限公司,南區,臺南市南區白雪里金華路1段235號1樓,台南市南區白雪里金華路1段235號,NONE,NONE,"{""branch_id"": ""28991538"", ""company_id"": ""22555003"", ""company_name"": ""統一超商股份有限公司"", ""updated_date"": ""1120105"", ""branch_status"": ""01"", ""established_date"": ""0990226""}"
90728447,台南市第二七○分公司,全家便利商店股份有限公司,南區,臺南市南區郡南里德興路47之1號,台南市南區郡南里德興路47之1號,NONE,NONE,"{""branch_id"": ""90728447"", ""company_id"": ""23060248"", ""company_name"": ""全家便利商店股份有限公司"", ""updated_date"": ""1141120"", ""branch_status"": ""01"", ""established_date"": ""1100311""}"
54378038,台南市第二三九分公司,統一超商股份有限公司,南區,臺南市南區大忠里中華南路1段178號1樓,台南市南區大忠里中華南路1段178號,NONE,NONE,"{""branch_id"": ""54378038"", ""company_id"": ""22555003"", ""company_name"": ""統一超商股份有限公司"", ""updated_date"": null, ""branch_status"": ""01"", ""established_date"": ""1030226""}"
51665606,台南市第二三六分公司,全家便利商店股份有限公司,南區,臺南市南區喜北里喜樹路220號,台南市南區喜北里喜樹路220號,NONE,NONE,"{""branch_id"": ""51665606"", ""company_id"": ""23060248"", ""company_name"": ""全家便利商店股份有限公司"", ""updated_date"": ""1141124"", ""branch_status"": ""01"", ""established_date"": ""1070306""}"
24816659,台南市第二九五分公司,統一超商股份有限公司,南區,臺南市南區佛壇里明興路1322號1樓,台南市南區佛壇里明興路1322號,NONE,NONE,"{""branch_id"": ""24816659"", ""company_id"": ""22555003"", ""company_name"": ""統一超商股份有限公司"", ""updated_date"": null, ""branch_status"": ""01"", ""established_date"": ""1080223""}"
93703960,台南市第二九六分公司,全家便利商店股份有限公司,南區,臺南市南區興農里萬年七街196號,台南市南區興農里萬年七街196號,NONE,NONE,"{""branch_id"": ""93703960"", ""company_id"": ""23060248"", ""company_name"": ""全家便利商店股份有限公司"", ""updated_date"": ""1141120"", ""branch_status"": ""01"", ""established_date"": ""1130411""}"
83477796,台南市第二五七分公司,全家便利商店股份有限公司,南區,臺南市南區新興里三官路9號,台南市南區新興里三官路9號,NONE,NONE,"{""branch_id"": ""83477796"", ""company_id"": ""23060248"", ""company_name"": ""全家便利商店股份有限公司"", ""updated_date"": ""1141124"", ""branch_status"": ""01"", ""established_date"": ""1090305""}"
82948600,台南市第二六八分公司,全家便利商店股份有限公司,南區,臺南市南區興農里萬年五街266號、268號1樓,台南市南區興農里萬年五街266號,NONE,NONE,"{""branch_id"": ""82948600"", ""company_id"": ""23060248"", ""company_name"": ""全家便利商店股份有限公司"", ""updated_date"": ""1141121"", ""branch_status"": ""01"", ""established_date"": ""1091210""}"
83152452,台南市第二六四分公司,全家便利商店股份有限公司,南區,臺南市南區金華里健康路二段273號、275號1樓,台南市南區金華里健康路2段273號,NONE,NONE,"{""branch_id"": ""83152452"", ""company_id"": ""23060248"", ""company_name"": ""全家便利商店股份有限公司"", ""updated_date"": ""1141121"", ""branch_status"": ""01"", ""established_date"": ""1090903""}"
84895740,台南市第六十分公司,統一超商股份有限公司,南區,臺南市南區新昌里西門路一段553號1樓,台南市南區新昌里西門路1段553號,NONE,NONE,"{""branch_id"": ""84895740"", ""company_id"": ""22555003"", ""company_name"": ""統一超商股份有限公司"", ""updated_date"": ""1100524"", ""branch_status"": ""01"", ""established_date"": ""0830820""}"
90218541,台南市第四０六分公司,統一超商股份有限公司,南區,臺南市南區省躬里萬年七街380號1樓,台南市南區省躬里萬年七街380號,NONE,NONE,"{""branch_id"": ""90218541"", ""company_id"": ""22555003"", ""company_name"": ""統一超商股份有限公司"", ""updated_date"": null, ""branch_status"": ""01"", ""established_date"": ""1101229""}"
97520111,台南市第四七四分公司,統一超商股份有限公司,南區,臺南市南區開南里21鄰新和東路138號1樓,台南市南區開南里21鄰新和東路138號,NONE,NONE,"{""branch_id"": ""97520111"", ""company_id"": ""22555003"", ""company_name"": ""統一超商股份有限公司"", ""updated_date"": null, ""branch_status"": ""01"", ""established_date"": ""1130613""}"
93704525,台南市第四六九分公司,統一超商股份有限公司,南區,臺南市南區興農里萬年七街85號1樓,台南市南區興農里萬年七街85號,NONE,NONE,"{""branch_id"": ""93704525"", ""company_id"": ""22555003"", ""company_name"": ""統一超商股份有限公司"", ""updated_date"": null, ""branch_status"": ""01"", ""established_date"": ""1130418""}"
70792217,台南市第四十五分公司,統一超商股份有限公司,南區,臺南市南區中和里五鄰灣裡路二六五號一樓,台南市南區中和里五鄰灣裡路二六五號,NONE,NONE,"{""branch_id"": ""70792217"", ""company_id"": ""22555003"", ""company_name"": ""統一超商股份有限公司"", ""updated_date"": ""1130328"", ""branch_status"": ""01"", ""established_date"": ""0891204""}"
96752979,台南新和東分公司,全聯實業股份有限公司,南區,臺南市南區開南里新和東路155、155之1號1樓,台南市南區開南里新和東路155、155之1號,NONE,NONE,"{""branch_id"": ""96752979"", ""company_id"": ""16740494"", ""company_name"": ""全聯實業股份有限公司"", ""updated_date"": null, ""branch_status"": ""01"", ""established_date"": ""1130812""}"
24802634,台南明興分公司,全聯實業股份有限公司,南區,臺南市南區明興路53、55、57號,台南市南區明興路53、55、57號,NONE,NONE,"{""branch_id"": ""24802634"", ""company_id"": ""16740494"", ""company_name"": ""全聯實業股份有限公司"", ""updated_date"": null, ""branch_status"": ""01"", ""established_date"": ""1041126""}"
90270270,台南興昌分公司,全聯實業股份有限公司,南區,臺南市南區大成里興昌路38巷1號,台南市南區大成里興昌路38巷1號,NONE,NONE,"{""branch_id"": ""90270270"", ""company_id"": ""16740494"", ""company_name"": ""全聯實業股份有限公司"", ""updated_date"": ""1150106"", ""branch_status"": ""01"", ""established_date"": ""1110609""}"
70779919,台南華興分公司,全家便利商店股份有限公司,南區,臺南市南區明興里中華南路二段110號1樓,台南市南區明興里中華南路2段110號,NONE,NONE,"{""branch_id"": ""70779919"", ""company_id"": ""23060248"", ""company_name"": ""全家便利商店股份有限公司"", ""updated_date"": ""1141121"", ""branch_status"": ""01"", ""established_date"": ""0890714""}"
94184895,台南萬年五分公司,全聯實業股份有限公司,南區,臺南市南區省躬里萬年五街270號,台南市南區省躬里萬年五街270號,NONE,NONE,"{""branch_id"": ""94184895"", ""company_id"": ""16740494"", ""company_name"": ""全聯實業股份有限公司"", ""updated_date"": ""1131115"", ""branch_status"": ""01"", ""established_date"": ""1121004""}"
28973855,台南鹽埕分公司,全聯實業股份有限公司,南區,臺南市南區日新里金華路1段367號1樓,台南市南區日新里金華路1段367號,NONE,NONE,"{""branch_id"": ""28973855"", ""company_id"": ""16740494"", ""company_name"": ""全聯實業股份有限公司"", ""updated_date"": ""1070323"", ""branch_status"": ""01"", ""established_date"": ""0980107""}"
27936896,第３１４６分公司,萊爾富國際股份有限公司,南區,臺南市南區郡南里德興路１號１樓,台南市南區郡南里德興路1號,NONE,NONE,"{""branch_id"": ""27936896"", ""company_id"": ""23285582"", ""company_name"": ""萊爾富國際股份有限公司"", ""updated_date"": ""1121122"", ""branch_status"": ""01"", ""established_date"": ""0950329""}"
28428764,第三五二二分公司,萊爾富國際股份有限公司,南區,臺南市南區開南里新建路37巷2號1樓,台南市南區開南里新建路37巷2號,NONE,NONE,"{""branch_id"": ""28428764"", ""company_id"": ""23285582"", ""company_name"": ""萊爾富國際股份有限公司"", ""updated_date"": ""1121121"", ""branch_status"": ""01"", ""established_date"": ""0970107""}"
53654393,第四0三二分公司,萊爾富國際股份有限公司,南區,臺南市南區南華里中華南路2段294號、296號、298號1樓,台南市南區南華里中華南路2段294號,NONE,NONE,"{""branch_id"": ""53654393"", ""company_id"": ""23285582"", ""company_name"": ""萊爾富國際股份有限公司"", ""updated_date"": ""1121122"", ""branch_status"": ""01"", ""established_date"": ""1010803""}"
90678283,台南市第二七四分公司,全家便利商店股份有限公司,善化區,臺南市善化區胡家里胡厝寮29之6號,台南市善化區胡家里胡厝寮29之6號,NONE,NONE,"{""branch_id"": ""90678283"", ""company_id"": ""23060248"", ""company_name"": ""全家便利商店股份有限公司"", ""updated_date"": ""1141203"", ""branch_status"": ""01"", ""established_date"": ""1100517""}"
51238007,台南市第二三0分公司,全家便利商店股份有限公司,善化區,臺南市善化區坐駕里建國路38號,台南市善化區坐駕里建國路38號,NONE,NONE,"{""branch_id"": ""51238007"", ""company_id"": ""23060248"", ""company_name"": ""全家便利商店股份有限公司"", ""updated_date"": ""1141203"", ""branch_status"": ""01"", ""established_date"": ""1051221""}"
93783942,台南市第二九三分公司,全家便利商店股份有限公司,善化區,臺南市善化區蓮潭里蓮潭北三街218號,台南市善化區蓮潭里蓮潭北三街218號,NONE,NONE,"{""branch_id"": ""93783942"", ""company_id"": ""23060248"", ""company_name"": ""全家便利商店股份有限公司"", ""updated_date"": ""1141203"", ""branch_status"": ""01"", ""established_date"": ""1120517""}"
53677332,台南市第二二六分公司,統一超商股份有限公司,善化區,臺南市善化區嘉北里13鄰352號1樓,台南市善化區嘉北里13鄰352號,NONE,NONE,"{""branch_id"": ""53677332"", ""company_id"": ""22555003"", ""company_name"": ""統一超商股份有限公司"", ""updated_date"": null, ""branch_status"": ""01"", ""established_date"": ""1020903""}"
51867808,台南市第二八九分公司,統一超商股份有限公司,善化區,臺南市善化區文昌里中正路385號1樓,台南市善化區文昌里中正路385號,NONE,NONE,"{""branch_id"": ""51867808"", ""company_id"": ""22555003"", ""company_name"": ""統一超商股份有限公司"", ""updated_date"": null, ""branch_status"": ""01"", ""established_date"": ""1070807""}"
83173415,台南市第二六六分公司,全家便利商店股份有限公司,善化區,臺南市善化區文昌里中興路149號,台南市善化區文昌里中興路149號,NONE,NONE,"{""branch_id"": ""83173415"", ""company_id"": ""23060248"", ""company_name"": ""全家便利商店股份有限公司"", ""updated_date"": ""1141203"", ""branch_status"": ""01"", ""established_date"": ""1091109""}"
54387091,台南市第二四五分公司,統一超商股份有限公司,善化區,臺南市善化區光文里中山路143-2號1樓,台南市善化區光文里中山路143號,NONE,NONE,"{""branch_id"": ""54387091"", ""company_id"": ""22555003"", ""company_name"": ""統一超商股份有限公司"", ""updated_date"": null, ""branch_status"": ""01"", ""established_date"": ""1030730""}"
90218423,台南市第四０五分公司,統一超商股份有限公司,善化區,臺南市善化區光文里中山路243號1樓,台南市善化區光文里中山路243號,NONE,NONE,"{""branch_id"": ""90218423"", ""company_id"": ""22555003"", ""company_name"": ""統一超商股份有限公司"", ""updated_date"": null, ""branch_status"": ""01"", ""established_date"": ""1101227""}"
90358562,台南市第四二二分公司,統一超商股份有限公司,善化區,臺南市善化區蓮潭里陽光大道587、589號1樓,台南市善化區蓮潭里陽光大道587、589號,NONE,NONE,"{""branch_id"": ""90358562"", ""company_id"": ""22555003"", ""company_name"": ""統一超商股份有限公司"", ""updated_date"": null, ""branch_status"": ""01"", ""established_date"": ""1110719""}"
97615616,台南市第四八八分公司,統一超商股份有限公司,善化區,臺南市善化區昌隆里東勢寮186-9號1樓,台南市善化區昌隆里東勢寮186號,NONE,NONE,"{""branch_id"": ""97615616"", ""company_id"": ""22555003"", ""company_name"": ""統一超商股份有限公司"", ""updated_date"": null, ""branch_status"": ""01"", ""established_date"": ""1140326""}"
93502099,台南市第四六二分公司,統一超商股份有限公司,善化區,臺南市善化區胡家里胡厝寮30-3號1樓,台南市善化區胡家里胡厝寮30號,NONE,NONE,"{""branch_id"": ""93502099"", ""company_id"": ""22555003"", ""company_name"": ""統一超商股份有限公司"", ""updated_date"": null, ""branch_status"": ""01"", ""established_date"": ""1130112""}"
16448863,台南縣第７３分公司,統一超商股份有限公司,善化區,臺南市善化區小新里成功路２–２號,台南市善化區小新里成功路2–2號,NONE,NONE,"{""branch_id"": ""16448863"", ""company_id"": ""22555003"", ""company_name"": ""統一超商股份有限公司"", ""updated_date"": ""1130328"", ""branch_status"": ""01"", ""established_date"": ""0870604""}"
16840938,台南縣第９８分公司,統一超商股份有限公司,善化區,臺南市善化區坐駕里中正路三八六號一樓,台南市善化區坐駕里中正路三八六號,NONE,NONE,"{""branch_id"": ""16840938"", ""company_id"": ""22555003"", ""company_name"": ""統一超商股份有限公司"", ""updated_date"": ""1130328"", ""branch_status"": ""01"", ""established_date"": ""0880415""}"
27933841,台南縣第一七八分公司,統一超商股份有限公司,善化區,臺南市善化區坐駕里12鄰大成路319號,台南市善化區坐駕里12鄰大成路319號,NONE,NONE,"{""branch_id"": ""27933841"", ""company_id"": ""22555003"", ""company_name"": ""統一超商股份有限公司"", ""updated_date"": ""1120105"", ""branch_status"": ""01"", ""established_date"": ""0950120""}"
27245611,台南縣第一五四分公司,統一超商股份有限公司,善化區,臺南市善化區文正里興農路4號1樓,台南市善化區文正里興農路4號,NONE,NONE,"{""branch_id"": ""27245611"", ""company_id"": ""22555003"", ""company_name"": ""統一超商股份有限公司"", ""updated_date"": ""1120105"", ""branch_status"": ""01"", ""established_date"": ""0931108""}"
27938445,台南縣第一八八分公司,統一超商股份有限公司,善化區,臺南市善化區什乃里10鄰什乃190號,台南市善化區什乃里10鄰什乃190號,NONE,NONE,"{""branch_id"": ""27938445"", ""company_id"": ""22555003"", ""company_name"": ""統一超商股份有限公司"", ""updated_date"": ""1120105"", ""branch_status"": ""01"", ""established_date"": ""0950426""}"
27257720,台南縣第一六八分公司,統一超商股份有限公司,善化區,臺南市善化區田寮里7鄰六分寮74-1號1樓,台南市善化區田寮里7鄰六分寮74號,NONE,NONE,"{""branch_id"": ""27257720"", ""company_id"": ""22555003"", ""company_name"": ""統一超商股份有限公司"", ""updated_date"": ""1120105"", ""branch_status"": ""01"", ""established_date"": ""0940614""}"
16837027,台南縣第九十三分公司,統一超商股份有限公司,善化區,臺南市善化區北關里中山路518號,台南市善化區北關里中山路518號,NONE,NONE,"{""branch_id"": ""16837027"", ""company_id"": ""22555003"", ""company_name"": ""統一超商股份有限公司"", ""updated_date"": ""1130328"", ""branch_status"": ""01"", ""established_date"": ""0880301""}"
28435385,台南縣第二二七分公司,統一超商股份有限公司,善化區,臺南市善化區小新里7鄰成功路173之1號1樓,台南市善化區小新里7鄰成功路173之1號,NONE,NONE,"{""branch_id"": ""28435385"", ""company_id"": ""22555003"", ""company_name"": ""統一超商股份有限公司"", ""updated_date"": ""1120105"", ""branch_status"": ""01"", ""established_date"": ""0970527""}"
89131482,善化中山分公司,全聯實業股份有限公司,善化區,臺南市善化區光文里中山路78號及80號1、2樓,台南市善化區光文里中山路78號,NONE,NONE,"{""branch_id"": ""89131482"", ""company_id"": ""16740494"", ""company_name"": ""全聯實業股份有限公司"", ""updated_date"": null, ""branch_status"": ""01"", ""established_date"": ""1111223""}"
27246251,善化住華分公司,全家便利商店股份有限公司,善化區,臺南市善化區南關里環東路二段32號2樓,台南市善化區南關里環東路2段32號,NONE,NONE,"{""branch_id"": ""27246251"", ""company_id"": ""23060248"", ""company_name"": ""全家便利商店股份有限公司"", ""updated_date"": ""1141203"", ""branch_status"": ""01"", ""established_date"": ""0931123""}"
27253891,善化光文分公司,全家便利商店股份有限公司,善化區,臺南市善化區光文里中山路99號1樓,台南市善化區光文里中山路99號,NONE,NONE,"{""branch_id"": ""27253891"", ""company_id"": ""23060248"", ""company_name"": ""全家便利商店股份有限公司"", ""updated_date"": ""1141203"", ""branch_status"": ""01"", ""established_date"": ""0940414""}"
53028203,善化和平分公司,全家便利商店股份有限公司,善化區,臺南市善化區中山路231之6號1樓,台南市善化區中山路231之6號,NONE,NONE,"{""branch_id"": ""53028203"", ""company_id"": ""23060248"", ""company_name"": ""全家便利商店股份有限公司"", ""updated_date"": ""1141203"", ""branch_status"": ""01"", ""established_date"": ""1010330""}"
90303336,善化善新分公司,全聯實業股份有限公司,善化區,臺南市善化區蓮潭里目加溜灣大道427、429號,台南市善化區蓮潭里目加溜灣大道427、429號,NONE,NONE,"{""branch_id"": ""90303336"", ""company_id"": ""16740494"", ""company_name"": ""全聯實業股份有限公司"", ""updated_date"": ""1130612"", ""branch_status"": ""01"", ""established_date"": ""1110905""}"
27930197,善化正國分公司,全家便利商店股份有限公司,善化區,臺南市善化區文昌里中正路160號1樓,台南市善化區文昌里中正路160號,NONE,NONE,"{""branch_id"": ""27930197"", ""company_id"": ""23060248"", ""company_name"": ""全家便利商店股份有限公司"", ""updated_date"": ""1141203"", ""branch_status"": ""01"", ""established_date"": ""0941202""}"
90181930,台南市第四一四分公司,統一超商股份有限公司,大內區,臺南市大內區內庄172-8號1樓,台南市大內區內庄172號,NONE,NONE,"{""branch_id"": ""90181930"", ""company_id"": ""22555003"", ""company_name"": ""統一超商股份有限公司"", ""updated_date"": null, ""branch_status"": ""01"", ""established_date"": ""1110323""}"
28437031,台南縣第二三０分公司,統一超商股份有限公司,大內區,臺南市大內區石城村16鄰石子瀨122之153號1樓,台南市大內區石城村16鄰石子瀨122之153號,NONE,NONE,"{""branch_id"": ""28437031"", ""company_id"": ""22555003"", ""company_name"": ""統一超商股份有限公司"", ""updated_date"": ""1120105"", ""branch_status"": ""01"", ""established_date"": ""0970710""}"
54398858,台南市第一一四分公司,統一超商股份有限公司,學甲區,臺南市學甲區仁得里01鄰華宗路321號1樓,台南市學甲區仁得里01鄰華宗路321號,NONE,NONE,"{""branch_id"": ""54398858"", ""company_id"": ""22555003"", ""company_name"": ""統一超商股份有限公司"", ""updated_date"": null, ""branch_status"": ""01"", ""established_date"": ""1040313""}"
96797552,台南市第五四０分公司,統一超商股份有限公司,學甲區,臺南市學甲區光華里中洲571號1樓,台南市學甲區光華里中洲571號,NONE,NONE,"{""branch_id"": ""96797552"", ""company_id"": ""22555003"", ""company_name"": ""統一超商股份有限公司"", ""updated_date"": null, ""branch_status"": ""01"", ""established_date"": ""1140124""}"
16433897,台南縣第５９分公司,統一超商股份有限公司,學甲區,臺南市學甲區慈生里１鄰中正路２９８號１樓,台南市學甲區慈生里1鄰中正路298號,NONE,NONE,"{""branch_id"": ""16433897"", ""company_id"": ""22555003"", ""company_name"": ""統一超商股份有限公司"", ""updated_date"": ""1130328"", ""branch_status"": ""01"", ""established_date"": ""0861226""}"
27239391,學甲狀元分公司,全家便利商店股份有限公司,學甲區,臺南市學甲區西明里中山路183號之6.一樓,台南市學甲區西明里中山路183號,NONE,NONE,"{""branch_id"": ""27239391"", ""company_id"": ""23060248"", ""company_name"": ""全家便利商店股份有限公司"", ""updated_date"": ""1141203"", ""branch_status"": ""01"", ""established_date"": ""0930721""}"
83202798,台南公學分公司,全聯實業股份有限公司,安南區,臺南市安南區佃東里公學路四段29、31號,台南市安南區佃東里公學路4段29、31號,NONE,NONE,"{""branch_id"": ""83202798"", ""company_id"": ""16740494"", ""company_name"": ""全聯實業股份有限公司"", ""updated_date"": ""1120208"", ""branch_status"": ""01"", ""established_date"": ""1091230""}"
28981905,台南培安分公司,全聯實業股份有限公司,安南區,臺南市安南區安西里安和路一段463號1樓,台南市安南區安西里安和路1段463號,NONE,NONE,"{""branch_id"": ""28981905"", ""company_id"": ""16740494"", ""company_name"": ""全聯實業股份有限公司"", ""updated_date"": ""1141209"", ""branch_status"": ""01"", ""established_date"": ""0980803""}"
27251508,台南大安分公司,全家便利商店股份有限公司,安南區,臺南市安南區大安里大安街140號1樓,台南市安南區大安里大安街140號,NONE,NONE,"{""branch_id"": ""27251508"", ""company_id"": ""23060248"", ""company_name"": ""全家便利商店股份有限公司"", ""updated_date"": ""1141124"", ""branch_status"": ""01"", ""established_date"": ""0940225""}"
28971940,台南安中分公司,全聯實業股份有限公司,安南區,臺南市安南區鳳凰里安中路1段872號1樓,台南市安南區鳳凰里安中路1段872號,NONE,NONE,"{""branch_id"": ""28971940"", ""company_id"": ""16740494"", ""company_name"": ""全聯實業股份有限公司"", ""updated_date"": ""1090311"", ""branch_status"": ""01"", ""established_date"": ""0971119""}"
70773366,台南安中分公司,全家便利商店股份有限公司,安南區,臺南市安南區梅花里安中路一段699巷1號1樓,台南市安南區梅花里安中路1段699巷1號,NONE,NONE,"{""branch_id"": ""70773366"", ""company_id"": ""23060248"", ""company_name"": ""全家便利商店股份有限公司"", ""updated_date"": ""1141124"", ""branch_status"": ""01"", ""established_date"": ""0890520""}"
70785497,台南安南分公司,全家便利商店股份有限公司,安南區,臺南市安南區溪墘里海佃路一段160號1樓,台南市安南區溪墘里海佃路1段160號,NONE,NONE,"{""branch_id"": ""70785497"", ""company_id"": ""23060248"", ""company_name"": ""全家便利商店股份有限公司"", ""updated_date"": ""1141124"", ""branch_status"": ""01"", ""established_date"": ""0890918""}"
80345293,台南安和分公司,全聯實業股份有限公司,安南區,臺南市安南區安和路五段308、310、312、316、318、320號,台南市安南區安和路5段308、310、312、316、318、320號,NONE,NONE,"{""branch_id"": ""80345293"", ""company_id"": ""16740494"", ""company_name"": ""全聯實業股份有限公司"", ""updated_date"": ""1041002"", ""branch_status"": ""01"", ""established_date"": ""0911015""}"
51164997,台南安富分公司,全聯實業股份有限公司,安南區,臺南市安南區安富里安富街346號,台南市安南區安富里安富街346號,NONE,NONE,"{""branch_id"": ""51164997"", ""company_id"": ""16740494"", ""company_name"": ""全聯實業股份有限公司"", ""updated_date"": null, ""branch_status"": ""01"", ""established_date"": ""1051117""}"
27939577,台南安慶分公司,全家便利商店股份有限公司,安南區,臺南市安南區理想里大安街728號1樓,台南市安南區理想里大安街728號,NONE,NONE,"{""branch_id"": ""27939577"", ""company_id"": ""23060248"", ""company_name"": ""全家便利商店股份有限公司"", ""updated_date"": ""1141121"", ""branch_status"": ""01"", ""established_date"": ""0950516""}"
90670769,台南宜居分公司,全聯實業股份有限公司,安南區,臺南市安南區海南里宜居路239號,台南市安南區海南里宜居路239號,NONE,NONE,"{""branch_id"": ""90670769"", ""company_id"": ""16740494"", ""company_name"": ""全聯實業股份有限公司"", ""updated_date"": null, ""branch_status"": ""01"", ""established_date"": ""1110301""}"
83111495,台南州南分公司,全聯實業股份有限公司,安南區,臺南市安南區州南里安和路四段259、261號,台南市安南區州南里安和路4段259、261號,NONE,NONE,"{""branch_id"": ""83111495"", ""company_id"": ""16740494"", ""company_name"": ""全聯實業股份有限公司"", ""updated_date"": ""1091230"", ""branch_status"": ""01"", ""established_date"": ""1090901""}"
96979384,台南巿第４９分公司,統一超商股份有限公司,安南區,臺南市安南區州南里安和路四段５２０號１樓,台南市安南區州南里安和路4段520號,NONE,NONE,"{""branch_id"": ""96979384"", ""company_id"": ""22555003"", ""company_name"": ""統一超商股份有限公司"", ""updated_date"": ""1130328"", ""branch_status"": ""01"", ""established_date"": ""0850606""}"
89391971,台南巿第六十六分公司,統一超商股份有限公司,安南區,臺南市安南區淵中里安中路三段４３５．４３７號１樓,台南市安南區淵中里安中路3段435437號,NONE,NONE,"{""branch_id"": ""89391971"", ""company_id"": ""22555003"", ""company_name"": ""統一超商股份有限公司"", ""updated_date"": ""1100524"", ""branch_status"": ""01"", ""established_date"": ""0840331""}"
16637251,台南市第１１６分公司,統一超商股份有限公司,安南區,臺南市安南區溪頂里北安路二段122號1樓,台南市安南區溪頂里北安路2段122號,NONE,NONE,"{""branch_id"": ""16637251"", ""company_id"": ""22555003"", ""company_name"": ""統一超商股份有限公司"", ""updated_date"": ""1130328"", ""branch_status"": ""01"", ""established_date"": ""0870817""}"
24788675,台南市第一一五分公司,統一超商股份有限公司,安南區,臺南市安南區塭南里22鄰長和路2段12巷272號1樓,台南市安南區塭南里22鄰長和路2段12巷272號,NONE,NONE,"{""branch_id"": ""24788675"", ""company_id"": ""22555003"", ""company_name"": ""統一超商股份有限公司"", ""updated_date"": null, ""branch_status"": ""01"", ""established_date"": ""1040320""}"
80332826,台南市第一一八分公司,統一超商股份有限公司,安南區,臺南市安南區海東里大安街58、60、62、64號1樓,台南市安南區海東里大安街58、60、62、64號,NONE,NONE,"{""branch_id"": ""80332826"", ""company_id"": ""22555003"", ""company_name"": ""統一超商股份有限公司"", ""updated_date"": ""1120105"", ""branch_status"": ""01"", ""established_date"": ""0910430""}"
80337977,台南市第一三九分公司,統一超商股份有限公司,安南區,臺南市安南區安富里十鄰安富街341、343、345號1樓,台南市安南區安富里十鄰安富街341、343、345號,NONE,NONE,"{""branch_id"": ""80337977"", ""company_id"": ""22555003"", ""company_name"": ""統一超商股份有限公司"", ""updated_date"": ""1120105"", ""branch_status"": ""01"", ""established_date"": ""0910709""}"
28420221,台南市第一九一分公司,統一超商股份有限公司,安南區,臺南市安南區南興里公學路5段685號1樓,台南市安南區南興里公學路5段685號,NONE,NONE,"{""branch_id"": ""28420221"", ""company_id"": ""22555003"", ""company_name"": ""統一超商股份有限公司"", ""updated_date"": ""1120105"", ""branch_status"": ""01"", ""established_date"": ""0960829""}"
28427815,台南市第一九七分公司,統一超商股份有限公司,安南區,臺南市安南區理想里海佃路2段432號,台南市安南區理想里海佃路2段432號,NONE,NONE,"{""branch_id"": ""28427815"", ""company_id"": ""22555003"", ""company_name"": ""統一超商股份有限公司"", ""updated_date"": ""1120105"", ""branch_status"": ""01"", ""established_date"": ""0961225""}"
16834794,台南市第一二一分公司,統一超商股份有限公司,安南區,臺南市安南區州南里長和一街39號1樓,台南市安南區州南里長和一街39號,NONE,NONE,"{""branch_id"": ""16834794"", ""company_id"": ""22555003"", ""company_name"": ""統一超商股份有限公司"", ""updated_date"": ""1130328"", ""branch_status"": ""01"", ""established_date"": ""0880121""}"
27952017,台南市第一八五分公司,統一超商股份有限公司,安南區,臺南市安南區安慶里長溪路1段307號1樓,台南市安南區安慶里長溪路1段307號,NONE,NONE,"{""branch_id"": ""27952017"", ""company_id"": ""22555003"", ""company_name"": ""統一超商股份有限公司"", ""updated_date"": ""1120105"", ""branch_status"": ""01"", ""established_date"": ""0960124""}"
27254060,台南市第一六一分公司,統一超商股份有限公司,安南區,臺南市安南區塭南里7鄰安昌街101號1樓,台南市安南區塭南里7鄰安昌街101號,NONE,NONE,"{""branch_id"": ""27254060"", ""company_id"": ""22555003"", ""company_name"": ""統一超商股份有限公司"", ""updated_date"": ""1120105"", ""branch_status"": ""01"", ""established_date"": ""0940419""}"
27259641,台南市第一六三分公司,統一超商股份有限公司,安南區,臺南市安南區鹿耳里鹽田路2號1樓,台南市安南區鹿耳里鹽田路2號,NONE,NONE,"{""branch_id"": ""27259641"", ""company_id"": ""22555003"", ""company_name"": ""統一超商股份有限公司"", ""updated_date"": ""1120105"", ""branch_status"": ""01"", ""established_date"": ""0940720""}"
27923914,台南市第一六六分公司,統一超商股份有限公司,安南區,臺南市安南區府安路5段154、155、156號1樓,台南市安南區府安路5段154、155、156號,NONE,NONE,"{""branch_id"": ""27923914"", ""company_id"": ""22555003"", ""company_name"": ""統一超商股份有限公司"", ""updated_date"": ""1130628"", ""branch_status"": ""01"", ""established_date"": ""0940826""}"
80034586,台南市第一四七分公司,統一超商股份有限公司,安南區,臺南市安南區長安里長溪路三段399號1樓,台南市安南區長安里長溪路3段399號,NONE,NONE,"{""branch_id"": ""80034586"", ""company_id"": ""22555003"", ""company_name"": ""統一超商股份有限公司"", ""updated_date"": ""1120105"", ""branch_status"": ""01"", ""established_date"": ""0921204""}"
70770608,台南市第一四四分公司,統一超商股份有限公司,安南區,臺南市安南區安東里安和路一段三０八號,台南市安南區安東里安和路1段三0八號,NONE,NONE,"{""branch_id"": ""70770608"", ""company_id"": ""22555003"", ""company_name"": ""統一超商股份有限公司"", ""updated_date"": ""1130328"", ""branch_status"": ""01"", ""established_date"": ""0890425""}"
54912089,台南市第三０三分公司,統一超商股份有限公司,安南區,臺南市安南區溪心里安中路2段140號1樓,台南市安南區溪心里安中路2段140號,NONE,NONE,"{""branch_id"": ""54912089"", ""company_id"": ""22555003"", ""company_name"": ""統一超商股份有限公司"", ""updated_date"": null, ""branch_status"": ""01"", ""established_date"": ""1080520""}"
90682250,台南市第三七九分公司,統一超商股份有限公司,安南區,臺南市安南區學東里公學路六段679號1樓,台南市安南區學東里公學路6段679號,NONE,NONE,"{""branch_id"": ""90682250"", ""company_id"": ""22555003"", ""company_name"": ""統一超商股份有限公司"", ""updated_date"": null, ""branch_status"": ""01"", ""established_date"": ""1100407""}"
83360986,台南市第三六四分公司,統一超商股份有限公司,安南區,臺南市安南區溪東里府安路五段98巷56弄33號1樓,台南市安南區溪東里府安路5段98巷56弄33號,NONE,NONE,"{""branch_id"": ""83360986"", ""company_id"": ""22555003"", ""company_name"": ""統一超商股份有限公司"", ""updated_date"": null, ""branch_status"": ""01"", ""established_date"": ""1091229""}"
80341846,台南市第九十三分公司,統一超商股份有限公司,安南區,臺南市安南區淵東里十鄰安中路三段360號1樓,台南市安南區淵東里十鄰安中路3段360號,NONE,NONE,"{""branch_id"": ""80341846"", ""company_id"": ""22555003"", ""company_name"": ""統一超商股份有限公司"", ""updated_date"": ""1080528"", ""branch_status"": ""01"", ""established_date"": ""0910827""}"
27242918,台南市第九十二分公司,統一超商股份有限公司,安南區,臺南市安南區佃西里海佃路四段548號1樓,台南市安南區佃西里海佃路4段548號,NONE,NONE,"{""branch_id"": ""27242918"", ""company_id"": ""22555003"", ""company_name"": ""統一超商股份有限公司"", ""updated_date"": ""1120105"", ""branch_status"": ""01"", ""established_date"": ""0930914""}"
28973102,台南市第二０五分公司,統一超商股份有限公司,安南區,臺南市安南區海佃里海佃路1段239號1樓,台南市安南區海佃里海佃路1段239號,NONE,NONE,"{""branch_id"": ""28973102"", ""company_id"": ""22555003"", ""company_name"": ""統一超商股份有限公司"", ""updated_date"": ""1120105"", ""branch_status"": ""01"", ""established_date"": ""0971219""}"
54391996,台南市第二一二分公司,全家便利商店股份有限公司,安南區,臺南市安南區長和路二段12巷275號,台南市安南區長和路2段12巷275號,NONE,NONE,"{""branch_id"": ""54391996"", ""company_id"": ""23060248"", ""company_name"": ""全家便利商店股份有限公司"", ""updated_date"": ""1141121"", ""branch_status"": ""01"", ""established_date"": ""1031029""}"
90717292,台南市第二七一分公司,全家便利商店股份有限公司,安南區,臺南市安南區安西里安通路四段89號、90號,台南市安南區安西里安通路4段89號,NONE,NONE,"{""branch_id"": ""90717292"", ""company_id"": ""23060248"", ""company_name"": ""全家便利商店股份有限公司"", ""updated_date"": ""1141124"", ""branch_status"": ""01"", ""established_date"": ""1100329""}"
51540108,台南市第二七八分公司,統一超商股份有限公司,安南區,臺南市安南區國安里九份子大道6號1樓,台南市安南區國安里九份子大道6號,NONE,NONE,"{""branch_id"": ""51540108"", ""company_id"": ""22555003"", ""company_name"": ""統一超商股份有限公司"", ""updated_date"": null, ""branch_status"": ""01"", ""established_date"": ""1061018""}"
51449501,台南市第二七六分公司,統一超商股份有限公司,安南區,臺南市安南區新順里培安路155號1樓,台南市安南區新順里培安路155號,NONE,NONE,"{""branch_id"": ""51449501"", ""company_id"": ""22555003"", ""company_name"": ""統一超商股份有限公司"", ""updated_date"": null, ""branch_status"": ""01"", ""established_date"": ""1060718""}"
91073494,台南市第二七六分公司,全家便利商店股份有限公司,安南區,臺南市安南區學東里公學路六段615號,台南市安南區學東里公學路6段615號,NONE,NONE,"{""branch_id"": ""91073494"", ""company_id"": ""23060248"", ""company_name"": ""全家便利商店股份有限公司"", ""updated_date"": ""1141120"", ""branch_status"": ""01"", ""established_date"": ""1100604""}"
51376401,台南市第二七四分公司,統一超商股份有限公司,安南區,臺南市安南區海東里同安路235號1樓,台南市安南區海東里同安路235號,NONE,NONE,"{""branch_id"": ""51376401"", ""company_id"": ""22555003"", ""company_name"": ""統一超商股份有限公司"", ""updated_date"": null, ""branch_status"": ""01"", ""established_date"": ""1060505""}"
24814126,台南市第二九一分公司,統一超商股份有限公司,安南區,臺南市安南區梅花里安中路1段701巷33、35號1樓,台南市安南區梅花里安中路1段701巷33、35號,NONE,NONE,"{""branch_id"": ""24814126"", ""company_id"": ""22555003"", ""company_name"": ""統一超商股份有限公司"", ""updated_date"": null, ""branch_status"": ""01"", ""established_date"": ""1071030""}"
96837528,台南市第二九九分公司,全家便利商店股份有限公司,安南區,臺南市安南區新順里北安路三段907號1樓,台南市安南區新順里北安路3段907號,NONE,NONE,"{""branch_id"": ""96837528"", ""company_id"": ""23060248"", ""company_name"": ""全家便利商店股份有限公司"", ""updated_date"": ""1141121"", ""branch_status"": ""01"", ""established_date"": ""1130719""}"
93515340,台南市第二九五分公司,全家便利商店股份有限公司,安南區,臺南市安南區長安里長溪路三段394號,台南市安南區長安里長溪路3段394號,NONE,NONE,"{""branch_id"": ""93515340"", ""company_id"": ""23060248"", ""company_name"": ""全家便利商店股份有限公司"", ""updated_date"": ""1141120"", ""branch_status"": ""01"", ""established_date"": ""1121208""}"
96845077,台南市第二九八分公司,全家便利商店股份有限公司,安南區,臺南市安南區國安里國安街158號,台南市安南區國安里國安街158號,NONE,NONE,"{""branch_id"": ""96845077"", ""company_id"": ""23060248"", ""company_name"": ""全家便利商店股份有限公司"", ""updated_date"": ""1141121"", ""branch_status"": ""01"", ""established_date"": ""1130710""}"
28439002,台南市第二○二分公司,統一超商股份有限公司,安南區,臺南市安南區溪北里安和路1段105號1樓,台南市安南區溪北里安和路1段105號,NONE,NONE,"{""branch_id"": ""28439002"", ""company_id"": ""22555003"", ""company_name"": ""統一超商股份有限公司"", ""updated_date"": ""1120105"", ""branch_status"": ""01"", ""established_date"": ""0970904""}"
83526712,台南市第二五O分公司,全家便利商店股份有限公司,安南區,臺南市安南區海佃里國安街56巷73號、75號,台南市安南區海佃里國安街56巷73號,NONE,NONE,"{""branch_id"": ""83526712"", ""company_id"": ""23060248"", ""company_name"": ""全家便利商店股份有限公司"", ""updated_date"": ""1141121"", ""branch_status"": ""01"", ""established_date"": ""1081205""}"
90340368,台南市第二八七分公司,全家便利商店股份有限公司,安南區,臺南市安南區安順里育安街248號,台南市安南區安順里育安街248號,NONE,NONE,"{""branch_id"": ""90340368"", ""company_id"": ""23060248"", ""company_name"": ""全家便利商店股份有限公司"", ""updated_date"": ""1141121"", ""branch_status"": ""01"", ""established_date"": ""1110616""}"
90060915,台南市第二八九分公司,全家便利商店股份有限公司,安南區,臺南市安南區布袋里長和路四段131號,台南市安南區布袋里長和路4段131號,NONE,NONE,"{""branch_id"": ""90060915"", ""company_id"": ""23060248"", ""company_name"": ""全家便利商店股份有限公司"", ""updated_date"": ""1141124"", ""branch_status"": ""01"", ""established_date"": ""1111116""}"
90880300,台南市第二六九分公司,全家便利商店股份有限公司,安南區,臺南市安南區新順里開安路50號,台南市安南區新順里開安路50號,NONE,NONE,"{""branch_id"": ""90880300"", ""company_id"": ""23060248"", ""company_name"": ""全家便利商店股份有限公司"", ""updated_date"": ""1141121"", ""branch_status"": ""01"", ""established_date"": ""1100208""}"
83153163,台南市第二六五分公司,全家便利商店股份有限公司,安南區,臺南市安南區州南里北安路四段210號,台南市安南區州南里北安路4段210號,NONE,NONE,"{""branch_id"": ""83153163"", ""company_id"": ""23060248"", ""company_name"": ""全家便利商店股份有限公司"", ""updated_date"": ""1141124"", ""branch_status"": ""01"", ""established_date"": ""1090917""}"
24803269,台南市第二六六分公司,統一超商股份有限公司,安南區,臺南市安南區總頭里長溪路2段416號1樓,台南市安南區總頭里長溪路2段416號,NONE,NONE,"{""branch_id"": ""24803269"", ""company_id"": ""22555003"", ""company_name"": ""統一超商股份有限公司"", ""updated_date"": null, ""branch_status"": ""01"", ""established_date"": ""1041208""}"
28974355,台南市第二○六分公司,統一超商股份有限公司,安南區,臺南市安南區新順里安和路3段55-1、57號1樓,台南市安南區新順里安和路3段55-1、57號,NONE,NONE,"{""branch_id"": ""28974355"", ""company_id"": ""22555003"", ""company_name"": ""統一超商股份有限公司"", ""updated_date"": ""1120105"", ""branch_status"": ""01"", ""established_date"": ""0980117""}"
54916705,台南市第二四八分公司,全家便利商店股份有限公司,安南區,臺南市安南區安富里安富街250號,台南市安南區安富里安富街250號,NONE,NONE,"{""branch_id"": ""54916705"", ""company_id"": ""23060248"", ""company_name"": ""全家便利商店股份有限公司"", ""updated_date"": ""1141124"", ""branch_status"": ""01"", ""established_date"": ""1081014""}"
60383815,台南市第五０一分公司,統一超商股份有限公司,安南區,臺南市安南區媽祖宮里科技三路73號1樓,台南市安南區媽祖宮里科技三路73號,NONE,NONE,"{""branch_id"": ""60383815"", ""company_id"": ""22555003"", ""company_name"": ""統一超商股份有限公司"", ""updated_date"": null, ""branch_status"": ""01"", ""established_date"": ""1150105""}"
84895755,台南市第六十一分公司,統一超商股份有限公司,安南區,臺南市安南區梅花里安中路一段711號1樓,台南市安南區梅花里安中路1段711號,NONE,NONE,"{""branch_id"": ""84895755"", ""company_id"": ""22555003"", ""company_name"": ""統一超商股份有限公司"", ""updated_date"": ""1100601"", ""branch_status"": ""01"", ""established_date"": ""0830820""}"
60635679,台南市第四九三分公司,統一超商股份有限公司,安南區,臺南市安南區大安里義安街86巷29、31號1樓,台南市安南區大安里義安街86巷29、31號,NONE,NONE,"{""branch_id"": ""60635679"", ""company_id"": ""22555003"", ""company_name"": ""統一超商股份有限公司"", ""updated_date"": null, ""branch_status"": ""01"", ""established_date"": ""1140624""}"
96846717,台南市第四八三分公司,統一超商股份有限公司,安南區,臺南市安南區國安里宜居路509號1樓,台南市安南區國安里宜居路509號,NONE,NONE,"{""branch_id"": ""96846717"", ""company_id"": ""22555003"", ""company_name"": ""統一超商股份有限公司"", ""updated_date"": null, ""branch_status"": ""01"", ""established_date"": ""1131226""}"
00251136,台南市第四八九分公司,統一超商股份有限公司,安南區,臺南市安南區鹿耳里顯宮二街2號1樓,台南市安南區鹿耳里顯宮二街2號,NONE,NONE,"{""branch_id"": ""00251136"", ""company_id"": ""22555003"", ""company_name"": ""統一超商股份有限公司"", ""updated_date"": null, ""branch_status"": ""01"", ""established_date"": ""1140327""}"
00189318,台南市第四八二分公司,統一超商股份有限公司,安南區,臺南市安南區海佃路四段55巷177號1樓,台南市安南區海佃路4段55巷177號,NONE,NONE,"{""branch_id"": ""00189318"", ""company_id"": ""22555003"", ""company_name"": ""統一超商股份有限公司"", ""updated_date"": null, ""branch_status"": ""01"", ""established_date"": ""1131204""}"
93646259,台南市第四六五分公司,統一超商股份有限公司,安南區,臺南市安南區長安里長和路4段396號1樓,台南市安南區長安里長和路4段396號,NONE,NONE,"{""branch_id"": ""93646259"", ""company_id"": ""22555003"", ""company_name"": ""統一超商股份有限公司"", ""updated_date"": null, ""branch_status"": ""01"", ""established_date"": ""1130222""}"
80021816,台南市第四十一分公司,統一超商股份有限公司,安南區,臺南市安南區海西里11鄰海中街73號1樓,台南市安南區海西里11鄰海中街73號,NONE,NONE,"{""branch_id"": ""80021816"", ""company_id"": ""22555003"", ""company_name"": ""統一超商股份有限公司"", ""updated_date"": ""1120105"", ""branch_status"": ""01"", ""established_date"": ""0920516""}"
89188793,台南市第四四一分公司,統一超商股份有限公司,安南區,臺南市安南區原佃里怡安路二段150、152、156號1樓,台南市安南區原佃里怡安路2段150、152、156號,NONE,NONE,"{""branch_id"": ""89188793"", ""company_id"": ""22555003"", ""company_name"": ""統一超商股份有限公司"", ""updated_date"": null, ""branch_status"": ""01"", ""established_date"": ""1111216""}"
28420377,台南文安分公司,全家便利商店股份有限公司,安南區,臺南市安南區溪北里安和路一段73號、75號1樓,台南市安南區溪北里安和路1段73號,NONE,NONE,"{""branch_id"": ""28420377"", ""company_id"": ""23060248"", ""company_name"": ""全家便利商店股份有限公司"", ""updated_date"": ""1141124"", ""branch_status"": ""01"", ""established_date"": ""0960903""}"
28994280,台南海佃分公司,全聯實業股份有限公司,安南區,臺南市安南區溪心里海佃路四段32、36號,台南市安南區溪心里海佃路4段32、36號,NONE,NONE,"{""branch_id"": ""28994280"", ""company_id"": ""16740494"", ""company_name"": ""全聯實業股份有限公司"", ""updated_date"": ""1140808"", ""branch_status"": ""01"", ""established_date"": ""0990416""}"
80030815,台南興德分公司,全家便利商店股份有限公司,安南區,臺南市安南區淵西里安中路四段238號1樓,台南市安南區淵西里安中路4段238號,NONE,NONE,"{""branch_id"": ""80030815"", ""company_id"": ""23060248"", ""company_name"": ""全家便利商店股份有限公司"", ""updated_date"": ""1141120"", ""branch_status"": ""01"", ""established_date"": ""0920918""}"
24808383,第四三三一分公司,萊爾富國際股份有限公司,安南區,臺南市安南區顯宮里科技公園大道15號1樓,台南市安南區顯宮里科技公園大道15號,NONE,NONE,"{""branch_id"": ""24808383"", ""company_id"": ""23285582"", ""company_name"": ""萊爾富國際股份有限公司"", ""updated_date"": ""1121122"", ""branch_status"": ""01"", ""established_date"": ""1050311""}"
54912193,第四五九三分公司,萊爾富國際股份有限公司,安南區,臺南市安南區溪頂里23鄰惠安街102、104號1樓,台南市安南區溪頂里23鄰惠安街102、104號,NONE,NONE,"{""branch_id"": ""54912193"", ""company_id"": ""23285582"", ""company_name"": ""萊爾富國際股份有限公司"", ""updated_date"": ""1121201"", ""branch_status"": ""01"", ""established_date"": ""1080527""}"
80688038,南縣南定分公司,萊爾富國際股份有限公司,安定區,臺南市安定區六嘉村三二之一號一樓,台南市安定區六嘉村三二之一號,NONE,NONE,"{""branch_id"": ""80688038"", ""company_id"": ""23285582"", ""company_name"": ""萊爾富國際股份有限公司"", ""updated_date"": ""1121121"", ""branch_status"": ""01"", ""established_date"": ""0930324""}"
53657384,台南市第三三五分公司,統一超商股份有限公司,安定區,臺南市安定區港口245-10號1樓,台南市安定區港口245號,NONE,NONE,"{""branch_id"": ""53657384"", ""company_id"": ""22555003"", ""company_name"": ""統一超商股份有限公司"", ""updated_date"": ""1120107"", ""branch_status"": ""01"", ""established_date"": ""1010918""}"
91080116,台南市第三八四分公司,統一超商股份有限公司,安定區,臺南市安定區嘉同里六塊寮10-13、10-15號1樓,台南市安定區嘉同里六塊寮10-13、10號,NONE,NONE,"{""branch_id"": ""91080116"", ""company_id"": ""22555003"", ""company_name"": ""統一超商股份有限公司"", ""updated_date"": null, ""branch_status"": ""01"", ""established_date"": ""1100526""}"
51684625,台南市第二八四分公司,統一超商股份有限公司,安定區,臺南市安定區安加里安定407號1樓,台南市安定區安加里安定407號,NONE,NONE,"{""branch_id"": ""51684625"", ""company_id"": ""22555003"", ""company_name"": ""統一超商股份有限公司"", ""updated_date"": null, ""branch_status"": ""01"", ""established_date"": ""1070315""}"
89128938,台南市第四三五分公司,統一超商股份有限公司,安定區,臺南市安定區中榮里許中營78-10號1樓,台南市安定區中榮里許中營78號,NONE,NONE,"{""branch_id"": ""89128938"", ""company_id"": ""22555003"", ""company_name"": ""統一超商股份有限公司"", ""updated_date"": null, ""branch_status"": ""01"", ""established_date"": ""1111125""}"
60756510,台南市第四九二分公司,統一超商股份有限公司,安定區,臺南市安定區港南里港口55-1號1樓,台南市安定區港南里港口55號,NONE,NONE,"{""branch_id"": ""60756510"", ""company_id"": ""22555003"", ""company_name"": ""統一超商股份有限公司"", ""updated_date"": null, ""branch_status"": ""01"", ""established_date"": ""1140526""}"
00051881,台南市第四八一分公司,統一超商股份有限公司,安定區,臺南市安定區港尾里港子尾38-3號1樓,台南市安定區港尾里港子尾38號,NONE,NONE,"{""branch_id"": ""00051881"", ""company_id"": ""22555003"", ""company_name"": ""統一超商股份有限公司"", ""updated_date"": null, ""branch_status"": ""01"", ""established_date"": ""1131203""}"
94160676,台南市第四六０分公司,統一超商股份有限公司,安定區,臺南市安定區蘇厝里蘇厝289-11號1樓,台南市安定區蘇厝里蘇厝289號,NONE,NONE,"{""branch_id"": ""94160676"", ""company_id"": ""22555003"", ""company_name"": ""統一超商股份有限公司"", ""updated_date"": null, ""branch_status"": ""01"", ""established_date"": ""1121201""}"
16745982,台南縣第８２分公司,統一超商股份有限公司,安定區,臺南市安定區港南村港口一六三號,台南市安定區港南村港口一六三號,NONE,NONE,"{""branch_id"": ""16745982"", ""company_id"": ""22555003"", ""company_name"": ""統一超商股份有限公司"", ""updated_date"": ""1130328"", ""branch_status"": ""01"", ""established_date"": ""0871028""}"
16749713,台南縣第８４分公司,統一超商股份有限公司,安定區,臺南市安定區海寮村海寮段八號,台南市安定區海寮村海寮段八號,NONE,NONE,"{""branch_id"": ""16749713"", ""company_id"": ""22555003"", ""company_name"": ""統一超商股份有限公司"", ""updated_date"": ""1130328"", ""branch_status"": ""01"", ""established_date"": ""0871203""}"
28437026,台南縣第二二九分公司,統一超商股份有限公司,安定區,臺南市安定區新吉村新吉126-12、126-13號1樓,台南市安定區新吉村新吉126-12、126號,NONE,NONE,"{""branch_id"": ""28437026"", ""company_id"": ""22555003"", ""company_name"": ""統一超商股份有限公司"", ""updated_date"": ""1120105"", ""branch_status"": ""01"", ""established_date"": ""0970710""}"
28434338,台南縣第二二六分公司,統一超商股份有限公司,安定區,臺南市安定區蘇林村7號1樓,台南市安定區蘇林村7號,NONE,NONE,"{""branch_id"": ""28434338"", ""company_id"": ""22555003"", ""company_name"": ""統一超商股份有限公司"", ""updated_date"": ""1120105"", ""branch_status"": ""01"", ""established_date"": ""0970514""}"
53002528,安定保安分公司,全家便利商店股份有限公司,安定區,臺南市安定區保西村339之1號、339之3號1樓,台南市安定區保西村339之1號,NONE,NONE,"{""branch_id"": ""53002528"", ""company_id"": ""23060248"", ""company_name"": ""全家便利商店股份有限公司"", ""updated_date"": ""1141120"", ""branch_status"": ""01"", ""established_date"": ""0991111""}"
28430488,安定善高分公司,全家便利商店股份有限公司,安定區,臺南市安定區蘇厝村蘇厝293之68號,台南市安定區蘇厝村蘇厝293之68號,NONE,NONE,"{""branch_id"": ""28430488"", ""company_id"": ""23060248"", ""company_name"": ""全家便利商店股份有限公司"", ""updated_date"": ""1141203"", ""branch_status"": ""01"", ""established_date"": ""0970218""}"
91045765,安定安加分公司,全聯實業股份有限公司,安定區,臺南市安定區安加里安定262之22號、262之23號,台南市安定區安加里安定262之22號,NONE,NONE,"{""branch_id"": ""91045765"", ""company_id"": ""16740494"", ""company_name"": ""全聯實業股份有限公司"", ""updated_date"": ""1141009"", ""branch_status"": ""01"", ""established_date"": ""1100702""}"
53004434,安定海寮分公司,全家便利商店股份有限公司,安定區,臺南市安定區海寮10-2號、10-3號1樓,台南市安定區海寮10號,NONE,NONE,"{""branch_id"": ""53004434"", ""company_id"": ""23060248"", ""company_name"": ""全家便利商店股份有限公司"", ""updated_date"": ""1141120"", ""branch_status"": ""01"", ""established_date"": ""0991221""}"
94178752,第五O二七分公司,萊爾富國際股份有限公司,安定區,臺南市安定區海寮32-1號,台南市安定區海寮32號,NONE,NONE,"{""branch_id"": ""94178752"", ""company_id"": ""23285582"", ""company_name"": ""萊爾富國際股份有限公司"", ""updated_date"": ""1121122"", ""branch_status"": ""01"", ""established_date"": ""1120921""}"
94010255,第五一一五分公司,萊爾富國際股份有限公司,安定區,臺南市安定區大同89號1樓,台南市安定區大同89號,NONE,NONE,"{""branch_id"": ""94010255"", ""company_id"": ""23285582"", ""company_name"": ""萊爾富國際股份有限公司"", ""updated_date"": ""1121122"", ""branch_status"": ""01"", ""established_date"": ""1120721""}"
27943215,台南國平分公司,全家便利商店股份有限公司,安平區,臺南市安平區平通里國平路599之1號,台南市安平區平通里國平路599之1號,NONE,NONE,"{""branch_id"": ""27943215"", ""company_id"": ""23060248"", ""company_name"": ""全家便利商店股份有限公司"", ""updated_date"": ""1150223"", ""branch_status"": ""01"", ""established_date"": ""0950726""}"
54377431,台南國平分公司,全聯實業股份有限公司,安平區,臺南市安平區國平路210、212、216、218號,台南市安平區國平路210、212、216、218號,NONE,NONE,"{""branch_id"": ""54377431"", ""company_id"": ""16740494"", ""company_name"": ""全聯實業股份有限公司"", ""updated_date"": ""1030702"", ""branch_status"": ""01"", ""established_date"": ""1030214""}"
96971735,台南巿第七十八分公司,統一超商股份有限公司,安平區,臺南市安平區天妃里安平路99號1樓,台南市安平區天妃里安平路99號,NONE,NONE,"{""branch_id"": ""96971735"", ""company_id"": ""22555003"", ""company_name"": ""統一超商股份有限公司"", ""updated_date"": ""1100525"", ""branch_status"": ""01"", ""established_date"": ""0850123""}"
80026410,台南市第一０五分公司,統一超商股份有限公司,安平區,臺南市安平區平通里國平路三八一號一樓,台南市安平區平通里國平路三八一號,NONE,NONE,"{""branch_id"": ""80026410"", ""company_id"": ""22555003"", ""company_name"": ""統一超商股份有限公司"", ""updated_date"": ""1120105"", ""branch_status"": ""01"", ""established_date"": ""0920707""}"
53018205,台南市第一O七分公司,統一超商股份有限公司,安平區,臺南市安平區建平里永華路2段210號1樓,台南市安平區建平里永華路2段210號,NONE,NONE,"{""branch_id"": ""53018205"", ""company_id"": ""22555003"", ""company_name"": ""統一超商股份有限公司"", ""updated_date"": ""1120105"", ""branch_status"": ""01"", ""established_date"": ""1000927""}"
16847123,台南市第一三三分公司,統一超商股份有限公司,安平區,臺南市安平區華平里永華路二段五三二號,台南市安平區華平里永華路2段五三二號,NONE,NONE,"{""branch_id"": ""16847123"", ""company_id"": ""22555003"", ""company_name"": ""統一超商股份有限公司"", ""updated_date"": ""1130328"", ""branch_status"": ""01"", ""established_date"": ""0880624""}"
16844012,台南市第一二七分公司,統一超商股份有限公司,安平區,臺南市安平區校前里建平七街六八九號,台南市安平區校前里建平七街六八九號,NONE,NONE,"{""branch_id"": ""16844012"", ""company_id"": ""22555003"", ""company_name"": ""統一超商股份有限公司"", ""updated_date"": ""1130328"", ""branch_status"": ""01"", ""established_date"": ""0880515""}"
27231840,台南市第一五０分公司,統一超商股份有限公司,安平區,臺南市安平區海興里十四鄰安北路一七０之三號一樓,台南市安平區海興里十四鄰安北路一七0之三號,NONE,NONE,"{""branch_id"": ""27231840"", ""company_id"": ""22555003"", ""company_name"": ""統一超商股份有限公司"", ""updated_date"": ""1120105"", ""branch_status"": ""01"", ""established_date"": ""0930210""}"
28413853,台南市第一八七分公司,統一超商股份有限公司,安平區,臺南市安平區億載里12鄰郡平路307號1樓,台南市安平區億載里12鄰郡平路307號,NONE,NONE,"{""branch_id"": ""28413853"", ""company_id"": ""22555003"", ""company_name"": ""統一超商股份有限公司"", ""updated_date"": ""1120105"", ""branch_status"": ""01"", ""established_date"": ""0960425""}"
27922990,台南市第一六四分公司,統一超商股份有限公司,安平區,臺南市安平區國平里文平路217號1樓,台南市安平區國平里文平路217號,NONE,NONE,"{""branch_id"": ""27922990"", ""company_id"": ""22555003"", ""company_name"": ""統一超商股份有限公司"", ""updated_date"": ""1120105"", ""branch_status"": ""01"", ""established_date"": ""0940811""}"
60364079,台南市第三一一分公司,全家便利商店股份有限公司,安平區,臺南市安平區國平里國平北路145、147號,台南市安平區國平里國平北路145、147號,NONE,NONE,"{""branch_id"": ""60364079"", ""company_id"": ""23060248"", ""company_name"": ""全家便利商店股份有限公司"", ""updated_date"": null, ""branch_status"": ""01"", ""established_date"": ""1150115""}"
96820961,台南市第三○三分公司,全家便利商店股份有限公司,安平區,臺南市安平區平安里民權路四段557號,台南市安平區平安里民權路4段557號,NONE,NONE,"{""branch_id"": ""96820961"", ""company_id"": ""23060248"", ""company_name"": ""全家便利商店股份有限公司"", ""updated_date"": ""1141124"", ""branch_status"": ""01"", ""established_date"": ""1140213""}"
91065190,台南市第三九０分公司,統一超商股份有限公司,安平區,臺南市安平區建平路19、21、23號1樓,台南市安平區建平路19、21、23號,NONE,NONE,"{""branch_id"": ""91065190"", ""company_id"": ""22555003"", ""company_name"": ""統一超商股份有限公司"", ""updated_date"": null, ""branch_status"": ""01"", ""established_date"": ""1100819""}"
28986417,台南市第二一一分公司,統一超商股份有限公司,安平區,臺南市安平區平安里華平路742號1樓,台南市安平區平安里華平路742號,NONE,NONE,"{""branch_id"": ""28986417"", ""company_id"": ""22555003"", ""company_name"": ""統一超商股份有限公司"", ""updated_date"": ""1120105"", ""branch_status"": ""01"", ""established_date"": ""0981106""}"
83017082,台南市第二九二分公司,全家便利商店股份有限公司,安平區,臺南市安平區億載里平豐路379號,台南市安平區億載里平豐路379號,NONE,NONE,"{""branch_id"": ""83017082"", ""company_id"": ""23060248"", ""company_name"": ""全家便利商店股份有限公司"", ""updated_date"": ""1141124"", ""branch_status"": ""01"", ""established_date"": ""1120331""}"
83423027,台南市第二五六分公司,全家便利商店股份有限公司,安平區,臺南市安平區國平里健康三街22號、24號,台南市安平區國平里健康三街22號,NONE,NONE,"{""branch_id"": ""83423027"", ""company_id"": ""23060248"", ""company_name"": ""全家便利商店股份有限公司"", ""updated_date"": ""1141121"", ""branch_status"": ""01"", ""established_date"": ""1090219""}"
83360368,台南市第二六七分公司,全家便利商店股份有限公司,安平區,臺南市安平區建平里永華路二段288號1樓,台南市安平區建平里永華路2段288號,NONE,NONE,"{""branch_id"": ""83360368"", ""company_id"": ""23060248"", ""company_name"": ""全家便利商店股份有限公司"", ""updated_date"": ""1141121"", ""branch_status"": ""01"", ""established_date"": ""1091222""}"
96758994,台南市第四七０分公司,統一超商股份有限公司,安平區,臺南市安平區王城里安北路420、422號1、2樓,台南市安平區王城里安北路420、422號,NONE,NONE,"{""branch_id"": ""96758994"", ""company_id"": ""22555003"", ""company_name"": ""統一超商股份有限公司"", ""updated_date"": null, ""branch_status"": ""01"", ""established_date"": ""1130517""}"
60482435,台南市第四九七分公司,統一超商股份有限公司,安平區,臺南市安平區國平里健康路三段355號1樓,台南市安平區國平里健康路3段355號,NONE,NONE,"{""branch_id"": ""60482435"", ""company_id"": ""22555003"", ""company_name"": ""統一超商股份有限公司"", ""updated_date"": null, ""branch_status"": ""01"", ""established_date"": ""1141020""}"
80024031,台南康裕分公司,全家便利商店股份有限公司,安平區,臺南市安平區育平里健康三街209號1樓,台南市安平區育平里健康三街209號,NONE,NONE,"{""branch_id"": ""80024031"", ""company_id"": ""23060248"", ""company_name"": ""全家便利商店股份有限公司"", ""updated_date"": ""1141121"", ""branch_status"": ""01"", ""established_date"": ""0920616""}"
27925595,台南建平分公司,全家便利商店股份有限公司,安平區,臺南市安平區文平里健康路三段10號1樓,台南市安平區文平里健康路3段10號,NONE,NONE,"{""branch_id"": ""27925595"", ""company_id"": ""23060248"", ""company_name"": ""全家便利商店股份有限公司"", ""updated_date"": ""1141121"", ""branch_status"": ""01"", ""established_date"": ""0940922""}"
80357375,台南慶平分公司,全家便利商店股份有限公司,安平區,臺南市安平區建平里慶平路80號1樓,台南市安平區建平里慶平路80號,NONE,NONE,"{""branch_id"": ""80357375"", ""company_id"": ""23060248"", ""company_name"": ""全家便利商店股份有限公司"", ""updated_date"": ""1141120"", ""branch_status"": ""01"", ""established_date"": ""0920401""}"
24812870,台南永華分公司,全聯實業股份有限公司,安平區,臺南市安平區國平里華平路271、273、275、277號,台南市安平區國平里華平路271、273、275、277號,NONE,NONE,"{""branch_id"": ""24812870"", ""company_id"": ""16740494"", ""company_name"": ""全聯實業股份有限公司"", ""updated_date"": ""1140108"", ""branch_status"": ""01"", ""established_date"": ""1070906""}"
96659002,安平健康分公司,全聯實業股份有限公司,安平區,臺南市安平區國平里健康路3段357號1樓,台南市安平區國平里健康路3段357號,NONE,NONE,"{""branch_id"": ""96659002"", ""company_id"": ""16740494"", ""company_name"": ""全聯實業股份有限公司"", ""updated_date"": null, ""branch_status"": ""01"", ""established_date"": ""1130812""}"
90886276,安平永華分公司,全聯實業股份有限公司,安平區,臺南市安平區文平里永華路2段373號,台南市安平區文平里永華路2段373號,NONE,NONE,"{""branch_id"": ""90886276"", ""company_id"": ""16740494"", ""company_name"": ""全聯實業股份有限公司"", ""updated_date"": null, ""branch_status"": ""01"", ""established_date"": ""1100505""}"
28436547,第三五九二分公司,萊爾富國際股份有限公司,安平區,臺南市安平區西門里安北路405、407號1樓,台南市安平區西門里安北路405、407號,NONE,NONE,"{""branch_id"": ""28436547"", ""company_id"": ""23285582"", ""company_name"": ""萊爾富國際股份有限公司"", ""updated_date"": ""1121121"", ""branch_status"": ""01"", ""established_date"": ""0970627""}"
24796730,第四二四O分公司,萊爾富國際股份有限公司,安平區,臺南市安平區國平里健康三街188之1號1樓,台南市安平區國平里健康三街188之1號,NONE,NONE,"{""branch_id"": ""24796730"", ""company_id"": ""23285582"", ""company_name"": ""萊爾富國際股份有限公司"", ""updated_date"": ""1121122"", ""branch_status"": ""01"", ""established_date"": ""1040819""}"
51624465,台南市第二三五分公司,全家便利商店股份有限公司,官田區,臺南市官田區隆田里中山路一段35號,台南市官田區隆田里中山路1段35號,NONE,NONE,"{""branch_id"": ""51624465"", ""company_id"": ""23060248"", ""company_name"": ""全家便利商店股份有限公司"", ""updated_date"": ""1141203"", ""branch_status"": ""01"", ""established_date"": ""1070116""}"
94229078,台南市第四五六分公司,統一超商股份有限公司,官田區,臺南市官田區隆田里中山路1段185號1樓,台南市官田區隆田里中山路1段185號,NONE,NONE,"{""branch_id"": ""94229078"", ""company_id"": ""22555003"", ""company_name"": ""統一超商股份有限公司"", ""updated_date"": null, ""branch_status"": ""01"", ""established_date"": ""1121024""}"
16448174,台南縣第７１分公司,統一超商股份有限公司,官田區,臺南市官田區隆田村十四鄰文化街１３０號１樓,台南市官田區隆田村十四鄰文化街130號,NONE,NONE,"{""branch_id"": ""16448174"", ""company_id"": ""22555003"", ""company_name"": ""統一超商股份有限公司"", ""updated_date"": ""1130328"", ""branch_status"": ""01"", ""established_date"": ""0870527""}"
27257735,台南縣第一六九分公司,統一超商股份有限公司,官田區,臺南市官田區湖山村98之5號1樓,台南市官田區湖山村98之5號,NONE,NONE,"{""branch_id"": ""27257735"", ""company_id"": ""22555003"", ""company_name"": ""統一超商股份有限公司"", ""updated_date"": ""1120105"", ""branch_status"": ""01"", ""established_date"": ""0940614""}"
28420518,台南縣第二０八分公司,統一超商股份有限公司,官田區,臺南市官田區二鎮村25鄰工社西街25巷81號,台南市官田區二鎮村25鄰工社西街25巷81號,NONE,NONE,"{""branch_id"": ""28420518"", ""company_id"": ""22555003"", ""company_name"": ""統一超商股份有限公司"", ""updated_date"": ""1120106"", ""branch_status"": ""01"", ""established_date"": ""0960905""}"
51405709,官田中山分公司,全聯實業股份有限公司,官田區,臺南市官田區隆田里中山路1段135號,台南市官田區隆田里中山路1段135號,NONE,NONE,"{""branch_id"": ""51405709"", ""company_id"": ""16740494"", ""company_name"": ""全聯實業股份有限公司"", ""updated_date"": null, ""branch_status"": ""01"", ""established_date"": ""1060511""}"
53010549,第五十七分公司,來來超商股份有限公司,官田區,臺南市官田區南廍里南廍32號1樓,台南市官田區南廍里南廍32號,NONE,NONE,"{""branch_id"": ""53010549"", ""company_id"": ""22853565"", ""company_name"": ""來來超商股份有限公司"", ""updated_date"": ""1060829"", ""branch_status"": ""01"", ""established_date"": ""1000506""}"
54374363,台南市第二三八分公司,統一超商股份有限公司,將軍區,臺南市將軍區長榮里長榮29-2號1樓,台南市將軍區長榮里長榮29號,NONE,NONE,"{""branch_id"": ""54374363"", ""company_id"": ""22555003"", ""company_name"": ""統一超商股份有限公司"", ""updated_date"": null, ""branch_status"": ""01"", ""established_date"": ""1021219""}"
27940322,台南縣第一八九分公司,統一超商股份有限公司,將軍區,臺南市將軍區將富村5鄰49之8號,台南市將軍區將富村5鄰49之8號,NONE,NONE,"{""branch_id"": ""27940322"", ""company_id"": ""22555003"", ""company_name"": ""統一超商股份有限公司"", ""updated_date"": ""1120105"", ""branch_status"": ""01"", ""established_date"": ""0950601""}"
27931273,第3205分公司,萊爾富國際股份有限公司,將軍區,臺南市將軍區西華村西華67之23號1樓,台南市將軍區西華村西華67之23號,NONE,NONE,"{""branch_id"": ""27931273"", ""company_id"": ""23285582"", ""company_name"": ""萊爾富國際股份有限公司"", ""updated_date"": ""1121123"", ""branch_status"": ""01"", ""established_date"": ""0941216""}"
83351620,第四六六九分公司,萊爾富國際股份有限公司,將軍區,臺南市將軍區平沙里平沙1-19號1樓,台南市將軍區平沙里平沙1號,NONE,NONE,"{""branch_id"": ""83351620"", ""company_id"": ""23285582"", ""company_name"": ""萊爾富國際股份有限公司"", ""updated_date"": ""1121122"", ""branch_status"": ""01"", ""established_date"": ""1091216""}"
80023130,台南市第九十八分公司,統一超商股份有限公司,山上區,臺南市山上區南洲337-3號1樓,台南市山上區南洲337號,NONE,NONE,"{""branch_id"": ""80023130"", ""company_id"": ""22555003"", ""company_name"": ""統一超商股份有限公司"", ""updated_date"": ""1120107"", ""branch_status"": ""01"", ""established_date"": ""0920528""}"
83111489,台南市第二六三分公司,全家便利商店股份有限公司,山上區,臺南市山上區明和里明和196－1號,台南市山上區明和里明和196號,NONE,NONE,"{""branch_id"": ""83111489"", ""company_id"": ""23060248"", ""company_name"": ""全家便利商店股份有限公司"", ""updated_date"": ""1141124"", ""branch_status"": ""01"", ""established_date"": ""1090825""}"
90527878,台南市第四００分公司,統一超商股份有限公司,山上區,臺南市山上區山上里山上249、249-1、249-2號1樓,台南市山上區山上里山上249、249-1、249號,NONE,NONE,"{""branch_id"": ""90527878"", ""company_id"": ""22555003"", ""company_name"": ""統一超商股份有限公司"", ""updated_date"": null, ""branch_status"": ""01"", ""established_date"": ""1101115""}"
54373527,台南市第二三二分公司,統一超商股份有限公司,後壁區,臺南市後壁區菁寮346號1樓,台南市後壁區菁寮346號,NONE,NONE,"{""branch_id"": ""54373527"", ""company_id"": ""22555003"", ""company_name"": ""統一超商股份有限公司"", ""updated_date"": null, ""branch_status"": ""01"", ""established_date"": ""1021210""}"
70824983,台南市第二十六分公司,統一超商股份有限公司,後壁區,臺南市後壁區後壁村3鄰後壁71號,台南市後壁區後壁村3鄰後壁71號,NONE,NONE,"{""branch_id"": ""70824983"", ""company_id"": ""22555003"", ""company_name"": ""統一超商股份有限公司"", ""updated_date"": ""1080528"", ""branch_status"": ""01"", ""established_date"": ""0901212""}"
93502318,台南市第四六三分公司,統一超商股份有限公司,後壁區,臺南市後壁區長短樹里10鄰長短樹24-2號,台南市後壁區長短樹里10鄰長短樹24號,NONE,NONE,"{""branch_id"": ""93502318"", ""company_id"": ""22555003"", ""company_name"": ""統一超商股份有限公司"", ""updated_date"": null, ""branch_status"": ""01"", ""established_date"": ""1130117""}"
93515854,台南後壁分公司,全聯實業股份有限公司,後壁區,臺南市後壁區後壁里後壁97-2、97-3號,台南市後壁區後壁里後壁97-2、97號,NONE,NONE,"{""branch_id"": ""93515854"", ""company_id"": ""16740494"", ""company_name"": ""全聯實業股份有限公司"", ""updated_date"": null, ""branch_status"": ""01"", ""established_date"": ""1121220""}"
27236872,台南縣第一四九分公司,統一超商股份有限公司,後壁區,臺南市後壁區福安村200號,台南市後壁區福安村200號,NONE,NONE,"{""branch_id"": ""27236872"", ""company_id"": ""22555003"", ""company_name"": ""統一超商股份有限公司"", ""updated_date"": ""1120105"", ""branch_status"": ""01"", ""established_date"": ""0930525""}"
80357369,後壁茄苳分公司,全家便利商店股份有限公司,後壁區,臺南市後壁區嘉民里上茄苳146之32號,台南市後壁區嘉民里上茄苳146之32號,NONE,NONE,"{""branch_id"": ""80357369"", ""company_id"": ""23060248"", ""company_name"": ""全家便利商店股份有限公司"", ""updated_date"": ""1141203"", ""branch_status"": ""01"", ""established_date"": ""0920401""}"
53663029,新營國道北分公司,全家便利商店股份有限公司,後壁區,臺南市後壁區竹新里新厝72號,台南市後壁區竹新里新厝72號,NONE,NONE,"{""branch_id"": ""53663029"", ""company_id"": ""23060248"", ""company_name"": ""全家便利商店股份有限公司"", ""updated_date"": ""1141203"", ""branch_status"": ""01"", ""established_date"": ""1011226""}"
53662838,新營國道南分公司,全家便利商店股份有限公司,後壁區,臺南市後壁區竹新里新厝69號,台南市後壁區竹新里新厝69號,NONE,NONE,"{""branch_id"": ""53662838"", ""company_id"": ""23060248"", ""company_name"": ""全家便利商店股份有限公司"", ""updated_date"": ""1141203"", ""branch_status"": ""01"", ""established_date"": ""1011222""}"
96780905,第五一九四分公司,萊爾富國際股份有限公司,後壁區,臺南市後壁區上茄苳127號,台南市後壁區上茄苳127號,NONE,NONE,"{""branch_id"": ""96780905"", ""company_id"": ""23285582"", ""company_name"": ""萊爾富國際股份有限公司"", ""updated_date"": null, ""branch_status"": ""01"", ""established_date"": ""1130422""}"
91074389,第四六七八分公司,萊爾富國際股份有限公司,後壁區,臺南市後壁區後壁195之17號1樓,台南市後壁區後壁195之17號,NONE,NONE,"{""branch_id"": ""91074389"", ""company_id"": ""23285582"", ""company_name"": ""萊爾富國際股份有限公司"", ""updated_date"": ""1121123"", ""branch_status"": ""01"", ""established_date"": ""1100628""}"
70796115,台南市第一０一分公司,統一超商股份有限公司,新化區,臺南市新化區武安里中正路321號1樓,台南市新化區武安里中正路321號,NONE,NONE,"{""branch_id"": ""70796115"", ""company_id"": ""22555003"", ""company_name"": ""統一超商股份有限公司"", ""updated_date"": ""1080528"", ""branch_status"": ""01"", ""established_date"": ""0910122""}"
54914805,台南市第三一二分公司,統一超商股份有限公司,新化區,臺南市新化區協興里正新路305號1樓,台南市新化區協興里正新路305號,NONE,NONE,"{""branch_id"": ""54914805"", ""company_id"": ""22555003"", ""company_name"": ""統一超商股份有限公司"", ""updated_date"": null, ""branch_status"": ""01"", ""established_date"": ""1080819""}"
53672575,台南市第二二三分公司,統一超商股份有限公司,新化區,臺南市新化區知母義15號之201樓,台南市新化區知母義15號,NONE,NONE,"{""branch_id"": ""53672575"", ""company_id"": ""22555003"", ""company_name"": ""統一超商股份有限公司"", ""updated_date"": null, ""branch_status"": ""01"", ""established_date"": ""1020614""}"
00245917,台南市第四八六分公司,統一超商股份有限公司,新化區,臺南市新化區豐榮里大智路33號1樓,台南市新化區豐榮里大智路33號,NONE,NONE,"{""branch_id"": ""00245917"", ""company_id"": ""22555003"", ""company_name"": ""統一超商股份有限公司"", ""updated_date"": null, ""branch_status"": ""01"", ""established_date"": ""1140121""}"
16749158,台南縣第８３分公司,統一超商股份有限公司,新化區,臺南市新化區拔里拔林241號1樓,台南市新化區拔里拔林241號,NONE,NONE,"{""branch_id"": ""16749158"", ""company_id"": ""22555003"", ""company_name"": ""統一超商股份有限公司"", ""updated_date"": ""1130328"", ""branch_status"": ""01"", ""established_date"": ""0871126""}"
27952038,台南縣第七十八分公司,統一超商股份有限公司,新化區,臺南市新化區北勢里6鄰中正路1211號1樓,台南市新化區北勢里6鄰中正路1211號,NONE,NONE,"{""branch_id"": ""27952038"", ""company_id"": ""22555003"", ""company_name"": ""統一超商股份有限公司"", ""updated_date"": ""1120106"", ""branch_status"": ""01"", ""established_date"": ""0960124""}"
28978296,新化中正分公司,全聯實業股份有限公司,新化區,臺南市新化區太平里中正路540之1、2號1樓,台南市新化區太平里中正路540之1、2號,NONE,NONE,"{""branch_id"": ""28978296"", ""company_id"": ""16740494"", ""company_name"": ""全聯實業股份有限公司"", ""updated_date"": ""1110707"", ""branch_status"": ""01"", ""established_date"": ""0980515""}"
51655902,新化忠孝分公司,全聯實業股份有限公司,新化區,臺南市新化區協興里忠孝路198-7及202號,台南市新化區協興里忠孝路198-7及202號,NONE,NONE,"{""branch_id"": ""51655902"", ""company_id"": ""16740494"", ""company_name"": ""全聯實業股份有限公司"", ""updated_date"": ""1070308"", ""branch_status"": ""01"", ""established_date"": ""1070226""}"
82948480,第四六三六分公司,萊爾富國際股份有限公司,新化區,臺南市新化區崙子頂64之3、64之5號,台南市新化區崙子頂64之3、64之5號,NONE,NONE,"{""branch_id"": ""82948480"", ""company_id"": ""23285582"", ""company_name"": ""萊爾富國際股份有限公司"", ""updated_date"": ""1121127"", ""branch_status"": ""01"", ""established_date"": ""1091209""}"
80341557,台南市第一０九分公司,統一超商股份有限公司,新市,臺南市新市區永就村9鄰中山路227號1樓,台南市新市區永就村9鄰中山路227號,NONE,NONE,"{""branch_id"": ""80341557"", ""company_id"": ""22555003"", ""company_name"": ""統一超商股份有限公司"", ""updated_date"": ""1080528"", ""branch_status"": ""01"", ""established_date"": ""0910822""}"
53011195,台南市第一分公司,統一超商股份有限公司,新市,臺南市新市區豐華里中心路2號1樓,台南市新市區豐華里中心路2號,NONE,NONE,"{""branch_id"": ""53011195"", ""company_id"": ""22555003"", ""company_name"": ""統一超商股份有限公司"", ""updated_date"": ""1120107"", ""branch_status"": ""01"", ""established_date"": ""1000512""}"
83140668,台南市第三五六分公司,統一超商股份有限公司,新市,臺南市新市區中正路193號,台南市新市區中正路193號,NONE,NONE,"{""branch_id"": ""83140668"", ""company_id"": ""22555003"", ""company_name"": ""統一超商股份有限公司"", ""updated_date"": null, ""branch_status"": ""01"", ""established_date"": ""1090810""}"
83751392,台南市第三四六分公司,統一超商股份有限公司,新市,臺南市新市區潭頂里潭頂400號,台南市新市區潭頂里潭頂400號,NONE,NONE,"{""branch_id"": ""83751392"", ""company_id"": ""22555003"", ""company_name"": ""統一超商股份有限公司"", ""updated_date"": null, ""branch_status"": ""01"", ""established_date"": ""1090422""}"
51547101,台南市第二七九分公司,統一超商股份有限公司,新市,臺南市新市區三舍里三舍55號1樓,台南市新市區三舍里三舍55號,NONE,NONE,"{""branch_id"": ""51547101"", ""company_id"": ""22555003"", ""company_name"": ""統一超商股份有限公司"", ""updated_date"": null, ""branch_status"": ""01"", ""established_date"": ""1061024""}"
53669635,台南市第二二０分公司,統一超商股份有限公司,新市,臺南市新市區大社里大社710號1樓,台南市新市區大社里大社710號,NONE,NONE,"{""branch_id"": ""53669635"", ""company_id"": ""22555003"", ""company_name"": ""統一超商股份有限公司"", ""updated_date"": null, ""branch_status"": ""01"", ""established_date"": ""1020423""}"
83527064,台南市第二五二分公司,全家便利商店股份有限公司,新市,臺南市新市區新和里民生路62號,台南市新市區新和里民生路62號,NONE,NONE,"{""branch_id"": ""83527064"", ""company_id"": ""23060248"", ""company_name"": ""全家便利商店股份有限公司"", ""updated_date"": ""1141203"", ""branch_status"": ""01"", ""established_date"": ""1081210""}"
90593320,台南市第二八四分公司,全家便利商店股份有限公司,新市,臺南市新市區社內里社內8－12號,台南市新市區社內里社內8號,NONE,NONE,"{""branch_id"": ""90593320"", ""company_id"": ""23060248"", ""company_name"": ""全家便利商店股份有限公司"", ""updated_date"": ""1141203"", ""branch_status"": ""01"", ""established_date"": ""1110121""}"
24804106,台南市第二六七分公司,統一超商股份有限公司,新市,臺南市新市區永就里中山路180號1樓,台南市新市區永就里中山路180號,NONE,NONE,"{""branch_id"": ""24804106"", ""company_id"": ""22555003"", ""company_name"": ""統一超商股份有限公司"", ""updated_date"": null, ""branch_status"": ""01"", ""established_date"": ""1041222""}"
83635205,台南市第二六○分公司,全家便利商店股份有限公司,新市,臺南市新市區社內里社內102—5號,台南市新市區社內里社內102—5號,NONE,NONE,"{""branch_id"": ""83635205"", ""company_id"": ""23060248"", ""company_name"": ""全家便利商店股份有限公司"", ""updated_date"": ""1141203"", ""branch_status"": ""01"", ""established_date"": ""1090526""}"
54378614,台南市第二四０分公司,統一超商股份有限公司,新市,臺南市新市區新和里銘傳街87、89號1樓,台南市新市區新和里銘傳街87、89號,NONE,NONE,"{""branch_id"": ""54378614"", ""company_id"": ""22555003"", ""company_name"": ""統一超商股份有限公司"", ""updated_date"": null, ""branch_status"": ""01"", ""established_date"": ""1030310""}"
24815429,台南市第二四二分公司,全家便利商店股份有限公司,新市,臺南市新市區新和里富林路29號、31號1樓,台南市新市區新和里富林路29號,NONE,NONE,"{""branch_id"": ""24815429"", ""company_id"": ""23060248"", ""company_name"": ""全家便利商店股份有限公司"", ""updated_date"": ""1141203"", ""branch_status"": ""01"", ""established_date"": ""1071206""}"
54915760,台南市第二四六分公司,全家便利商店股份有限公司,新市,臺南市新市區大營里陽光大道26號、28號,台南市新市區大營里陽光大道26號,NONE,NONE,"{""branch_id"": ""54915760"", ""company_id"": ""23060248"", ""company_name"": ""全家便利商店股份有限公司"", ""updated_date"": ""1141203"", ""branch_status"": ""01"", ""established_date"": ""1080912""}"
27255693,台南市第六十五分公司,統一超商股份有限公司,新市,臺南市新市區仁愛街169、171號1樓,台南市新市區仁愛街169、171號,NONE,NONE,"{""branch_id"": ""27255693"", ""company_id"": ""22555003"", ""company_name"": ""統一超商股份有限公司"", ""updated_date"": ""1120105"", ""branch_status"": ""01"", ""established_date"": ""0940512""}"
89185536,台南市第四三八分公司,統一超商股份有限公司,新市,臺南市新市區復興路173、175號1樓,台南市新市區復興路173、175號,NONE,NONE,"{""branch_id"": ""89185536"", ""company_id"": ""22555003"", ""company_name"": ""統一超商股份有限公司"", ""updated_date"": null, ""branch_status"": ""01"", ""established_date"": ""1111212""}"
90337096,台南市第四二四分公司,統一超商股份有限公司,新市,臺南市新市區新和里民權路80號1樓,台南市新市區新和里民權路80號,NONE,NONE,"{""branch_id"": ""90337096"", ""company_id"": ""22555003"", ""company_name"": ""統一超商股份有限公司"", ""updated_date"": null, ""branch_status"": ""01"", ""established_date"": ""1110729""}"
23222807,台南市第四分公司,統一超商股份有限公司,新市,臺南市新市區新市里華興街48號1樓,台南市新市區新市里華興街48號,NONE,NONE,"{""branch_id"": ""23222807"", ""company_id"": ""22555003"", ""company_name"": ""統一超商股份有限公司"", ""updated_date"": ""1120105"", ""branch_status"": ""01"", ""established_date"": ""0780311""}"
16442170,台南縣第６８分公司,統一超商股份有限公司,新市,臺南市新市區永就村中華路五十三巷９號１樓,台南市新市區永就村中華路五十三巷9號,NONE,NONE,"{""branch_id"": ""16442170"", ""company_id"": ""22555003"", ""company_name"": ""統一超商股份有限公司"", ""updated_date"": ""1130328"", ""branch_status"": ""01"", ""established_date"": ""0870402""}"
16747813,台南縣第６分公司,統一超商股份有限公司,新市,臺南市新市區中興街162號1樓,台南市新市區中興街162號,NONE,NONE,"{""branch_id"": ""16747813"", ""company_id"": ""22555003"", ""company_name"": ""統一超商股份有限公司"", ""updated_date"": ""1120105"", ""branch_status"": ""01"", ""established_date"": ""0871109""}"
70804868,台南縣第一０一分公司,統一超商股份有限公司,新市,臺南市新市區大順三路125號,台南市新市區大順三路125號,NONE,NONE,"{""branch_id"": ""70804868"", ""company_id"": ""22555003"", ""company_name"": ""統一超商股份有限公司"", ""updated_date"": ""1120105"", ""branch_status"": ""01"", ""established_date"": ""0900329""}"
70764134,台南縣第一一一分公司,統一超商股份有限公司,新市,臺南市新市區大營村大營一三六之一號,台南市新市區大營村大營一三六之一號,NONE,NONE,"{""branch_id"": ""70764134"", ""company_id"": ""22555003"", ""company_name"": ""統一超商股份有限公司"", ""updated_date"": ""1130328"", ""branch_status"": ""01"", ""established_date"": ""0890214""}"
80031271,台南縣第一三七分公司,統一超商股份有限公司,新市,臺南市新市區南科三路17號1樓、19樓1樓,台南市新市區南科三路17號,NONE,NONE,"{""branch_id"": ""80031271"", ""company_id"": ""22555003"", ""company_name"": ""統一超商股份有限公司"", ""updated_date"": ""1120105"", ""branch_status"": ""01"", ""established_date"": ""0920923""}"
27948485,台南縣第一九二分公司,統一超商股份有限公司,新市,臺南市新市區港墘村5鄰民族路118號,台南市新市區港墘村5鄰民族路118號,NONE,NONE,"{""branch_id"": ""27948485"", ""company_id"": ""22555003"", ""company_name"": ""統一超商股份有限公司"", ""updated_date"": ""1120105"", ""branch_status"": ""01"", ""established_date"": ""0951115""}"
89406756,台南縣第三十八分公司,統一超商股份有限公司,新市,臺南市新市區復興路59、61、63號1樓,台南市新市區復興路59、61、63號,NONE,NONE,"{""branch_id"": ""89406756"", ""company_id"": ""22555003"", ""company_name"": ""統一超商股份有限公司"", ""updated_date"": ""1100209"", ""branch_status"": ""01"", ""established_date"": ""0841124""}"
28432937,台南縣第三十六分公司,統一超商股份有限公司,新市,臺南市新市區社內村1鄰社內12之5號1樓,台南市新市區社內村1鄰社內12之5號,NONE,NONE,"{""branch_id"": ""28432937"", ""company_id"": ""22555003"", ""company_name"": ""統一超商股份有限公司"", ""updated_date"": ""1120105"", ""branch_status"": ""01"", ""established_date"": ""0970409""}"
97541158,新市中正分公司,全聯實業股份有限公司,新市,臺南市新市區新和里中正路63、65、67、69號,台南市新市區新和里中正路63、65、67、69號,NONE,NONE,"{""branch_id"": ""97541158"", ""company_id"": ""16740494"", ""company_name"": ""全聯實業股份有限公司"", ""updated_date"": null, ""branch_status"": ""01"", ""established_date"": ""1130531""}"
28990046,新市大社分公司,全家便利商店股份有限公司,新市,臺南市新市區大社村335號,台南市新市區大社村335號,NONE,NONE,"{""branch_id"": ""28990046"", ""company_id"": ""23060248"", ""company_name"": ""全家便利商店股份有限公司"", ""updated_date"": ""1141203"", ""branch_status"": ""01"", ""established_date"": ""0990112""}"
51801503,新市復興分公司,全聯實業股份有限公司,新市,臺南市新市區新和里復興路213、215號,台南市新市區新和里復興路213、215號,NONE,NONE,"{""branch_id"": ""51801503"", ""company_id"": ""16740494"", ""company_name"": ""全聯實業股份有限公司"", ""updated_date"": ""1141029"", ""branch_status"": ""01"", ""established_date"": ""1070613""}"
70802735,台南市四十四分公司,統一超商股份有限公司,新營區,臺南市新營區太子宮142之34號,台南市新營區太子宮142之34號,NONE,NONE,"{""branch_id"": ""70802735"", ""company_id"": ""22555003"", ""company_name"": ""統一超商股份有限公司"", ""updated_date"": ""1080528"", ""branch_status"": ""01"", ""established_date"": ""0900226""}"
83245570,台南市第三七一分公司,統一超商股份有限公司,新營區,臺南市新營區新南里復興路642號1樓,台南市新營區新南里復興路642號,NONE,NONE,"{""branch_id"": ""83245570"", ""company_id"": ""22555003"", ""company_name"": ""統一超商股份有限公司"", ""updated_date"": null, ""branch_status"": ""01"", ""established_date"": ""1100114""}"
60756602,台南市第三○七分公司,全家便利商店股份有限公司,新營區,臺南市新營區三仙里民權路23號1樓,台南市新營區三仙里民權路23號,NONE,NONE,"{""branch_id"": ""60756602"", ""company_id"": ""23060248"", ""company_name"": ""全家便利商店股份有限公司"", ""updated_date"": ""1141203"", ""branch_status"": ""01"", ""established_date"": ""1140527""}"
83566208,台南市第二五三分公司,全家便利商店股份有限公司,新營區,臺南市新營區新南里金華路二段90號,台南市新營區新南里金華路2段90號,NONE,NONE,"{""branch_id"": ""83566208"", ""company_id"": ""23060248"", ""company_name"": ""全家便利商店股份有限公司"", ""updated_date"": ""1141203"", ""branch_status"": ""01"", ""established_date"": ""1081230""}"
24815461,台南市第二四一分公司,全家便利商店股份有限公司,新營區,臺南市新營區大宏里三民路52號1樓,台南市新營區大宏里三民路52號,NONE,NONE,"{""branch_id"": ""24815461"", ""company_id"": ""23060248"", ""company_name"": ""全家便利商店股份有限公司"", ""updated_date"": ""1141203"", ""branch_status"": ""01"", ""established_date"": ""1071206""}"
54382119,台南市第二四三分公司,統一超商股份有限公司,新營區,臺南市新營區忠政里中正路121號1樓,台南市新營區忠政里中正路121號,NONE,NONE,"{""branch_id"": ""54382119"", ""company_id"": ""22555003"", ""company_name"": ""統一超商股份有限公司"", ""updated_date"": null, ""branch_status"": ""01"", ""established_date"": ""1030508""}"
70795565,台南市第八十八分公司,統一超商股份有限公司,新營區,臺南市新營區南紙里18鄰太子路191號1樓,台南市新營區南紙里18鄰太子路191號,NONE,NONE,"{""branch_id"": ""70795565"", ""company_id"": ""22555003"", ""company_name"": ""統一超商股份有限公司"", ""updated_date"": ""1080528"", ""branch_status"": ""01"", ""established_date"": ""0910118""}"
90358280,台南市第四二一分公司,統一超商股份有限公司,新營區,臺南市新營區民生里三民路152-13號1樓,台南市新營區民生里三民路152號,NONE,NONE,"{""branch_id"": ""90358280"", ""company_id"": ""22555003"", ""company_name"": ""統一超商股份有限公司"", ""updated_date"": null, ""branch_status"": ""01"", ""established_date"": ""1110714""}"
93784506,台南市第四四九分公司,統一超商股份有限公司,新營區,臺南市新營區太子宮140之2號1樓,台南市新營區太子宮140之2號,NONE,NONE,"{""branch_id"": ""93784506"", ""company_id"": ""22555003"", ""company_name"": ""統一超商股份有限公司"", ""updated_date"": null, ""branch_status"": ""01"", ""established_date"": ""1120606""}"
27253668,台南縣第一六二分公司,統一超商股份有限公司,新營區,臺南市新營區埤寮里1鄰中正路530號,台南市新營區埤寮里1鄰中正路530號,NONE,NONE,"{""branch_id"": ""27253668"", ""company_id"": ""22555003"", ""company_name"": ""統一超商股份有限公司"", ""updated_date"": ""1120105"", ""branch_status"": ""01"", ""established_date"": ""0940425""}"
28429308,台南縣第五十三分公司,統一超商股份有限公司,新營區,臺南市新營區新東里20鄰東興路236號1樓,台南市新營區新東里20鄰東興路236號,NONE,NONE,"{""branch_id"": ""28429308"", ""company_id"": ""22555003"", ""company_name"": ""統一超商股份有限公司"", ""updated_date"": ""1120106"", ""branch_status"": ""01"", ""established_date"": ""0970115""}"
95438903,新營三民分公司,全聯實業股份有限公司,新營區,臺南市新營區大宏里三民路18號1樓,台南市新營區大宏里三民路18號,NONE,NONE,"{""branch_id"": ""95438903"", ""company_id"": ""16740494"", ""company_name"": ""全聯實業股份有限公司"", ""updated_date"": ""1131209"", ""branch_status"": ""01"", ""established_date"": ""1130812""}"
27937889,新營中興分公司,全家便利商店股份有限公司,新營區,臺南市新營區永生里中興路32號1樓,台南市新營區永生里中興路32號,NONE,NONE,"{""branch_id"": ""27937889"", ""company_id"": ""23060248"", ""company_name"": ""全家便利商店股份有限公司"", ""updated_date"": ""1141203"", ""branch_status"": ""01"", ""established_date"": ""0950417""}"
27939599,新營南紙分公司,全家便利商店股份有限公司,新營區,臺南市新營區南紙里建業路317號1樓,台南市新營區南紙里建業路317號,NONE,NONE,"{""branch_id"": ""27939599"", ""company_id"": ""23060248"", ""company_name"": ""全家便利商店股份有限公司"", ""updated_date"": ""1141203"", ""branch_status"": ""01"", ""established_date"": ""0950516""}"
70788305,新營和平分公司,全家便利商店股份有限公司,新營區,臺南市新營區民榮里和平路46號1樓,台南市新營區民榮里和平路46號,NONE,NONE,"{""branch_id"": ""70788305"", ""company_id"": ""23060248"", ""company_name"": ""全家便利商店股份有限公司"", ""updated_date"": ""1141203"", ""branch_status"": ""01"", ""established_date"": ""0891019""}"
80035207,新營新興分公司,全家便利商店股份有限公司,新營區,臺南市新營區忠政里中正路39之9號1樓,台南市新營區忠政里中正路39之9號,NONE,NONE,"{""branch_id"": ""80035207"", ""company_id"": ""23060248"", ""company_name"": ""全家便利商店股份有限公司"", ""updated_date"": ""1141203"", ""branch_status"": ""01"", ""established_date"": ""0921216""}"
27943067,新營東興分公司,全家便利商店股份有限公司,新營區,臺南市新營區新東里東興路188號1樓,台南市新營區新東里東興路188號,NONE,NONE,"{""branch_id"": ""27943067"", ""company_id"": ""23060248"", ""company_name"": ""全家便利商店股份有限公司"", ""updated_date"": ""1141203"", ""branch_status"": ""01"", ""established_date"": ""0950724""}"
90208902,新營東興分公司,全聯實業股份有限公司,新營區,臺南市新營區新東里東興路123號,台南市新營區新東里東興路123號,NONE,NONE,"{""branch_id"": ""90208902"", ""company_id"": ""16740494"", ""company_name"": ""全聯實業股份有限公司"", ""updated_date"": ""1140108"", ""branch_status"": ""01"", ""established_date"": ""1110418""}"
27947887,台南中華東分公司,全聯實業股份有限公司,東區,臺南市東區自強里中華東路2段237號1樓,台南市東區自強里中華東路2段237號,NONE,NONE,"{""branch_id"": ""27947887"", ""company_id"": ""16740494"", ""company_name"": ""全聯實業股份有限公司"", ""updated_date"": ""1100706"", ""branch_status"": ""01"", ""established_date"": ""0951106""}"
80538257,台南南森分公司,萊爾富國際股份有限公司,東區,臺南市東區林森路2段192巷29號1樓,台南市東區林森路2段192巷29號,NONE,NONE,"{""branch_id"": ""80538257"", ""company_id"": ""23285582"", ""company_name"": ""萊爾富國際股份有限公司"", ""updated_date"": ""1121128"", ""branch_status"": ""01"", ""established_date"": ""0921106""}"
16090034,台南崇德分公司,全家便利商店股份有限公司,東區,臺南市東區崇成里崇德路737號1樓,台南市東區崇成里崇德路737號,NONE,NONE,"{""branch_id"": ""16090034"", ""company_id"": ""23060248"", ""company_name"": ""全家便利商店股份有限公司"", ""updated_date"": ""1141121"", ""branch_status"": ""01"", ""established_date"": ""0860821""}"
16081767,台南巿第１００分公司,統一超商股份有限公司,東區,臺南市東區路東里大同路二段九十五–３號１樓,台南市東區路東里大同路2段九十五–3號,NONE,NONE,"{""branch_id"": ""16081767"", ""company_id"": ""22555003"", ""company_name"": ""統一超商股份有限公司"", ""updated_date"": ""1130328"", ""branch_status"": ""01"", ""established_date"": ""0860508""}"
97176840,台南巿第８９分公司,統一超商股份有限公司,東區,臺南市東區自強里中華東路二段２９３號,台南市東區自強里中華東路2段293號,NONE,NONE,"{""branch_id"": ""97176840"", ""company_id"": ""22555003"", ""company_name"": ""統一超商股份有限公司"", ""updated_date"": ""1130328"", ""branch_status"": ""01"", ""established_date"": ""0860305""}"
23470279,台南巿第三十四分公司,統一超商股份有限公司,東區,臺南市東區東門路2段289、291、293號1樓,台南市東區東門路2段289、291、293號,NONE,NONE,"{""branch_id"": ""23470279"", ""company_id"": ""22555003"", ""company_name"": ""統一超商股份有限公司"", ""updated_date"": ""1120105"", ""branch_status"": ""01"", ""established_date"": ""0780823""}"
84451470,台南巿第五十七分公司,統一超商股份有限公司,東區,臺南市東區中華東路二段171、173、175、177號1樓,台南市東區中華東路2段171、173、175、177號,NONE,NONE,"{""branch_id"": ""84451470"", ""company_id"": ""22555003"", ""company_name"": ""統一超商股份有限公司"", ""updated_date"": ""1120105"", ""branch_status"": ""01"", ""established_date"": ""0821019""}"
23985157,台南巿第五十分公司,統一超商股份有限公司,東區,臺南市東區莊敬里小東路256號1樓,台南市東區莊敬里小東路256號,NONE,NONE,"{""branch_id"": ""23985157"", ""company_id"": ""22555003"", ""company_name"": ""統一超商股份有限公司"", ""updated_date"": ""1100209"", ""branch_status"": ""01"", ""established_date"": ""0791220""}"
22660342,台南巿第十九分公司,統一超商股份有限公司,東區,臺南市東區林森路一段184號1樓,台南市東區林森路1段184號,NONE,NONE,"{""branch_id"": ""22660342"", ""company_id"": ""22555003"", ""company_name"": ""統一超商股份有限公司"", ""updated_date"": ""1051227"", ""branch_status"": ""01"", ""established_date"": ""0760922""}"
86927211,台南巿第四十三分公司,統一超商股份有限公司,東區,臺南市東區崇善里二十二鄰崇德路６８５、６８７號１樓,台南市東區崇善里二十二鄰崇德路685、687號,NONE,NONE,"{""branch_id"": ""86927211"", ""company_id"": ""22555003"", ""company_name"": ""統一超商股份有限公司"", ""updated_date"": ""1100209"", ""branch_status"": ""01"", ""established_date"": ""0811210""}"
70803679,台南市第一０四分公司,統一超商股份有限公司,東區,臺南市東區忠孝里榮譽街86、86-1號1樓,台南市東區忠孝里榮譽街86、86號,NONE,NONE,"{""branch_id"": ""70803679"", ""company_id"": ""22555003"", ""company_name"": ""統一超商股份有限公司"", ""updated_date"": ""1120105"", ""branch_status"": ""01"", ""established_date"": ""0900312""}"
53016966,台南市第一一二分公司,統一超商股份有限公司,東區,臺南市東區崇成里崇明路561號1樓,台南市東區崇成里崇明路561號,NONE,NONE,"{""branch_id"": ""53016966"", ""company_id"": ""22555003"", ""company_name"": ""統一超商股份有限公司"", ""updated_date"": ""1120105"", ""branch_status"": ""01"", ""established_date"": ""1000830""}"
27934031,台南市第一七七分公司,統一超商股份有限公司,東區,臺南市東區和平里東門路３段２２０號１樓,台南市東區和平里東門路3段220號,NONE,NONE,"{""branch_id"": ""27934031"", ""company_id"": ""22555003"", ""company_name"": ""統一超商股份有限公司"", ""updated_date"": ""1120105"", ""branch_status"": ""01"", ""established_date"": ""0950124""}"
27937179,台南市第一七九分公司,統一超商股份有限公司,東區,臺南市東區復興里裕文路７６號１樓,台南市東區復興里裕文路76號,NONE,NONE,"{""branch_id"": ""27937179"", ""company_id"": ""22555003"", ""company_name"": ""統一超商股份有限公司"", ""updated_date"": ""1120105"", ""branch_status"": ""01"", ""established_date"": ""0950404""}"
27932049,台南市第一七八分公司,統一超商股份有限公司,東區,臺南市東區富強里11鄰裕農路320號1樓,台南市東區富強里11鄰裕農路320號,NONE,NONE,"{""branch_id"": ""27932049"", ""company_id"": ""22555003"", ""company_name"": ""統一超商股份有限公司"", ""updated_date"": ""1120105"", ""branch_status"": ""01"", ""established_date"": ""0941227""}"
16841660,台南市第一二三分公司,統一超商股份有限公司,東區,臺南市東區龍山里十二鄰東門路一段三六二號一樓,台南市東區龍山里十二鄰東門路1段三六二號,NONE,NONE,"{""branch_id"": ""16841660"", ""company_id"": ""22555003"", ""company_name"": ""統一超商股份有限公司"", ""updated_date"": ""1130328"", ""branch_status"": ""01"", ""established_date"": ""0880421""}"
27231855,台南市第一五一分公司,統一超商股份有限公司,東區,臺南市東區裕豐街187、189、191號1樓,台南市東區裕豐街187、189、191號,NONE,NONE,"{""branch_id"": ""27231855"", ""company_id"": ""22555003"", ""company_name"": ""統一超商股份有限公司"", ""updated_date"": ""1120107"", ""branch_status"": ""01"", ""established_date"": ""0930210""}"
28412073,台南市第一八六分公司,統一超商股份有限公司,東區,臺南市東區關聖里裕信路177號1樓,台南市東區關聖里裕信路177號,NONE,NONE,"{""branch_id"": ""28412073"", ""company_id"": ""22555003"", ""company_name"": ""統一超商股份有限公司"", ""updated_date"": ""1120107"", ""branch_status"": ""01"", ""established_date"": ""0960309""}"
54912264,台南市第三０四分公司,統一超商股份有限公司,東區,臺南市東區東明里東興路41號1樓,台南市東區東明里東興路41號,NONE,NONE,"{""branch_id"": ""54912264"", ""company_id"": ""22555003"", ""company_name"": ""統一超商股份有限公司"", ""updated_date"": null, ""branch_status"": ""01"", ""established_date"": ""1080528""}"
83695765,台南市第三五四分公司,統一超商股份有限公司,東區,臺南市東區虎尾里自由路三段108號1樓,台南市東區虎尾里自由路3段108號,NONE,NONE,"{""branch_id"": ""83695765"", ""company_id"": ""22555003"", ""company_name"": ""統一超商股份有限公司"", ""updated_date"": null, ""branch_status"": ""01"", ""established_date"": ""1090622""}"
91080018,台南市第三八一分公司,統一超商股份有限公司,東區,臺南市東區東明里怡東路111號1樓,台南市東區東明里怡東路111號,NONE,NONE,"{""branch_id"": ""91080018"", ""company_id"": ""22555003"", ""company_name"": ""統一超商股份有限公司"", ""updated_date"": null, ""branch_status"": ""01"", ""established_date"": ""1100525""}"
00075390,台南市第三○四分公司,全家便利商店股份有限公司,東區,臺南市東區崇善里仁和路32號,台南市東區崇善里仁和路32號,NONE,NONE,"{""branch_id"": ""00075390"", ""company_id"": ""23060248"", ""company_name"": ""全家便利商店股份有限公司"", ""updated_date"": ""1141124"", ""branch_status"": ""01"", ""established_date"": ""1140307""}"
43040544,台南市第二七０分公司,統一超商股份有限公司,東區,臺南市東區後甲里裕農路657號1樓,台南市東區後甲里裕農路657號,NONE,NONE,"{""branch_id"": ""43040544"", ""company_id"": ""22555003"", ""company_name"": ""統一超商股份有限公司"", ""updated_date"": null, ""branch_status"": ""01"", ""established_date"": ""1050427""}"
90890877,台南市第二七二分公司,全家便利商店股份有限公司,東區,臺南市東區關聖里裕平路15號,台南市東區關聖里裕平路15號,NONE,NONE,"{""branch_id"": ""90890877"", ""company_id"": ""23060248"", ""company_name"": ""全家便利商店股份有限公司"", ""updated_date"": ""1141121"", ""branch_status"": ""01"", ""established_date"": ""1100421""}"
24817284,台南市第二九八分公司,統一超商股份有限公司,東區,臺南市東區林森路2段192巷24弄5、7號1樓,台南市東區林森路2段192巷24弄5、7號,NONE,NONE,"{""branch_id"": ""24817284"", ""company_id"": ""22555003"", ""company_name"": ""統一超商股份有限公司"", ""updated_date"": null, ""branch_status"": ""01"", ""established_date"": ""1080322""}"
24794233,台南市第二二三分公司,全家便利商店股份有限公司,東區,臺南市東區崇德里崇德路471-3號,台南市東區崇德里崇德路471號,NONE,NONE,"{""branch_id"": ""24794233"", ""company_id"": ""23060248"", ""company_name"": ""全家便利商店股份有限公司"", ""updated_date"": ""1141121"", ""branch_status"": ""01"", ""established_date"": ""1040629""}"
51222700,台南市第二二九分公司,全家便利商店股份有限公司,東區,臺南市東區裕勝里裕信路383號,台南市東區裕勝里裕信路383號,NONE,NONE,"{""branch_id"": ""51222700"", ""company_id"": ""23060248"", ""company_name"": ""全家便利商店股份有限公司"", ""updated_date"": ""1141120"", ""branch_status"": ""01"", ""established_date"": ""1051205""}"
54394678,台南市第二五七分公司,統一超商股份有限公司,東區,臺南市東區小東里東安路291、293號1樓,台南市東區小東里東安路291、293號,NONE,NONE,"{""branch_id"": ""54394678"", ""company_id"": ""22555003"", ""company_name"": ""統一超商股份有限公司"", ""updated_date"": null, ""branch_status"": ""01"", ""established_date"": ""1031215""}"
83557186,台南市第二五九分公司,全家便利商店股份有限公司,東區,臺南市東區大學里長榮路三段39號1、2樓,台南市東區大學里長榮路3段39號,NONE,NONE,"{""branch_id"": ""83557186"", ""company_id"": ""23060248"", ""company_name"": ""全家便利商店股份有限公司"", ""updated_date"": ""1141121"", ""branch_status"": ""01"", ""established_date"": ""1090406""}"
54395058,台南市第二五八分公司,統一超商股份有限公司,東區,臺南市東區和平里自由路2段37號1樓,台南市東區和平里自由路2段37號,NONE,NONE,"{""branch_id"": ""54395058"", ""company_id"": ""22555003"", ""company_name"": ""統一超商股份有限公司"", ""updated_date"": null, ""branch_status"": ""01"", ""established_date"": ""1031218""}"
90225796,台南市第二八六分公司,全家便利商店股份有限公司,東區,臺南市東區忠孝里中華東路三段380巷1號1樓,台南市東區忠孝里中華東路3段380巷1號,NONE,NONE,"{""branch_id"": ""90225796"", ""company_id"": ""23060248"", ""company_name"": ""全家便利商店股份有限公司"", ""updated_date"": ""1141124"", ""branch_status"": ""01"", ""established_date"": ""1110330""}"
83636703,台南市第二六一分公司,全家便利商店股份有限公司,東區,臺南市東區大福里榮譽街61號,台南市東區大福里榮譽街61號,NONE,NONE,"{""branch_id"": ""83636703"", ""company_id"": ""23060248"", ""company_name"": ""全家便利商店股份有限公司"", ""updated_date"": ""1141120"", ""branch_status"": ""01"", ""established_date"": ""1090605""}"
54918464,台南市第二四九分公司,全家便利商店股份有限公司,東區,臺南市東區莊敬里中華東路一段88號,台南市東區莊敬里中華東路1段88號,NONE,NONE,"{""branch_id"": ""54918464"", ""company_id"": ""23060248"", ""company_name"": ""全家便利商店股份有限公司"", ""updated_date"": ""1141124"", ""branch_status"": ""01"", ""established_date"": ""1081118""}"
54387212,台南市第二四六分公司,統一超商股份有限公司,東區,臺南市東區大智里德東街101號1樓,台南市東區大智里德東街101號,NONE,NONE,"{""branch_id"": ""54387212"", ""company_id"": ""22555003"", ""company_name"": ""統一超商股份有限公司"", ""updated_date"": null, ""branch_status"": ""01"", ""established_date"": ""1030801""}"
54913192,台南市第二四四分公司,全家便利商店股份有限公司,東區,臺南市東區裕聖里裕義路576號,台南市東區裕聖里裕義路576號,NONE,NONE,"{""branch_id"": ""54913192"", ""company_id"": ""23060248"", ""company_name"": ""全家便利商店股份有限公司"", ""updated_date"": ""1141121"", ""branch_status"": ""01"", ""established_date"": ""1080627""}"
27943600,台南市第八十五分公司,統一超商股份有限公司,東區,臺南市東區裕聖里6鄰裕信路352號,台南市東區裕聖里6鄰裕信路352號,NONE,NONE,"{""branch_id"": ""27943600"", ""company_id"": ""22555003"", ""company_name"": ""統一超商股份有限公司"", ""updated_date"": ""1120107"", ""branch_status"": ""01"", ""established_date"": ""0950801""}"
22656522,台南市第十三分公司,統一超商股份有限公司,東區,臺南市東區長榮路三段139、141、143號1樓,台南市東區長榮路3段139、141、143號,NONE,NONE,"{""branch_id"": ""22656522"", ""company_id"": ""22555003"", ""company_name"": ""統一超商股份有限公司"", ""updated_date"": ""1051227"", ""branch_status"": ""01"", ""established_date"": ""0760622""}"
95430590,台南市第四七五分公司,統一超商股份有限公司,東區,臺南市東區德高里崇善路1191號1樓,台南市東區德高里崇善路1191號,NONE,NONE,"{""branch_id"": ""95430590"", ""company_id"": ""22555003"", ""company_name"": ""統一超商股份有限公司"", ""updated_date"": null, ""branch_status"": ""01"", ""established_date"": ""1130729""}"
94240398,台南市第四五九分公司,統一超商股份有限公司,東區,臺南市東區東聖里中華東路二段69、71號1樓,台南市東區東聖里中華東路2段69、71號,NONE,NONE,"{""branch_id"": ""94240398"", ""company_id"": ""22555003"", ""company_name"": ""統一超商股份有限公司"", ""updated_date"": null, ""branch_status"": ""01"", ""established_date"": ""1121201""}"
70807703,台南東安分公司,全聯實業股份有限公司,東區,臺南市東區東明里東安路20號1樓,台南市東區東明里東安路20號,NONE,NONE,"{""branch_id"": ""70807703"", ""company_id"": ""16740494"", ""company_name"": ""全聯實業股份有限公司"", ""updated_date"": ""1130109"", ""branch_status"": ""01"", ""established_date"": ""0900510""}"
16830951,台南東平分公司,全家便利商店股份有限公司,東區,臺南市東區小東里光明街217號，219號1樓,台南市東區小東里光明街217號,NONE,NONE,"{""branch_id"": ""16830951"", ""company_id"": ""23060248"", ""company_name"": ""全家便利商店股份有限公司"", ""updated_date"": ""1141121"", ""branch_status"": ""01"", ""established_date"": ""0871215""}"
93765249,台南東平分公司,全聯實業股份有限公司,東區,臺南市東區小東里東平路190、192、196號,台南市東區小東里東平路190、192、196號,NONE,NONE,"{""branch_id"": ""93765249"", ""company_id"": ""16740494"", ""company_name"": ""全聯實業股份有限公司"", ""updated_date"": ""1150106"", ""branch_status"": ""01"", ""established_date"": ""1120725""}"
16836961,台南林森分公司,全家便利商店股份有限公司,東區,臺南市東區衛國里林森路二段188號1樓,台南市東區衛國里林森路2段188號,NONE,NONE,"{""branch_id"": ""16836961"", ""company_id"": ""23060248"", ""company_name"": ""全家便利商店股份有限公司"", ""updated_date"": ""1141121"", ""branch_status"": ""01"", ""established_date"": ""0880301""}"
82983486,台南林森分公司,全聯實業股份有限公司,東區,臺南市東區龍山里崇善路23號,台南市東區龍山里崇善路23號,NONE,NONE,"{""branch_id"": ""82983486"", ""company_id"": ""16740494"", ""company_name"": ""全聯實業股份有限公司"", ""updated_date"": null, ""branch_status"": ""01"", ""established_date"": ""1120307""}"
80027500,台南榮寶分公司,全家便利商店股份有限公司,東區,臺南市東區龍山里長榮路一段236號1樓,台南市東區龍山里長榮路1段236號,NONE,NONE,"{""branch_id"": ""80027500"", ""company_id"": ""23060248"", ""company_name"": ""全家便利商店股份有限公司"", ""updated_date"": ""1141120"", ""branch_status"": ""01"", ""established_date"": ""0920722""}"
90225873,台南生產分公司,全聯實業股份有限公司,東區,臺南市東區崇明里生產路181號,台南市東區崇明里生產路181號,NONE,NONE,"{""branch_id"": ""90225873"", ""company_id"": ""16740494"", ""company_name"": ""全聯實業股份有限公司"", ""updated_date"": null, ""branch_status"": ""01"", ""established_date"": ""1110330""}"
43182803,台南自由分公司,全聯實業股份有限公司,東區,臺南市東區復興里自由路3段376號,台南市東區復興里自由路3段376號,NONE,NONE,"{""branch_id"": ""43182803"", ""company_id"": ""16740494"", ""company_name"": ""全聯實業股份有限公司"", ""updated_date"": ""1080201"", ""branch_status"": ""01"", ""established_date"": ""1050608""}"
51685808,台南裕忠分公司,全聯實業股份有限公司,東區,臺南市東區關聖里裕忠路107號,台南市東區關聖里裕忠路107號,NONE,NONE,"{""branch_id"": ""51685808"", ""company_id"": ""16740494"", ""company_name"": ""全聯實業股份有限公司"", ""updated_date"": ""1110506"", ""branch_status"": ""01"", ""established_date"": ""1070314""}"
80508042,台南裕農分公司,全聯實業股份有限公司,東區,臺南市東區富強里裕農路400號1樓,台南市東區富強里裕農路400號,NONE,NONE,"{""branch_id"": ""80508042"", ""company_id"": ""16740494"", ""company_name"": ""全聯實業股份有限公司"", ""updated_date"": ""1100310"", ""branch_status"": ""01"", ""established_date"": ""0920813""}"
53671772,第四一0九分公司,萊爾富國際股份有限公司,東區,臺南市東區大同里大同路1段59號1樓,台南市東區大同里大同路1段59號,NONE,NONE,"{""branch_id"": ""53671772"", ""company_id"": ""23285582"", ""company_name"": ""萊爾富國際股份有限公司"", ""updated_date"": ""1121121"", ""branch_status"": ""01"", ""established_date"": ""1020528""}"
23825482,臺南巿第四十三分公司,統一超商股份有限公司,東區,臺南市東區大興里大同路一段２５７、２５９、２６１號１樓,台南市東區大興里大同路1段257、259、261號,NONE,NONE,"{""branch_id"": ""23825482"", ""company_id"": ""22555003"", ""company_name"": ""統一超商股份有限公司"", ""updated_date"": null, ""branch_status"": ""01"", ""established_date"": ""0790816""}"
53665390,台南市第二一七分公司,統一超商股份有限公司,東山區,臺南市東山區前大埔191號1樓,台南市東山區前大埔191號,NONE,NONE,"{""branch_id"": ""53665390"", ""company_id"": ""22555003"", ""company_name"": ""統一超商股份有限公司"", ""updated_date"": null, ""branch_status"": ""01"", ""established_date"": ""1020205""}"
89144965,台南市第二九一分公司,全家便利商店股份有限公司,東山區,臺南市東山區東中里中興路1號,台南市東山區東中里中興路1號,NONE,NONE,"{""branch_id"": ""89144965"", ""company_id"": ""23060248"", ""company_name"": ""全家便利商店股份有限公司"", ""updated_date"": ""1141203"", ""branch_status"": ""01"", ""established_date"": ""1120210""}"
90528428,台南市第四０一分公司,統一超商股份有限公司,東山區,臺南市東山區東中里新東路1段19號1樓,台南市東山區東中里新東路1段19號,NONE,NONE,"{""branch_id"": ""90528428"", ""company_id"": ""22555003"", ""company_name"": ""統一超商股份有限公司"", ""updated_date"": null, ""branch_status"": ""01"", ""established_date"": ""1101125""}"
90182115,台南市第四一五分公司,統一超商股份有限公司,東山區,臺南市東山區科里里枋子林74之6號1樓,台南市東山區科里里枋子林74之6號,NONE,NONE,"{""branch_id"": ""90182115"", ""company_id"": ""22555003"", ""company_name"": ""統一超商股份有限公司"", ""updated_date"": null, ""branch_status"": ""01"", ""established_date"": ""1110329""}"
90060730,台南市第四三三分公司,統一超商股份有限公司,東山區,臺南市東山區東中里中興南路32號1樓,台南市東山區東中里中興南路32號,NONE,NONE,"{""branch_id"": ""90060730"", ""company_id"": ""22555003"", ""company_name"": ""統一超商股份有限公司"", ""updated_date"": null, ""branch_status"": ""01"", ""established_date"": ""1111111""}"
83557290,東山中興分公司,全聯實業股份有限公司,東山區,臺南市東山區東中里中興南路46、48號,台南市東山區東中里中興南路46、48號,NONE,NONE,"{""branch_id"": ""83557290"", ""company_id"": ""16740494"", ""company_name"": ""全聯實業股份有限公司"", ""updated_date"": ""1120309"", ""branch_status"": ""01"", ""established_date"": ""1090407""}"
83140371,台南市第三五五分公司,統一超商股份有限公司,柳營區,臺南市柳營區果毅里果毅後14-1號1樓,台南市柳營區果毅里果毅後14號,NONE,NONE,"{""branch_id"": ""83140371"", ""company_id"": ""22555003"", ""company_name"": ""統一超商股份有限公司"", ""updated_date"": null, ""branch_status"": ""01"", ""established_date"": ""1090805""}"
24790877,台南市第二六０分公司,統一超商股份有限公司,柳營區,臺南市柳營區中埕里10鄰中山西路2段61號1樓,台南市柳營區中埕里10鄰中山西路2段61號,NONE,NONE,"{""branch_id"": ""24790877"", ""company_id"": ""22555003"", ""company_name"": ""統一超商股份有限公司"", ""updated_date"": null, ""branch_status"": ""01"", ""established_date"": ""1040504""}"
97176004,台南縣第二十九分公司,統一超商股份有限公司,柳營區,臺南市柳營區士林村柳營路2段1、3號1樓,台南市柳營區士林村柳營路2段1、3號,NONE,NONE,"{""branch_id"": ""97176004"", ""company_id"": ""22555003"", ""company_name"": ""統一超商股份有限公司"", ""updated_date"": ""1130328"", ""branch_status"": ""01"", ""established_date"": ""0860220""}"
28417035,台南縣第二十二分公司,統一超商股份有限公司,柳營區,臺南市柳營區重溪里義士路1段938號,台南市柳營區重溪里義士路1段938號,NONE,NONE,"{""branch_id"": ""28417035"", ""company_id"": ""22555003"", ""company_name"": ""統一超商股份有限公司"", ""updated_date"": ""1120106"", ""branch_status"": ""01"", ""established_date"": ""0960613""}"
51164639,柳營中山分公司,全聯實業股份有限公司,柳營區,臺南市柳營區東昇里中山西路1段165、171號,台南市柳營區東昇里中山西路1段165、171號,NONE,NONE,"{""branch_id"": ""51164639"", ""company_id"": ""16740494"", ""company_name"": ""全聯實業股份有限公司"", ""updated_date"": ""1120711"", ""branch_status"": ""01"", ""established_date"": ""1051116""}"
80027467,柳營重溪分公司,全家便利商店股份有限公司,柳營區,臺南市柳營區重溪村小腳腿12號1樓,台南市柳營區重溪村小腳腿12號,NONE,NONE,"{""branch_id"": ""80027467"", ""company_id"": ""23060248"", ""company_name"": ""全家便利商店股份有限公司"", ""updated_date"": ""1141203"", ""branch_status"": ""01"", ""established_date"": ""0920722""}"
83202827,台南市第三六六分公司,統一超商股份有限公司,楠西區,臺南市楠西區楠西里中正路176號前面,台南市楠西區楠西里中正路176號,NONE,NONE,"{""branch_id"": ""83202827"", ""company_id"": ""22555003"", ""company_name"": ""統一超商股份有限公司"", ""updated_date"": null, ""branch_status"": ""01"", ""established_date"": ""1091231""}"
54913720,第四四一七分公司,萊爾富國際股份有限公司,楠西區,臺南市楠西區中正路179、179-1、179-2號1樓,台南市楠西區中正路179、179-1、179號,NONE,NONE,"{""branch_id"": ""54913720"", ""company_id"": ""23285582"", ""company_name"": ""萊爾富國際股份有限公司"", ""updated_date"": ""1121122"", ""branch_status"": ""01"", ""established_date"": ""1080715""}"
91079841,台南市第三八三分公司,統一超商股份有限公司,歸仁區,臺南市歸仁區崙頂里大成路211號1樓,台南市歸仁區崙頂里大成路211號,NONE,NONE,"{""branch_id"": ""91079841"", ""company_id"": ""22555003"", ""company_name"": ""統一超商股份有限公司"", ""updated_date"": null, ""branch_status"": ""01"", ""established_date"": ""1100524""}"
91054905,台南市第三八八分公司,統一超商股份有限公司,歸仁區,臺南市歸仁區七甲里中正北路二段130號1樓,台南市歸仁區七甲里中正北路2段130號,NONE,NONE,"{""branch_id"": ""91054905"", ""company_id"": ""22555003"", ""company_name"": ""統一超商股份有限公司"", ""updated_date"": null, ""branch_status"": ""01"", ""established_date"": ""1100730""}"
91052239,台南市第三八六分公司,統一超商股份有限公司,歸仁區,臺南市歸仁區南保里文化街三段47號1樓,台南市歸仁區南保里文化街3段47號,NONE,NONE,"{""branch_id"": ""91052239"", ""company_id"": ""22555003"", ""company_name"": ""統一超商股份有限公司"", ""updated_date"": null, ""branch_status"": ""01"", ""established_date"": ""1100708""}"
60756650,台南市第三○六分公司,全家便利商店股份有限公司,歸仁區,臺南市歸仁區沙崙里歸仁九路17號、19號,台南市歸仁區沙崙里歸仁九路17號,NONE,NONE,"{""branch_id"": ""60756650"", ""company_id"": ""23060248"", ""company_name"": ""全家便利商店股份有限公司"", ""updated_date"": ""1141203"", ""branch_status"": ""01"", ""established_date"": ""1140527""}"
70813867,台南市第三十八分公司,統一超商股份有限公司,歸仁區,臺南市歸仁區八甲村中正北路1段194號1樓,台南市歸仁區八甲村中正北路1段194號,NONE,NONE,"{""branch_id"": ""70813867"", ""company_id"": ""22555003"", ""company_name"": ""統一超商股份有限公司"", ""updated_date"": ""1080528"", ""branch_status"": ""01"", ""established_date"": ""0900731""}"
24816932,台南市第二九六分公司,統一超商股份有限公司,歸仁區,臺南市歸仁區大潭里中正南路3段22號1樓,台南市歸仁區大潭里中正南路3段22號,NONE,NONE,"{""branch_id"": ""24816932"", ""company_id"": ""22555003"", ""company_name"": ""統一超商股份有限公司"", ""updated_date"": null, ""branch_status"": ""01"", ""established_date"": ""1080308""}"
51808246,台南市第二八八分公司,統一超商股份有限公司,歸仁區,臺南市歸仁區南保里民權南路108號1樓,台南市歸仁區南保里民權南路108號,NONE,NONE,"{""branch_id"": ""51808246"", ""company_id"": ""22555003"", ""company_name"": ""統一超商股份有限公司"", ""updated_date"": null, ""branch_status"": ""01"", ""established_date"": ""1070706""}"
90340682,台南市第二八八分公司,全家便利商店股份有限公司,歸仁區,臺南市歸仁區南興里中山路三段218號、220號,台南市歸仁區南興里中山路3段218號,NONE,NONE,"{""branch_id"": ""90340682"", ""company_id"": ""23060248"", ""company_name"": ""全家便利商店股份有限公司"", ""updated_date"": ""1141203"", ""branch_status"": ""01"", ""established_date"": ""1110621""}"
24800137,台南市第二六四分公司,統一超商股份有限公司,歸仁區,臺南市歸仁區歸仁里和平北街32號1樓,台南市歸仁區歸仁里和平北街32號,NONE,NONE,"{""branch_id"": ""24800137"", ""company_id"": ""22555003"", ""company_name"": ""統一超商股份有限公司"", ""updated_date"": null, ""branch_status"": ""01"", ""established_date"": ""1041014""}"
27236535,台南市第二十一分公司,統一超商股份有限公司,歸仁區,臺南市歸仁區六甲里中正南路1段1018、1020號1樓,台南市歸仁區六甲里中正南路1段1018、1020號,NONE,NONE,"{""branch_id"": ""27236535"", ""company_id"": ""22555003"", ""company_name"": ""統一超商股份有限公司"", ""updated_date"": ""1120106"", ""branch_status"": ""01"", ""established_date"": ""0930518""}"
96977999,台南市第十一分公司,統一超商股份有限公司,歸仁區,臺南市歸仁區新厝里復興路162-1號1樓,台南市歸仁區新厝里復興路162號,NONE,NONE,"{""branch_id"": ""96977999"", ""company_id"": ""22555003"", ""company_name"": ""統一超商股份有限公司"", ""updated_date"": ""1120106"", ""branch_status"": ""01"", ""established_date"": ""0850516""}"
96780102,台南市第四七三分公司,統一超商股份有限公司,歸仁區,臺南市歸仁區新厝里中正南路一段441號1樓,台南市歸仁區新厝里中正南路1段441號,NONE,NONE,"{""branch_id"": ""96780102"", ""company_id"": ""22555003"", ""company_name"": ""統一超商股份有限公司"", ""updated_date"": null, ""branch_status"": ""01"", ""established_date"": ""1130606""}"
95452637,台南市第四七二分公司,統一超商股份有限公司,歸仁區,臺南市歸仁區大潭里長榮路一段297之1號1樓,台南市歸仁區大潭里長榮路1段297之1號,NONE,NONE,"{""branch_id"": ""95452637"", ""company_id"": ""22555003"", ""company_name"": ""統一超商股份有限公司"", ""updated_date"": null, ""branch_status"": ""01"", ""established_date"": ""1130521""}"
90108018,台南市第四三０分公司,統一超商股份有限公司,歸仁區,臺南市歸仁區武東里中正南路二段49號1樓,台南市歸仁區武東里中正南路2段49號,NONE,NONE,"{""branch_id"": ""90108018"", ""company_id"": ""22555003"", ""company_name"": ""統一超商股份有限公司"", ""updated_date"": null, ""branch_status"": ""01"", ""established_date"": ""1110919""}"
60522210,台南市第四九八分公司,統一超商股份有限公司,歸仁區,臺南市歸仁區文化里文化街二段116號1樓,台南市歸仁區文化里文化街2段116號,NONE,NONE,"{""branch_id"": ""60522210"", ""company_id"": ""22555003"", ""company_name"": ""統一超商股份有限公司"", ""updated_date"": null, ""branch_status"": ""01"", ""established_date"": ""1141210""}"
16846813,台南歸仁分公司,全聯實業股份有限公司,歸仁區,臺南市歸仁區新厝村6鄰復興路87號1樓,台南市歸仁區新厝村6鄰復興路87號,NONE,NONE,"{""branch_id"": ""16846813"", ""company_id"": ""16740494"", ""company_name"": ""全聯實業股份有限公司"", ""updated_date"": ""1070323"", ""branch_status"": ""01"", ""established_date"": ""0880622""}"
16443950,台南縣第６９分公司,統一超商股份有限公司,歸仁區,臺南市歸仁區看東村一鄰中山路一段301號1樓,台南市歸仁區看東村一鄰中山路1段301號,NONE,NONE,"{""branch_id"": ""16443950"", ""company_id"": ""22555003"", ""company_name"": ""統一超商股份有限公司"", ""updated_date"": ""1120106"", ""branch_status"": ""01"", ""established_date"": ""0870423""}"
70763418,台南縣第一一０分公司,統一超商股份有限公司,歸仁區,臺南市歸仁區南興村一鄰民生北街一０六號一樓,台南市歸仁區南興村一鄰民生北街一0六號,NONE,NONE,"{""branch_id"": ""70763418"", ""company_id"": ""22555003"", ""company_name"": ""統一超商股份有限公司"", ""updated_date"": ""1130328"", ""branch_status"": ""01"", ""established_date"": ""0890203""}"
27948963,台南縣第一九三分公司,統一超商股份有限公司,歸仁區,臺南市歸仁區大廟村10鄰大廟一街1號1樓,台南市歸仁區大廟村10鄰大廟一街1號,NONE,NONE,"{""branch_id"": ""27948963"", ""company_id"": ""22555003"", ""company_name"": ""統一超商股份有限公司"", ""updated_date"": ""1120106"", ""branch_status"": ""01"", ""established_date"": ""0951127""}"
27950313,台南縣第一九四分公司,統一超商股份有限公司,歸仁區,臺南市歸仁區沙崙村9鄰歸仁大道100號1樓,台南市歸仁區沙崙村9鄰歸仁大道100號,NONE,NONE,"{""branch_id"": ""27950313"", ""company_id"": ""22555003"", ""company_name"": ""統一超商股份有限公司"", ""updated_date"": ""1120106"", ""branch_status"": ""01"", ""established_date"": ""0951218""}"
28421431,台南縣第二一０分公司,統一超商股份有限公司,歸仁區,臺南市歸仁區南保村1鄰大德路307號1樓,台南市歸仁區南保村1鄰大德路307號,NONE,NONE,"{""branch_id"": ""28421431"", ""company_id"": ""22555003"", ""company_name"": ""統一超商股份有限公司"", ""updated_date"": ""1120106"", ""branch_status"": ""01"", ""established_date"": ""0960912""}"
16831403,台南縣第八十五分公司,統一超商股份有限公司,歸仁區,臺南市歸仁區辜厝村中正南路1段110、112號1樓,台南市歸仁區辜厝村中正南路1段110、112號,NONE,NONE,"{""branch_id"": ""16831403"", ""company_id"": ""22555003"", ""company_name"": ""統一超商股份有限公司"", ""updated_date"": ""1130328"", ""branch_status"": ""01"", ""established_date"": ""0871217""}"
28980379,歸仁中山分公司,全聯實業股份有限公司,歸仁區,臺南市歸仁區南保里中山路3段2號1樓,台南市歸仁區南保里中山路3段2號,NONE,NONE,"{""branch_id"": ""28980379"", ""company_id"": ""16740494"", ""company_name"": ""全聯實業股份有限公司"", ""updated_date"": ""1121204"", ""branch_status"": ""01"", ""established_date"": ""0980625""}"
60612991,歸仁中正南分公司,全聯實業股份有限公司,歸仁區,臺南市歸仁區武東里中正南路二段123號1樓,台南市歸仁區武東里中正南路2段123號,NONE,NONE,"{""branch_id"": ""60612991"", ""company_id"": ""16740494"", ""company_name"": ""全聯實業股份有限公司"", ""updated_date"": null, ""branch_status"": ""01"", ""established_date"": ""1140707""}"
27934399,歸仁大順分公司,全家便利商店股份有限公司,歸仁區,臺南市歸仁區後市村大順街170號1樓,台南市歸仁區後市村大順街170號,NONE,NONE,"{""branch_id"": ""27934399"", ""company_id"": ""23060248"", ""company_name"": ""全家便利商店股份有限公司"", ""updated_date"": ""1141203"", ""branch_status"": ""01"", ""established_date"": ""0950203""}"
90640105,歸仁忠孝北分公司,全聯實業股份有限公司,歸仁區,臺南市歸仁區歸仁里忠孝北路158號及大仁街145、145-1號,台南市歸仁區歸仁里忠孝北路158號,NONE,NONE,"{""branch_id"": ""90640105"", ""company_id"": ""16740494"", ""company_name"": ""全聯實業股份有限公司"", ""updated_date"": null, ""branch_status"": ""01"", ""established_date"": ""1101207""}"
27923180,歸仁文仁分公司,全家便利商店股份有限公司,歸仁區,臺南市歸仁區後市村民族北街85號1樓,台南市歸仁區後市村民族北街85號,NONE,NONE,"{""branch_id"": ""27923180"", ""company_id"": ""23060248"", ""company_name"": ""全家便利商店股份有限公司"", ""updated_date"": ""1141203"", ""branch_status"": ""01"", ""established_date"": ""0940812""}"
91045759,歸仁文化分公司,全聯實業股份有限公司,歸仁區,臺南市歸仁區南保里文化街三段107號、文化七街1號,台南市歸仁區南保里文化街3段107號,NONE,NONE,"{""branch_id"": ""91045759"", ""company_id"": ""16740494"", ""company_name"": ""全聯實業股份有限公司"", ""updated_date"": ""1101015"", ""branch_status"": ""01"", ""established_date"": ""1100702""}"
54398251,台南市第一一三分公司,統一超商股份有限公司,永康區,臺南市永康區龍潭里永明街175號1樓,台南市永康區龍潭里永明街175號,NONE,NONE,"{""branch_id"": ""54398251"", ""company_id"": ""22555003"", ""company_name"": ""統一超商股份有限公司"", ""updated_date"": null, ""branch_status"": ""01"", ""established_date"": ""1040217""}"
53018232,台南市第一五六分公司,統一超商股份有限公司,永康區,臺南市永康區中華里小東路637號1樓,台南市永康區中華里小東路637號,NONE,NONE,"{""branch_id"": ""53018232"", ""company_id"": ""22555003"", ""company_name"": ""統一超商股份有限公司"", ""updated_date"": ""1120105"", ""branch_status"": ""01"", ""established_date"": ""1000927""}"
70819948,台南市第七十九分公司,統一超商股份有限公司,永康區,臺南市永康區永康里23鄰中山南路537號,台南市永康區永康里23鄰中山南路537號,NONE,NONE,"{""branch_id"": ""70819948"", ""company_id"": ""22555003"", ""company_name"": ""統一超商股份有限公司"", ""updated_date"": ""1080528"", ""branch_status"": ""01"", ""established_date"": ""0901004""}"
54911883,台南市第三００分公司,統一超商股份有限公司,永康區,臺南市永康區東橋里東橋七路369號1樓,台南市永康區東橋里東橋七路369號,NONE,NONE,"{""branch_id"": ""54911883"", ""company_id"": ""22555003"", ""company_name"": ""統一超商股份有限公司"", ""updated_date"": null, ""branch_status"": ""01"", ""established_date"": ""1080514""}"
54912481,台南市第三０五分公司,統一超商股份有限公司,永康區,臺南市永康區鹽行里中正七街27、29號1樓,台南市永康區鹽行里中正七街27、29號,NONE,NONE,"{""branch_id"": ""54912481"", ""company_id"": ""22555003"", ""company_name"": ""統一超商股份有限公司"", ""updated_date"": null, ""branch_status"": ""01"", ""established_date"": ""1080603""}"
90717764,台南市第三七八分公司,統一超商股份有限公司,永康區,臺南市永康區中華路617之1號1樓,台南市永康區中華路617之1號,NONE,NONE,"{""branch_id"": ""90717764"", ""company_id"": ""22555003"", ""company_name"": ""統一超商股份有限公司"", ""updated_date"": null, ""branch_status"": ""01"", ""established_date"": ""1100330""}"
90417746,台南市第三九三分公司,統一超商股份有限公司,永康區,臺南市永康區東橋里東橋六街208號1樓,台南市永康區東橋里東橋六街208號,NONE,NONE,"{""branch_id"": ""90417746"", ""company_id"": ""22555003"", ""company_name"": ""統一超商股份有限公司"", ""updated_date"": null, ""branch_status"": ""01"", ""established_date"": ""1100902""}"
60491552,台南市第三○九分公司,全家便利商店股份有限公司,永康區,臺南市永康區塩興里永安一街16號,台南市永康區塩興里永安一街16號,NONE,NONE,"{""branch_id"": ""60491552"", ""company_id"": ""23060248"", ""company_name"": ""全家便利商店股份有限公司"", ""updated_date"": ""1150108"", ""branch_status"": ""01"", ""established_date"": ""1141119""}"
90514043,台南市第三九四分公司,統一超商股份有限公司,永康區,臺南市永康區尚頂里中正南路325號1樓,台南市永康區尚頂里中正南路325號,NONE,NONE,"{""branch_id"": ""90514043"", ""company_id"": ""22555003"", ""company_name"": ""統一超商股份有限公司"", ""updated_date"": null, ""branch_status"": ""01"", ""established_date"": ""1100930""}"
00055578,台南市第三○五分公司,全家便利商店股份有限公司,永康區,臺南市永康區埔園里八德街456號,台南市永康區埔園里八德街456號,NONE,NONE,"{""branch_id"": ""00055578"", ""company_id"": ""23060248"", ""company_name"": ""全家便利商店股份有限公司"", ""updated_date"": ""1141120"", ""branch_status"": ""01"", ""established_date"": ""1140326""}"
91074424,台南市第三八五分公司,統一超商股份有限公司,永康區,臺南市永康區二王里中山東路59號1樓,台南市永康區二王里中山東路59號,NONE,NONE,"{""branch_id"": ""91074424"", ""company_id"": ""22555003"", ""company_name"": ""統一超商股份有限公司"", ""updated_date"": null, ""branch_status"": ""01"", ""established_date"": ""1100629""}"
83245706,台南市第三六七分公司,統一超商股份有限公司,永康區,臺南市永康區烏竹里龍橋街406號1樓,台南市永康區烏竹里龍橋街406號,NONE,NONE,"{""branch_id"": ""83245706"", ""company_id"": ""22555003"", ""company_name"": ""統一超商股份有限公司"", ""updated_date"": null, ""branch_status"": ""01"", ""established_date"": ""1100115""}"
27923301,台南市第三分公司,統一超商股份有限公司,永康區,臺南市永康區崑山里大仁街9-3、9-5號、台南市永康區崑山里大仁街11巷1號1樓,台南市永康區崑山里大仁街9-3、9號,NONE,NONE,"{""branch_id"": ""27923301"", ""company_id"": ""22555003"", ""company_name"": ""統一超商股份有限公司"", ""updated_date"": ""1120105"", ""branch_status"": ""01"", ""established_date"": ""0940816""}"
16845716,台南市第三十六分公司,統一超商股份有限公司,永康區,臺南市永康區烏竹里自強路825-1號1樓,台南市永康區烏竹里自強路825號,NONE,NONE,"{""branch_id"": ""16845716"", ""company_id"": ""22555003"", ""company_name"": ""統一超商股份有限公司"", ""updated_date"": ""1120105"", ""branch_status"": ""01"", ""established_date"": ""0880608""}"
80331381,台南市第九分公司,統一超商股份有限公司,永康區,臺南市永康區埔園里龍國街77號1樓,台南市永康區埔園里龍國街77號,NONE,NONE,"{""branch_id"": ""80331381"", ""company_id"": ""22555003"", ""company_name"": ""統一超商股份有限公司"", ""updated_date"": ""1080528"", ""branch_status"": ""01"", ""established_date"": ""0910411""}"
51331502,台南市第二七三分公司,統一超商股份有限公司,永康區,臺南市永康區西灣里永華路406、408號1樓,台南市永康區西灣里永華路406、408號,NONE,NONE,"{""branch_id"": ""51331502"", ""company_id"": ""22555003"", ""company_name"": ""統一超商股份有限公司"", ""updated_date"": null, ""branch_status"": ""01"", ""established_date"": ""1060411""}"
51874701,台南市第二三七分公司,全家便利商店股份有限公司,永康區,臺南市永康區塩行里中正路581號,台南市永康區塩行里中正路581號,NONE,NONE,"{""branch_id"": ""51874701"", ""company_id"": ""23060248"", ""company_name"": ""全家便利商店股份有限公司"", ""updated_date"": ""1141120"", ""branch_status"": ""01"", ""established_date"": ""1070808""}"
51574508,台南市第二三三分公司,全家便利商店股份有限公司,永康區,臺南市永康區塩洲里塩忠街127號,台南市永康區塩洲里塩忠街127號,NONE,NONE,"{""branch_id"": ""51574508"", ""company_id"": ""23060248"", ""company_name"": ""全家便利商店股份有限公司"", ""updated_date"": ""1141120"", ""branch_status"": ""01"", ""established_date"": ""1061205""}"
51404906,台南市第二三二分公司,全家便利商店股份有限公司,永康區,臺南市永康區東橋里東橋一路246號、250號1樓,台南市永康區東橋里東橋一路246號,NONE,NONE,"{""branch_id"": ""51404906"", ""company_id"": ""23060248"", ""company_name"": ""全家便利商店股份有限公司"", ""updated_date"": ""1141120"", ""branch_status"": ""01"", ""established_date"": ""1060511""}"
54374390,台南市第二三六分公司,統一超商股份有限公司,永康區,臺南市永康區新樹里中山北路634巷7號1樓,台南市永康區新樹里中山北路634巷7號,NONE,NONE,"{""branch_id"": ""54374390"", ""company_id"": ""22555003"", ""company_name"": ""統一超商股份有限公司"", ""updated_date"": null, ""branch_status"": ""01"", ""established_date"": ""1021219""}"
24813317,台南市第二九０分公司,統一超商股份有限公司,永康區,臺南市永康區南灣里大灣東路63號1樓,台南市永康區南灣里大灣東路63號,NONE,NONE,"{""branch_id"": ""24813317"", ""company_id"": ""22555003"", ""company_name"": ""統一超商股份有限公司"", ""updated_date"": null, ""branch_status"": ""01"", ""established_date"": ""1070927""}"
89188626,台南市第二九○分公司,全家便利商店股份有限公司,永康區,臺南市永康區網寮里永二街140號,台南市永康區網寮里永二街140號,NONE,NONE,"{""branch_id"": ""89188626"", ""company_id"": ""23060248"", ""company_name"": ""全家便利商店股份有限公司"", ""updated_date"": ""1141120"", ""branch_status"": ""01"", ""established_date"": ""1111214""}"
83526473,台南市第二五一分公司,全家便利商店股份有限公司,永康區,臺南市永康區埔園里永大路三段417號,台南市永康區埔園里永大路3段417號,NONE,NONE,"{""branch_id"": ""83526473"", ""company_id"": ""23060248"", ""company_name"": ""全家便利商店股份有限公司"", ""updated_date"": ""1141120"", ""branch_status"": ""01"", ""established_date"": ""1081203""}"
54392799,台南市第二五五分公司,統一超商股份有限公司,永康區,臺南市永康區北灣里北興路51號1樓,台南市永康區北灣里北興路51號,NONE,NONE,"{""branch_id"": ""54392799"", ""company_id"": ""22555003"", ""company_name"": ""統一超商股份有限公司"", ""updated_date"": null, ""branch_status"": ""01"", ""established_date"": ""1031113""}"
54392756,台南市第二五四分公司,統一超商股份有限公司,永康區,臺南市永康區三合里中華二路146號1樓,台南市永康區三合里中華二路146號,NONE,NONE,"{""branch_id"": ""54392756"", ""company_id"": ""22555003"", ""company_name"": ""統一超商股份有限公司"", ""updated_date"": null, ""branch_status"": ""01"", ""established_date"": ""1031112""}"
51569147,台南市第二八０分公司,統一超商股份有限公司,永康區,臺南市永康區東橋里東橋六街61號1樓,台南市永康區東橋里東橋六街61號,NONE,NONE,"{""branch_id"": ""51569147"", ""company_id"": ""22555003"", ""company_name"": ""統一超商股份有限公司"", ""updated_date"": null, ""branch_status"": ""01"", ""established_date"": ""1061114""}"
90424459,台南市第二八一分公司,全家便利商店股份有限公司,永康區,臺南市永康區正強里正強街168號,台南市永康區正強里正強街168號,NONE,NONE,"{""branch_id"": ""90424459"", ""company_id"": ""23060248"", ""company_name"": ""全家便利商店股份有限公司"", ""updated_date"": ""1141120"", ""branch_status"": ""01"", ""established_date"": ""1100923""}"
51657606,台南市第二八三分公司,統一超商股份有限公司,永康區,臺南市永康區六合里中山南路12-5號1樓,台南市永康區六合里中山南路12號,NONE,NONE,"{""branch_id"": ""51657606"", ""company_id"": ""22555003"", ""company_name"": ""統一超商股份有限公司"", ""updated_date"": null, ""branch_status"": ""01"", ""established_date"": ""1070227""}"
51709371,台南市第二八五分公司,統一超商股份有限公司,永康區,臺南市永康區崑山里永大路2段11號1樓,台南市永康區崑山里永大路2段11號,NONE,NONE,"{""branch_id"": ""51709371"", ""company_id"": ""22555003"", ""company_name"": ""統一超商股份有限公司"", ""updated_date"": null, ""branch_status"": ""01"", ""established_date"": ""1070423""}"
24799602,台南市第二六三分公司,統一超商股份有限公司,永康區,臺南市永康區復國里復國一路357號1樓,台南市永康區復國里復國一路357號,NONE,NONE,"{""branch_id"": ""24799602"", ""company_id"": ""22555003"", ""company_name"": ""統一超商股份有限公司"", ""updated_date"": null, ""branch_status"": ""01"", ""established_date"": ""1041007""}"
83694983,台南市第二六二分公司,全家便利商店股份有限公司,永康區,臺南市永康區六合里中華二路395號、397號及勝學路297號,台南市永康區六合里中華二路395號,NONE,NONE,"{""branch_id"": ""83694983"", ""company_id"": ""23060248"", ""company_name"": ""全家便利商店股份有限公司"", ""updated_date"": ""1141120"", ""branch_status"": ""01"", ""established_date"": ""1090608""}"
24800262,台南市第二六五分公司,統一超商股份有限公司,永康區,臺南市永康區二王里忠孝路429巷15弄6號1樓,台南市永康區二王里忠孝路429巷15弄6號,NONE,NONE,"{""branch_id"": ""24800262"", ""company_id"": ""22555003"", ""company_name"": ""統一超商股份有限公司"", ""updated_date"": null, ""branch_status"": ""01"", ""established_date"": ""1041016""}"
97160087,台南市第二十七分公司,統一超商股份有限公司,永康區,臺南市永康區成功里中華路10巷2號1樓、中華路8-7號1樓,台南市永康區成功里中華路10巷2號,NONE,NONE,"{""branch_id"": ""97160087"", ""company_id"": ""22555003"", ""company_name"": ""統一超商股份有限公司"", ""updated_date"": ""1120105"", ""branch_status"": ""01"", ""established_date"": ""0850617""}"
80334325,台南市第二十四分公司,統一超商股份有限公司,永康區,臺南市永康區甲頂里14鄰大武街33號1樓,台南市永康區甲頂里14鄰大武街33號,NONE,NONE,"{""branch_id"": ""80334325"", ""company_id"": ""22555003"", ""company_name"": ""統一超商股份有限公司"", ""updated_date"": ""1080528"", ""branch_status"": ""01"", ""established_date"": ""0910521""}"
54387780,台南市第二四七分公司,統一超商股份有限公司,永康區,臺南市永康區埔園里中山路398號1樓,台南市永康區埔園里中山路398號,NONE,NONE,"{""branch_id"": ""54387780"", ""company_id"": ""22555003"", ""company_name"": ""統一超商股份有限公司"", ""updated_date"": null, ""branch_status"": ""01"", ""established_date"": ""1030812""}"
54381343,台南市第二四二分公司,統一超商股份有限公司,永康區,臺南市永康區永康里永平街120號1樓,台南市永康區永康里永平街120號,NONE,NONE,"{""branch_id"": ""54381343"", ""company_id"": ""22555003"", ""company_name"": ""統一超商股份有限公司"", ""updated_date"": null, ""branch_status"": ""01"", ""established_date"": ""1030424""}"
54915494,台南市第二四五分公司,全家便利商店股份有限公司,永康區,臺南市永康區王行里王行路563號,台南市永康區王行里王行路563號,NONE,NONE,"{""branch_id"": ""54915494"", ""company_id"": ""23060248"", ""company_name"": ""全家便利商店股份有限公司"", ""updated_date"": ""1141120"", ""branch_status"": ""01"", ""established_date"": ""1080905""}"
60383435,台南市第五００分公司,統一超商股份有限公司,永康區,臺南市永康區西灣里文化路61號1樓,台南市永康區西灣里文化路61號,NONE,NONE,"{""branch_id"": ""60383435"", ""company_id"": ""22555003"", ""company_name"": ""統一超商股份有限公司"", ""updated_date"": null, ""branch_status"": ""01"", ""established_date"": ""1141223""}"
70808816,台南市第六十三分公司,統一超商股份有限公司,永康區,臺南市永康區網寮里6鄰永二街202號,台南市永康區網寮里6鄰永二街202號,NONE,NONE,"{""branch_id"": ""70808816"", ""company_id"": ""22555003"", ""company_name"": ""統一超商股份有限公司"", ""updated_date"": ""1080528"", ""branch_status"": ""01"", ""established_date"": ""0900521""}"
90669398,台南市第四０九分公司,統一超商股份有限公司,永康區,臺南市永康區塩行里中正南路432號1樓,台南市永康區塩行里中正南路432號,NONE,NONE,"{""branch_id"": ""90669398"", ""company_id"": ""22555003"", ""company_name"": ""統一超商股份有限公司"", ""updated_date"": null, ""branch_status"": ""01"", ""established_date"": ""1110125""}"
90209058,台南市第四一八分公司,統一超商股份有限公司,永康區,臺南市永康區塩行里正南五街311號1樓,台南市永康區塩行里正南五街311號,NONE,NONE,"{""branch_id"": ""90209058"", ""company_id"": ""22555003"", ""company_name"": ""統一超商股份有限公司"", ""updated_date"": null, ""branch_status"": ""01"", ""established_date"": ""1110419""}"
96586368,台南市第四七一分公司,統一超商股份有限公司,永康區,臺南市永康區埔園里自強路439號1樓,台南市永康區埔園里自強路439號,NONE,NONE,"{""branch_id"": ""96586368"", ""company_id"": ""22555003"", ""company_name"": ""統一超商股份有限公司"", ""updated_date"": null, ""branch_status"": ""01"", ""established_date"": ""1130521""}"
96803111,台南市第四七七分公司,統一超商股份有限公司,永康區,臺南市永康區塩洲里塩忠街178號1樓,台南市永康區塩洲里塩忠街178號,NONE,NONE,"{""branch_id"": ""96803111"", ""company_id"": ""22555003"", ""company_name"": ""統一超商股份有限公司"", ""updated_date"": null, ""branch_status"": ""01"", ""established_date"": ""1130819""}"
00032512,台南市第四七九分公司,統一超商股份有限公司,永康區,臺南市永康區大橋里大橋一街245號1樓,台南市永康區大橋里大橋一街245號,NONE,NONE,"{""branch_id"": ""00032512"", ""company_id"": ""22555003"", ""company_name"": ""統一超商股份有限公司"", ""updated_date"": null, ""branch_status"": ""01"", ""established_date"": ""1130909""}"
60600550,台南市第四九六分公司,統一超商股份有限公司,永康區,臺南市永康區南灣里大安街75號1樓,台南市永康區南灣里大安街75號,NONE,NONE,"{""branch_id"": ""60600550"", ""company_id"": ""22555003"", ""company_name"": ""統一超商股份有限公司"", ""updated_date"": null, ""branch_status"": ""01"", ""established_date"": ""1140909""}"
90302955,台南市第四二七分公司,統一超商股份有限公司,永康區,臺南市永康區勝利里勝利街25、27號1樓,台南市永康區勝利里勝利街25、27號,NONE,NONE,"{""branch_id"": ""90302955"", ""company_id"": ""22555003"", ""company_name"": ""統一超商股份有限公司"", ""updated_date"": null, ""branch_status"": ""01"", ""established_date"": ""1110823""}"
90303547,台南市第四二九分公司,統一超商股份有限公司,永康區,臺南市永康區六合里中華路387號1樓,台南市永康區六合里中華路387號,NONE,NONE,"{""branch_id"": ""90303547"", ""company_id"": ""22555003"", ""company_name"": ""統一超商股份有限公司"", ""updated_date"": null, ""branch_status"": ""01"", ""established_date"": ""1110907""}"
93515691,台南市第四六一分公司,統一超商股份有限公司,永康區,臺南市永康區東橋里東橋五路218號1樓,台南市永康區東橋里東橋五路218號,NONE,NONE,"{""branch_id"": ""93515691"", ""company_id"": ""22555003"", ""company_name"": ""統一超商股份有限公司"", ""updated_date"": null, ""branch_status"": ""01"", ""established_date"": ""1121218""}"
93676350,台南市第四六七分公司,統一超商股份有限公司,永康區,臺南市永康區建國里忠孝一路75號1樓,台南市永康區建國里忠孝一路75號,NONE,NONE,"{""branch_id"": ""93676350"", ""company_id"": ""22555003"", ""company_name"": ""統一超商股份有限公司"", ""updated_date"": null, ""branch_status"": ""01"", ""established_date"": ""1130305""}"
93608109,台南市第四六八分公司,統一超商股份有限公司,永康區,臺南市永康區東橋里東橋八街96號1樓,台南市永康區東橋里東橋八街96號,NONE,NONE,"{""branch_id"": ""93608109"", ""company_id"": ""22555003"", ""company_name"": ""統一超商股份有限公司"", ""updated_date"": null, ""branch_status"": ""01"", ""established_date"": ""1130326""}"
93646357,台南市第四六六分公司,統一超商股份有限公司,永康區,臺南市永康區崑山里崑大路182號1樓,台南市永康區崑山里崑大路182號,NONE,NONE,"{""branch_id"": ""93646357"", ""company_id"": ""22555003"", ""company_name"": ""統一超商股份有限公司"", ""updated_date"": null, ""branch_status"": ""01"", ""established_date"": ""1130227""}"
16747829,台南縣第３３分公司,統一超商股份有限公司,永康區,臺南市永康區蔦松里九鄰中正北路七三五號,台南市永康區蔦松里九鄰中正北路七三五號,NONE,NONE,"{""branch_id"": ""16747829"", ""company_id"": ""22555003"", ""company_name"": ""統一超商股份有限公司"", ""updated_date"": ""1130328"", ""branch_status"": ""01"", ""established_date"": ""0871109""}"
16440932,台南縣第６６分公司,統一超商股份有限公司,永康區,臺南市永康區埔園里中山路九十號１樓,台南市永康區埔園里中山路九十號,NONE,NONE,"{""branch_id"": ""16440932"", ""company_id"": ""22555003"", ""company_name"": ""統一超商股份有限公司"", ""updated_date"": ""1130328"", ""branch_status"": ""01"", ""established_date"": ""0870319""}"
23418160,台南縣第７分公司,統一超商股份有限公司,永康區,臺南市永康區蔦松村中正北路431、433號1樓,台南市永康區蔦松村中正北路431、433號,NONE,NONE,"{""branch_id"": ""23418160"", ""company_id"": ""22555003"", ""company_name"": ""統一超商股份有限公司"", ""updated_date"": ""1051227"", ""branch_status"": ""01"", ""established_date"": ""0780728""}"
16745202,台南縣第８１分公司,統一超商股份有限公司,永康區,臺南市永康區永康里永明街９７號,台南市永康區永康里永明街97號,NONE,NONE,"{""branch_id"": ""16745202"", ""company_id"": ""22555003"", ""company_name"": ""統一超商股份有限公司"", ""updated_date"": ""1130328"", ""branch_status"": ""01"", ""established_date"": ""0871013""}"
16833535,台南縣第８７分公司,統一超商股份有限公司,永康區,臺南市永康區埔園里二十四鄰中正路一０二號一樓,台南市永康區埔園里二十四鄰中正路一0二號,NONE,NONE,"{""branch_id"": ""16833535"", ""company_id"": ""22555003"", ""company_name"": ""統一超商股份有限公司"", ""updated_date"": ""1130328"", ""branch_status"": ""01"", ""established_date"": ""0880107""}"
16840923,台南縣第９７分公司,統一超商股份有限公司,永康區,臺南市永康區鹽行里中正北路一二二號一樓,台南市永康區鹽行里中正北路一二二號,NONE,NONE,"{""branch_id"": ""16840923"", ""company_id"": ""22555003"", ""company_name"": ""統一超商股份有限公司"", ""updated_date"": ""1130328"", ""branch_status"": ""01"", ""established_date"": ""0880415""}"
70750856,台南縣第一０五分公司,統一超商股份有限公司,永康區,臺南市永康區三合里中山東路117、119號1樓,台南市永康區三合里中山東路117、119號,NONE,NONE,"{""branch_id"": ""70750856"", ""company_id"": ""22555003"", ""company_name"": ""統一超商股份有限公司"", ""updated_date"": ""1120105"", ""branch_status"": ""01"", ""established_date"": ""0880930""}"
70768906,台南縣第一一二分公司,統一超商股份有限公司,永康區,臺南市永康區尚頂里一鄰中正南路三一四號一樓,台南市永康區尚頂里一鄰中正南路三一四號,NONE,NONE,"{""branch_id"": ""70768906"", ""company_id"": ""22555003"", ""company_name"": ""統一超商股份有限公司"", ""updated_date"": ""1130328"", ""branch_status"": ""01"", ""established_date"": ""0890410""}"
27250894,台南縣第一五九分公司,統一超商股份有限公司,永康區,臺南市永康區尚頂里23鄰南台街43號1樓,台南市永康區尚頂里23鄰南台街43號,NONE,NONE,"{""branch_id"": ""27250894"", ""company_id"": ""22555003"", ""company_name"": ""統一超商股份有限公司"", ""updated_date"": ""1120105"", ""branch_status"": ""01"", ""established_date"": ""0940223""}"
27247955,台南縣第一五六分公司,統一超商股份有限公司,永康區,臺南市永康區北灣里大灣路62號,台南市永康區北灣里大灣路62號,NONE,NONE,"{""branch_id"": ""27247955"", ""company_id"": ""22555003"", ""company_name"": ""統一超商股份有限公司"", ""updated_date"": ""1120105"", ""branch_status"": ""01"", ""established_date"": ""0931221""}"
27932060,台南縣第一八０分公司,統一超商股份有限公司,永康區,臺南市永康區二王里二王路139號,台南市永康區二王里二王路139號,NONE,NONE,"{""branch_id"": ""27932060"", ""company_id"": ""22555003"", ""company_name"": ""統一超商股份有限公司"", ""updated_date"": ""1120105"", ""branch_status"": ""01"", ""established_date"": ""0941227""}"
27938162,台南縣第一八六分公司,統一超商股份有限公司,永康區,臺南市永康區西灣里永華路157號1樓,台南市永康區西灣里永華路157號,NONE,NONE,"{""branch_id"": ""27938162"", ""company_id"": ""22555003"", ""company_name"": ""統一超商股份有限公司"", ""updated_date"": ""1120105"", ""branch_status"": ""01"", ""established_date"": ""0950421""}"
27935138,台南縣第一八四分公司,統一超商股份有限公司,永康區,臺南市永康區塩行里43鄰中正二街268號,台南市永康區塩行里43鄰中正二街268號,NONE,NONE,"{""branch_id"": ""27935138"", ""company_id"": ""22555003"", ""company_name"": ""統一超商股份有限公司"", ""updated_date"": ""1120105"", ""branch_status"": ""01"", ""established_date"": ""0950224""}"
27233707,台南縣第一四四分公司,統一超商股份有限公司,永康區,臺南市永康區塩洲里4鄰塩洲二街83號,台南市永康區塩洲里4鄰塩洲二街83號,NONE,NONE,"{""branch_id"": ""27233707"", ""company_id"": ""22555003"", ""company_name"": ""統一超商股份有限公司"", ""updated_date"": ""1120105"", ""branch_status"": ""01"", ""established_date"": ""0930318""}"
28417041,台南縣第二０四分公司,統一超商股份有限公司,永康區,臺南市永康區塩行里中正路299號1樓,台南市永康區塩行里中正路299號,NONE,NONE,"{""branch_id"": ""28417041"", ""company_id"": ""22555003"", ""company_name"": ""統一超商股份有限公司"", ""updated_date"": ""1120105"", ""branch_status"": ""01"", ""established_date"": ""0960613""}"
28423867,台南縣第二一三分公司,統一超商股份有限公司,永康區,臺南市永康區鹽行里42鄰新行街251號1樓,台南市永康區鹽行里42鄰新行街251號,NONE,NONE,"{""branch_id"": ""28423867"", ""company_id"": ""22555003"", ""company_name"": ""統一超商股份有限公司"", ""updated_date"": ""1120105"", ""branch_status"": ""01"", ""established_date"": ""0961011""}"
28422852,台南縣第二一二分公司,統一超商股份有限公司,永康區,臺南市永康區北灣里29鄰文賢街80-1號1樓,台南市永康區北灣里29鄰文賢街80號,NONE,NONE,"{""branch_id"": ""28422852"", ""company_id"": ""22555003"", ""company_name"": ""統一超商股份有限公司"", ""updated_date"": ""1120105"", ""branch_status"": ""01"", ""established_date"": ""0960929""}"
28993374,台南縣第二三七分公司,統一超商股份有限公司,永康區,臺南市永康區鹽行里仁愛街68、70號1樓,台南市永康區鹽行里仁愛街68、70號,NONE,NONE,"{""branch_id"": ""28993374"", ""company_id"": ""22555003"", ""company_name"": ""統一超商股份有限公司"", ""updated_date"": ""1120105"", ""branch_status"": ""01"", ""established_date"": ""0990401""}"
28978253,台南縣第二三五分公司,統一超商股份有限公司,永康區,臺南市永康區六合里中華二路320號1樓,台南市永康區六合里中華二路320號,NONE,NONE,"{""branch_id"": ""28978253"", ""company_id"": ""22555003"", ""company_name"": ""統一超商股份有限公司"", ""updated_date"": ""1120105"", ""branch_status"": ""01"", ""established_date"": ""0980513""}"
28428856,台南縣第二二０分公司,統一超商股份有限公司,永康區,臺南市永康區大灣里民族路409號1樓,台南市永康區大灣里民族路409號,NONE,NONE,"{""branch_id"": ""28428856"", ""company_id"": ""22555003"", ""company_name"": ""統一超商股份有限公司"", ""updated_date"": ""1120105"", ""branch_status"": ""01"", ""established_date"": ""0970107""}"
28429617,台南縣第二二一分公司,統一超商股份有限公司,永康區,臺南市永康區龍潭里龍埔街108號1樓,台南市永康區龍潭里龍埔街108號,NONE,NONE,"{""branch_id"": ""28429617"", ""company_id"": ""22555003"", ""company_name"": ""統一超商股份有限公司"", ""updated_date"": ""1120105"", ""branch_status"": ""01"", ""established_date"": ""0970121""}"
70785840,台南縣第十三分公司,統一超商股份有限公司,永康區,臺南市永康區復華里二十鄰復華一街二號一樓,台南市永康區復華里二十鄰復華一街二號,NONE,NONE,"{""branch_id"": ""70785840"", ""company_id"": ""22555003"", ""company_name"": ""統一超商股份有限公司"", ""updated_date"": ""1130328"", ""branch_status"": ""01"", ""established_date"": ""0890920""}"
90606325,永康中山分公司,全聯實業股份有限公司,永康區,臺南市永康區埔園里中山路366號,台南市永康區埔園里中山路366號,NONE,NONE,"{""branch_id"": ""90606325"", ""company_id"": ""16740494"", ""company_name"": ""全聯實業股份有限公司"", ""updated_date"": null, ""branch_status"": ""01"", ""established_date"": ""1110314""}"
54913480,永康中正北分公司,全聯實業股份有限公司,永康區,臺南市永康區塩興里中正北路125號,台南市永康區塩興里中正北路125號,NONE,NONE,"{""branch_id"": ""54913480"", ""company_id"": ""16740494"", ""company_name"": ""全聯實業股份有限公司"", ""updated_date"": ""1080808"", ""branch_status"": ""01"", ""established_date"": ""1080709""}"
43112407,永康中華分公司,全聯實業股份有限公司,永康區,臺南市永康區六合里中華路575號,台南市永康區六合里中華路575號,NONE,NONE,"{""branch_id"": ""43112407"", ""company_id"": ""16740494"", ""company_name"": ""全聯實業股份有限公司"", ""updated_date"": ""1141209"", ""branch_status"": ""01"", ""established_date"": ""1050517""}"
24814527,永康中華西分公司,全聯實業股份有限公司,永康區,臺南市永康區安康里中華路735、737、739號,台南市永康區安康里中華路735、737、739號,NONE,NONE,"{""branch_id"": ""24814527"", ""company_id"": ""16740494"", ""company_name"": ""全聯實業股份有限公司"", ""updated_date"": ""1120602"", ""branch_status"": ""01"", ""established_date"": ""1071107""}"
80334155,永康五王分公司,全家便利商店股份有限公司,永康區,臺南市永康區五王里中山東路220號1樓,台南市永康區五王里中山東路220號,NONE,NONE,"{""branch_id"": ""80334155"", ""company_id"": ""23060248"", ""company_name"": ""全家便利商店股份有限公司"", ""updated_date"": ""1141120"", ""branch_status"": ""01"", ""established_date"": ""0910517""}"
89185233,永康勝華分公司,全聯實業股份有限公司,永康區,臺南市永康區勝利里中華路249號,台南市永康區勝利里中華路249號,NONE,NONE,"{""branch_id"": ""89185233"", ""company_id"": ""16740494"", ""company_name"": ""全聯實業股份有限公司"", ""updated_date"": ""1120602"", ""branch_status"": ""01"", ""established_date"": ""1111208""}"
28984608,永康北灣分公司,全聯實業股份有限公司,永康區,臺南市永康區北灣里永大路2段936號,台南市永康區北灣里永大路2段936號,NONE,NONE,"{""branch_id"": ""28984608"", ""company_id"": ""16740494"", ""company_name"": ""全聯實業股份有限公司"", ""updated_date"": ""1060615"", ""branch_status"": ""01"", ""established_date"": ""0981006""}"
28413946,永康大灣分公司,全聯實業股份有限公司,永康區,臺南市永康區崑山里崑山街1號1樓,台南市永康區崑山里崑山街1號,NONE,NONE,"{""branch_id"": ""28413946"", ""company_id"": ""16740494"", ""company_name"": ""全聯實業股份有限公司"", ""updated_date"": ""1090214"", ""branch_status"": ""01"", ""established_date"": ""0960426""}"
80340348,永康大華分公司,全家便利商店股份有限公司,永康區,臺南市永康區東灣里大灣路319號1樓,台南市永康區東灣里大灣路319號,NONE,NONE,"{""branch_id"": ""80340348"", ""company_id"": ""23060248"", ""company_name"": ""全家便利商店股份有限公司"", ""updated_date"": ""1141120"", ""branch_status"": ""01"", ""established_date"": ""0910812""}"
51202205,永康富強分公司,全聯實業股份有限公司,永康區,臺南市永康區西勢里富強路1段108、110號,台南市永康區西勢里富強路1段108、110號,NONE,NONE,"{""branch_id"": ""51202205"", ""company_id"": ""16740494"", ""company_name"": ""全聯實業股份有限公司"", ""updated_date"": ""1090309"", ""branch_status"": ""01"", ""established_date"": ""1051129""}"
27935448,永康復國分公司,全聯實業股份有限公司,永康區,臺南市永康區復國里復國一路5號,台南市永康區復國里復國一路5號,NONE,NONE,"{""branch_id"": ""27935448"", ""company_id"": ""16740494"", ""company_name"": ""全聯實業股份有限公司"", ""updated_date"": ""1120504"", ""branch_status"": ""01"", ""established_date"": ""0950306""}"
70804332,永康忠孝分公司,全家便利商店股份有限公司,永康區,臺南市永康區神洲里忠孝路78號、80號1樓,台南市永康區神洲里忠孝路78號,NONE,NONE,"{""branch_id"": ""70804332"", ""company_id"": ""23060248"", ""company_name"": ""全家便利商店股份有限公司"", ""updated_date"": ""1141120"", ""branch_status"": ""01"", ""established_date"": ""0900328""}"
70747522,永康文化分公司,全家便利商店股份有限公司,永康區,臺南市永康區網寮里文化路118號1樓,台南市永康區網寮里文化路118號,NONE,NONE,"{""branch_id"": ""70747522"", ""company_id"": ""23060248"", ""company_name"": ""全家便利商店股份有限公司"", ""updated_date"": ""1141120"", ""branch_status"": ""01"", ""established_date"": ""0880819""}"
28971414,永康正強分公司,全聯實業股份有限公司,永康區,臺南市永康區正強里正強街172號1樓,台南市永康區正強里正強街172號,NONE,NONE,"{""branch_id"": ""28971414"", ""company_id"": ""16740494"", ""company_name"": ""全聯實業股份有限公司"", ""updated_date"": ""1091006"", ""branch_status"": ""01"", ""established_date"": ""0971111""}"
27252491,永康永勝分公司,全家便利商店股份有限公司,永康區,臺南市永康區復華里復華七街119號1樓,台南市永康區復華里復華七街119號,NONE,NONE,"{""branch_id"": ""27252491"", ""company_id"": ""23060248"", ""company_name"": ""全家便利商店股份有限公司"", ""updated_date"": ""1141120"", ""branch_status"": ""01"", ""established_date"": ""0940318""}"
96839862,永康永大一分公司,全聯實業股份有限公司,永康區,臺南市永康區網寮里永大一路208、210號及永春街45巷23號1樓,台南市永康區網寮里永大一路208、210號,NONE,NONE,"{""branch_id"": ""96839862"", ""company_id"": ""16740494"", ""company_name"": ""全聯實業股份有限公司"", ""updated_date"": null, ""branch_status"": ""01"", ""established_date"": ""1140206""}"
28971673,永康永大分公司,全聯實業股份有限公司,永康區,臺南市永康區永康里永大路3段35、37、39號1樓,台南市永康區永康里永大路3段35、37、39號,NONE,NONE,"{""branch_id"": ""28971673"", ""company_id"": ""16740494"", ""company_name"": ""全聯實業股份有限公司"", ""updated_date"": ""1110513"", ""branch_status"": ""01"", ""established_date"": ""0971118""}"
97525707,永康永明分公司,全聯實業股份有限公司,永康區,臺南市永康區永康里永大路二段1446號,台南市永康區永康里永大路2段1446號,NONE,NONE,"{""branch_id"": ""97525707"", ""company_id"": ""16740494"", ""company_name"": ""全聯實業股份有限公司"", ""updated_date"": ""1131115"", ""branch_status"": ""01"", ""established_date"": ""1130531""}"
51931724,永康永華分公司,全聯實業股份有限公司,永康區,臺南市永康區西灣里永華路176號,台南市永康區西灣里永華路176號,NONE,NONE,"{""branch_id"": ""51931724"", ""company_id"": ""16740494"", ""company_name"": ""全聯實業股份有限公司"", ""updated_date"": ""1110506"", ""branch_status"": ""01"", ""established_date"": ""1080129""}"
80330411,永康永華分公司,全家便利商店股份有限公司,永康區,臺南市永康區永康里永大路二段1266號1樓,台南市永康區永康里永大路2段1266號,NONE,NONE,"{""branch_id"": ""80330411"", ""company_id"": ""23060248"", ""company_name"": ""全家便利商店股份有限公司"", ""updated_date"": ""1141120"", ""branch_status"": ""01"", ""established_date"": ""0910327""}"
16745364,永康福樂分公司,全家便利商店股份有限公司,永康區,臺南市永康區六合里中華二路270號1樓,台南市永康區六合里中華二路270號,NONE,NONE,"{""branch_id"": ""16745364"", ""company_id"": ""23060248"", ""company_name"": ""全家便利商店股份有限公司"", ""updated_date"": ""1141120"", ""branch_status"": ""01"", ""established_date"": ""0871019""}"
28428672,永康自強分公司,全家便利商店股份有限公司,永康區,臺南市永康區龍潭里自強路728號1樓,台南市永康區龍潭里自強路728號,NONE,NONE,"{""branch_id"": ""28428672"", ""company_id"": ""23060248"", ""company_name"": ""全家便利商店股份有限公司"", ""updated_date"": ""1141120"", ""branch_status"": ""01"", ""established_date"": ""0970104""}"
28428700,第三五三二分公司,萊爾富國際股份有限公司,永康區,臺南市永康區鹽行里中正北路314號1樓,台南市永康區鹽行里中正北路314號,NONE,NONE,"{""branch_id"": ""28428700"", ""company_id"": ""23285582"", ""company_name"": ""萊爾富國際股份有限公司"", ""updated_date"": ""1121121"", ""branch_status"": ""01"", ""established_date"": ""0970107""}"
54373759,第四一七六分公司,萊爾富國際股份有限公司,永康區,臺南市永康區復興里復興路405號1樓,台南市永康區復興里復興路405號,NONE,NONE,"{""branch_id"": ""54373759"", ""company_id"": ""23285582"", ""company_name"": ""萊爾富國際股份有限公司"", ""updated_date"": ""1121122"", ""branch_status"": ""01"", ""established_date"": ""1021212""}"
84896298,臺南縣第２５分公司,統一超商股份有限公司,永康區,臺南市永康區五王里20鄰中華路472號1樓、中華路468巷1號1樓,台南市永康區五王里20鄰中華路472號,NONE,NONE,"{""branch_id"": ""84896298"", ""company_id"": ""22555003"", ""company_name"": ""統一超商股份有限公司"", ""updated_date"": ""1100209"", ""branch_status"": ""01"", ""established_date"": ""0830905""}"
16634085,台南縣第７５分公司,統一超商股份有限公司,玉井區,臺南市玉井區玉井村十九鄰中正路五十四號一樓,台南市玉井區玉井村十九鄰中正路五十四號,NONE,NONE,"{""branch_id"": ""16634085"", ""company_id"": ""22555003"", ""company_name"": ""統一超商股份有限公司"", ""updated_date"": ""1130328"", ""branch_status"": ""01"", ""established_date"": ""0870716""}"
53027231,台南市第三二四分公司,統一超商股份有限公司,白河區,臺南市白河區永安里國泰路101號1樓,台南市白河區永安里國泰路101號,NONE,NONE,"{""branch_id"": ""53027231"", ""company_id"": ""22555003"", ""company_name"": ""統一超商股份有限公司"", ""updated_date"": ""1120105"", ""branch_status"": ""01"", ""established_date"": ""1010313""}"
51649901,台南市第二八二分公司,統一超商股份有限公司,白河區,臺南市白河區永安里新興路507號1樓,台南市白河區永安里新興路507號,NONE,NONE,"{""branch_id"": ""51649901"", ""company_id"": ""22555003"", ""company_name"": ""統一超商股份有限公司"", ""updated_date"": null, ""branch_status"": ""01"", ""established_date"": ""1070221""}"
27932054,台南縣第一七九分公司,統一超商股份有限公司,白河區,臺南市白河區昇安里1鄰三間厝2-56號1樓,台南市白河區昇安里1鄰三間厝2號,NONE,NONE,"{""branch_id"": ""27932054"", ""company_id"": ""22555003"", ""company_name"": ""統一超商股份有限公司"", ""updated_date"": ""1120105"", ""branch_status"": ""01"", ""established_date"": ""0941227""}"
28428504,台南縣第二一八分公司,統一超商股份有限公司,白河區,臺南市白河區仙草6-30號1樓,台南市白河區仙草6號,NONE,NONE,"{""branch_id"": ""28428504"", ""company_id"": ""22555003"", ""company_name"": ""統一超商股份有限公司"", ""updated_date"": ""1120106"", ""branch_status"": ""01"", ""established_date"": ""0970103""}"
28421426,台南縣第二○九分公司,統一超商股份有限公司,白河區,臺南市白河區河東里9鄰糞箕湖122之35號,台南市白河區河東里9鄰糞箕湖122之35號,NONE,NONE,"{""branch_id"": ""28421426"", ""company_id"": ""22555003"", ""company_name"": ""統一超商股份有限公司"", ""updated_date"": ""1120106"", ""branch_status"": ""01"", ""established_date"": ""0960912""}"
27927242,白河富民分公司,全聯實業股份有限公司,白河區,臺南市白河區白河里富民路142號1樓,台南市白河區白河里富民路142號,NONE,NONE,"{""branch_id"": ""27927242"", ""company_id"": ""16740494"", ""company_name"": ""全聯實業股份有限公司"", ""updated_date"": ""1111007"", ""branch_status"": ""01"", ""established_date"": ""0941019""}"
54912052,第四五八二分公司,萊爾富國際股份有限公司,白河區,臺南市白河區關嶺里38之1號1樓,台南市白河區關嶺里38之1號,NONE,NONE,"{""branch_id"": ""54912052"", ""company_id"": ""23285582"", ""company_name"": ""萊爾富國際股份有限公司"", ""updated_date"": ""1121201"", ""branch_status"": ""01"", ""established_date"": ""1080520""}"
24816095,台南市第二九三分公司,統一超商股份有限公司,西港區,臺南市西港區慶安里新興街8-77、78號1樓,台南市西港區慶安里新興街8-77、78號,NONE,NONE,"{""branch_id"": ""24816095"", ""company_id"": ""22555003"", ""company_name"": ""統一超商股份有限公司"", ""updated_date"": null, ""branch_status"": ""01"", ""established_date"": ""1071225""}"
70824999,台南市第八十三分公司,統一超商股份有限公司,西港區,臺南市西港區營西村1鄰1號,台南市西港區營西村1鄰1號,NONE,NONE,"{""branch_id"": ""70824999"", ""company_id"": ""22555003"", ""company_name"": ""統一超商股份有限公司"", ""updated_date"": ""1080528"", ""branch_status"": ""01"", ""established_date"": ""0901212""}"
16843111,台南縣第一００分公司,統一超商股份有限公司,西港區,臺南市西港區慶安村新興街二十五-二號,台南市西港區慶安村新興街二十五-二號,NONE,NONE,"{""branch_id"": ""16843111"", ""company_id"": ""22555003"", ""company_name"": ""統一超商股份有限公司"", ""updated_date"": ""1130328"", ""branch_status"": ""01"", ""established_date"": ""0880506""}"
23532802,台南縣第十一分公司,統一超商股份有限公司,西港區,臺南市西港區西港村中山路366-1號1樓,台南市西港區西港村中山路366號,NONE,NONE,"{""branch_id"": ""23532802"", ""company_id"": ""22555003"", ""company_name"": ""統一超商股份有限公司"", ""updated_date"": ""1051227"", ""branch_status"": ""01"", ""established_date"": ""0781208""}"
28973243,西港慶安分公司,全家便利商店股份有限公司,西港區,臺南市西港區慶安村中山路263號1樓,台南市西港區慶安村中山路263號,NONE,NONE,"{""branch_id"": ""28973243"", ""company_id"": ""23060248"", ""company_name"": ""全家便利商店股份有限公司"", ""updated_date"": ""1141203"", ""branch_status"": ""01"", ""established_date"": ""0971223""}"
51013302,西港新興分公司,全聯實業股份有限公司,西港區,臺南市西港區慶安里新興街8之78號,台南市西港區慶安里新興街8之78號,NONE,NONE,"{""branch_id"": ""51013302"", ""company_id"": ""16740494"", ""company_name"": ""全聯實業股份有限公司"", ""updated_date"": ""1150108"", ""branch_status"": ""01"", ""established_date"": ""1050907""}"
91080468,台南市第二七五分公司,全家便利商店股份有限公司,關廟區,臺南市關廟區香洋里南雄路一段1107號,台南市關廟區香洋里南雄路1段1107號,NONE,NONE,"{""branch_id"": ""91080468"", ""company_id"": ""23060248"", ""company_name"": ""全家便利商店股份有限公司"", ""updated_date"": ""1141203"", ""branch_status"": ""01"", ""established_date"": ""1100602""}"
51620524,台南市第二三四分公司,全家便利商店股份有限公司,關廟區,臺南市關廟區東勢里旺萊路127號,台南市關廟區東勢里旺萊路127號,NONE,NONE,"{""branch_id"": ""51620524"", ""company_id"": ""23060248"", ""company_name"": ""全家便利商店股份有限公司"", ""updated_date"": ""1141203"", ""branch_status"": ""01"", ""established_date"": ""1061227""}"
27925440,台南市第八十一分公司,統一超商股份有限公司,關廟區,臺南市關廟區埤頭里關新路2段7號1樓,台南市關廟區埤頭里關新路2段7號,NONE,NONE,"{""branch_id"": ""27925440"", ""company_id"": ""22555003"", ""company_name"": ""統一超商股份有限公司"", ""updated_date"": ""1120106"", ""branch_status"": ""01"", ""established_date"": ""0940926""}"
70811087,台南市第六十九分公司,統一超商股份有限公司,關廟區,臺南市關廟區香洋村3鄰南雄路2段210號1樓,台南市關廟區香洋村3鄰南雄路2段210號,NONE,NONE,"{""branch_id"": ""70811087"", ""company_id"": ""22555003"", ""company_name"": ""統一超商股份有限公司"", ""updated_date"": ""1080528"", ""branch_status"": ""01"", ""established_date"": ""0900621""}"
27952044,台南縣第一五二分公司,統一超商股份有限公司,關廟區,臺南市關廟區北花村中正路517號1樓,台南市關廟區北花村中正路517號,NONE,NONE,"{""branch_id"": ""27952044"", ""company_id"": ""22555003"", ""company_name"": ""統一超商股份有限公司"", ""updated_date"": ""1120106"", ""branch_status"": ""01"", ""established_date"": ""0960124""}"
27253029,台南縣第一六０分公司,統一超商股份有限公司,關廟區,臺南市關廟區香洋村中山路1段203號1樓,台南市關廟區香洋村中山路1段203號,NONE,NONE,"{""branch_id"": ""27253029"", ""company_id"": ""22555003"", ""company_name"": ""統一超商股份有限公司"", ""updated_date"": ""1120106"", ""branch_status"": ""01"", ""established_date"": ""0940330""}"
28432134,台南縣第二二四分公司,統一超商股份有限公司,關廟區,臺南市關廟區深坑村南雄路1段471號1樓,台南市關廟區深坑村南雄路1段471號,NONE,NONE,"{""branch_id"": ""28432134"", ""company_id"": ""22555003"", ""company_name"": ""統一超商股份有限公司"", ""updated_date"": ""1120107"", ""branch_status"": ""01"", ""established_date"": ""0970324""}"
16437562,台南縣第六十三分公司,統一超商股份有限公司,關廟區,臺南市關廟區南花村中正路８８１號１樓,台南市關廟區南花村中正路881號,NONE,NONE,"{""branch_id"": ""16437562"", ""company_id"": ""22555003"", ""company_name"": ""統一超商股份有限公司"", ""updated_date"": ""1130328"", ""branch_status"": ""01"", ""established_date"": ""0870213""}"
90678191,第四八七二分公司,萊爾富國際股份有限公司,關廟區,臺南市關廟區香洋里中央路230號,台南市關廟區香洋里中央路230號,NONE,NONE,"{""branch_id"": ""90678191"", ""company_id"": ""23285582"", ""company_name"": ""萊爾富國際股份有限公司"", ""updated_date"": ""1121122"", ""branch_status"": ""01"", ""established_date"": ""1100514""}"
51015152,關廟南雄分公司,全聯實業股份有限公司,關廟區,臺南市關廟區山西里南雄路二段417、421號,台南市關廟區山西里南雄路2段417、421號,NONE,NONE,"{""branch_id"": ""51015152"", ""company_id"": ""16740494"", ""company_name"": ""全聯實業股份有限公司"", ""updated_date"": ""1150106"", ""branch_status"": ""01"", ""established_date"": ""1050910""}"
86928886,台南縣第１７分公司,統一超商股份有限公司,鹽水區,臺南市鹽水區水正里中正路35號1樓,台南市鹽水區水正里中正路35號,NONE,NONE,"{""branch_id"": ""86928886"", ""company_id"": ""22555003"", ""company_name"": ""統一超商股份有限公司"", ""updated_date"": ""1100209"", ""branch_status"": ""01"", ""established_date"": ""0820121""}"
27935144,台南縣第一八五分公司,統一超商股份有限公司,鹽水區,臺南市鹽水區歡雅里2鄰26號,台南市鹽水區歡雅里2鄰26號,NONE,NONE,"{""branch_id"": ""27935144"", ""company_id"": ""22555003"", ""company_name"": ""統一超商股份有限公司"", ""updated_date"": ""1120105"", ""branch_status"": ""01"", ""established_date"": ""0950224""}"
28413848,台南縣第二０二分公司,統一超商股份有限公司,鹽水區,臺南市鹽水區橋南里7鄰忠孝路93號,台南市鹽水區橋南里7鄰忠孝路93號,NONE,NONE,"{""branch_id"": ""28413848"", ""company_id"": ""22555003"", ""company_name"": ""統一超商股份有限公司"", ""updated_date"": ""1120106"", ""branch_status"": ""01"", ""established_date"": ""0960425""}"
28428498,台南縣第二一七分公司,統一超商股份有限公司,鹽水區,臺南市鹽水區義稠110之19號,台南市鹽水區義稠110之19號,NONE,NONE,"{""branch_id"": ""28428498"", ""company_id"": ""22555003"", ""company_name"": ""統一超商股份有限公司"", ""updated_date"": ""1120106"", ""branch_status"": ""01"", ""established_date"": ""0970103""}"
53006735,台南鹽水分公司,全聯實業股份有限公司,鹽水區,臺南市鹽水區後厝70號,台南市鹽水區後厝70號,NONE,NONE,"{""branch_id"": ""53006735"", ""company_id"": ""16740494"", ""company_name"": ""全聯實業股份有限公司"", ""updated_date"": ""1000629"", ""branch_status"": ""01"", ""established_date"": ""1000215""}"
27925027,鹽水朝琴分公司,全家便利商店股份有限公司,鹽水區,臺南市鹽水區水秀里朝琴路140之2號1樓,台南市鹽水區水秀里朝琴路140之2號,NONE,NONE,"{""branch_id"": ""27925027"", ""company_id"": ""23060248"", ""company_name"": ""全家便利商店股份有限公司"", ""updated_date"": ""1141203"", ""branch_status"": ""01"", ""established_date"": ""0940916""}"
70793193,鹽水武廟分公司,全家便利商店股份有限公司,鹽水區,臺南市鹽水區岸內里金和路2號、4號1樓,台南市鹽水區岸內里金和路2號,NONE,NONE,"{""branch_id"": ""70793193"", ""company_id"": ""23060248"", ""company_name"": ""全家便利商店股份有限公司"", ""updated_date"": ""1141203"", ""branch_status"": ""01"", ""established_date"": ""0891219""}"
53024570,台南市第三二一分公司,統一超商股份有限公司,麻豆區,臺南市麻豆區穀興里中山路11號1樓,台南市麻豆區穀興里中山路11號,NONE,NONE,"{""branch_id"": ""53024570"", ""company_id"": ""22555003"", ""company_name"": ""統一超商股份有限公司"", ""updated_date"": ""1120105"", ""branch_status"": ""01"", ""established_date"": ""1010131""}"
83140689,台南市第三五八分公司,統一超商股份有限公司,麻豆區,臺南市麻豆區井東里磚子井141-21號1樓,台南市麻豆區井東里磚子井141號,NONE,NONE,"{""branch_id"": ""83140689"", ""company_id"": ""22555003"", ""company_name"": ""統一超商股份有限公司"", ""updated_date"": null, ""branch_status"": ""01"", ""established_date"": ""1090810""}"
90886037,台南市第二七三分公司,全家便利商店股份有限公司,麻豆區,臺南市麻豆區新興里興民街6號、8號,台南市麻豆區新興里興民街6號,NONE,NONE,"{""branch_id"": ""90886037"", ""company_id"": ""23060248"", ""company_name"": ""全家便利商店股份有限公司"", ""updated_date"": ""1141203"", ""branch_status"": ""01"", ""established_date"": ""1100427""}"
24817067,台南市第二九七分公司,統一超商股份有限公司,麻豆區,臺南市麻豆區油車里油車24-1號1樓,台南市麻豆區油車里油車24號,NONE,NONE,"{""branch_id"": ""24817067"", ""company_id"": ""22555003"", ""company_name"": ""統一超商股份有限公司"", ""updated_date"": null, ""branch_status"": ""01"", ""established_date"": ""1080313""}"
94078682,台南市第二九四分公司,全家便利商店股份有限公司,麻豆區,臺南市麻豆區東角里興中路172號,台南市麻豆區東角里興中路172號,NONE,NONE,"{""branch_id"": ""94078682"", ""company_id"": ""23060248"", ""company_name"": ""全家便利商店股份有限公司"", ""updated_date"": ""1141203"", ""branch_status"": ""01"", ""established_date"": ""1120619""}"
90203414,台南市第四一九分公司,統一超商股份有限公司,麻豆區,臺南市麻豆區興農里新生南路165號1樓,台南市麻豆區興農里新生南路165號,NONE,NONE,"{""branch_id"": ""90203414"", ""company_id"": ""22555003"", ""company_name"": ""統一超商股份有限公司"", ""updated_date"": null, ""branch_status"": ""01"", ""established_date"": ""1110517""}"
94239982,台南市第四五八分公司,統一超商股份有限公司,麻豆區,臺南市麻豆區謝厝寮里謝厝寮30-30號1樓,台南市麻豆區謝厝寮里謝厝寮30號,NONE,NONE,"{""branch_id"": ""94239982"", ""company_id"": ""22555003"", ""company_name"": ""統一超商股份有限公司"", ""updated_date"": null, ""branch_status"": ""01"", ""established_date"": ""1121114""}"
28410498,台南縣第一九七分公司,統一超商股份有限公司,麻豆區,臺南市麻豆區晉江里民權路10之1號1樓,台南市麻豆區晉江里民權路10之1號,NONE,NONE,"{""branch_id"": ""28410498"", ""company_id"": ""22555003"", ""company_name"": ""統一超商股份有限公司"", ""updated_date"": ""1120105"", ""branch_status"": ""01"", ""established_date"": ""0960201""}"
27932786,台南縣第一八二分公司,統一超商股份有限公司,麻豆區,臺南市麻豆區中興里9鄰興國路40號之10,台南市麻豆區中興里9鄰興國路40號,NONE,NONE,"{""branch_id"": ""27932786"", ""company_id"": ""22555003"", ""company_name"": ""統一超商股份有限公司"", ""updated_date"": ""1120105"", ""branch_status"": ""01"", ""established_date"": ""0950103""}"
28417582,台南縣第二０五分公司,統一超商股份有限公司,麻豆區,臺南市麻豆區南勢里16鄰南勢36-205號,台南市麻豆區南勢里16鄰南勢36號,NONE,NONE,"{""branch_id"": ""28417582"", ""company_id"": ""22555003"", ""company_name"": ""統一超商股份有限公司"", ""updated_date"": ""1120106"", ""branch_status"": ""01"", ""established_date"": ""0960623""}"
28425990,台南縣第二一五分公司,統一超商股份有限公司,麻豆區,臺南市麻豆區東角里4鄰興中路177、179號1樓,台南市麻豆區東角里4鄰興中路177、179號,NONE,NONE,"{""branch_id"": ""28425990"", ""company_id"": ""22555003"", ""company_name"": ""統一超商股份有限公司"", ""updated_date"": ""1120106"", ""branch_status"": ""01"", ""established_date"": ""0961121""}"
28436434,台南縣第二二八分公司,統一超商股份有限公司,麻豆區,臺南市麻豆區大山里8鄰大山腳1之80號1樓,台南市麻豆區大山里8鄰大山腳1之80號,NONE,NONE,"{""branch_id"": ""28436434"", ""company_id"": ""22555003"", ""company_name"": ""統一超商股份有限公司"", ""updated_date"": ""1120106"", ""branch_status"": ""01"", ""established_date"": ""0970625""}"
28974453,第三六六九分公司,萊爾富國際股份有限公司,麻豆區,臺南市麻豆區寮里寮子166之17號1樓,台南市麻豆區寮里寮子166之17號,NONE,NONE,"{""branch_id"": ""28974453"", ""company_id"": ""23285582"", ""company_name"": ""萊爾富國際股份有限公司"", ""updated_date"": ""1121122"", ""branch_status"": ""01"", ""established_date"": ""0980120""}"
24808497,第四二六九分公司,萊爾富國際股份有限公司,麻豆區,臺南市麻豆區麻口里麻豆口1之39號,台南市麻豆區麻口里麻豆口1之39號,NONE,NONE,"{""branch_id"": ""24808497"", ""company_id"": ""23285582"", ""company_name"": ""萊爾富國際股份有限公司"", ""updated_date"": ""1121122"", ""branch_status"": ""01"", ""established_date"": ""1050315""}"
54912567,麻豆中山分公司,全聯實業股份有限公司,麻豆區,臺南市麻豆區新興里中山路82號,台南市麻豆區新興里中山路82號,NONE,NONE,"{""branch_id"": ""54912567"", ""company_id"": ""16740494"", ""company_name"": ""全聯實業股份有限公司"", ""updated_date"": null, ""branch_status"": ""01"", ""established_date"": ""1080605""}"
90620614,麻豆博愛分公司,全聯實業股份有限公司,麻豆區,臺南市麻豆區大埕里博愛路3-1號1、2樓,台南市麻豆區大埕里博愛路3號,NONE,NONE,"{""branch_id"": ""90620614"", ""company_id"": ""16740494"", ""company_name"": ""全聯實業股份有限公司"", ""updated_date"": null, ""branch_status"": ""01"", ""established_date"": ""1110105""}"
43220601,麻豆興中分公司,全聯實業股份有限公司,麻豆區,臺南市麻豆區東角里興中路248之21號,台南市麻豆區東角里興中路248之21號,NONE,NONE,"{""branch_id"": ""43220601"", ""company_id"": ""16740494"", ""company_name"": ""全聯實業股份有限公司"", ""updated_date"": ""1131203"", ""branch_status"": ""01"", ""established_date"": ""1050624""}"
27943502,麻豆黎明分公司,全家便利商店股份有限公司,麻豆區,臺南市麻豆區中興里興國路46號1樓,台南市麻豆區中興里興國路46號,NONE,NONE,"{""branch_id"": ""27943502"", ""company_id"": ""23060248"", ""company_name"": ""全家便利商店股份有限公司"", ""updated_date"": ""1141203"", ""branch_status"": ""01"", ""established_date"": ""0950801""}"
90182136,台南市第四一七分公司,統一超商股份有限公司,龍崎區,臺南市龍崎區楠坑里楠坑12之1號1樓,台南市龍崎區楠坑里楠坑12之1號,NONE,NONE,"{""branch_id"": ""90182136"", ""company_id"": ""22555003"", ""company_name"": ""統一超商股份有限公司"", ""updated_date"": null, ""branch_status"": ""01"", ""established_date"": ""1110329""}"
90182121,台南市第四一六分公司,統一超商股份有限公司,龍崎區,臺南市龍崎區楠坑里楠坑12之1號1樓,台南市龍崎區楠坑里楠坑12之1號,NONE,NONE,"{""branch_id"": ""90182121"", ""company_id"": ""22555003"", ""company_name"": ""統一超商股份有限公司"", ""updated_date"": null, ""branch_status"": ""01"", ""established_date"": ""1110329""}"
94185297,台南市第四五四分公司,統一超商股份有限公司,龍崎區,臺南市龍崎區崎頂里新市子202號1樓,台南市龍崎區崎頂里新市子202號,NONE,NONE,"{""branch_id"": ""94185297"", ""company_id"": ""22555003"", ""company_name"": ""統一超商股份有限公司"", ""updated_date"": null, ""branch_status"": ""01"", ""established_date"": ""1121013""}"
22656473,臺南市第８分公司,統一超商股份有限公司,,臺南市中華路一段６１２號１樓,台南市中華路1段612號,NONE,NONE,"{""branch_id"": ""22656473"", ""company_id"": ""22555003"", ""company_name"": ""統一超商股份有限公司"", ""updated_date"": null, ""branch_status"": ""01"", ""established_date"": ""0760622""}"
