id,source_table,source_id,district,project_name,road,builder,household,use_zoning,main_use,main_material,declare_date,selling_period,building_lands,building_permit_date,building_permit_no,first_registration_date,address_seed,address_norm,lon,lat,center_source,match_level,extra,created_at,updated_at,geom_center_wkt
908,presale_csv,七股區|元氣小鎮|竹橋9號旁|(113)南工造字第01901號,七股區,元氣小鎮,竹橋9號旁,安富億建設股份有限公司,70,鄉村區乙種建築用地,G3店鋪、H2住宅,鋼筋混凝土造,1140918,自售:1141118~1151118,竹子港段312地號,,(113)南工造字第01901號,,台南市七股區竹橋9號旁,台南市七股區竹橋9號,,,NONE,NONE,"{'builder': '安富億建設股份有限公司', 'main_use': 'G3店鋪、H2住宅', 'household': '70', 'use_zoning': '鄉村區乙種建築用地', 'declare_date': '1140918', 'main_material': '鋼筋混凝土造', 'building_lands': None, 'selling_period': '自售:1141118~1151118', 'building_permit_no': '(113)南工造字第01901號', 'building_permit_date': None, 'first_registration_date': None}",2026-03-19 15:48:10.336040+00:00,2026-03-20 12:41:06.145999+00:00,
846,presale_csv,七股區|旺第好蘊|176縣道123號|(114)南工造字第00048號,七股區,旺第好蘊,176縣道123號,旺第建設有限公司負責人程麗絹,30,「住二(附)」第二種住宅區(附)、第一種住宅區,G3店鋪(<500m2)、H2集合住宅,鋼筋混凝土造,1140326,自售:無,玉成段685-3地號,,(114)南工造字第00048號,,台南市七股區176縣道123號,台南市七股區176縣道123號,,,NONE,NONE,"{'builder': '旺第建設有限公司負責人程麗絹', 'main_use': 'G3店鋪(<500m2)、H2集合住宅', 'household': '30', 'use_zoning': '「住二(附)」第二種住宅區(附)、第一種住宅區', 'declare_date': '1140326', 'main_material': '鋼筋混凝土造', 'building_lands': None, 'selling_period': '自售:無', 'building_permit_no': '(114)南工造字第00048號', 'building_permit_date': None, 'first_registration_date': None}",2026-03-19 15:48:10.336040+00:00,2026-03-20 12:41:06.145999+00:00,
625,presale_csv,七股區|為有巢七股玉成|七股里|南工造字第02241號,七股區,為有巢七股玉成,七股里,柏陽建設開發有限公司,11,第一種住宅區,住宅,鋼筋混凝土造,1130326,自售:無,玉成段1477-10地號,,南工造字第02241號,,台南市七股區七股里,台南市七股區七股里,,,NONE,NONE,"{'builder': '柏陽建設開發有限公司', 'main_use': '住宅', 'household': '11', 'use_zoning': '第一種住宅區', 'declare_date': '1130326', 'main_material': '鋼筋混凝土造', 'building_lands': None, 'selling_period': '自售:無', 'building_permit_no': '南工造字第02241號', 'building_permit_date': None, 'first_registration_date': None}",2026-03-19 15:48:10.336040+00:00,2026-03-20 12:41:06.145999+00:00,
147,presale_csv,七股區|瑞士山莊第8期|大埕里420號旁|(110)南工造字第02193,七股區,瑞士山莊第8期,大埕里420號旁,福悅營造有限公司,16,住宅區,住家用,鋼筋混凝土造,1110131,自售:1110208~1110808,大埕段451-1地號,,(110)南工造字第02193,,台南市七股區大埕里420號旁,台南市七股區大埕里420號,,,NONE,NONE,"{'builder': '福悅營造有限公司', 'main_use': '住家用', 'household': '16', 'use_zoning': '住宅區', 'declare_date': '1110131', 'main_material': '鋼筋混凝土造', 'building_lands': None, 'selling_period': '自售:1110208~1110808', 'building_permit_no': '(110)南工造字第02193', 'building_permit_date': None, 'first_registration_date': None}",2026-03-19 15:48:10.336040+00:00,2026-03-20 12:41:06.145999+00:00,
443,presale_csv,七股區|金艷富邸10|樹林里樹林|(111)南工造字第03136號,七股區,金艷富邸10,樹林里樹林,嬿銡建設有限公司  代表人鄭嬿雯,14,鄉村區乙種建築用地,住宅,鋼筋混凝士造,1120419,自售:1120501~1130501,樹林段480-2地號,,(111)南工造字第03136號,,台南市七股區樹林里樹林,台南市七股區樹林里樹林,,,NONE,NONE,"{'builder': '嬿銡建設有限公司  代表人鄭嬿雯', 'main_use': '住宅', 'household': '14', 'use_zoning': '鄉村區乙種建築用地', 'declare_date': '1120419', 'main_material': '鋼筋混凝士造', 'building_lands': None, 'selling_period': '自售:1120501~1130501', 'building_permit_no': '(111)南工造字第03136號', 'building_permit_date': None, 'first_registration_date': None}",2026-03-19 15:48:10.336040+00:00,2026-03-20 12:41:06.145999+00:00,
745,presale_csv,七股區|金艷富邸15|大埕里|(113)南工造字第02132號,七股區,金艷富邸15,大埕里,嬿銡建設有限公司,16,特定農業區甲種建築用地,H2住宅,鋼筋混凝土造,1130930,自售:1131015~1141014,大文段266-3地號,,(113)南工造字第02132號,,台南市七股區大埕里,台南市七股區大埕里,,,NONE,NONE,"{'builder': '嬿銡建設有限公司', 'main_use': 'H2住宅', 'household': '16', 'use_zoning': '特定農業區甲種建築用地', 'declare_date': '1130930', 'main_material': '鋼筋混凝土造', 'building_lands': None, 'selling_period': '自售:1131015~1141014', 'building_permit_no': '(113)南工造字第02132號', 'building_permit_date': None, 'first_registration_date': None}",2026-03-19 15:48:10.336040+00:00,2026-03-20 12:41:06.145999+00:00,
868,presale_csv,七股區|鑫悅成家系列|義合75之9號旁|(114)南工造字第00621號,七股區,鑫悅成家系列,義合75之9號旁,銘鑫開發建設有限公司 楊皓任,19,鄉村區乙種建築用地,住家用,鋼筋混凝土造,1140523,自售:無,槺榔段1528-0002地號,,(114)南工造字第00621號,,台南市七股區義合75之9號旁,台南市七股區義合75之9號,,,NONE,NONE,"{'builder': '銘鑫開發建設有限公司 楊皓任', 'main_use': '住家用', 'household': '19', 'use_zoning': '鄉村區乙種建築用地', 'declare_date': '1140523', 'main_material': '鋼筋混凝土造', 'building_lands': None, 'selling_period': '自售:無', 'building_permit_no': '(114)南工造字第00621號', 'building_permit_date': None, 'first_registration_date': None}",2026-03-19 15:48:10.336040+00:00,2026-03-20 12:41:06.145999+00:00,
638,presale_csv,下營區|琢韻|中營|(113)南工造字第00945號,下營區,琢韻,中營,閎騰建設有限公司,20,鄉村區乙種建築用地,Ｈ2集合住宅、停車空間、門廊、管理委員會使用空間,鋼筋混凝土造,1130430,自售:無,茅港尾段1162地號,,(113)南工造字第00945號,,台南市下營區中營,台南市下營區中營,,,NONE,NONE,"{'builder': '閎騰建設有限公司', 'main_use': 'Ｈ2集合住宅、停車空間、門廊、管理委員會使用空間', 'household': '20', 'use_zoning': '鄉村區乙種建築用地', 'declare_date': '1130430', 'main_material': '鋼筋混凝土造', 'building_lands': None, 'selling_period': '自售:無', 'building_permit_no': '(113)南工造字第00945號', 'building_permit_date': None, 'first_registration_date': None}",2026-03-19 15:48:10.336040+00:00,2026-03-20 12:41:06.145999+00:00,
729,presale_csv,下營區|馨園系列|紅甲里紅毛厝|南工造字第00701號,下營區,馨園系列,紅甲里紅毛厝,六鑫建設有限公司,18,鄉村區乙種建築用地,H2住宅,鋼筋混凝土造,1130903,自售:1130903~至完銷止,十六甲段162-14地號,,南工造字第00701號,,台南市下營區紅甲里紅毛厝,台南市下營區紅甲里紅毛厝,,,NONE,NONE,"{'builder': '六鑫建設有限公司', 'main_use': 'H2住宅', 'household': '18', 'use_zoning': '鄉村區乙種建築用地', 'declare_date': '1130903', 'main_material': '鋼筋混凝土造', 'building_lands': None, 'selling_period': '自售:1130903~至完銷止', 'building_permit_no': '南工造字第00701號', 'building_permit_date': None, 'first_registration_date': None}",2026-03-19 15:48:10.336040+00:00,2026-03-20 12:41:06.145999+00:00,
614,presale_csv,仁德區|加賀屋6期|太子段 1072-6 地號|(112)南工造字第02914-01號,仁德區,加賀屋6期,太子段 1072-6 地號,名賀建設有限公司,32,住宅區,住宅,鋼筋混凝土造,1130308,自售:1130314~1150731,太子段1072-6地號,,(112)南工造字第02914-01號,,台南市仁德區太子段 1072-6 地號,台南市仁德區太子段1072-6地號,,,NONE,NONE,"{'builder': '名賀建設有限公司', 'main_use': '住宅', 'household': '32', 'use_zoning': '住宅區', 'declare_date': '1130308', 'main_material': '鋼筋混凝土造', 'building_lands': None, 'selling_period': '自售:1130314~1150731', 'building_permit_no': '(112)南工造字第02914-01號', 'building_permit_date': None, 'first_registration_date': None}",2026-03-19 15:48:10.336040+00:00,2026-03-20 12:41:06.145999+00:00,
74,presale_csv,仁德區|樂成家|三甲子|南工造字第01387號,仁德區,樂成家,三甲子,順利建設有限公司負責人:吳寶珠,24,鄉村區乙種建築用地,H2:集合住宅、停車空間,鋼筋混凝土構造,1101027,自售:無,三甲子段99-1地號,,南工造字第01387號,,台南市仁德區三甲子,台南市仁德區三甲子,,,NONE,NONE,"{'builder': '順利建設有限公司負責人:吳寶珠', 'main_use': 'H2:集合住宅、停車空間', 'household': '24', 'use_zoning': '鄉村區乙種建築用地', 'declare_date': '1101027', 'main_material': '鋼筋混凝土構造', 'building_lands': None, 'selling_period': '自售:無', 'building_permit_no': '南工造字第01387號', 'building_permit_date': None, 'first_registration_date': None}",2026-03-19 15:48:10.336040+00:00,2026-03-20 12:41:06.145999+00:00,
802,presale_csv,佳里區|佳禮秀墅|佳里區育善街135巷|(112)南工造字第01689-01號,佳里區,佳禮秀墅,佳里區育善街135巷,溢?股份有限公司,42,住宅區,住家用,鋼筋混凝土造,1140114,自售:無,佳里區育善街135巷,,(112)南工造字第01689-01號,,台南市佳里區佳里區育善街135巷,台南市佳里區佳里區育善街135巷,,,NONE,NONE,"{'builder': '溢?股份有限公司', 'main_use': '住家用', 'household': '42', 'use_zoning': '住宅區', 'declare_date': '1140114', 'main_material': '鋼筋混凝土造', 'building_lands': None, 'selling_period': '自售:無', 'building_permit_no': '(112)南工造字第01689-01號', 'building_permit_date': None, 'first_registration_date': None}",2026-03-19 15:48:10.336040+00:00,2026-03-20 12:41:06.145999+00:00,
325,presale_csv,佳里區|吾映良品19|番子寮|(111)南工造字第00944號,佳里區,吾映良品19,番子寮,京上建設開發股份有限公司代表人：王龍偉,37,鄉村區乙種建築用地,住家用,鋼筋混凝土造,1111025,自售:無,新安段477地號,,(111)南工造字第00944號,,台南市佳里區番子寮,台南市佳里區番子寮,,,NONE,NONE,"{'builder': '京上建設開發股份有限公司代表人：王龍偉', 'main_use': '住家用', 'household': '37', 'use_zoning': '鄉村區乙種建築用地', 'declare_date': '1111025', 'main_material': '鋼筋混凝土造', 'building_lands': None, 'selling_period': '自售:無', 'building_permit_no': '(111)南工造字第00944號', 'building_permit_date': None, 'first_registration_date': None}",2026-03-19 15:48:10.336040+00:00,2026-03-20 12:41:06.145999+00:00,
698,presale_csv,佳里區|吾映良品20|嘉福里|(111)南工造字第01700號,佳里區,吾映良品20,嘉福里,京煌建設有限公司負責人:王偉丞,15,鄉村區乙種建築用地,H-2住宅,鋼筋混泥土構造,1130731,自售:無,鎮安段187-1地號,,(111)南工造字第01700號,,台南市佳里區嘉福里,台南市佳里區嘉福里,,,NONE,NONE,"{'builder': '京煌建設有限公司負責人:王偉丞', 'main_use': 'H-2住宅', 'household': '15', 'use_zoning': '鄉村區乙種建築用地', 'declare_date': '1130731', 'main_material': '鋼筋混泥土構造', 'building_lands': None, 'selling_period': '自售:無', 'building_permit_no': '(111)南工造字第01700號', 'building_permit_date': None, 'first_registration_date': None}",2026-03-19 15:48:10.336040+00:00,2026-03-20 12:41:06.145999+00:00,
685,presale_csv,佳里區|墅說囍悅3|塭子內|(112)南工造字第00594號,佳里區,墅說囍悅3,塭子內,盈囍建設開發有限公司,18,鄉村區乙種建築用地,H2住宅,鋼筋混凝土造,1130710,自售:無,塭子內段409-9地號,,(112)南工造字第00594號,,台南市佳里區塭子內,台南市佳里區塭子內,,,NONE,NONE,"{'builder': '盈囍建設開發有限公司', 'main_use': 'H2住宅', 'household': '18', 'use_zoning': '鄉村區乙種建築用地', 'declare_date': '1130710', 'main_material': '鋼筋混凝土造', 'building_lands': None, 'selling_period': '自售:無', 'building_permit_no': '(112)南工造字第00594號', 'building_permit_date': None, 'first_registration_date': None}",2026-03-19 15:48:10.336040+00:00,2026-03-20 12:41:06.145999+00:00,
454,presale_csv,佳里區|太齊揚揚|番仔寮95號對面|(112)南工造字第00908號,佳里區,太齊揚揚,番仔寮95號對面,太齊建設有限公司,6,鄉村區乙種建築用地,住家用、停車空間,鋼筋混凝土造,1120511,自售:1120601~1140601,新安段393地號,,(112)南工造字第00908號,,台南市佳里區番仔寮95號對面,台南市佳里區番仔寮95號,,,NONE,NONE,"{'builder': '太齊建設有限公司', 'main_use': '住家用、停車空間', 'household': '6', 'use_zoning': '鄉村區乙種建築用地', 'declare_date': '1120511', 'main_material': '鋼筋混凝土造', 'building_lands': None, 'selling_period': '自售:1120601~1140601', 'building_permit_no': '(112)南工造字第00908號', 'building_permit_date': None, 'first_registration_date': None}",2026-03-19 15:48:10.336040+00:00,2026-03-20 12:41:06.145999+00:00,
336,presale_csv,佳里區|安新家|佳里興|南工造字第01512號,佳里區,安新家,佳里興,昱華建設股份有限公司,8,鄉村區乙種建築用地,集合住宅,鋼筋混凝土造,1111104,自售:無,佳化段1659地號,,南工造字第01512號,,台南市佳里區佳里興,台南市佳里區佳里興,,,NONE,NONE,"{'builder': '昱華建設股份有限公司', 'main_use': '集合住宅', 'household': '8', 'use_zoning': '鄉村區乙種建築用地', 'declare_date': '1111104', 'main_material': '鋼筋混凝土造', 'building_lands': None, 'selling_period': '自售:無', 'building_permit_no': '南工造字第01512號', 'building_permit_date': None, 'first_registration_date': None}",2026-03-19 15:48:10.336040+00:00,2026-03-20 12:41:06.145999+00:00,
631,presale_csv,佳里區|家薪7|海澄里番子寮41號旁|(113)南工造字第00739號,佳里區,家薪7,海澄里番子寮41號旁,鈗萬建設有限公司 代表人:吳明學,9,鄉村區乙種建築用地,住宅用,鋼筋混凝土造,1130411,自售:1130411~1140411,新安段146地號,,(113)南工造字第00739號,,台南市佳里區海澄里番子寮41號旁,台南市佳里區海澄里番子寮41號,,,NONE,NONE,"{'builder': '鈗萬建設有限公司 代表人:吳明學', 'main_use': '住宅用', 'household': '9', 'use_zoning': '鄉村區乙種建築用地', 'declare_date': '1130411', 'main_material': '鋼筋混凝土造', 'building_lands': None, 'selling_period': '自售:1130411~1140411', 'building_permit_no': '(113)南工造字第00739號', 'building_permit_date': None, 'first_registration_date': None}",2026-03-19 15:48:10.336040+00:00,2026-03-20 12:41:06.145999+00:00,
699,presale_csv,佳里區|家薪8|下?156號對面|(113)南工造字第01651號,佳里區,家薪8,下?156號對面,鈗萬建設有限公司  負責人:吳明學,12,鄉村區乙種建築用地,住家用,鋼筋混凝土造,1130801,自售:1130801~.&#140,鎮安段245地號,,(113)南工造字第01651號,,台南市佳里區下?156號對面,台南市佳里區下?156號,,,NONE,NONE,"{'builder': '鈗萬建設有限公司  負責人:吳明學', 'main_use': '住家用', 'household': '12', 'use_zoning': '鄉村區乙種建築用地', 'declare_date': '1130801', 'main_material': '鋼筋混凝土造', 'building_lands': None, 'selling_period': '自售:1130801~.&#140', 'building_permit_no': '(113)南工造字第01651號', 'building_permit_date': None, 'first_registration_date': None}",2026-03-19 15:48:10.336040+00:00,2026-03-20 12:41:06.145999+00:00,
700,presale_csv,佳里區|家薪9|下?156號對面|(113)南工造字第01652號,佳里區,家薪9,下?156號對面,鈗萬建設有限公司  負責人:吳明學,12,鄉村區乙種建築用地,住家用,鋼筋混凝土造,1130801,自售:1130801~.&#140,鎮安段245-13地號,,(113)南工造字第01652號,,台南市佳里區下?156號對面,台南市佳里區下?156號,,,NONE,NONE,"{'builder': '鈗萬建設有限公司  負責人:吳明學', 'main_use': '住家用', 'household': '12', 'use_zoning': '鄉村區乙種建築用地', 'declare_date': '1130801', 'main_material': '鋼筋混凝土造', 'building_lands': None, 'selling_period': '自售:1130801~.&#140', 'building_permit_no': '(113)南工造字第01652號', 'building_permit_date': None, 'first_registration_date': None}",2026-03-19 15:48:10.336040+00:00,2026-03-20 12:41:06.145999+00:00,
151,presale_csv,佳里區|真合邑6|同安寮|(110)南工造字第03119號,佳里區,真合邑6,同安寮,得邦建設有限公司,18,住宅區,住宅、集合住宅、停車空間,鋼筋混凝土造,1110214,自售:1110214~1121231,新宅段487-17地號,,(110)南工造字第03119號,,台南市佳里區同安寮,台南市佳里區同安寮,,,NONE,NONE,"{'builder': '得邦建設有限公司', 'main_use': '住宅、集合住宅、停車空間', 'household': '18', 'use_zoning': '住宅區', 'declare_date': '1110214', 'main_material': '鋼筋混凝土造', 'building_lands': None, 'selling_period': '自售:1110214~1121231', 'building_permit_no': '(110)南工造字第03119號', 'building_permit_date': None, 'first_registration_date': None}",2026-03-19 15:48:10.336040+00:00,2026-03-20 12:41:06.145999+00:00,
586,presale_csv,佳里區|臺邦La Vie|東寧里東寧74之號旁|(112)南工造字第02757號,佳里區,臺邦La Vie,東寧里東寧74之號旁,臺邦開發建設股份有限公司,31,特定農業區甲種建築用地,住家用,鋼筋混凝土造,1130108,自售:無,佳里段251-4地號,,(112)南工造字第02757號,,台南市佳里區東寧里東寧74之號旁,台南市佳里區東寧里東寧74之號,,,NONE,NONE,"{'builder': '臺邦開發建設股份有限公司', 'main_use': '住家用', 'household': '31', 'use_zoning': '特定農業區甲種建築用地', 'declare_date': '1130108', 'main_material': '鋼筋混凝土造', 'building_lands': None, 'selling_period': '自售:無', 'building_permit_no': '(112)南工造字第02757號', 'building_permit_date': None, 'first_registration_date': None}",2026-03-19 15:48:10.336040+00:00,2026-03-20 12:41:06.145999+00:00,
705,presale_csv,佳里區|藏鑽十二期|海澄里番子寮6之22號旁|113南工造字第01704號,佳里區,藏鑽十二期,海澄里番子寮6之22號旁,徠發建設有限公司,17,鄉村區乙種建築用地,住家用,鋼筋混凝土,1130807,自售:無,新安段102地號,,113南工造字第01704號,,台南市佳里區海澄里番子寮6之22號旁,台南市佳里區海澄里番子寮6之22號,,,NONE,NONE,"{'builder': '徠發建設有限公司', 'main_use': '住家用', 'household': '17', 'use_zoning': '鄉村區乙種建築用地', 'declare_date': '1130807', 'main_material': '鋼筋混凝土', 'building_lands': None, 'selling_period': '自售:無', 'building_permit_no': '113南工造字第01704號', 'building_permit_date': None, 'first_registration_date': None}",2026-03-19 15:48:10.336040+00:00,2026-03-20 12:41:06.145999+00:00,
800,presale_csv,六甲區|九鈿富家|中社里中社62號西側|(113)南工造字第03149,六甲區,九鈿富家,中社里中社62號西側,九鈿建設開發股份有限公司,16,鄉村區,住家用,鋼筋混凝土造,1140110,自售:1140201~1160131,中社段136-8地號,,(113)南工造字第03149,,台南市六甲區中社里中社62號西側,台南市六甲區中社里中社62號,,,NONE,NONE,"{'builder': '九鈿建設開發股份有限公司', 'main_use': '住家用', 'household': '16', 'use_zoning': '鄉村區', 'declare_date': '1140110', 'main_material': '鋼筋混凝土造', 'building_lands': None, 'selling_period': '自售:1140201~1160131', 'building_permit_no': '(113)南工造字第03149', 'building_permit_date': None, 'first_registration_date': None}",2026-03-19 15:48:10.336040+00:00,2026-03-20 12:41:06.145999+00:00,
899,presale_csv,六甲區|吾映良品21|中社里中社459號旁|(114)南工造字第00512號,六甲區,吾映良品21,中社里中社459號旁,京杭建設有限公司,48,鄉村區,集合住宅,鋼筋混凝土造,1140829,自售:無,中社段174地號,,(114)南工造字第00512號,,台南市六甲區中社里中社459號旁,台南市六甲區中社里中社459號,,,NONE,NONE,"{'builder': '京杭建設有限公司', 'main_use': '集合住宅', 'household': '48', 'use_zoning': '鄉村區', 'declare_date': '1140829', 'main_material': '鋼筋混凝土造', 'building_lands': None, 'selling_period': '自售:無', 'building_permit_no': '(114)南工造字第00512號', 'building_permit_date': None, 'first_registration_date': None}",2026-03-19 15:48:10.336040+00:00,2026-03-20 12:41:06.145999+00:00,
31,presale_csv,六甲區|春暖花開|龜子港80巷29弄|(111)南工造字第02382號,六甲區,春暖花開,龜子港80巷29弄,春潤投資有限公司,25,鄉村區乙種建築用地,住宅,鋼筋混凝土造,1100910,自售:無,保生段7地號,,(111)南工造字第02382號,,台南市六甲區龜子港80巷29弄,台南市六甲區龜子港80巷29弄,,,NONE,NONE,"{'builder': '春潤投資有限公司', 'main_use': '住宅', 'household': '25', 'use_zoning': '鄉村區乙種建築用地', 'declare_date': '1100910', 'main_material': '鋼筋混凝土造', 'building_lands': None, 'selling_period': '自售:無', 'building_permit_no': '(111)南工造字第02382號', 'building_permit_date': None, 'first_registration_date': None}",2026-03-19 15:48:10.336040+00:00,2026-03-20 12:41:06.145999+00:00,
268,presale_csv,六甲區|清淞居2~Mr.田中|龜子港31巷|(111)南工造字第01550號,六甲區,清淞居2~Mr.田中,龜子港31巷,寶鋼建設有限公司代表人:林景祺,57,特定農業區甲種建築用地,住家用,鋼筋混凝土造,1110728,自售:無,龜子港段1683-2地號,,(111)南工造字第01550號,,台南市六甲區龜子港31巷,台南市六甲區龜子港31巷,,,NONE,NONE,"{'builder': '寶鋼建設有限公司代表人:林景祺', 'main_use': '住家用', 'household': '57', 'use_zoning': '特定農業區甲種建築用地', 'declare_date': '1110728', 'main_material': '鋼筋混凝土造', 'building_lands': None, 'selling_period': '自售:無', 'building_permit_no': '(111)南工造字第01550號', 'building_permit_date': None, 'first_registration_date': None}",2026-03-19 15:48:10.336040+00:00,2026-03-20 12:41:06.145999+00:00,
515,presale_csv,六甲區|清自朗|中社里|(112)南工造字第01311號,六甲區,清自朗,中社里,萬欣開發建設有限公司,72,鄉村區乙種建築用地,住宅,鋼筋混凝土造,1120815,自售:無,中社段113-9地號,,(112)南工造字第01311號,,台南市六甲區中社里,台南市六甲區中社里,,,NONE,NONE,"{'builder': '萬欣開發建設有限公司', 'main_use': '住宅', 'household': '72', 'use_zoning': '鄉村區乙種建築用地', 'declare_date': '1120815', 'main_material': '鋼筋混凝土造', 'building_lands': None, 'selling_period': '自售:無', 'building_permit_no': '(112)南工造字第01311號', 'building_permit_date': None, 'first_registration_date': None}",2026-03-19 15:48:10.336040+00:00,2026-03-20 12:41:06.145999+00:00,
797,presale_csv,六甲區|臺邦田園調布|龜子港31巷|(113)南工造字第03350號,六甲區,臺邦田園調布,龜子港31巷,臺邦開發建設股份有限公司,401,特定農業區甲種建築用地,店鋪 集合住宅,鋼筋混凝土造,1140108,自售:1140108~自完售止,龜子港段1710地號,,(113)南工造字第03350號,,台南市六甲區龜子港31巷,台南市六甲區龜子港31巷,,,NONE,NONE,"{'builder': '臺邦開發建設股份有限公司', 'main_use': '店鋪 集合住宅', 'household': '401', 'use_zoning': '特定農業區甲種建築用地', 'declare_date': '1140108', 'main_material': '鋼筋混凝土造', 'building_lands': None, 'selling_period': '自售:1140108~自完售止', 'building_permit_no': '(113)南工造字第03350號', 'building_permit_date': None, 'first_registration_date': None}",2026-03-19 15:48:10.336040+00:00,2026-03-20 12:41:06.145999+00:00,
896,presale_csv,北區|國泰原美|和緯路三段|(114)南工造字第01601號,北區,國泰原美,和緯路三段,國泰建設股份有限公司,133,住宅區,店舖、集合住宅,鋼筋混凝土造,1140815,自售:無,北元段1013地號,,(114)南工造字第01601號,,台南市北區和緯路三段,台南市北區和緯路3段,,,NONE,NONE,"{'builder': '國泰建設股份有限公司', 'main_use': '店舖、集合住宅', 'household': '133', 'use_zoning': '住宅區', 'declare_date': '1140815', 'main_material': '鋼筋混凝土造', 'building_lands': None, 'selling_period': '自售:無', 'building_permit_no': '(114)南工造字第01601號', 'building_permit_date': None, 'first_registration_date': None}",2026-03-19 15:48:10.336040+00:00,2026-03-20 12:41:06.145999+00:00,
750,presale_csv,北區|欣府城-君子樓|和緯路二段與育德二街交叉口|(113)南工造字第00450-01號,北區,欣府城-君子樓,和緯路二段與育德二街交叉口,臺億建築經理股份有限公司,606,「住四」住宅區、「住(申1)」住宅區,G3店鋪(<500m?)、H2集合住宅,鋼筋混凝土造,1131014,自售:無,小北段2000地號,,(113)南工造字第00450-01號,,台南市北區和緯路二段與育德二街交叉口,台南市北區和緯路2段與育德二街交叉口,,,NONE,NONE,"{'builder': '臺億建築經理股份有限公司', 'main_use': 'G3店鋪(<500m?)、H2集合住宅', 'household': '606', 'use_zoning': '「住四」住宅區、「住(申1)」住宅區', 'declare_date': '1131014', 'main_material': '鋼筋混凝土造', 'building_lands': None, 'selling_period': '自售:無', 'building_permit_no': '(113)南工造字第00450-01號', 'building_permit_date': None, 'first_registration_date': None}",2026-03-19 15:48:10.336040+00:00,2026-03-20 12:41:06.145999+00:00,
127,presale_csv,北區|琉.金|北華段1117-0000|(110)南工造字第03081-01號,北區,琉.金,北華段1117-0000,永捷創新科技股份有限公司,44,「商四(1)」商業區,H-2集合住宅,鋼筋混凝土構造,1110114,自售:1120315~1191231,北華段1117地號,,(110)南工造字第03081-01號,,台南市北區北華段1117-0000,台南市北區北華段1117-0000,,,NONE,NONE,"{'builder': '永捷創新科技股份有限公司', 'main_use': 'H-2集合住宅', 'household': '44', 'use_zoning': '「商四(1)」商業區', 'declare_date': '1110114', 'main_material': '鋼筋混凝土構造', 'building_lands': None, 'selling_period': '自售:1120315~1191231', 'building_permit_no': '(110)南工造字第03081-01號', 'building_permit_date': None, 'first_registration_date': None}",2026-03-19 15:48:10.336040+00:00,2026-03-20 12:41:06.145999+00:00,
793,presale_csv,北區|藏筑3|台南市北區文賢路|(113)南工造字第030098號,北區,藏筑3,台南市北區文賢路,長築興業有限公司,2,住宅區,住家、停車空間,鋼筋混凝土造,1131231,自售:無,小北段1296地號,,(113)南工造字第030098號,,台南市北區台南市北區文賢路,台南市北區台南市北區文賢路,,,NONE,NONE,"{'builder': '長築興業有限公司', 'main_use': '住家、停車空間', 'household': '2', 'use_zoning': '住宅區', 'declare_date': '1131231', 'main_material': '鋼筋混凝土造', 'building_lands': None, 'selling_period': '自售:無', 'building_permit_no': '(113)南工造字第030098號', 'building_permit_date': None, 'first_registration_date': None}",2026-03-19 15:48:10.336040+00:00,2026-03-20 12:41:06.145999+00:00,
137,presale_csv,南區|敦煌.時坴|金華路一段352巷141弄41號|(110)南工造字第00409號,南區,敦煌.時坴,金華路一段352巷141弄41號,大乘營造工程有限公司,16,住宅區,住家用、停車空間,鋼筋混凝土造,1110125,自售:無,鹽埕段254地號,,(110)南工造字第00409號,,台南市南區金華路一段352巷141弄41號,台南市南區金華路1段352巷141弄41號,,,NONE,NONE,"{'builder': '大乘營造工程有限公司', 'main_use': '住家用、停車空間', 'household': '16', 'use_zoning': '住宅區', 'declare_date': '1110125', 'main_material': '鋼筋混凝土造', 'building_lands': None, 'selling_period': '自售:無', 'building_permit_no': '(110)南工造字第00409號', 'building_permit_date': None, 'first_registration_date': None}",2026-03-19 15:48:10.336040+00:00,2026-03-20 12:41:06.145999+00:00,
747,presale_csv,南區|織筑藏樂6|中華南路|(113)南工造字第01442-01號,南區,織筑藏樂6,中華南路,台利開發有限公司,6,住宅區,住家用,鋼筋混凝土造,1131007,自售:1131014~1151014,華南段303-8地號,,(113)南工造字第01442-01號,,台南市南區中華南路,台南市南區中華南路,,,NONE,NONE,"{'builder': '台利開發有限公司', 'main_use': '住家用', 'household': '6', 'use_zoning': '住宅區', 'declare_date': '1131007', 'main_material': '鋼筋混凝土造', 'building_lands': None, 'selling_period': '自售:1131014~1151014', 'building_permit_no': '(113)南工造字第01442-01號', 'building_permit_date': None, 'first_registration_date': None}",2026-03-19 15:48:10.336040+00:00,2026-03-20 12:41:06.145999+00:00,
465,presale_csv,善化區|Field Life S棟|成功新村8號旁|(111)南工造字第01306號,善化區,Field Life S棟,成功新村8號旁,僑昱建築股份有限公司,59,住宅區,住家用,鋼筋混凝土造,1120531,自售:無,圳西段220地號,,(111)南工造字第01306號,,台南市善化區成功新村8號旁,台南市善化區成功新村8號,,,NONE,NONE,"{'builder': '僑昱建築股份有限公司', 'main_use': '住家用', 'household': '59', 'use_zoning': '住宅區', 'declare_date': '1120531', 'main_material': '鋼筋混凝土造', 'building_lands': None, 'selling_period': '自售:無', 'building_permit_no': '(111)南工造字第01306號', 'building_permit_date': None, 'first_registration_date': None}",2026-03-19 15:48:10.336040+00:00,2026-03-20 12:41:06.145999+00:00,
449,presale_csv,善化區|享樂家|什乃18-3號旁|(112)南工造字地00681號,善化區,享樂家,什乃18-3號旁,商捷建設股份有限公司,35,特定農業區甲種建築用地,住家用,鋼筋混凝土造,1120426,自售:1120426~1150430,曾文段1649地號,,(112)南工造字地00681號,,台南市善化區什乃18-3號旁,台南市善化區什乃18號,,,NONE,NONE,"{'builder': '商捷建設股份有限公司', 'main_use': '住家用', 'household': '35', 'use_zoning': '特定農業區甲種建築用地', 'declare_date': '1120426', 'main_material': '鋼筋混凝土造', 'building_lands': None, 'selling_period': '自售:1120426~1150430', 'building_permit_no': '(112)南工造字地00681號', 'building_permit_date': None, 'first_registration_date': None}",2026-03-19 15:48:10.336040+00:00,2026-03-20 12:41:06.145999+00:00,
441,presale_csv,善化區|儷城欣欣6|茄拔|(112)南工造字第00566號,善化區,儷城欣欣6,茄拔,儷城建築開發有限公司,35,鄉村區乙種建築用地,住宅,鋼筋混凝土造,1120414,自售:無,茄拔段一小段1440-4地號,,(112)南工造字第00566號,,台南市善化區茄拔,台南市善化區茄拔,,,NONE,NONE,"{'builder': '儷城建築開發有限公司', 'main_use': '住宅', 'household': '35', 'use_zoning': '鄉村區乙種建築用地', 'declare_date': '1120414', 'main_material': '鋼筋混凝土造', 'building_lands': None, 'selling_period': '自售:無', 'building_permit_no': '(112)南工造字第00566號', 'building_permit_date': None, 'first_registration_date': None}",2026-03-19 15:48:10.336040+00:00,2026-03-20 12:41:06.145999+00:00,
199,presale_csv,善化區|光年?新美世代|德興段-049-1 地號|(110)年南工造字第03546號,善化區,光年?新美世代,德興段-049-1 地號,新美世企業股份有限公司        負責人：林美珠,35,鄉村區乙種建築用地,H2集合住宅,鋼筋混凝土,1110429,自售:1110501~1111231,德興段49-1地號,,(110)年南工造字第03546號,,台南市善化區德興段-049-1 地號,台南市善化區德興段-049-1地號,,,NONE,NONE,"{'builder': '新美世企業股份有限公司        負責人：林美珠', 'main_use': 'H2集合住宅', 'household': '35', 'use_zoning': '鄉村區乙種建築用地', 'declare_date': '1110429', 'main_material': '鋼筋混凝土', 'building_lands': None, 'selling_period': '自售:1110501~1111231', 'building_permit_no': '(110)年南工造字第03546號', 'building_permit_date': None, 'first_registration_date': None}",2026-03-19 15:48:10.336040+00:00,2026-03-20 12:41:06.145999+00:00,
342,presale_csv,善化區|南科之心6|陽明新村|(110)南工造字第02712號,善化區,南科之心6,陽明新村,晏丞建設有限公司,31,住宅區,集合住宅,鋼筋混凝土造,1111117,自售:1120103~直至售完,善駕段1136地號,,(110)南工造字第02712號,,台南市善化區陽明新村,台南市善化區陽明新村,,,NONE,NONE,"{'builder': '晏丞建設有限公司', 'main_use': '集合住宅', 'household': '31', 'use_zoning': '住宅區', 'declare_date': '1111117', 'main_material': '鋼筋混凝土造', 'building_lands': None, 'selling_period': '自售:1120103~直至售完', 'building_permit_no': '(110)南工造字第02712號', 'building_permit_date': None, 'first_registration_date': None}",2026-03-19 15:48:10.336040+00:00,2026-03-20 12:41:06.145999+00:00,
718,presale_csv,善化區|南科之心7|陽明新村|(113)南工造字第01270號,善化區,南科之心7,陽明新村,晏丞建設有限公司,81,住宅區,店鋪、集合住宅,鋼筋混凝土造,1130820,自售:無,善駕段831地號,,(113)南工造字第01270號,,台南市善化區陽明新村,台南市善化區陽明新村,,,NONE,NONE,"{'builder': '晏丞建設有限公司', 'main_use': '店鋪、集合住宅', 'household': '81', 'use_zoning': '住宅區', 'declare_date': '1130820', 'main_material': '鋼筋混凝土造', 'building_lands': None, 'selling_period': '自售:無', 'building_permit_no': '(113)南工造字第01270號', 'building_permit_date': None, 'first_registration_date': None}",2026-03-19 15:48:10.336040+00:00,2026-03-20 12:41:06.145999+00:00,
791,presale_csv,善化區|南科之心8|陽明新村|(113)南工造字第02899-01號,善化區,南科之心8,陽明新村,晏丞建設有限公司,4,住宅區,住家用,鋼筋混凝土造,1131230,自售:1140101~1151231,善駕段828地號,,(113)南工造字第02899-01號,,台南市善化區陽明新村,台南市善化區陽明新村,,,NONE,NONE,"{'builder': '晏丞建設有限公司', 'main_use': '住家用', 'household': '4', 'use_zoning': '住宅區', 'declare_date': '1131230', 'main_material': '鋼筋混凝土造', 'building_lands': None, 'selling_period': '自售:1140101~1151231', 'building_permit_no': '(113)南工造字第02899-01號', 'building_permit_date': None, 'first_registration_date': None}",2026-03-19 15:48:10.336040+00:00,2026-03-20 12:41:06.145999+00:00,
11,presale_csv,善化區|南科寶石捷|胡厝寮|(110)南工造字第2616-2649號,善化區,南科寶石捷,胡厝寮,尚合力建設有限公司,34,鄉村區乙種建築用地,住家用,鋼筋混凝土造,1100810,自售:1100715~自完售止,胡厝段980地號,,(110)南工造字第2616-2649號,,台南市善化區胡厝寮,台南市善化區胡厝寮,,,NONE,NONE,"{'builder': '尚合力建設有限公司', 'main_use': '住家用', 'household': '34', 'use_zoning': '鄉村區乙種建築用地', 'declare_date': '1100810', 'main_material': '鋼筋混凝土造', 'building_lands': None, 'selling_period': '自售:1100715~自完售止', 'building_permit_no': '(110)南工造字第2616-2649號', 'building_permit_date': None, 'first_registration_date': None}",2026-03-19 15:48:10.336040+00:00,2026-03-20 12:41:06.145999+00:00,
524,presale_csv,善化區|南科怡華悅|東勢寮11之1號正對面|(112)南工造字第1824-01號,善化區,南科怡華悅,東勢寮11之1號正對面,元邦建設開發股份有限公司,49,鄉村區,住家用,鋼筋混凝土造,1120905,自售:無,東勢寮段一小段713地號,,(112)南工造字第1824-01號,,台南市善化區東勢寮11之1號正對面,台南市善化區東勢寮11之1號,,,NONE,NONE,"{'builder': '元邦建設開發股份有限公司', 'main_use': '住家用', 'household': '49', 'use_zoning': '鄉村區', 'declare_date': '1120905', 'main_material': '鋼筋混凝土造', 'building_lands': None, 'selling_period': '自售:無', 'building_permit_no': '(112)南工造字第1824-01號', 'building_permit_date': None, 'first_registration_date': None}",2026-03-19 15:48:10.336040+00:00,2026-03-20 12:41:06.145999+00:00,
828,presale_csv,善化區|吾寓三|東勢寮二小段|(113)南工造字第02325號,善化區,吾寓三,東勢寮二小段,信耘建設有限公司,24,鄉村區乙種建築用地,住家用,鋼筋混泥土造,1140224,自售:1140225~1150331,東勢寮段二小段756-2地號,,(113)南工造字第02325號,,台南市善化區東勢寮二小段,台南市善化區東勢寮二小段,,,NONE,NONE,"{'builder': '信耘建設有限公司', 'main_use': '住家用', 'household': '24', 'use_zoning': '鄉村區乙種建築用地', 'declare_date': '1140224', 'main_material': '鋼筋混泥土造', 'building_lands': None, 'selling_period': '自售:1140225~1150331', 'building_permit_no': '(113)南工造字第02325號', 'building_permit_date': None, 'first_registration_date': None}",2026-03-19 15:48:10.336040+00:00,2026-03-20 12:41:06.145999+00:00,
810,presale_csv,善化區|城之芯|小新營12號|(113)南工造字第03146號,善化區,城之芯,小新營12號,永捷創新科技股份有限公司 負責人:張祐銘,98,商業區,H2集合住宅,鋼筋混凝土造,1140123,自售:1140201~1171231,北小新段346地號,,(113)南工造字第03146號,,台南市善化區小新營12號,台南市善化區小新營12號,,,NONE,NONE,"{'builder': '永捷創新科技股份有限公司 負責人:張祐銘', 'main_use': 'H2集合住宅', 'household': '98', 'use_zoning': '商業區', 'declare_date': '1140123', 'main_material': '鋼筋混凝土造', 'building_lands': None, 'selling_period': '自售:1140201~1171231', 'building_permit_no': '(113)南工造字第03146號', 'building_permit_date': None, 'first_registration_date': None}",2026-03-19 15:48:10.336040+00:00,2026-03-20 12:41:06.145999+00:00,
176,presale_csv,善化區|奇詮齊全2|嘉北里茄拔|(111)南工造字第00472號,善化區,奇詮齊全2,嘉北里茄拔,奇詮開發有限公司,30,鄉村區乙種建築用地,住家用,鋼筋混凝土構造,1110321,自售:備查完成,茄拔段一小段1370地號,,(111)南工造字第00472號,,台南市善化區嘉北里茄拔,台南市善化區嘉北里茄拔,,,NONE,NONE,"{'builder': '奇詮開發有限公司', 'main_use': '住家用', 'household': '30', 'use_zoning': '鄉村區乙種建築用地', 'declare_date': '1110321', 'main_material': '鋼筋混凝土構造', 'building_lands': None, 'selling_period': '自售:備查完成', 'building_permit_no': '(111)南工造字第00472號', 'building_permit_date': None, 'first_registration_date': None}",2026-03-19 15:48:10.336040+00:00,2026-03-20 12:41:06.145999+00:00,
281,presale_csv,善化區|宇晨植得|成功段及北小新段|111南工造字第02149號,善化區,宇晨植得,成功段及北小新段,宇晨建設開發有限公司,14,住宅區,住家用,鋼筋混凝土造,1110814,自售:無,成功段489地號,,111南工造字第02149號,,台南市善化區成功段及北小新段,台南市善化區成功段及北小新段,,,NONE,NONE,"{'builder': '宇晨建設開發有限公司', 'main_use': '住家用', 'household': '14', 'use_zoning': '住宅區', 'declare_date': '1110814', 'main_material': '鋼筋混凝土造', 'building_lands': None, 'selling_period': '自售:無', 'building_permit_no': '111南工造字第02149號', 'building_permit_date': None, 'first_registration_date': None}",2026-03-19 15:48:10.336040+00:00,2026-03-20 12:41:06.145999+00:00,
736,presale_csv,善化區|徠茵河|牛庄109號旁|(113)南工造字第01795號,善化區,徠茵河,牛庄109號旁,吉立寶投資股份有限公司,24,鄉村區乙種建築用地,集合住宅,鋼筋混凝土造,1130916,自售:無,北子店段二小段259地號,,(113)南工造字第01795號,,台南市善化區牛庄109號旁,台南市善化區牛庄109號,,,NONE,NONE,"{'builder': '吉立寶投資股份有限公司', 'main_use': '集合住宅', 'household': '24', 'use_zoning': '鄉村區乙種建築用地', 'declare_date': '1130916', 'main_material': '鋼筋混凝土造', 'building_lands': None, 'selling_period': '自售:無', 'building_permit_no': '(113)南工造字第01795號', 'building_permit_date': None, 'first_registration_date': None}",2026-03-19 15:48:10.336040+00:00,2026-03-20 12:41:06.145999+00:00,
225,presale_csv,善化區|恆鵬 陽光四季|蓮潭里17鄰366號小新國小對面|(111)南工造字第00539號,善化區,恆鵬 陽光四季,蓮潭里17鄰366號小新國小對面,恆鵬建設股份有限公司 (負責人:嚴榮華),96,生活服務區(第二種住宅),住家用,鋼筋混凝土造,1110531,自售:無,善新段205地號,,(111)南工造字第00539號,,台南市善化區蓮潭里17鄰366號小新國小對面,台南市善化區蓮潭里17鄰366號,,,NONE,NONE,"{'builder': '恆鵬建設股份有限公司 (負責人:嚴榮華)', 'main_use': '住家用', 'household': '96', 'use_zoning': '生活服務區(第二種住宅)', 'declare_date': '1110531', 'main_material': '鋼筋混凝土造', 'building_lands': None, 'selling_period': '自售:無', 'building_permit_no': '(111)南工造字第00539號', 'building_permit_date': None, 'first_registration_date': None}",2026-03-19 15:48:10.336040+00:00,2026-03-20 12:41:06.145999+00:00,
247,presale_csv,善化區|承安永平7|小新營|(111)年南工造字第01478號,善化區,承安永平7,小新營,承安建設有限公司,29,住宅區,集合住宅,鋼筋混凝土,1110627,自售:無,南小新段764地號,,(111)年南工造字第01478號,,台南市善化區小新營,台南市善化區小新營,,,NONE,NONE,"{'builder': '承安建設有限公司', 'main_use': '集合住宅', 'household': '29', 'use_zoning': '住宅區', 'declare_date': '1110627', 'main_material': '鋼筋混凝土', 'building_lands': None, 'selling_period': '自售:無', 'building_permit_no': '(111)年南工造字第01478號', 'building_permit_date': None, 'first_registration_date': None}",2026-03-19 15:48:10.336040+00:00,2026-03-20 12:41:06.145999+00:00,
185,presale_csv,善化區|曉幸運|小新營141-2和142-1中間|111年南工造字第00019號,善化區,曉幸運,小新營141-2和142-1中間,安賀建設有限公司,30,住宅區,集合住宅,鋼筋混凝土造,1110407,自售:1110407~1130331,成功段757地號,,111年南工造字第00019號,,台南市善化區小新營141-2和142-1中間,台南市善化區小新營141-2和142-1中間,,,NONE,NONE,"{'builder': '安賀建設有限公司', 'main_use': '集合住宅', 'household': '30', 'use_zoning': '住宅區', 'declare_date': '1110407', 'main_material': '鋼筋混凝土造', 'building_lands': None, 'selling_period': '自售:1110407~1130331', 'building_permit_no': '111年南工造字第00019號', 'building_permit_date': None, 'first_registration_date': None}",2026-03-19 15:48:10.336040+00:00,2026-03-20 12:41:06.145999+00:00,
633,presale_csv,善化區|書卷田|東勢寮|(112)南工造字第01019號,善化區,書卷田,東勢寮,麥傑宇茱貝股份有限公司 法定代表人王裕成,8,鄉村區,住家用,鋼筋混凝土造,1130416,自售:1130420~1131231,東勢寮段二小段1258-4地號,,(112)南工造字第01019號,,台南市善化區東勢寮,台南市善化區東勢寮,,,NONE,NONE,"{'builder': '麥傑宇茱貝股份有限公司 法定代表人王裕成', 'main_use': '住家用', 'household': '8', 'use_zoning': '鄉村區', 'declare_date': '1130416', 'main_material': '鋼筋混凝土造', 'building_lands': None, 'selling_period': '自售:1130420~1131231', 'building_permit_no': '(112)南工造字第01019號', 'building_permit_date': None, 'first_registration_date': None}",2026-03-19 15:48:10.336040+00:00,2026-03-20 12:41:06.145999+00:00,
223,presale_csv,善化區|朋緯不二3期|牛庄135之25號旁|(110)南工造字第04232號,善化區,朋緯不二3期,牛庄135之25號旁,朋緯建築開發有限公司 代表人:梁丰緯,8,鄉村區乙種建築用地,集合住宅,鋼筋混凝土造,1110526,自售:無,北子店段二小段458-4地號,,(110)南工造字第04232號,,台南市善化區牛庄135之25號旁,台南市善化區牛庄135之25號,,,NONE,NONE,"{'builder': '朋緯建築開發有限公司 代表人:梁丰緯', 'main_use': '集合住宅', 'household': '8', 'use_zoning': '鄉村區乙種建築用地', 'declare_date': '1110526', 'main_material': '鋼筋混凝土造', 'building_lands': None, 'selling_period': '自售:無', 'building_permit_no': '(110)南工造字第04232號', 'building_permit_date': None, 'first_registration_date': None}",2026-03-19 15:48:10.336040+00:00,2026-03-20 12:41:06.145999+00:00,
242,presale_csv,善化區|樂樂南科|茄拔段ㄧ小段|,善化區,樂樂南科,茄拔段ㄧ小段,泰廣建設有限公司負責人：范朝棟,159,鄉村區乙種建築用地,住家用、停車空間,鋼筋混凝土造,1110622,自售:1110628~1131231,茄拔段一小段1312-1地號,,,,台南市善化區茄拔段ㄧ小段,台南市善化區茄拔段ㄧ小段,,,NONE,NONE,"{'builder': '泰廣建設有限公司負責人：范朝棟', 'main_use': '住家用、停車空間', 'household': '159', 'use_zoning': '鄉村區乙種建築用地', 'declare_date': '1110622', 'main_material': '鋼筋混凝土造', 'building_lands': None, 'selling_period': '自售:1110628~1131231', 'building_permit_no': None, 'building_permit_date': None, 'first_registration_date': None}",2026-03-19 15:48:10.336040+00:00,2026-03-20 12:41:06.145999+00:00,
475,presale_csv,善化區|沅恆拾玥|東勢寮|(112)南工造字第01314號,善化區,沅恆拾玥,東勢寮,沅恆建設股份有限公司負責人:黃煒智,58,鄉村區乙種建築用地,集合住宅、停車空間,鋼筋混凝土造,1120612,自售:無,東勢寮段二小段1176地號,,(112)南工造字第01314號,,台南市善化區東勢寮,台南市善化區東勢寮,,,NONE,NONE,"{'builder': '沅恆建設股份有限公司負責人:黃煒智', 'main_use': '集合住宅、停車空間', 'household': '58', 'use_zoning': '鄉村區乙種建築用地', 'declare_date': '1120612', 'main_material': '鋼筋混凝土造', 'building_lands': None, 'selling_period': '自售:無', 'building_permit_no': '(112)南工造字第01314號', 'building_permit_date': None, 'first_registration_date': None}",2026-03-19 15:48:10.336040+00:00,2026-03-20 12:41:06.145999+00:00,
519,presale_csv,善化區|沅恆首哲|六分寮|(112)南工造字第01097號,善化區,沅恆首哲,六分寮,沅恆建設股份有限公司,24,鄉村區乙種建築用地,集合住宅,鋼筋混凝土造,1120830,自售:無,德興段650地號,,(112)南工造字第01097號,,台南市善化區六分寮,台南市善化區六分寮,,,NONE,NONE,"{'builder': '沅恆建設股份有限公司', 'main_use': '集合住宅', 'household': '24', 'use_zoning': '鄉村區乙種建築用地', 'declare_date': '1120830', 'main_material': '鋼筋混凝土造', 'building_lands': None, 'selling_period': '自售:無', 'building_permit_no': '(112)南工造字第01097號', 'building_permit_date': None, 'first_registration_date': None}",2026-03-19 15:48:10.336040+00:00,2026-03-20 12:41:06.145999+00:00,
245,presale_csv,善化區|沅陞拾美莊園|什乃里|(111)南工造字第00877-01號,善化區,沅陞拾美莊園,什乃里,沅陞建設股份有限公司,41,鄉村區乙種建築用地,住家用,鋼筋混凝土造,1110627,自售:無,什美段747地號,,(111)南工造字第00877-01號,,台南市善化區什乃里,台南市善化區什乃里,,,NONE,NONE,"{'builder': '沅陞建設股份有限公司', 'main_use': '住家用', 'household': '41', 'use_zoning': '鄉村區乙種建築用地', 'declare_date': '1110627', 'main_material': '鋼筋混凝土造', 'building_lands': None, 'selling_period': '自售:無', 'building_permit_no': '(111)南工造字第00877-01號', 'building_permit_date': None, 'first_registration_date': None}",2026-03-19 15:48:10.336040+00:00,2026-03-20 12:41:06.145999+00:00,
639,presale_csv,善化區|沅陞拾萃莊園|什乃里|(113)南工造字第00504號,善化區,沅陞拾萃莊園,什乃里,沅陞建設股份有限公司,66,鄉村區乙種建築用地,住家用,鋼筋混凝土造,1130508,自售:無,什美段819地號,,(113)南工造字第00504號,,台南市善化區什乃里,台南市善化區什乃里,,,NONE,NONE,"{'builder': '沅陞建設股份有限公司', 'main_use': '住家用', 'household': '66', 'use_zoning': '鄉村區乙種建築用地', 'declare_date': '1130508', 'main_material': '鋼筋混凝土造', 'building_lands': None, 'selling_period': '自售:無', 'building_permit_no': '(113)南工造字第00504號', 'building_permit_date': None, 'first_registration_date': None}",2026-03-19 15:48:10.336040+00:00,2026-03-20 12:41:06.145999+00:00,
387,presale_csv,善化區|淳真年代2|茄拔300號之2旁|(111)南工造字第03505號,善化區,淳真年代2,茄拔300號之2旁,淳真國際投資控股有限公司,75,鄉村區乙種建築用地,住宅,鋼筋混凝土造,1120118,自售:無,茄拔段一小段1532地號,,(111)南工造字第03505號,,台南市善化區茄拔300號之2旁,台南市善化區茄拔300號,,,NONE,NONE,"{'builder': '淳真國際投資控股有限公司', 'main_use': '住宅', 'household': '75', 'use_zoning': '鄉村區乙種建築用地', 'declare_date': '1120118', 'main_material': '鋼筋混凝土造', 'building_lands': None, 'selling_period': '自售:無', 'building_permit_no': '(111)南工造字第03505號', 'building_permit_date': None, 'first_registration_date': None}",2026-03-19 15:48:10.336040+00:00,2026-03-20 12:41:06.145999+00:00,
12,presale_csv,善化區|湖畔寶石捷|牛庄|(110)南工造字第2021-2065號,善化區,湖畔寶石捷,牛庄,尚合力建設有限公司,45,鄉村區乙種建築用地,住家用,鋼筋混凝土造,1100810,自售:1100601~1111231,北子店段二小段290地號,,(110)南工造字第2021-2065號,,台南市善化區牛庄,台南市善化區牛庄,,,NONE,NONE,"{'builder': '尚合力建設有限公司', 'main_use': '住家用', 'household': '45', 'use_zoning': '鄉村區乙種建築用地', 'declare_date': '1100810', 'main_material': '鋼筋混凝土造', 'building_lands': None, 'selling_period': '自售:1100601~1111231', 'building_permit_no': '(110)南工造字第2021-2065號', 'building_permit_date': None, 'first_registration_date': None}",2026-03-19 15:48:10.336040+00:00,2026-03-20 12:41:06.145999+00:00,
545,presale_csv,善化區|真工會館2|六分寮180號旁|(112)南工造字第01455號,善化區,真工會館2,六分寮180號旁,真工建設開發有限公司,36,鄉村區乙種建築用地,集合住宅,鋼筋混凝土造,1121015,自售:1121020~1151231,大同段656地號,,(112)南工造字第01455號,,台南市善化區六分寮180號旁,台南市善化區六分寮180號,,,NONE,NONE,"{'builder': '真工建設開發有限公司', 'main_use': '集合住宅', 'household': '36', 'use_zoning': '鄉村區乙種建築用地', 'declare_date': '1121015', 'main_material': '鋼筋混凝土造', 'building_lands': None, 'selling_period': '自售:1121020~1151231', 'building_permit_no': '(112)南工造字第01455號', 'building_permit_date': None, 'first_registration_date': None}",2026-03-19 15:48:10.336040+00:00,2026-03-20 12:41:06.145999+00:00,
409,presale_csv,善化區|美麗?南科|東勢寮168號旁|(111)南工造字第02097號,善化區,美麗?南科,東勢寮168號旁,銘峰開發建設有限公司,87,鄉村區乙種建築用地,集合住宅、停車空間,鋼筋混凝土,1120303,自售:1120401~·,東勢寮段二小段869地號,,(111)南工造字第02097號,,台南市善化區東勢寮168號旁,台南市善化區東勢寮168號,,,NONE,NONE,"{'builder': '銘峰開發建設有限公司', 'main_use': '集合住宅、停車空間', 'household': '87', 'use_zoning': '鄉村區乙種建築用地', 'declare_date': '1120303', 'main_material': '鋼筋混凝土', 'building_lands': None, 'selling_period': '自售:1120401~\x8c·', 'building_permit_no': '(111)南工造字第02097號', 'building_permit_date': None, 'first_registration_date': None}",2026-03-19 15:48:10.336040+00:00,2026-03-20 12:41:06.145999+00:00,
744,presale_csv,善化區|美麗綣公園|小新營|(113)南工造字第01038號,善化區,美麗綣公園,小新營,長寬建築股份有限公司,7,住宅區,住家用,鋼筋混凝土造,1130930,自售:113年10月15日至銷售完畢止,北小新段765-1地號,,(113)南工造字第01038號,,台南市善化區小新營,台南市善化區小新營,,,NONE,NONE,"{'builder': '長寬建築股份有限公司', 'main_use': '住家用', 'household': '7', 'use_zoning': '住宅區', 'declare_date': '1130930', 'main_material': '鋼筋混凝土造', 'building_lands': None, 'selling_period': '自售:113年10月15日至銷售完畢止', 'building_permit_no': '(113)南工造字第01038號', 'building_permit_date': None, 'first_registration_date': None}",2026-03-19 15:48:10.336040+00:00,2026-03-20 12:41:06.145999+00:00,
569,presale_csv,善化區|良茂合心城-合美館|南126鄉道什乃48號後面|(111)南工造字第01392-02號,善化區,良茂合心城-合美館,南126鄉道什乃48號後面,良住建設股份有限公司,92,鄉村區乙種建築用地,集合住宅,鋼筋混凝土造,1121205,自售:1130501~1170723,什美段895地號,,(111)南工造字第01392-02號,,台南市善化區南126鄉道什乃48號後面,台南市善化區南126鄉道什乃48號,,,NONE,NONE,"{'builder': '良住建設股份有限公司', 'main_use': '集合住宅', 'household': '92', 'use_zoning': '鄉村區乙種建築用地', 'declare_date': '1121205', 'main_material': '鋼筋混凝土造', 'building_lands': None, 'selling_period': '自售:1130501~1170723', 'building_permit_no': '(111)南工造字第01392-02號', 'building_permit_date': None, 'first_registration_date': None}",2026-03-19 15:48:10.336040+00:00,2026-03-20 12:41:06.145999+00:00,
652,presale_csv,善化區|蒔青風|什乃18-3號旁|(113)南工造字00950,善化區,蒔青風,什乃18-3號旁,商捷建設股份有限公司,10,特定農業區甲種建築用地,住家用,鋼筋混凝土造,1130530,自售:1130601~1160531,曾文段1649-2地號,,(113)南工造字00950,,台南市善化區什乃18-3號旁,台南市善化區什乃18號,,,NONE,NONE,"{'builder': '商捷建設股份有限公司', 'main_use': '住家用', 'household': '10', 'use_zoning': '特定農業區甲種建築用地', 'declare_date': '1130530', 'main_material': '鋼筋混凝土造', 'building_lands': None, 'selling_period': '自售:1130601~1160531', 'building_permit_no': '(113)南工造字00950', 'building_permit_date': None, 'first_registration_date': None}",2026-03-19 15:48:10.336040+00:00,2026-03-20 12:41:06.145999+00:00,
599,presale_csv,善化區|誠銳幸福配方|溪尾71號旁|(112)南工造字第02827號,善化區,誠銳幸福配方,溪尾71號旁,誠銳建設有限公司劉惠榆,21,鄉村區乙種建築用地,住家用,鋼筋混凝土造,1130215,自售:1130301~1150228,灣裡段1301-8地號,,(112)南工造字第02827號,,台南市善化區溪尾71號旁,台南市善化區溪尾71號,,,NONE,NONE,"{'builder': '誠銳建設有限公司劉惠榆', 'main_use': '住家用', 'household': '21', 'use_zoning': '鄉村區乙種建築用地', 'declare_date': '1130215', 'main_material': '鋼筋混凝土造', 'building_lands': None, 'selling_period': '自售:1130301~1150228', 'building_permit_no': '(112)南工造字第02827號', 'building_permit_date': None, 'first_registration_date': None}",2026-03-19 15:48:10.336040+00:00,2026-03-20 12:41:06.145999+00:00,
464,presale_csv,善化區|鄉景善品|溪尾198號旁|(112)南工造字第01228號,善化區,鄉景善品,溪尾198號旁,鄉景建設開發有限公司,18,鄉村區乙種建築用地,住家用,鋼筋混凝土造,1120529,自售:112年06月03日至銷售完畢,什美段269地號,,(112)南工造字第01228號,,台南市善化區溪尾198號旁,台南市善化區溪尾198號,,,NONE,NONE,"{'builder': '鄉景建設開發有限公司', 'main_use': '住家用', 'household': '18', 'use_zoning': '鄉村區乙種建築用地', 'declare_date': '1120529', 'main_material': '鋼筋混凝土造', 'building_lands': None, 'selling_period': '自售:112年06月03日至銷售完畢', 'building_permit_no': '(112)南工造字第01228號', 'building_permit_date': None, 'first_registration_date': None}",2026-03-19 15:48:10.336040+00:00,2026-03-20 12:41:06.145999+00:00,
823,presale_csv,善化區|鄉景尚品|六分寮260號旁|(113)南工造字第02326號,善化區,鄉景尚品,六分寮260號旁,鄉樺建設有限公司,44,鄉村區乙種建築用地,住家用,鋼筋混凝土造,1140219,自售:1140220至銷售完畢,大同段522地號,,(113)南工造字第02326號,,台南市善化區六分寮260號旁,台南市善化區六分寮260號,,,NONE,NONE,"{'builder': '鄉樺建設有限公司', 'main_use': '住家用', 'household': '44', 'use_zoning': '鄉村區乙種建築用地', 'declare_date': '1140219', 'main_material': '鋼筋混凝土造', 'building_lands': None, 'selling_period': '自售:1140220至銷售完畢', 'building_permit_no': '(113)南工造字第02326號', 'building_permit_date': None, 'first_registration_date': None}",2026-03-19 15:48:10.336040+00:00,2026-03-20 12:41:06.145999+00:00,
510,presale_csv,善化區|鄉景御品|溪尾102號之3旁|南工造字第第01892號,善化區,鄉景御品,溪尾102號之3旁,鄉樺建設有限公司,42,鄉村區,住家用,鋼筋混凝土造,1120809,自售:112年8月19日起至銷售完畢,灣裡段1161地號,,南工造字第第01892號,,台南市善化區溪尾102號之3旁,台南市善化區溪尾102號,,,NONE,NONE,"{'builder': '鄉樺建設有限公司', 'main_use': '住家用', 'household': '42', 'use_zoning': '鄉村區', 'declare_date': '1120809', 'main_material': '鋼筋混凝土造', 'building_lands': None, 'selling_period': '自售:112年8月19日起至銷售完畢', 'building_permit_no': '南工造字第第01892號', 'building_permit_date': None, 'first_registration_date': None}",2026-03-19 15:48:10.336040+00:00,2026-03-20 12:41:06.145999+00:00,
397,presale_csv,善化區|鄉景森品|東勢宅48號旁|(112)南工造字第00514號,善化區,鄉景森品,東勢宅48號旁,鄉景建設開發有限公司,53,特定農業區甲種建築用地,住家用,鋼筋混凝土造,1120210,自售:112年02月19日至銷售完畢,灣裡段498地號,,(112)南工造字第00514號,,台南市善化區東勢宅48號旁,台南市善化區東勢宅48號,,,NONE,NONE,"{'builder': '鄉景建設開發有限公司', 'main_use': '住家用', 'household': '53', 'use_zoning': '特定農業區甲種建築用地', 'declare_date': '1120210', 'main_material': '鋼筋混凝土造', 'building_lands': None, 'selling_period': '自售:112年02月19日至銷售完畢', 'building_permit_no': '(112)南工造字第00514號', 'building_permit_date': None, 'first_registration_date': None}",2026-03-19 15:48:10.336040+00:00,2026-03-20 12:41:06.145999+00:00,
605,presale_csv,善化區|鄉景馨品|什乃17之11號旁|(112)南工造字第02737號,善化區,鄉景馨品,什乃17之11號旁,鄉樺建設有限公司,36,鄉村區乙種建築用地,住家用,鋼筋混凝土造,1130222,自售:1130225~至銷售完畢,什美段715地號,,(112)南工造字第02737號,,台南市善化區什乃17之11號旁,台南市善化區什乃17之11號,,,NONE,NONE,"{'builder': '鄉樺建設有限公司', 'main_use': '住家用', 'household': '36', 'use_zoning': '鄉村區乙種建築用地', 'declare_date': '1130222', 'main_material': '鋼筋混凝土造', 'building_lands': None, 'selling_period': '自售:1130225~至銷售完畢', 'building_permit_no': '(112)南工造字第02737號', 'building_permit_date': None, 'first_registration_date': None}",2026-03-19 15:48:10.336040+00:00,2026-03-20 12:41:06.145999+00:00,
623,presale_csv,善化區|鄉景麗品|坐駕20號之1旁|(113)南工造字第00541-01號,善化區,鄉景麗品,坐駕20號之1旁,鄉景建設開發有限公司,54,住宅區,住家用,鋼筋混凝土造,1130322,自售:1130413至銷售完畢,大成段1409地號,,(113)南工造字第00541-01號,,台南市善化區坐駕20號之1旁,台南市善化區坐駕20號,,,NONE,NONE,"{'builder': '鄉景建設開發有限公司', 'main_use': '住家用', 'household': '54', 'use_zoning': '住宅區', 'declare_date': '1130322', 'main_material': '鋼筋混凝土造', 'building_lands': None, 'selling_period': '自售:1130413至銷售完畢', 'building_permit_no': '(113)南工造字第00541-01號', 'building_permit_date': None, 'first_registration_date': None}",2026-03-19 15:48:10.336040+00:00,2026-03-20 12:41:06.145999+00:00,
928,presale_csv,善化區|金福砌.天天開心6|東勢寮|(114)南工造字第01315號,善化區,金福砌.天天開心6,東勢寮,緯翔建設有限公司,9,鄉村區乙種建築用地,住家用,鋼筋混凝土,1141107,自售:1141107~1161231,東勢寮段二小段511地號,,(114)南工造字第01315號,,台南市善化區東勢寮,台南市善化區東勢寮,,,NONE,NONE,"{'builder': '緯翔建設有限公司', 'main_use': '住家用', 'household': '9', 'use_zoning': '鄉村區乙種建築用地', 'declare_date': '1141107', 'main_material': '鋼筋混凝土', 'building_lands': None, 'selling_period': '自售:1141107~1161231', 'building_permit_no': '(114)南工造字第01315號', 'building_permit_date': None, 'first_registration_date': None}",2026-03-19 15:48:10.336040+00:00,2026-03-20 12:41:06.145999+00:00,
704,presale_csv,大內區|內山村|石城里石仔瀨26號旁|(112)南工造字第02565號,大內區,內山村,石城里石仔瀨26號旁,光庭建設有限公司 負責人:黃泓元,11,1110~1110-5:住宅區,1113~1113-4:農業區,住宅,鋼筋混凝土,1130806,石仔瀨段1110地號,,(112)南工造字第02565號,,台南市大內區石城里石仔瀨26號旁,台南市大內區石城里石仔瀨26號,,,NONE,NONE,"{'builder': '光庭建設有限公司 負責人:黃泓元', 'main_use': '1113~1113-4:農業區', 'household': '11', 'use_zoning': '1110~1110-5:住宅區', 'declare_date': '鋼筋混凝土', 'main_material': '住宅', 'building_lands': None, 'selling_period': '1130806', 'building_permit_no': '(112)南工造字第02565號', 'building_permit_date': None, 'first_registration_date': None}",2026-03-19 15:48:10.336040+00:00,2026-03-20 12:41:06.145999+00:00,
542,presale_csv,大內區|萊茵河第2期|石子瀨125號對面|(112)南工造字第00537-01號,大內區,萊茵河第2期,石子瀨125號對面,中業營造股份有限公司,17,住宅區,集合住宅,鋼筋混凝土造,1121006,自售:無,石仔瀨段213-1地號,,(112)南工造字第00537-01號,,台南市大內區石子瀨125號對面,台南市大內區石子瀨125號,,,NONE,NONE,"{'builder': '中業營造股份有限公司', 'main_use': '集合住宅', 'household': '17', 'use_zoning': '住宅區', 'declare_date': '1121006', 'main_material': '鋼筋混凝土造', 'building_lands': None, 'selling_period': '自售:無', 'building_permit_no': '(112)南工造字第00537-01號', 'building_permit_date': None, 'first_registration_date': None}",2026-03-19 15:48:10.336040+00:00,2026-03-20 12:41:06.145999+00:00,
555,presale_csv,學甲區|印象米蘭|麻學路三段465巷16號|(112)南工造字第02001,學甲區,印象米蘭,麻學路三段465巷16號,泉富開發建設有限公司,4,鄉村區乙種建築用地,住宅,鋼筋混凝土造,1121102,自售:1121201~ó.,麻學路三段465巷16號,,(112)南工造字第02001,,台南市學甲區麻學路三段465巷16號,台南市學甲區麻學路3段465巷16號,,,NONE,NONE,"{'builder': '泉富開發建設有限公司', 'main_use': '住宅', 'household': '4', 'use_zoning': '鄉村區乙種建築用地', 'declare_date': '1121102', 'main_material': '鋼筋混凝土造', 'building_lands': None, 'selling_period': '自售:1121201~ó\x8c.', 'building_permit_no': '(112)南工造字第02001', 'building_permit_date': None, 'first_registration_date': None}",2026-03-19 15:48:10.336040+00:00,2026-03-20 12:41:06.145999+00:00,
678,presale_csv,學甲區|杉禾苑|賴氏宗祠旁|(113)南工造字第01339號,學甲區,杉禾苑,賴氏宗祠旁,鈗萬建設有限公司 代表人:吳明學,34,鄉村區乙種建築用地,住家用,鋼筋混凝土造,1130626,自售:1130626~.&#140,草坔段0343-0043地號,,(113)南工造字第01339號,,台南市學甲區賴氏宗祠旁,台南市學甲區賴氏宗祠旁,,,NONE,NONE,"{'builder': '鈗萬建設有限公司 代表人:吳明學', 'main_use': '住家用', 'household': '34', 'use_zoning': '鄉村區乙種建築用地', 'declare_date': '1130626', 'main_material': '鋼筋混凝土造', 'building_lands': None, 'selling_period': '自售:1130626~.&#140', 'building_permit_no': '(113)南工造字第01339號', 'building_permit_date': None, 'first_registration_date': None}",2026-03-19 15:48:10.336040+00:00,2026-03-20 12:41:06.145999+00:00,
86,presale_csv,學甲區|松景園(第六期)|草?段269地號等9筆|(110)南工造字第03470號,學甲區,松景園(第六期),草?段269地號等9筆,永浚建設股份有限公司,8,住宅區,住家用,鋼筋混凝土造,1101111,自售:1101120~1121120,草坔269地號,,(110)南工造字第03470號,,台南市學甲區草?段269地號等9筆,台南市學甲區草?段269地號,,,NONE,NONE,"{'builder': '永浚建設股份有限公司', 'main_use': '住家用', 'household': '8', 'use_zoning': '住宅區', 'declare_date': '1101111', 'main_material': '鋼筋混凝土造', 'building_lands': None, 'selling_period': '自售:1101120~1121120', 'building_permit_no': '(110)南工造字第03470號', 'building_permit_date': None, 'first_registration_date': None}",2026-03-19 15:48:10.336040+00:00,2026-03-20 12:41:06.145999+00:00,
831,presale_csv,安南區|一字得|永續一街|(113)南工造字02260-01號,安南區,一字得,永續一街,上隆開發建設股份有限公司,300,住六-1 住宅區,店鋪、集合住宅,鋼筋混凝土造,1140227,自售:無,國安段1766地號,,(113)南工造字02260-01號,,台南市安南區永續一街,台南市安南區永續一街,,,NONE,NONE,"{'builder': '上隆開發建設股份有限公司', 'main_use': '店鋪、集合住宅', 'household': '300', 'use_zoning': '住六-1 住宅區', 'declare_date': '1140227', 'main_material': '鋼筋混凝土造', 'building_lands': None, 'selling_period': '自售:無', 'building_permit_no': '(113)南工造字02260-01號', 'building_permit_date': None, 'first_registration_date': None}",2026-03-19 15:48:10.336040+00:00,2026-03-20 12:41:06.145999+00:00,
609,presale_csv,安南區|世界之心|本田路二段和工業五路 路口|(112)南工造字第00033,安南區,世界之心,本田路二段和工業五路 路口,承逸開發建設股份有限公司,542,住三-1 住宅區,店鋪、里民中心、集合住宅,鋼筋混凝土構造,1130301,自售:無,科工段86地號,,(112)南工造字第00033,,台南市安南區本田路二段和工業五路 路口,台南市安南區本田路2段和工業五路路口,,,NONE,NONE,"{'builder': '承逸開發建設股份有限公司', 'main_use': '店鋪、里民中心、集合住宅', 'household': '542', 'use_zoning': '住三-1 住宅區', 'declare_date': '1130301', 'main_material': '鋼筋混凝土構造', 'building_lands': None, 'selling_period': '自售:無', 'building_permit_no': '(112)南工造字第00033', 'building_permit_date': None, 'first_registration_date': None}",2026-03-19 15:48:10.336040+00:00,2026-03-20 12:41:06.145999+00:00,
866,presale_csv,安南區|合恆 寓紳鄰-曙光|安中路四段211巷附近|(113)南工造字第00222-01號,安南區,合恆 寓紳鄰-曙光,安中路四段211巷附近,僑馥建築經理股份有限公司,44,住三-1住宅區,H2集合住宅,鋼筋混凝土造,1140515,自售:1140801~1150731,淵南段519-2地號,,(113)南工造字第00222-01號,,台南市安南區安中路四段211巷附近,台南市安南區安中路4段211巷附近,,,NONE,NONE,"{'builder': '僑馥建築經理股份有限公司', 'main_use': 'H2集合住宅', 'household': '44', 'use_zoning': '住三-1住宅區', 'declare_date': '1140515', 'main_material': '鋼筋混凝土造', 'building_lands': None, 'selling_period': '自售:1140801~1150731', 'building_permit_no': '(113)南工造字第00222-01號', 'building_permit_date': None, 'first_registration_date': None}",2026-03-19 15:48:10.336040+00:00,2026-03-20 12:41:06.145999+00:00,
904,presale_csv,安南區|合恆   寓紳鄰-黎明|安中路四段211巷附近|(114)南工造字第00493-01號,安南區,合恆   寓紳鄰-黎明,安中路四段211巷附近,合恆建設有限公司 負責人：王照林,62,「住三-1」住宅區,住家用,鋼筋混凝土造,1140910,自售:1141101~1161031,淵南段519地號,,(114)南工造字第00493-01號,,台南市安南區安中路四段211巷附近,台南市安南區安中路4段211巷附近,,,NONE,NONE,"{'builder': '合恆建設有限公司 負責人：王照林', 'main_use': '住家用', 'household': '62', 'use_zoning': '「住三-1」住宅區', 'declare_date': '1140910', 'main_material': '鋼筋混凝土造', 'building_lands': None, 'selling_period': '自售:1141101~1161031', 'building_permit_no': '(114)南工造字第00493-01號', 'building_permit_date': None, 'first_registration_date': None}",2026-03-19 15:48:10.336040+00:00,2026-03-20 12:41:06.145999+00:00,
408,presale_csv,安南區|安中盛市|安中路二段766巷43號旁|111南工造字第02709號,安南區,安中盛市,安中路二段766巷43號旁,席揚建設開發有限公司,9,住五住宅區,住商用,鋼筋混凝土造,1120303,自售:1120327~·,海北段805地號,,111南工造字第02709號,,台南市安南區安中路二段766巷43號旁,台南市安南區安中路2段766巷43號,,,NONE,NONE,"{'builder': '席揚建設開發有限公司', 'main_use': '住商用', 'household': '9', 'use_zoning': '住五住宅區', 'declare_date': '1120303', 'main_material': '鋼筋混凝土造', 'building_lands': None, 'selling_period': '自售:1120327~\x8c·', 'building_permit_no': '111南工造字第02709號', 'building_permit_date': None, 'first_registration_date': None}",2026-03-19 15:48:10.336040+00:00,2026-03-20 12:41:06.145999+00:00,
867,presale_csv,安南區|宜室感|安和路一段215巷30號旁|(114)南工造字第00102號,安南區,宜室感,安和路一段215巷30號旁,文福開發建設有限公司,24,臺南市,集合住宅,鋼筋混凝土造,1140520,自售:1140531~自完售止,安西段473地號,,(114)南工造字第00102號,,台南市安南區安和路一段215巷30號旁,台南市安南區安和路1段215巷30號,,,NONE,NONE,"{'builder': '文福開發建設有限公司', 'main_use': '集合住宅', 'household': '24', 'use_zoning': '臺南市', 'declare_date': '1140520', 'main_material': '鋼筋混凝土造', 'building_lands': None, 'selling_period': '自售:1140531~自完售止', 'building_permit_no': '(114)南工造字第00102號', 'building_permit_date': None, 'first_registration_date': None}",2026-03-19 15:48:10.336040+00:00,2026-03-20 12:41:06.145999+00:00,
170,presale_csv,安南區|晨夏|城北街871巷|(110)南工造字第04311號,安南區,晨夏,城北街871巷,九鈿建設開發股份有限公司,5,住宅區,住家用,鋼筋混凝土構造,1110314,自售:1110501~1120930,青草崙段357-100地號,,(110)南工造字第04311號,,台南市安南區城北街871巷,台南市安南區城北街871巷,,,NONE,NONE,"{'builder': '九鈿建設開發股份有限公司', 'main_use': '住家用', 'household': '5', 'use_zoning': '住宅區', 'declare_date': '1110314', 'main_material': '鋼筋混凝土構造', 'building_lands': None, 'selling_period': '自售:1110501~1120930', 'building_permit_no': '(110)南工造字第04311號', 'building_permit_date': None, 'first_registration_date': None}",2026-03-19 15:48:10.336040+00:00,2026-03-20 12:41:06.145999+00:00,
570,presale_csv,安南區|毅陽晶典13|安和路一段220巷22號對面|(112)南工造字第00765號,安南區,毅陽晶典13,安和路一段220巷22號對面,毅陽建設有限公司,18,住宅區,住家用,鋼筋混凝土造,1121207,自售:無,安東段531地號,,(112)南工造字第00765號,,台南市安南區安和路一段220巷22號對面,台南市安南區安和路1段220巷22號,,,NONE,NONE,"{'builder': '毅陽建設有限公司', 'main_use': '住家用', 'household': '18', 'use_zoning': '住宅區', 'declare_date': '1121207', 'main_material': '鋼筋混凝土造', 'building_lands': None, 'selling_period': '自售:無', 'building_permit_no': '(112)南工造字第00765號', 'building_permit_date': None, 'first_registration_date': None}",2026-03-19 15:48:10.336040+00:00,2026-03-20 12:41:06.145999+00:00,
106,presale_csv,安南區|淳境九份子|樂活10街|(110)南工造字第03720,安南區,淳境九份子,樂活10街,尚邑開發建設有限公司,7,住宅區,住家用,鋼筋混凝土造,1101209,自售:無,國安段1652地號,,(110)南工造字第03720,,台南市安南區樂活10街,台南市安南區樂活10街,,,NONE,NONE,"{'builder': '尚邑開發建設有限公司', 'main_use': '住家用', 'household': '7', 'use_zoning': '住宅區', 'declare_date': '1101209', 'main_material': '鋼筋混凝土造', 'building_lands': None, 'selling_period': '自售:無', 'building_permit_no': '(110)南工造字第03720', 'building_permit_date': None, 'first_registration_date': None}",2026-03-19 15:48:10.336040+00:00,2026-03-20 12:41:06.145999+00:00,
233,presale_csv,安南區|薈萃居7|國安段 1590 地號等9筆|(111)南工造字第00829號,安南區,薈萃居7,國安段 1590 地號等9筆,銓詠建設事業股份有限公司,8,住宅區,住家用,鋼筋混凝土造,1110610,自售:無,國安段1590地號,,(111)南工造字第00829號,,台南市安南區國安段 1590 地號等9筆,台南市安南區國安段1590地號,,,NONE,NONE,"{'builder': '銓詠建設事業股份有限公司', 'main_use': '住家用', 'household': '8', 'use_zoning': '住宅區', 'declare_date': '1110610', 'main_material': '鋼筋混凝土造', 'building_lands': None, 'selling_period': '自售:無', 'building_permit_no': '(111)南工造字第00829號', 'building_permit_date': None, 'first_registration_date': None}",2026-03-19 15:48:10.336040+00:00,2026-03-20 12:41:06.145999+00:00,
683,presale_csv,安南區|連建勤學|安和路三段|(113)南工造字第01148號,安南區,連建勤學,安和路三段,連建建設股份有限公司,41,住宅區,G3店鋪（<500 m2）、H2集合住宅、停車空間,鋼筋混凝土造,1130705,自售:無,新順段966地號,,(113)南工造字第01148號,,台南市安南區安和路三段,台南市安南區安和路3段,,,NONE,NONE,"{'builder': '連建建設股份有限公司', 'main_use': 'G3店鋪（<500 m2）、H2集合住宅、停車空間', 'household': '41', 'use_zoning': '住宅區', 'declare_date': '1130705', 'main_material': '鋼筋混凝土造', 'building_lands': None, 'selling_period': '自售:無', 'building_permit_no': '(113)南工造字第01148號', 'building_permit_date': None, 'first_registration_date': None}",2026-03-19 15:48:10.336040+00:00,2026-03-20 12:41:06.145999+00:00,
292,presale_csv,安定區|32泊|海寮|(111)南工造字第02287號,安定區,32泊,海寮,展泓建設股份有限公司,32,住宅區,鄉村區乙種建築用地,鋼筋混凝土造,1110831,自售:無,海安段162地號,,(111)南工造字第02287號,,台南市安定區海寮,台南市安定區海寮,,,NONE,NONE,"{'builder': '展泓建設股份有限公司', 'main_use': '鄉村區乙種建築用地', 'household': '32', 'use_zoning': '住宅區', 'declare_date': '1110831', 'main_material': '鋼筋混凝土造', 'building_lands': None, 'selling_period': '自售:無', 'building_permit_no': '(111)南工造字第02287號', 'building_permit_date': None, 'first_registration_date': None}",2026-03-19 15:48:10.336040+00:00,2026-03-20 12:41:06.145999+00:00,
415,presale_csv,安定區|卓悅No7|安定29-5號旁|(111)南工造字01017號,安定區,卓悅No7,安定29-5號旁,恆曜建設有限公司負責人:簡國倫,17,住宅區,住家用,鋼筋混凝土造,1120310,自售:1110313~1150312,保安段370地號,,(111)南工造字01017號,,台南市安定區安定29-5號旁,台南市安定區安定29號,,,NONE,NONE,"{'builder': '恆曜建設有限公司負責人:簡國倫', 'main_use': '住家用', 'household': '17', 'use_zoning': '住宅區', 'declare_date': '1120310', 'main_material': '鋼筋混凝土造', 'building_lands': None, 'selling_period': '自售:1110313~1150312', 'building_permit_no': '(111)南工造字01017號', 'building_permit_date': None, 'first_registration_date': None}",2026-03-19 15:48:10.336040+00:00,2026-03-20 12:41:06.145999+00:00,
243,presale_csv,安定區|南科日和|蘇林里|,安定區,南科日和,蘇林里,傢基建設開發有限公司,32,非都市土地鄉村區乙種建築用地,住宅,鋼筋混凝土造,1110623,自售:1110701~1111201,蘇林段720地號,,,,台南市安定區蘇林里,台南市安定區蘇林里,,,NONE,NONE,"{'builder': '傢基建設開發有限公司', 'main_use': '住宅', 'household': '32', 'use_zoning': '非都市土地鄉村區乙種建築用地', 'declare_date': '1110623', 'main_material': '鋼筋混凝土造', 'building_lands': None, 'selling_period': '自售:1110701~1111201', 'building_permit_no': None, 'building_permit_date': None, 'first_registration_date': None}",2026-03-19 15:48:10.336040+00:00,2026-03-20 12:41:06.145999+00:00,
648,presale_csv,安定區|南科綻|許中營|(110)南工造字第04171-02號,安定區,南科綻,許中營,景大興建設有限公司,72,特定農業區、鄉村區,住家用,鋼筋混凝土造,1130527,自售:1130615~1150630,光榮段219地號,,(110)南工造字第04171-02號,,台南市安定區許中營,台南市安定區許中營,,,NONE,NONE,"{'builder': '景大興建設有限公司', 'main_use': '住家用', 'household': '72', 'use_zoning': '特定農業區、鄉村區', 'declare_date': '1130527', 'main_material': '鋼筋混凝土造', 'building_lands': None, 'selling_period': '自售:1130615~1150630', 'building_permit_no': '(110)南工造字第04171-02號', 'building_permit_date': None, 'first_registration_date': None}",2026-03-19 15:48:10.336040+00:00,2026-03-20 12:41:06.145999+00:00,
537,presale_csv,安定區|南科闊朗朗|蘇厝|(112)南工造字第00643-01號,安定區,南科闊朗朗,蘇厝,禾逸開發股份有限公司,72,鄉村區乙種建築用地,集合住宅,鋼筋混凝土造,1120926,自售:1120926~1130810,蘇林段85地號,,(112)南工造字第00643-01號,,台南市安定區蘇厝,台南市安定區蘇厝,,,NONE,NONE,"{'builder': '禾逸開發股份有限公司', 'main_use': '集合住宅', 'household': '72', 'use_zoning': '鄉村區乙種建築用地', 'declare_date': '1120926', 'main_material': '鋼筋混凝土造', 'building_lands': None, 'selling_period': '自售:1120926~1130810', 'building_permit_no': '(112)南工造字第00643-01號', 'building_permit_date': None, 'first_registration_date': None}",2026-03-19 15:48:10.336040+00:00,2026-03-20 12:41:06.145999+00:00,
640,presale_csv,安定區|呈豐日日35|市道178|(112)南工造字地01473號,安定區,呈豐日日35,市道178,呈豐建築開發有限公司,35,特定農業區甲種建築用地,集合住宅,鋼筋混凝土造,1130508,自售:無,六塊寮段3486地號,,(112)南工造字地01473號,,台南市安定區市道178,台南市安定區市道178,,,NONE,NONE,"{'builder': '呈豐建築開發有限公司', 'main_use': '集合住宅', 'household': '35', 'use_zoning': '特定農業區甲種建築用地', 'declare_date': '1130508', 'main_material': '鋼筋混凝土造', 'building_lands': None, 'selling_period': '自售:無', 'building_permit_no': '(112)南工造字地01473號', 'building_permit_date': None, 'first_registration_date': None}",2026-03-19 15:48:10.336040+00:00,2026-03-20 12:41:06.145999+00:00,
892,presale_csv,安定區|大京藏六期|海寮172之5號對面|(114)南工造字第01451號,安定區,大京藏六期,海寮172之5號對面,珖揚建設有限公司(負責人:陳昭興),42,鄉村區乙種建築用地,H2集合住宅,鋼筋混凝土造,1140731,自售:1140801~至銷售完畢,海安段492地號,,(114)南工造字第01451號,,台南市安定區海寮172之5號對面,台南市安定區海寮172之5號,,,NONE,NONE,"{'builder': '珖揚建設有限公司(負責人:陳昭興)', 'main_use': 'H2集合住宅', 'household': '42', 'use_zoning': '鄉村區乙種建築用地', 'declare_date': '1140731', 'main_material': '鋼筋混凝土造', 'building_lands': None, 'selling_period': '自售:1140801~至銷售完畢', 'building_permit_no': '(114)南工造字第01451號', 'building_permit_date': None, 'first_registration_date': None}",2026-03-19 15:48:10.336040+00:00,2026-03-20 12:41:06.145999+00:00,
755,presale_csv,安定區|大堂富域|港子尾48-3號旁|(113)南工造字第00362號,安定區,大堂富域,港子尾48-3號旁,大堂建設股份有限公司,70,鄉村區乙種建築用地,住家用,鋼筋混凝土造,1131025,自售:1140401~1160331,港尾段508地號,,(113)南工造字第00362號,,台南市安定區港子尾48-3號旁,台南市安定區港子尾48號,,,NONE,NONE,"{'builder': '大堂建設股份有限公司', 'main_use': '住家用', 'household': '70', 'use_zoning': '鄉村區乙種建築用地', 'declare_date': '1131025', 'main_material': '鋼筋混凝土造', 'building_lands': None, 'selling_period': '自售:1140401~1160331', 'building_permit_no': '(113)南工造字第00362號', 'building_permit_date': None, 'first_registration_date': None}",2026-03-19 15:48:10.336040+00:00,2026-03-20 12:41:06.145999+00:00,
271,presale_csv,安定區|大麗Ai.1|安定里安定|(110)南工造字第03228號,安定區,大麗Ai.1,安定里安定,大麗建設有限公司,28,住宅區,住宅,鋼筋混凝土構造,1110729,自售:無,保安段195地號,,(110)南工造字第03228號,,台南市安定區安定里安定,台南市安定區安定里安定,,,NONE,NONE,"{'builder': '大麗建設有限公司', 'main_use': '住宅', 'household': '28', 'use_zoning': '住宅區', 'declare_date': '1110729', 'main_material': '鋼筋混凝土構造', 'building_lands': None, 'selling_period': '自售:無', 'building_permit_no': '(110)南工造字第03228號', 'building_permit_date': None, 'first_registration_date': None}",2026-03-19 15:48:10.336040+00:00,2026-03-20 12:41:06.145999+00:00,
115,presale_csv,安定區|安定小時光8|中沙里中崙142-1號旁|(110)南工造字第03895號,安定區,安定小時光8,中沙里中崙142-1號旁,大瑭建設開發有限公司(負責人:林秉逸),25,一般農業區甲種建築用地,住家用,鋼筋混凝土造,1101228,自售:1110110~1110531,中沙段873地號,,(110)南工造字第03895號,,台南市安定區中沙里中崙142-1號旁,台南市安定區中沙里中崙142號,,,NONE,NONE,"{'builder': '大瑭建設開發有限公司(負責人:林秉逸)', 'main_use': '住家用', 'household': '25', 'use_zoning': '一般農業區甲種建築用地', 'declare_date': '1101228', 'main_material': '鋼筋混凝土造', 'building_lands': None, 'selling_period': '自售:1110110~1110531', 'building_permit_no': '(110)南工造字第03895號', 'building_permit_date': None, 'first_registration_date': None}",2026-03-19 15:48:10.336040+00:00,2026-03-20 12:41:06.145999+00:00,
819,presale_csv,安定區|安慶時尚II|港子尾56之25旁|(110)南工造字第00615-02號,安定區,安慶時尚II,港子尾56之25旁,安慶建築開發股份有限公司,24,鄉村區乙種建築用地,H2：集合住宅；停車空間,鋼筋混凝土造,1140213,自售:無,港尾段703地號,,(110)南工造字第00615-02號,,台南市安定區港子尾56之25旁,台南市安定區港子尾56之25旁,,,NONE,NONE,"{'builder': '安慶建築開發股份有限公司', 'main_use': 'H2：集合住宅；停車空間', 'household': '24', 'use_zoning': '鄉村區乙種建築用地', 'declare_date': '1140213', 'main_material': '鋼筋混凝土造', 'building_lands': None, 'selling_period': '自售:無', 'building_permit_no': '(110)南工造字第00615-02號', 'building_permit_date': None, 'first_registration_date': None}",2026-03-19 15:48:10.336040+00:00,2026-03-20 12:41:06.145999+00:00,
688,presale_csv,安定區|安藝墅|海寮167|(112)南工造字第03002號,安定區,安藝墅,海寮167,統盈開發建設有限公司,8,鄉村區乙種建築用地,住家用、停車空間,鋼筋混凝土造,1130712,自售:1130713~1131231,海安段359地號,,(112)南工造字第03002號,,台南市安定區海寮167,台南市安定區海寮167,,,NONE,NONE,"{'builder': '統盈開發建設有限公司', 'main_use': '住家用、停車空間', 'household': '8', 'use_zoning': '鄉村區乙種建築用地', 'declare_date': '1130712', 'main_material': '鋼筋混凝土造', 'building_lands': None, 'selling_period': '自售:1130713~1131231', 'building_permit_no': '(112)南工造字第03002號', 'building_permit_date': None, 'first_registration_date': None}",2026-03-19 15:48:10.336040+00:00,2026-03-20 12:41:06.145999+00:00,
891,presale_csv,安定區|展泓?敦旭|新吉里124-2號對面|(114)南工照字第00819號,安定區,展泓?敦旭,新吉里124-2號對面,展泓建設股份有限公司,47,鄉村區乙種建築用地,住家用,鋼筋混凝土造,1140730,自售:1140928~售完為止,新庄段646地號,,(114)南工照字第00819號,,台南市安定區新吉里124-2號對面,台南市安定區新吉里124號,,,NONE,NONE,"{'builder': '展泓建設股份有限公司', 'main_use': '住家用', 'household': '47', 'use_zoning': '鄉村區乙種建築用地', 'declare_date': '1140730', 'main_material': '鋼筋混凝土造', 'building_lands': None, 'selling_period': '自售:1140928~售完為止', 'building_permit_no': '(114)南工照字第00819號', 'building_permit_date': None, 'first_registration_date': None}",2026-03-19 15:48:10.336040+00:00,2026-03-20 12:41:06.145999+00:00,
573,presale_csv,安定區|幸福IDO|蘇厝112之28號旁|(112)南工造字第02555號,安定區,幸福IDO,蘇厝112之28號旁,萬善建設股份 限公司,24,鄉村區乙種建築用地,H2集合住宅,鋼筋混凝土造,1121212,自售:無,蘇林段404地號,,(112)南工造字第02555號,,台南市安定區蘇厝112之28號旁,台南市安定區蘇厝112之28號,,,NONE,NONE,"{'builder': '萬善建設股份 限公司', 'main_use': 'H2集合住宅', 'household': '24', 'use_zoning': '鄉村區乙種建築用地', 'declare_date': '1121212', 'main_material': '鋼筋混凝土造', 'building_lands': None, 'selling_period': '自售:無', 'building_permit_no': '(112)南工造字第02555號', 'building_permit_date': None, 'first_registration_date': None}",2026-03-19 15:48:10.336040+00:00,2026-03-20 12:41:06.145999+00:00,
706,presale_csv,安定區|日初莊園III-春曉|178市道近安吉路三段口|南工造字第02060號,安定區,日初莊園III-春曉,178市道近安吉路三段口,久云建設股份有限公司,79,特定農業區甲種建築用地,H2集合住宅、停車空間,鋼筋混凝土,1130807,自售:114年3月1日開始  委託代銷已售38戶,港口段1491-2地號,,南工造字第02060號,,台南市安定區178市道近安吉路三段口,台南市安定區178市道近安吉路3段口,,,NONE,NONE,"{'builder': '久云建設股份有限公司', 'main_use': 'H2集合住宅、停車空間', 'household': '79', 'use_zoning': '特定農業區甲種建築用地', 'declare_date': '1130807', 'main_material': '鋼筋混凝土', 'building_lands': None, 'selling_period': '自售:114年3月1日開始  委託代銷已售38戶', 'building_permit_no': '南工造字第02060號', 'building_permit_date': None, 'first_registration_date': None}",2026-03-19 15:48:10.336040+00:00,2026-03-20 12:41:06.145999+00:00,
395,presale_csv,安定區|日初莊園-晨曦|178市道近安吉路三段口|南工造字第00447號,安定區,日初莊園-晨曦,178市道近安吉路三段口,全易建設有限公司,75,特定農業區甲種建築用地,H2集合住宅、停車空間,鋼筋混凝土,1120209,自售:無,港口段1491-6地號,,南工造字第00447號,,台南市安定區178市道近安吉路三段口,台南市安定區178市道近安吉路3段口,,,NONE,NONE,"{'builder': '全易建設有限公司', 'main_use': 'H2集合住宅、停車空間', 'household': '75', 'use_zoning': '特定農業區甲種建築用地', 'declare_date': '1120209', 'main_material': '鋼筋混凝土', 'building_lands': None, 'selling_period': '自售:無', 'building_permit_no': '南工造字第00447號', 'building_permit_date': None, 'first_registration_date': None}",2026-03-19 15:48:10.336040+00:00,2026-03-20 12:41:06.145999+00:00,
182,presale_csv,安定區|日初莊園-朝露|178縣道與安吉路三段交叉口|(110)南工造字第04578,安定區,日初莊園-朝露,178縣道與安吉路三段交叉口,合恆建設有限公司 全易建設有限公司,145,特定農業區甲種建築用地  特定農業區甲種建築用地,H2集合住宅、停車空間,鋼筋混凝土,1110330,自售:無,港口段1491地號,,(110)南工造字第04578,,台南市安定區178縣道與安吉路三段交叉口,台南市安定區178縣道與安吉路3段交叉口,,,NONE,NONE,"{'builder': '合恆建設有限公司 全易建設有限公司', 'main_use': 'H2集合住宅、停車空間', 'household': '145', 'use_zoning': '特定農業區甲種建築用地  特定農業區甲種建築用地', 'declare_date': '1110330', 'main_material': '鋼筋混凝土', 'building_lands': None, 'selling_period': '自售:無', 'building_permit_no': '(110)南工造字第04578', 'building_permit_date': None, 'first_registration_date': None}",2026-03-19 15:48:10.336040+00:00,2026-03-20 12:41:06.145999+00:00,
339,presale_csv,安定區|明日計畫|安定里安定30之8號1樓|(111)南工造字第02238-01號,安定區,明日計畫,安定里安定30之8號1樓,翊福開發實業有限公司 代表人:陳憲志,45,住宅區,住商用,鋼筋混凝土造,1111111,自售:1111112~1131231,蘇安段898地號,,(111)南工造字第02238-01號,,台南市安定區安定里安定30之8號1樓,台南市安定區安定里安定30之8號,,,NONE,NONE,"{'builder': '翊福開發實業有限公司 代表人:陳憲志', 'main_use': '住商用', 'household': '45', 'use_zoning': '住宅區', 'declare_date': '1111111', 'main_material': '鋼筋混凝土造', 'building_lands': None, 'selling_period': '自售:1111112~1131231', 'building_permit_no': '(111)南工造字第02238-01號', 'building_permit_date': None, 'first_registration_date': None}",2026-03-19 15:48:10.336040+00:00,2026-03-20 12:41:06.145999+00:00,
548,presale_csv,安定區|皇寶NO.7|六塊寮3706地號|(112)南工造字第00947號,安定區,皇寶NO.7,六塊寮3706地號,皇寶建設有限公司,30,鄉村區乙種建築用地,H2集合住家,鋼筋混凝土造,1121018,自售:無,六塊寮段3706地號,,(112)南工造字第00947號,,台南市安定區六塊寮3706地號,台南市安定區六塊寮3706地號,,,NONE,NONE,"{'builder': '皇寶建設有限公司', 'main_use': 'H2集合住家', 'household': '30', 'use_zoning': '鄉村區乙種建築用地', 'declare_date': '1121018', 'main_material': '鋼筋混凝土造', 'building_lands': None, 'selling_period': '自售:無', 'building_permit_no': '(112)南工造字第00947號', 'building_permit_date': None, 'first_registration_date': None}",2026-03-19 15:48:10.336040+00:00,2026-03-20 12:41:06.145999+00:00,
497,presale_csv,安定區|禾苑|安定16號|(112)南工造字第00989,安定區,禾苑,安定16號,保虹建設股份有限公司,4,使用分區鄉村區乙種建築用地,住宅,鋼筋混凝土造,1120711,自售:自112年9月01開始銷售至完銷,蘇安段788地號,,(112)南工造字第00989,,台南市安定區安定16號,台南市安定區安定16號,,,NONE,NONE,"{'builder': '保虹建設股份有限公司', 'main_use': '住宅', 'household': '4', 'use_zoning': '使用分區鄉村區乙種建築用地', 'declare_date': '1120711', 'main_material': '鋼筋混凝土造', 'building_lands': None, 'selling_period': '自售:自112年9月01開始銷售至完銷', 'building_permit_no': '(112)南工造字第00989', 'building_permit_date': None, 'first_registration_date': None}",2026-03-19 15:48:10.336040+00:00,2026-03-20 12:41:06.145999+00:00,
679,presale_csv,安定區|管弦苑|管寮5-5號及管寮5-6號|(112)南工造字第000443-01號,安定區,管弦苑,管寮5-5號及管寮5-6號,德和開發建設有限公司,56,鄉村區乙種建築用地,住家用、停車空間,鋼筋混凝土造,1130627,自售:1130627~.,管寮段556地號,,(112)南工造字第000443-01號,,台南市安定區管寮5-5號及管寮5-6號,台南市安定區管寮5號,,,NONE,NONE,"{'builder': '德和開發建設有限公司', 'main_use': '住家用、停車空間', 'household': '56', 'use_zoning': '鄉村區乙種建築用地', 'declare_date': '1130627', 'main_material': '鋼筋混凝土造', 'building_lands': None, 'selling_period': '自售:1130627~.\x8c', 'building_permit_no': '(112)南工造字第000443-01號', 'building_permit_date': None, 'first_registration_date': None}",2026-03-19 15:48:10.336040+00:00,2026-03-20 12:41:06.145999+00:00,
350,presale_csv,安定區|築東京|港口251-5號後方|(111)南工造字第03693-01號,安定區,築東京,港口251-5號後方,展達建設有限公司    負責人:陳守仁,24,鄉村區乙種建築用地,集合住宅,鋼筋混凝土造,1111123,自售:無,港口段3027-3地號,,(111)南工造字第03693-01號,,台南市安定區港口251-5號後方,台南市安定區港口251號,,,NONE,NONE,"{'builder': '展達建設有限公司    負責人:陳守仁', 'main_use': '集合住宅', 'household': '24', 'use_zoning': '鄉村區乙種建築用地', 'declare_date': '1111123', 'main_material': '鋼筋混凝土造', 'building_lands': None, 'selling_period': '自售:無', 'building_permit_no': '(111)南工造字第03693-01號', 'building_permit_date': None, 'first_registration_date': None}",2026-03-19 15:48:10.336040+00:00,2026-03-20 12:41:06.145999+00:00,
473,presale_csv,安定區|美麗公主|海寮130-1號對面|(112)南工造字第01075號,安定區,美麗公主,海寮130-1號對面,宇新建設有限公司,52,鄉村區乙種建築用地,H2集合住宅,鋼筋混凝土造,1120608,自售:1120612~1150612,海安段764地號,,(112)南工造字第01075號,,台南市安定區海寮130-1號對面,台南市安定區海寮130號,,,NONE,NONE,"{'builder': '宇新建設有限公司', 'main_use': 'H2集合住宅', 'household': '52', 'use_zoning': '鄉村區乙種建築用地', 'declare_date': '1120608', 'main_material': '鋼筋混凝土造', 'building_lands': None, 'selling_period': '自售:1120612~1150612', 'building_permit_no': '(112)南工造字第01075號', 'building_permit_date': None, 'first_registration_date': None}",2026-03-19 15:48:10.336040+00:00,2026-03-20 12:41:06.145999+00:00,
346,presale_csv,安定區|芳扉扉|蘇厝|(111)南工造字第03523號,安定區,芳扉扉,蘇厝,禾逸開發股份有限公司,53,鄉村區乙種建築用地,集合住宅,鋼筋混凝土造,1111121,自售:無,蘇林段67地號,,(111)南工造字第03523號,,台南市安定區蘇厝,台南市安定區蘇厝,,,NONE,NONE,"{'builder': '禾逸開發股份有限公司', 'main_use': '集合住宅', 'household': '53', 'use_zoning': '鄉村區乙種建築用地', 'declare_date': '1111121', 'main_material': '鋼筋混凝土造', 'building_lands': None, 'selling_period': '自售:無', 'building_permit_no': '(111)南工造字第03523號', 'building_permit_date': None, 'first_registration_date': None}",2026-03-19 15:48:10.336040+00:00,2026-03-20 12:41:06.145999+00:00,
561,presale_csv,安定區|萊茵河第三期|管寮102之1號旁|(112)南工造字第01036-01,安定區,萊茵河第三期,管寮102之1號旁,東南吉建設股份有限公司,19,鄉村區乙種建築用地,集合住宅,鋼筋混凝土造,1121114,自售:無,管寮段350地號,,(112)南工造字第01036-01,,台南市安定區管寮102之1號旁,台南市安定區管寮102之1號,,,NONE,NONE,"{'builder': '東南吉建設股份有限公司', 'main_use': '集合住宅', 'household': '19', 'use_zoning': '鄉村區乙種建築用地', 'declare_date': '1121114', 'main_material': '鋼筋混凝土造', 'building_lands': None, 'selling_period': '自售:無', 'building_permit_no': '(112)南工造字第01036-01', 'building_permit_date': None, 'first_registration_date': None}",2026-03-19 15:48:10.336040+00:00,2026-03-20 12:41:06.145999+00:00,
701,presale_csv,安定區|起家厝Ⅱ|海寮|(112)南工造字第00519-01號,安定區,起家厝Ⅱ,海寮,庭穩開發建設有限公司 負責人：林敬庭,16,鄉村區乙種建築用地,H2集合住宅,鋼筋混凝土造,1130801,自售:1130801~1140228,海安段190地號,,(112)南工造字第00519-01號,,台南市安定區海寮,台南市安定區海寮,,,NONE,NONE,"{'builder': '庭穩開發建設有限公司 負責人：林敬庭', 'main_use': 'H2集合住宅', 'household': '16', 'use_zoning': '鄉村區乙種建築用地', 'declare_date': '1130801', 'main_material': '鋼筋混凝土造', 'building_lands': None, 'selling_period': '自售:1130801~1140228', 'building_permit_no': '(112)南工造字第00519-01號', 'building_permit_date': None, 'first_registration_date': None}",2026-03-19 15:48:10.336040+00:00,2026-03-20 12:41:06.145999+00:00,
666,presale_csv,安定區|逸墅家11|海寮里海寮108之1號對面|(113)南工造字第01256號,安定區,逸墅家11,海寮里海寮108之1號對面,忠財建設有限公司,8,鄉村區乙種建築用地,住家用,鋼筋混凝土造,1130613,自售:1130613~·,海安段963地號,,(113)南工造字第01256號,,台南市安定區海寮里海寮108之1號對面,台南市安定區海寮里海寮108之1號,,,NONE,NONE,"{'builder': '忠財建設有限公司', 'main_use': '住家用', 'household': '8', 'use_zoning': '鄉村區乙種建築用地', 'declare_date': '1130613', 'main_material': '鋼筋混凝土造', 'building_lands': None, 'selling_period': '自售:1130613~\x8c·', 'building_permit_no': '(113)南工造字第01256號', 'building_permit_date': None, 'first_registration_date': None}",2026-03-19 15:48:10.336040+00:00,2026-03-20 12:41:06.145999+00:00,
552,presale_csv,安定區|邰欣地堡98期|3016-0003地號|(111)南工造字第04076-01號,安定區,邰欣地堡98期,3016-0003地號,邰晟開發建設有限公司,5,鄉村區乙種建築用地,H2 集合住宅,鋼筋混凝土造,1121024,自售:無,港口段3016-3地號,,(111)南工造字第04076-01號,,台南市安定區3016-0003地號,台南市安定區3016-0003地號,,,NONE,NONE,"{'builder': '邰晟開發建設有限公司', 'main_use': 'H2 集合住宅', 'household': '5', 'use_zoning': '鄉村區乙種建築用地', 'declare_date': '1121024', 'main_material': '鋼筋混凝土造', 'building_lands': None, 'selling_period': '自售:無', 'building_permit_no': '(111)南工造字第04076-01號', 'building_permit_date': None, 'first_registration_date': None}",2026-03-19 15:48:10.336040+00:00,2026-03-20 12:41:06.145999+00:00,
269,presale_csv,安定區|金色風采12|中榮段許中營25之3斜對面|(111)南工造字第00168號,安定區,金色風采12,中榮段許中營25之3斜對面,騰林建設股份有限公司(負責人:張福瑞),12,鄉村區乙種建築用地,住家用 集合住宅,鋼筋混凝土構造,1110729,自售:1110901~1120901,中榮段296地號,,(111)南工造字第00168號,,台南市安定區中榮段許中營25之3斜對面,台南市安定區中榮段許中營25之3斜對面,,,NONE,NONE,"{'builder': '騰林建設股份有限公司(負責人:張福瑞)', 'main_use': '住家用 集合住宅', 'household': '12', 'use_zoning': '鄉村區乙種建築用地', 'declare_date': '1110729', 'main_material': '鋼筋混凝土構造', 'building_lands': None, 'selling_period': '自售:1110901~1120901', 'building_permit_no': '(111)南工造字第00168號', 'building_permit_date': None, 'first_registration_date': None}",2026-03-19 15:48:10.336040+00:00,2026-03-20 12:41:06.145999+00:00,
484,presale_csv,安定區|金艷富邸11|文科里|(112)南工造字第00522號,安定區,金艷富邸11,文科里,嬿銡建設有限公司 代表人鄭嬿雯,3,鄉村區乙種建築用地,H2住宅,鋼筋混凝土造,1120619,自售:1120801~1130801,管寮段378-26地號,,(112)南工造字第00522號,,台南市安定區文科里,台南市安定區文科里,,,NONE,NONE,"{'builder': '嬿銡建設有限公司 代表人鄭嬿雯', 'main_use': 'H2住宅', 'household': '3', 'use_zoning': '鄉村區乙種建築用地', 'declare_date': '1120619', 'main_material': '鋼筋混凝土造', 'building_lands': None, 'selling_period': '自售:1120801~1130801', 'building_permit_no': '(112)南工造字第00522號', 'building_permit_date': None, 'first_registration_date': None}",2026-03-19 15:48:10.336040+00:00,2026-03-20 12:41:06.145999+00:00,
183,presale_csv,安定區|陶喜LIHO5|3212地號|(110)南工造字第02944號,安定區,陶喜LIHO5,3212地號,陶喜開發建設有限公司,138,鄉村區乙種建築用地,集合住宅,鋼筋混凝土造,1110330,自售:1110601-銷售完畢,港口段3212地號,,(110)南工造字第02944號,,台南市安定區3212地號,台南市安定區3212地號,,,NONE,NONE,"{'builder': '陶喜開發建設有限公司', 'main_use': '集合住宅', 'household': '138', 'use_zoning': '鄉村區乙種建築用地', 'declare_date': '1110330', 'main_material': '鋼筋混凝土造', 'building_lands': None, 'selling_period': '自售:1110601-銷售完畢', 'building_permit_no': '(110)南工造字第02944號', 'building_permit_date': None, 'first_registration_date': None}",2026-03-19 15:48:10.336040+00:00,2026-03-20 12:41:06.145999+00:00,
368,presale_csv,安平區|潤隆鉑?|文平里21鄰健康路3段56號|(111)南工造字第03923號,安平區,潤隆鉑?,文平里21鄰健康路3段56號,潤隆建設股份有限公司,423,住宅區 (住五),店鋪 集合住宅,鋼筋混凝土造,1111223,自售:1130531~·b,新南段93-8地號,,(111)南工造字第03923號,,台南市安平區文平里21鄰健康路3段56號,台南市安平區文平里21鄰健康路3段56號,,,NONE,NONE,"{'builder': '潤隆建設股份有限公司', 'main_use': '店鋪 集合住宅', 'household': '423', 'use_zoning': '住宅區 (住五)', 'declare_date': '1111223', 'main_material': '鋼筋混凝土造', 'building_lands': None, 'selling_period': '自售:1130531~\x8c·b', 'building_permit_no': '(111)南工造字第03923號', 'building_permit_date': None, 'first_registration_date': None}",2026-03-19 15:48:10.336040+00:00,2026-03-20 12:41:06.145999+00:00,
592,presale_csv,安平區|虹韻|怡平路140巷27弄與140巷交叉口|(112)南工造字第02335號,安平區,虹韻,怡平路140巷27弄與140巷交叉口,金日升建設股份有限公司  負責人:胡升瑞,43,住宅區,住家用,鋼筋混凝土造,1130130,自售:1130301~1130901,新南段55-4地號,,(112)南工造字第02335號,,台南市安平區怡平路140巷27弄與140巷交叉口,台南市安平區怡平路140巷27弄與140巷交叉口,,,NONE,NONE,"{'builder': '金日升建設股份有限公司  負責人:胡升瑞', 'main_use': '住家用', 'household': '43', 'use_zoning': '住宅區', 'declare_date': '1130130', 'main_material': '鋼筋混凝土造', 'building_lands': None, 'selling_period': '自售:1130301~1130901', 'building_permit_no': '(112)南工造字第02335號', 'building_permit_date': None, 'first_registration_date': None}",2026-03-19 15:48:10.336040+00:00,2026-03-20 12:41:06.145999+00:00,
467,presale_csv,官田區|三鼎新創園區|南廍段0217-0029地號|(112)南工造字第1236-1295號,官田區,三鼎新創園區,南廍段0217-0029地號,和明紡織股份有限公司,60,特定農業區丁種建築用地,工業用,鋼骨混凝土造,1120602,自售:無,南廍段0217-0029地號,,(112)南工造字第1236-1295號,,台南市官田區南廍段0217-0029地號,台南市官田區南廍段0217-0029地號,,,NONE,NONE,"{'builder': '和明紡織股份有限公司', 'main_use': '工業用', 'household': '60', 'use_zoning': '特定農業區丁種建築用地', 'declare_date': '1120602', 'main_material': '鋼骨混凝土造', 'building_lands': None, 'selling_period': '自售:無', 'building_permit_no': '(112)南工造字第1236-1295號', 'building_permit_date': None, 'first_registration_date': None}",2026-03-19 15:48:10.336040+00:00,2026-03-20 12:41:06.145999+00:00,
111,presale_csv,官田區|官田奇蹟二期|八田路旁|(110)南工造字第01781號,官田區,官田奇蹟二期,八田路旁,柳屋建設開發股份有限公司,18,住宅區,住家用,鋼筋混凝土造,1101223,自售:1110101~1121231,新官田段1748地號,,(110)南工造字第01781號,,台南市官田區八田路旁,台南市官田區八田路旁,,,NONE,NONE,"{'builder': '柳屋建設開發股份有限公司', 'main_use': '住家用', 'household': '18', 'use_zoning': '住宅區', 'declare_date': '1101223', 'main_material': '鋼筋混凝土造', 'building_lands': None, 'selling_period': '自售:1110101~1121231', 'building_permit_no': '(110)南工造字第01781號', 'building_permit_date': None, 'first_registration_date': None}",2026-03-19 15:48:10.336040+00:00,2026-03-20 12:41:06.145999+00:00,
156,presale_csv,官田區|官田樂透3|官田里官田二鄰|(110)南工造字第04070號,官田區,官田樂透3,官田里官田二鄰,潘冠伶,18,住宅區,住家用,鋼筋混凝土造,1110222,自售:無,神農段260地號,,(110)南工造字第04070號,,台南市官田區官田里官田二鄰,台南市官田區官田里官田二鄰,,,NONE,NONE,"{'builder': '潘冠伶', 'main_use': '住家用', 'household': '18', 'use_zoning': '住宅區', 'declare_date': '1110222', 'main_material': '鋼筋混凝土造', 'building_lands': None, 'selling_period': '自售:無', 'building_permit_no': '(110)南工造字第04070號', 'building_permit_date': None, 'first_registration_date': None}",2026-03-19 15:48:10.336040+00:00,2026-03-20 12:41:06.145999+00:00,
818,presale_csv,官田區|官邸|南廍里120號旁|(113)南工造字第03367號,官田區,官邸,南廍里120號旁,翰明建設有限公司,14,特定農業區,住宅,鋼筋混凝土造,1140212,自售:無,南部里108-26地號,,(113)南工造字第03367號,,台南市官田區南廍里120號旁,台南市官田區南廍里120號,,,NONE,NONE,"{'builder': '翰明建設有限公司', 'main_use': '住宅', 'household': '14', 'use_zoning': '特定農業區', 'declare_date': '1140212', 'main_material': '鋼筋混凝土造', 'building_lands': None, 'selling_period': '自售:無', 'building_permit_no': '(113)南工造字第03367號', 'building_permit_date': None, 'first_registration_date': None}",2026-03-19 15:48:10.336040+00:00,2026-03-20 12:41:06.145999+00:00,
274,presale_csv,官田區|翰明 帝璽|官田區南廍120號旁|(110)南工造字第02794-01號,官田區,翰明 帝璽,官田區南廍120號旁,翰明建設有限公司,82,特定農業區甲種建築用地,H2集合住宅、停車空間,鋼筋混凝土構造,1110803,自售:1110804~自完售止,官田區南廍120號旁,,(110)南工造字第02794-01號,,台南市官田區官田區南廍120號旁,台南市官田區官田區南廍120號,,,NONE,NONE,"{'builder': '翰明建設有限公司', 'main_use': 'H2集合住宅、停車空間', 'household': '82', 'use_zoning': '特定農業區甲種建築用地', 'declare_date': '1110803', 'main_material': '鋼筋混凝土構造', 'building_lands': None, 'selling_period': '自售:1110804~自完售止', 'building_permit_no': '(110)南工造字第02794-01號', 'building_permit_date': None, 'first_registration_date': None}",2026-03-19 15:48:10.336040+00:00,2026-03-20 12:41:06.145999+00:00,
936,presale_csv,將軍區|家薪10|仁和里仁巷23號對面|(114)南工造字第01862號,將軍區,家薪10,仁和里仁巷23號對面,鈗萬建設有限公司 代表人：吳明學,14,鄉村區乙種建築用地,住家用,鋼筋混凝土造,1141204,自售:1141204~.&#140,巷口段一小段796地號,,(114)南工造字第01862號,,台南市將軍區仁和里仁巷23號對面,台南市將軍區仁和里仁巷23號,,,NONE,NONE,"{'builder': '鈗萬建設有限公司 代表人：吳明學', 'main_use': '住家用', 'household': '14', 'use_zoning': '鄉村區乙種建築用地', 'declare_date': '1141204', 'main_material': '鋼筋混凝土造', 'building_lands': None, 'selling_period': '自售:1141204~.&#140', 'building_permit_no': '(114)南工造字第01862號', 'building_permit_date': None, 'first_registration_date': None}",2026-03-19 15:48:10.336040+00:00,2026-03-20 12:41:06.145999+00:00,
917,presale_csv,將軍區|愛上將軍|昌平|(114)南工造字第00563號,將軍區,愛上將軍,昌平,新聯記建設有限公司,4,住宅區,住家用,鋼筋混凝土造,1141017,自售:無,忠昌段997-2地號,,(114)南工造字第00563號,,台南市將軍區昌平,台南市將軍區昌平,,,NONE,NONE,"{'builder': '新聯記建設有限公司', 'main_use': '住家用', 'household': '4', 'use_zoning': '住宅區', 'declare_date': '1141017', 'main_material': '鋼筋混凝土造', 'building_lands': None, 'selling_period': '自售:無', 'building_permit_no': '(114)南工造字第00563號', 'building_permit_date': None, 'first_registration_date': None}",2026-03-19 15:48:10.336040+00:00,2026-03-20 12:41:06.145999+00:00,
204,presale_csv,將軍區|禎藏5|忠嘉里|(110)南工造字第04586號,將軍區,禎藏5,忠嘉里,永禎建設有限公司(代表人:李義皇),15,住宅區,住家用,鋼筋混凝土造,1110505,自售:1110518~.,忠昌段495地號,,(110)南工造字第04586號,,台南市將軍區忠嘉里,台南市將軍區忠嘉里,,,NONE,NONE,"{'builder': '永禎建設有限公司(代表人:李義皇)', 'main_use': '住家用', 'household': '15', 'use_zoning': '住宅區', 'declare_date': '1110505', 'main_material': '鋼筋混凝土造', 'building_lands': None, 'selling_period': '自售:1110518~.\x8c', 'building_permit_no': '(110)南工造字第04586號', 'building_permit_date': None, 'first_registration_date': None}",2026-03-19 15:48:10.336040+00:00,2026-03-20 12:41:06.145999+00:00,
562,presale_csv,將軍區|臺邦秘境|西華|(112)南工造字第01615號,將軍區,臺邦秘境,西華,臺邦首府建設股份有限公司,56,住宅區,住家用、住商用,鋼筋混凝土造,1121115,自售:無,西華段660地號,,(112)南工造字第01615號,,台南市將軍區西華,台南市將軍區西華,,,NONE,NONE,"{'builder': '臺邦首府建設股份有限公司', 'main_use': '住家用、住商用', 'household': '56', 'use_zoning': '住宅區', 'declare_date': '1121115', 'main_material': '鋼筋混凝土造', 'building_lands': None, 'selling_period': '自售:無', 'building_permit_no': '(112)南工造字第01615號', 'building_permit_date': None, 'first_registration_date': None}",2026-03-19 15:48:10.336040+00:00,2026-03-20 12:41:06.145999+00:00,
508,presale_csv,將軍區|西湖十六|長榮里185-2號旁|(112)南工造字第01449號,將軍區,西湖十六,長榮里185-2號旁,鈗成建設有限公司 吳明學,16,住宅區,住家用,鋼筋混凝土造,1120809,自售:1120809~1141201,西湖段370地號,,(112)南工造字第01449號,,台南市將軍區長榮里185-2號旁,台南市將軍區長榮里185號,,,NONE,NONE,"{'builder': '鈗成建設有限公司 吳明學', 'main_use': '住家用', 'household': '16', 'use_zoning': '住宅區', 'declare_date': '1120809', 'main_material': '鋼筋混凝土造', 'building_lands': None, 'selling_period': '自售:1120809~1141201', 'building_permit_no': '(112)南工造字第01449號', 'building_permit_date': None, 'first_registration_date': None}",2026-03-19 15:48:10.336040+00:00,2026-03-20 12:41:06.145999+00:00,
544,presale_csv,將軍區|遇見．方圓|昌平|,將軍區,遇見．方圓,昌平,?廷建設有限公司,8,住宅區,住家用,鋼筋混凝土造、鋼骨造有牆,1121013,自售:1121013~.&#140,忠昌段842地號,,,,台南市將軍區昌平,台南市將軍區昌平,,,NONE,NONE,"{'builder': '?廷建設有限公司', 'main_use': '住家用', 'household': '8', 'use_zoning': '住宅區', 'declare_date': '1121013', 'main_material': '鋼筋混凝土造、鋼骨造有牆', 'building_lands': None, 'selling_period': '自售:1121013~.&#140', 'building_permit_no': None, 'building_permit_date': None, 'first_registration_date': None}",2026-03-19 15:48:10.336040+00:00,2026-03-20 12:41:06.145999+00:00,
582,presale_csv,山上區|RVilla|南洲345-4旁|(112)南工造字第02801號,山上區,RVilla,南洲345-4旁,利達開發建設有限公司,7,住宅區,住家用,鋼筋混凝土造,1121229,自售:1130101~1141231,樹王段106地號,,(112)南工造字第02801號,,台南市山上區南洲345-4旁,台南市山上區南洲345-4旁,,,NONE,NONE,"{'builder': '利達開發建設有限公司', 'main_use': '住家用', 'household': '7', 'use_zoning': '住宅區', 'declare_date': '1121229', 'main_material': '鋼筋混凝土造', 'building_lands': None, 'selling_period': '自售:1130101~1141231', 'building_permit_no': '(112)南工造字第02801號', 'building_permit_date': None, 'first_registration_date': None}",2026-03-19 15:48:10.336040+00:00,2026-03-20 12:41:06.145999+00:00,
98,presale_csv,山上區|山上好好|明和里200號|(110)南工造字第03172-01,山上區,山上好好,明和里200號,裕豪開發建設有限公司,8,商業區(商2),住家用,鋼筋混凝土造,1101125,自售:1101125~1111125,媽祖段279地號,,(110)南工造字第03172-01,,台南市山上區明和里200號,台南市山上區明和里200號,,,NONE,NONE,"{'builder': '裕豪開發建設有限公司', 'main_use': '住家用', 'household': '8', 'use_zoning': '商業區(商2)', 'declare_date': '1101125', 'main_material': '鋼筋混凝土造', 'building_lands': None, 'selling_period': '自售:1101125~1111125', 'building_permit_no': '(110)南工造字第03172-01', 'building_permit_date': None, 'first_registration_date': None}",2026-03-19 15:48:10.336040+00:00,2026-03-20 12:41:06.145999+00:00,
662,presale_csv,山上區|欣欣名邸|南洲8之5號旁|(112)南工造字第01332號,山上區,欣欣名邸,南洲8之5號旁,金鴻運建設有限公司 負責人：高天得,22,住宅區,住家用,鋼筋混凝土造,1130607,自售:1130701~1140701,樹王段975地號,,(112)南工造字第01332號,,台南市山上區南洲8之5號旁,台南市山上區南洲8之5號,,,NONE,NONE,"{'builder': '金鴻運建設有限公司 負責人：高天得', 'main_use': '住家用', 'household': '22', 'use_zoning': '住宅區', 'declare_date': '1130607', 'main_material': '鋼筋混凝土造', 'building_lands': None, 'selling_period': '自售:1130701~1140701', 'building_permit_no': '(112)南工造字第01332號', 'building_permit_date': None, 'first_registration_date': None}",2026-03-19 15:48:10.336040+00:00,2026-03-20 12:41:06.145999+00:00,
275,presale_csv,後壁區|?拾光|後壁188-1號旁基地|,後壁區,?拾光,後壁188-1號旁基地,伍邑建設開發有限公司,9,住宅區,住家用,鋼筋混凝土造,1110805,自售:1110815~1121231,頭前段715地號,,,,台南市後壁區後壁188-1號旁基地,台南市後壁區後壁188號,,,NONE,NONE,"{'builder': '伍邑建設開發有限公司', 'main_use': '住家用', 'household': '9', 'use_zoning': '住宅區', 'declare_date': '1110805', 'main_material': '鋼筋混凝土造', 'building_lands': None, 'selling_period': '自售:1110815~1121231', 'building_permit_no': None, 'building_permit_date': None, 'first_registration_date': None}",2026-03-19 15:48:10.336040+00:00,2026-03-20 12:41:06.145999+00:00,
907,presale_csv,後壁區|?。拾光2期|長短樹里藥店口3號對面|南工造字第03379號,後壁區,?。拾光2期,長短樹里藥店口3號對面,伍邑建設開發有限公司,7,鄉村區乙種建築用地,住家用,鋼筋混凝土造,1140911,自售:1140916~1151231,頂平段496地號,,南工造字第03379號,,台南市後壁區長短樹里藥店口3號對面,台南市後壁區長短樹里藥店口3號,,,NONE,NONE,"{'builder': '伍邑建設開發有限公司', 'main_use': '住家用', 'household': '7', 'use_zoning': '鄉村區乙種建築用地', 'declare_date': '1140911', 'main_material': '鋼筋混凝土造', 'building_lands': None, 'selling_period': '自售:1140916~1151231', 'building_permit_no': '南工造字第03379號', 'building_permit_date': None, 'first_registration_date': None}",2026-03-19 15:48:10.336040+00:00,2026-03-20 12:41:06.145999+00:00,
787,presale_csv,後壁區|梠鑫天地N0.2|竹圍後|(113)南工造字第02361-01號,後壁區,梠鑫天地N0.2,竹圍後,樺榮興開發有限公司、華城開發建設有限公司,17,非都市土地使用編定為鄉村區乙種建築用地,住家用,鋼筋混凝土造,1131217,自售:1131113~1151231,竹新段890地號,,(113)南工造字第02361-01號,,台南市後壁區竹圍後,台南市後壁區竹圍後,,,NONE,NONE,"{'builder': '樺榮興開發有限公司、華城開發建設有限公司', 'main_use': '住家用', 'household': '17', 'use_zoning': '非都市土地使用編定為鄉村區乙種建築用地', 'declare_date': '1131217', 'main_material': '鋼筋混凝土造', 'building_lands': None, 'selling_period': '自售:1131113~1151231', 'building_permit_no': '(113)南工造字第02361-01號', 'building_permit_date': None, 'first_registration_date': None}",2026-03-19 15:48:10.336040+00:00,2026-03-20 12:41:06.145999+00:00,
712,presale_csv,後壁區|樂活居|信義路一段147號之61 對面|(113)南工造字第01979號,後壁區,樂活居,信義路一段147號之61 對面,長岡建設有限公司 法定代表人:游一郎,16,住宅區,H2住宅,鋼筋混凝土造,1130814,自售:113/08/14~售完為止,頭前段153-17地號,,(113)南工造字第01979號,,台南市後壁區信義路一段147號之61 對面,台南市後壁區信義路1段147號,,,NONE,NONE,"{'builder': '長岡建設有限公司 法定代表人:游一郎', 'main_use': 'H2住宅', 'household': '16', 'use_zoning': '住宅區', 'declare_date': '1130814', 'main_material': '鋼筋混凝土造', 'building_lands': None, 'selling_period': '自售:113/08/14~售完為止', 'building_permit_no': '(113)南工造字第01979號', 'building_permit_date': None, 'first_registration_date': None}",2026-03-19 15:48:10.336040+00:00,2026-03-20 12:41:06.145999+00:00,
842,presale_csv,後壁區|碧荷園1期|後壁里199-66號|(113)南工造字02522號,後壁區,碧荷園1期,後壁里199-66號,坤利建設股份有限公司,6,住宅區,住家用,鋼筋混凝土造,1140319,自售:1140401~1151231,侯伯段1335地號,,(113)南工造字02522號,,台南市後壁區後壁里199-66號,台南市後壁區後壁里199號,,,NONE,NONE,"{'builder': '坤利建設股份有限公司', 'main_use': '住家用', 'household': '6', 'use_zoning': '住宅區', 'declare_date': '1140319', 'main_material': '鋼筋混凝土造', 'building_lands': None, 'selling_period': '自售:1140401~1151231', 'building_permit_no': '(113)南工造字02522號', 'building_permit_date': None, 'first_registration_date': None}",2026-03-19 15:48:10.336040+00:00,2026-03-20 12:41:06.145999+00:00,
786,presale_csv,後壁區|福砌禾生活|南84鄉道|(113)南工造字第02354號,後壁區,福砌禾生活,南84鄉道,鴻滿堂建設有限公司,19,鄉村區乙種建築用地,住家用,鋼筋混凝土造,1131215,自售:1131217~1141231,四安段1175地號,,(113)南工造字第02354號,,台南市後壁區南84鄉道,台南市後壁區南84鄉道,,,NONE,NONE,"{'builder': '鴻滿堂建設有限公司', 'main_use': '住家用', 'household': '19', 'use_zoning': '鄉村區乙種建築用地', 'declare_date': '1131215', 'main_material': '鋼筋混凝土造', 'building_lands': None, 'selling_period': '自售:1131217~1141231', 'building_permit_no': '(113)南工造字第02354號', 'building_permit_date': None, 'first_registration_date': None}",2026-03-19 15:48:10.336040+00:00,2026-03-20 12:41:06.145999+00:00,
362,presale_csv,新化區|天闊|崙子頂117號對面|(111)南工造字第03382號,新化區,天闊,崙子頂117號對面,元闊建設有限公司,164,鄉村區乙種建築用地,集合住宅、停車空間,鋼筋混凝土造,1111213,自售:無,崙子頂段884地號,,(111)南工造字第03382號,,台南市新化區崙子頂117號對面,台南市新化區崙子頂117號,,,NONE,NONE,"{'builder': '元闊建設有限公司', 'main_use': '集合住宅、停車空間', 'household': '164', 'use_zoning': '鄉村區乙種建築用地', 'declare_date': '1111213', 'main_material': '鋼筋混凝土造', 'building_lands': None, 'selling_period': '自售:無', 'building_permit_no': '(111)南工造字第03382號', 'building_permit_date': None, 'first_registration_date': None}",2026-03-19 15:48:10.336040+00:00,2026-03-20 12:41:06.145999+00:00,
606,presale_csv,新化區|居易白|山腳里頂山腳110之2號隔壁|(112)南工造字第01441號,新化區,居易白,山腳里頂山腳110之2號隔壁,金締開發建設有限公司,7,鄉村區,住家用,鋼筋混凝土造,1130223,自售:1130410~1150630,頂山腳段524地號,,(112)南工造字第01441號,,台南市新化區山腳里頂山腳110之2號隔壁,台南市新化區山腳里頂山腳110之2號,,,NONE,NONE,"{'builder': '金締開發建設有限公司', 'main_use': '住家用', 'household': '7', 'use_zoning': '鄉村區', 'declare_date': '1130223', 'main_material': '鋼筋混凝土造', 'building_lands': None, 'selling_period': '自售:1130410~1150630', 'building_permit_no': '(112)南工造字第01441號', 'building_permit_date': None, 'first_registration_date': None}",2026-03-19 15:48:10.336040+00:00,2026-03-20 12:41:06.145999+00:00,
785,presale_csv,新化區|永鄰6|唪口68號旁|(113)南工造字第01977號,新化區,永鄰6,唪口68號旁,永琳開發建設有限公司  代表人：陳佳輝,46,鄉村區乙種建築用地,H2集合住宅,鋼筋混凝土造,1131213,自售:無,唪口段1606地號,,(113)南工造字第01977號,,台南市新化區唪口68號旁,台南市新化區唪口68號,,,NONE,NONE,"{'builder': '永琳開發建設有限公司  代表人：陳佳輝', 'main_use': 'H2集合住宅', 'household': '46', 'use_zoning': '鄉村區乙種建築用地', 'declare_date': '1131213', 'main_material': '鋼筋混凝土造', 'building_lands': None, 'selling_period': '自售:無', 'building_permit_no': '(113)南工造字第01977號', 'building_permit_date': None, 'first_registration_date': None}",2026-03-19 15:48:10.336040+00:00,2026-03-20 12:41:06.145999+00:00,
923,presale_csv,新化區|白樓2璞域|台南市新化區民生路|(114)南工造字第02201號,新化區,白樓2璞域,台南市新化區民生路,長築興業有限公司,54,住宅區,H2集合住宅,鋼筋混凝土造,1141029,自售:無,新平段805地號,,(114)南工造字第02201號,,台南市新化區台南市新化區民生路,台南市新化區台南市新化區民生路,,,NONE,NONE,"{'builder': '長築興業有限公司', 'main_use': 'H2集合住宅', 'household': '54', 'use_zoning': '住宅區', 'declare_date': '1141029', 'main_material': '鋼筋混凝土造', 'building_lands': None, 'selling_period': '自售:無', 'building_permit_no': '(114)南工造字第02201號', 'building_permit_date': None, 'first_registration_date': None}",2026-03-19 15:48:10.336040+00:00,2026-03-20 12:41:06.145999+00:00,
494,presale_csv,新化區|皇邑|那拔林段557-0005等16筆土地|(111)南工造字地03631-01號,新化區,皇邑,那拔林段557-0005等16筆土地,台易建設開發有限公司,39,鄉村區乙種建築用地,住家用,鋼筋混凝土造,1120704,自售:1120725~1130725,𦰡拔林段557-5地號,,(111)南工造字地03631-01號,,台南市新化區那拔林段557-0005等16筆土地,台南市新化區那拔林段557-0005等16筆土地,,,NONE,NONE,"{'builder': '台易建設開發有限公司', 'main_use': '住家用', 'household': '39', 'use_zoning': '鄉村區乙種建築用地', 'declare_date': '1120704', 'main_material': '鋼筋混凝土造', 'building_lands': None, 'selling_period': '自售:1120725~1130725', 'building_permit_no': '(111)南工造字地03631-01號', 'building_permit_date': None, 'first_registration_date': None}",2026-03-19 15:48:10.336040+00:00,2026-03-20 12:41:06.145999+00:00,
105,presale_csv,新市區|南科之心5|社內159-1號旁|(109)南工造字第02721號,新市區,南科之心5,社內159-1號旁,開鼎開發股份有限公司,42,鄉村區乙種建築用地,住家用、停車空間,鋼筋混凝土造,1101207,自售:無銷售期限，直到售完,北社內段348地號,,(109)南工造字第02721號,,台南市新市區社內159-1號旁,台南市新市區社內159號,,,NONE,NONE,"{'builder': '開鼎開發股份有限公司', 'main_use': '住家用、停車空間', 'household': '42', 'use_zoning': '鄉村區乙種建築用地', 'declare_date': '1101207', 'main_material': '鋼筋混凝土造', 'building_lands': None, 'selling_period': '自售:無銷售期限，直到售完', 'building_permit_no': '(109)南工造字第02721號', 'building_permit_date': None, 'first_registration_date': None}",2026-03-19 15:48:10.336040+00:00,2026-03-20 12:41:06.145999+00:00,
775,presale_csv,新市區|囍事連連NO.18|港子墘段646地號|(112)南工造字第00004號,新市區,囍事連連NO.18,港子墘段646地號,金虹建設有限公司,47,鄉村區乙種建築用地,集合住宅,鋼筋混凝土構造,1131115,自售:1131115~1150514,港子墘段646地號,,(112)南工造字第00004號,,台南市新市區港子墘段646地號,台南市新市區港子墘段646地號,,,NONE,NONE,"{'builder': '金虹建設有限公司', 'main_use': '集合住宅', 'household': '47', 'use_zoning': '鄉村區乙種建築用地', 'declare_date': '1131115', 'main_material': '鋼筋混凝土構造', 'building_lands': None, 'selling_period': '自售:1131115~1150514', 'building_permit_no': '(112)南工造字第00004號', 'building_permit_date': None, 'first_registration_date': None}",2026-03-19 15:48:10.336040+00:00,2026-03-20 12:41:06.145999+00:00,
280,presale_csv,新市區|好墅席第一期|大營里豐榮35-1~7|(110)南工造字第4281-1號,新市區,好墅席第一期,大營里豐榮35-1~7,仁豪建設有限公司代表人:陳宥荃,5,鄉村區乙種建築用地,住家用,鋼筋混凝土構造,1110812,自售:1110812~1130811,大營段2962-2地號,,(110)南工造字第4281-1號,,台南市新市區大營里豐榮35-1~7,台南市新市區大營里豐榮35-1~7,,,NONE,NONE,"{'builder': '仁豪建設有限公司代表人:陳宥荃', 'main_use': '住家用', 'household': '5', 'use_zoning': '鄉村區乙種建築用地', 'declare_date': '1110812', 'main_material': '鋼筋混凝土構造', 'building_lands': None, 'selling_period': '自售:1110812~1130811', 'building_permit_no': '(110)南工造字第4281-1號', 'building_permit_date': None, 'first_registration_date': None}",2026-03-19 15:48:10.336040+00:00,2026-03-20 12:41:06.145999+00:00,
641,presale_csv,新市區|常辰和邑|社內里7-11新凱門市旁|(112)南工造字第02468號,新市區,常辰和邑,社內里7-11新凱門市旁,常辰建設有限公司,10,鄉村區乙種建築用地,住家用,鋼筋混凝土造,1130514,自售:1130520~1140519,南社內段369地號,,(112)南工造字第02468號,,台南市新市區社內里7-11新凱門市旁,台南市新市區社內里7-11新凱門市旁,,,NONE,NONE,"{'builder': '常辰建設有限公司', 'main_use': '住家用', 'household': '10', 'use_zoning': '鄉村區乙種建築用地', 'declare_date': '1130514', 'main_material': '鋼筋混凝土造', 'building_lands': None, 'selling_period': '自售:1130520~1140519', 'building_permit_no': '(112)南工造字第02468號', 'building_permit_date': None, 'first_registration_date': None}",2026-03-19 15:48:10.336040+00:00,2026-03-20 12:41:06.145999+00:00,
294,presale_csv,新市區|德和大邁23|社內132號|,新市區,德和大邁23,社內132號,德和開發建設有限公司,48,台南市鄉村區乙種建築用地,H2集合住宅.停車空間,鋼筋混凝土構造,1110902,自售:1111001~.,南社內段493地號,,,,台南市新市區社內132號,台南市新市區社內132號,,,NONE,NONE,"{'builder': '德和開發建設有限公司', 'main_use': 'H2集合住宅.停車空間', 'household': '48', 'use_zoning': '台南市鄉村區乙種建築用地', 'declare_date': '1110902', 'main_material': '鋼筋混凝土構造', 'building_lands': None, 'selling_period': '自售:1111001~.\x8c', 'building_permit_no': None, 'building_permit_date': None, 'first_registration_date': None}",2026-03-19 15:48:10.336040+00:00,2026-03-20 12:41:06.145999+00:00,
190,presale_csv,新市區|心程市|潭頂段533地號|(110)南工造字第03595號,新市區,心程市,潭頂段533地號,銘峰開發建設有限公司 代表人：蔡昕達,180,鄉村區乙種建築用地,集合住宅、停車空間,鋼筋混凝土,1110418,自售:1110419~·,潭頂段533地號,,(110)南工造字第03595號,,台南市新市區潭頂段533地號,台南市新市區潭頂段533地號,,,NONE,NONE,"{'builder': '銘峰開發建設有限公司 代表人：蔡昕達', 'main_use': '集合住宅、停車空間', 'household': '180', 'use_zoning': '鄉村區乙種建築用地', 'declare_date': '1110418', 'main_material': '鋼筋混凝土', 'building_lands': None, 'selling_period': '自售:1110419~\x8c·', 'building_permit_no': '(110)南工造字第03595號', 'building_permit_date': None, 'first_registration_date': None}",2026-03-19 15:48:10.336040+00:00,2026-03-20 12:41:06.145999+00:00,
490,presale_csv,新市區|煌聖．森友旭|大營南139鄉道|(112)南工造字第01463號,新市區,煌聖．森友旭,大營南139鄉道,嵩聖建設股份有限公司,72,鄉村區乙種建築用地,住家用,鋼筋混凝土造,1120630,自售:無,大營段3037-4地號,,(112)南工造字第01463號,,台南市新市區大營南139鄉道,台南市新市區大營南139鄉道,,,NONE,NONE,"{'builder': '嵩聖建設股份有限公司', 'main_use': '住家用', 'household': '72', 'use_zoning': '鄉村區乙種建築用地', 'declare_date': '1120630', 'main_material': '鋼筋混凝土造', 'building_lands': None, 'selling_period': '自售:無', 'building_permit_no': '(112)南工造字第01463號', 'building_permit_date': None, 'first_registration_date': None}",2026-03-19 15:48:10.336040+00:00,2026-03-20 12:41:06.145999+00:00,
3,presale_csv,新市區|真祥家7|大洲段275-2地號等1筆土地|(110)南工造字第01030-01號,新市區,真祥家7,大洲段275-2地號等1筆土地,銘嵩建設有限公司 代表人：陳建男,15,鄉村區乙種建築用地,供特定人長期住宿之場所,鋼筋混凝土,,自售:無,大洲段275-2地號,,(110)南工造字第01030-01號,,台南市新市區大洲段275-2地號等1筆土地,台南市新市區大洲段275-2地號,,,NONE,NONE,"{'builder': '銘嵩建設有限公司 代表人：陳建男', 'main_use': '供特定人長期住宿之場所', 'household': '15', 'use_zoning': '鄉村區乙種建築用地', 'declare_date': None, 'main_material': '鋼筋混凝土', 'building_lands': None, 'selling_period': '自售:無', 'building_permit_no': '(110)南工造字第01030-01號', 'building_permit_date': None, 'first_registration_date': None}",2026-03-19 15:48:10.336040+00:00,2026-03-20 12:41:06.145999+00:00,
921,presale_csv,新市區|立龍富居|大社277-1號旁|(114)南工造字第00021號,新市區,立龍富居,大社277-1號旁,立龍建設股份有限公司,54,鄉村區 乙種建築用地,集合住宅,鋼筋混凝土造,1141022,自售:1141201至全案完銷,大社段2134-2地號,,(114)南工造字第00021號,,台南市新市區大社277-1號旁,台南市新市區大社277號,,,NONE,NONE,"{'builder': '立龍建設股份有限公司', 'main_use': '集合住宅', 'household': '54', 'use_zoning': '鄉村區 乙種建築用地', 'declare_date': '1141022', 'main_material': '鋼筋混凝土造', 'building_lands': None, 'selling_period': '自售:1141201至全案完銷', 'building_permit_no': '(114)南工造字第00021號', 'building_permit_date': None, 'first_registration_date': None}",2026-03-19 15:48:10.336040+00:00,2026-03-20 12:41:06.145999+00:00,
757,presale_csv,新市區|筑美麗5|永就里110號旁|(113)南工造字第00523號,新市區,筑美麗5,永就里110號旁,統錸建設有限公司,17,鄉村區乙種建築用地,住家用,鋼筋混泥土造,1131025,自售:無,番子寮段1512-1地號,,(113)南工造字第00523號,,台南市新市區永就里110號旁,台南市新市區永就里110號,,,NONE,NONE,"{'builder': '統錸建設有限公司', 'main_use': '住家用', 'household': '17', 'use_zoning': '鄉村區乙種建築用地', 'declare_date': '1131025', 'main_material': '鋼筋混泥土造', 'building_lands': None, 'selling_period': '自售:無', 'building_permit_no': '(113)南工造字第00523號', 'building_permit_date': None, 'first_registration_date': None}",2026-03-19 15:48:10.336040+00:00,2026-03-20 12:41:06.145999+00:00,
293,presale_csv,新市區|綜宏新市興|社內73號|(111)南工造字第01300號,新市區,綜宏新市興,社內73號,綜宏建設有限公司,41,鄉村區乙種建築用地,住商用,鋼筋混凝土造,1110901,自售:1111001~1140930,南社內段283地號,,(111)南工造字第01300號,,台南市新市區社內73號,台南市新市區社內73號,,,NONE,NONE,"{'builder': '綜宏建設有限公司', 'main_use': '住商用', 'household': '41', 'use_zoning': '鄉村區乙種建築用地', 'declare_date': '1110901', 'main_material': '鋼筋混凝土造', 'building_lands': None, 'selling_period': '自售:1111001~1140930', 'building_permit_no': '(111)南工造字第01300號', 'building_permit_date': None, 'first_registration_date': None}",2026-03-19 15:48:10.336040+00:00,2026-03-20 12:41:06.145999+00:00,
549,presale_csv,新市區|鄉景翰林苑|三舍159號旁|南工造字第第02433號,新市區,鄉景翰林苑,三舍159號旁,鄉樺建設有限公司,34,特定農業區,住家用,鋼筋混凝土造,1121018,自售:112年10月21日起至銷售完畢,南三舍段524地號,,南工造字第第02433號,,台南市新市區三舍159號旁,台南市新市區三舍159號,,,NONE,NONE,"{'builder': '鄉樺建設有限公司', 'main_use': '住家用', 'household': '34', 'use_zoning': '特定農業區', 'declare_date': '1121018', 'main_material': '鋼筋混凝土造', 'building_lands': None, 'selling_period': '自售:112年10月21日起至銷售完畢', 'building_permit_no': '南工造字第第02433號', 'building_permit_date': None, 'first_registration_date': None}",2026-03-19 15:48:10.336040+00:00,2026-03-20 12:41:06.145999+00:00,
198,presale_csv,新市區|鄉景臻品|南三舍1059地號|,新市區,鄉景臻品,南三舍1059地號,鄉景建設開發有限公司,32,特定農業區甲種建築用地,住家用,鋼筋混凝土構造,1110428,自售:1110429~1111031,南三舍段1059地號,,,,台南市新市區南三舍1059地號,台南市新市區南三舍1059地號,,,NONE,NONE,"{'builder': '鄉景建設開發有限公司', 'main_use': '住家用', 'household': '32', 'use_zoning': '特定農業區甲種建築用地', 'declare_date': '1110428', 'main_material': '鋼筋混凝土構造', 'building_lands': None, 'selling_period': '自售:1110429~1111031', 'building_permit_no': None, 'building_permit_date': None, 'first_registration_date': None}",2026-03-19 15:48:10.336040+00:00,2026-03-20 12:41:06.145999+00:00,
660,presale_csv,新市區|鄉景虹品|社內182號旁|(113)南工造字第01580號,新市區,鄉景虹品,社內182號旁,鄉景建設開發有限公司,74,鄉村區,住家用,鋼筋混凝土造,1130606,自售:1130612至銷售完畢,北社內段844地號,,(113)南工造字第01580號,,台南市新市區社內182號旁,台南市新市區社內182號,,,NONE,NONE,"{'builder': '鄉景建設開發有限公司', 'main_use': '住家用', 'household': '74', 'use_zoning': '鄉村區', 'declare_date': '1130606', 'main_material': '鋼筋混凝土造', 'building_lands': None, 'selling_period': '自售:1130612至銷售完畢', 'building_permit_no': '(113)南工造字第01580號', 'building_permit_date': None, 'first_registration_date': None}",2026-03-19 15:48:10.336040+00:00,2026-03-20 12:41:06.145999+00:00,
119,presale_csv,新市區|鄉景誠品|南三舍569地號|,新市區,鄉景誠品,南三舍569地號,鄉樺建設有限公司,76,鄉村區,住家用,鋼筋混凝土造,1110103,自售:1110103~1110630,南三舍段569地號,,,,台南市新市區南三舍569地號,台南市新市區南三舍569地號,,,NONE,NONE,"{'builder': '鄉樺建設有限公司', 'main_use': '住家用', 'household': '76', 'use_zoning': '鄉村區', 'declare_date': '1110103', 'main_material': '鋼筋混凝土造', 'building_lands': None, 'selling_period': '自售:1110103~1110630', 'building_permit_no': None, 'building_permit_date': None, 'first_registration_date': None}",2026-03-19 15:48:10.336040+00:00,2026-03-20 12:41:06.145999+00:00,
318,presale_csv,新營區|京東館一期|許丑26號附近|(111)南工造字第00666號,新營區,京東館一期,許丑26號附近,祐東建設有限公司,24,鄉村區乙種建築用地,透天住宅,鋼筋混擬土,1111010,自售:1111011~1121010,建國段741-1地號,,(111)南工造字第00666號,,台南市新營區許丑26號附近,台南市新營區許丑26號,,,NONE,NONE,"{'builder': '祐東建設有限公司', 'main_use': '透天住宅', 'household': '24', 'use_zoning': '鄉村區乙種建築用地', 'declare_date': '1111010', 'main_material': '鋼筋混擬土', 'building_lands': None, 'selling_period': '自售:1111011~1121010', 'building_permit_no': '(111)南工造字第00666號', 'building_permit_date': None, 'first_registration_date': None}",2026-03-19 15:48:10.336040+00:00,2026-03-20 12:41:06.145999+00:00,
319,presale_csv,新營區|京東館二期|許丑26號附近|(111)南工造第00668號,新營區,京東館二期,許丑26號附近,祐東建設有限公司,28,鄉村區乙種建築用地,集合住宅,鋼筋混凝土,1111010,自售:1111011~1121010,建國段741地號,,(111)南工造第00668號,,台南市新營區許丑26號附近,台南市新營區許丑26號,,,NONE,NONE,"{'builder': '祐東建設有限公司', 'main_use': '集合住宅', 'household': '28', 'use_zoning': '鄉村區乙種建築用地', 'declare_date': '1111010', 'main_material': '鋼筋混凝土', 'building_lands': None, 'selling_period': '自售:1111011~1121010', 'building_permit_no': '(111)南工造第00668號', 'building_permit_date': None, 'first_registration_date': None}",2026-03-19 15:48:10.336040+00:00,2026-03-20 12:41:06.145999+00:00,
177,presale_csv,新營區|心迎風彩2|新北8街|110南工造字第01350-01號,新營區,心迎風彩2,新北8街,上禾宜建設有限公司,17,住宅區,住宅,鋼筋混凝土造,1110322,自售:1110501~1130430,周武段1307-13地號,,110南工造字第01350-01號,,台南市新營區新北8街,台南市新營區新北8街,,,NONE,NONE,"{'builder': '上禾宜建設有限公司', 'main_use': '住宅', 'household': '17', 'use_zoning': '住宅區', 'declare_date': '1110322', 'main_material': '鋼筋混凝土造', 'building_lands': None, 'selling_period': '自售:1110501~1130430', 'building_permit_no': '110南工造字第01350-01號', 'building_permit_date': None, 'first_registration_date': None}",2026-03-19 15:48:10.336040+00:00,2026-03-20 12:41:06.145999+00:00,
462,presale_csv,東區|清景麟夢公園|平實22地號|(112)南工造字第00823號,東區,清景麟夢公園,平實22地號,上維地產有限公司,293,「住五(附)」第五種住宅區,店鋪、集合住宅、停車空間(地上權),鋼筋混凝土構造,1120526,自售:1120601~1121010,平實段22地號,,(112)南工造字第00823號,,台南市東區平實22地號,台南市東區平實22地號,,,NONE,NONE,"{'builder': '上維地產有限公司', 'main_use': '店鋪、集合住宅、停車空間(地上權)', 'household': '293', 'use_zoning': '「住五(附)」第五種住宅區', 'declare_date': '1120526', 'main_material': '鋼筋混凝土構造', 'building_lands': None, 'selling_period': '自售:1120601~1121010', 'building_permit_no': '(112)南工造字第00823號', 'building_permit_date': None, 'first_registration_date': None}",2026-03-19 15:48:10.336040+00:00,2026-03-20 12:41:06.145999+00:00,
751,presale_csv,東山區|保宥風華|頂窩|(113)南工造字第01241號,東山區,保宥風華,頂窩,保宥建設有限公司,8,鄉村區乙種建築用地,住家用,鋼筋混凝土造,1131015,自售:1131016~1151010,頂田段131地號,,(113)南工造字第01241號,,台南市東山區頂窩,台南市東山區頂窩,,,NONE,NONE,"{'builder': '保宥建設有限公司', 'main_use': '住家用', 'household': '8', 'use_zoning': '鄉村區乙種建築用地', 'declare_date': '1131015', 'main_material': '鋼筋混凝土造', 'building_lands': None, 'selling_period': '自售:1131016~1151010', 'building_permit_no': '(113)南工造字第01241號', 'building_permit_date': None, 'first_registration_date': None}",2026-03-19 15:48:10.336040+00:00,2026-03-20 12:41:06.145999+00:00,
288,presale_csv,東山區|墅時光二期|龍鳳三街|(111)南工造字第00473號,東山區,墅時光二期,龍鳳三街,根源建設有限公司,4,住宅區,住家用,鋼筋混凝土造,1110829,自售:1110913~1111231,東興段376地號,,(111)南工造字第00473號,,台南市東山區龍鳳三街,台南市東山區龍鳳三街,,,NONE,NONE,"{'builder': '根源建設有限公司', 'main_use': '住家用', 'household': '4', 'use_zoning': '住宅區', 'declare_date': '1110829', 'main_material': '鋼筋混凝土造', 'building_lands': None, 'selling_period': '自售:1110913~1111231', 'building_permit_no': '(111)南工造字第00473號', 'building_permit_date': None, 'first_registration_date': None}",2026-03-19 15:48:10.336040+00:00,2026-03-20 12:41:06.145999+00:00,
807,presale_csv,東山區|春禹山行旅|龍鳳二街|(114)南工造字第00067號,東山區,春禹山行旅,龍鳳二街,春昱建設有限公司,12,住宅區,店鋪，住宅,鋼筋混凝土,1140120,自售:1140130~1160130,東興段921地號,,(114)南工造字第00067號,,台南市東山區龍鳳二街,台南市東山區龍鳳二街,,,NONE,NONE,"{'builder': '春昱建設有限公司', 'main_use': '店鋪，住宅', 'household': '12', 'use_zoning': '住宅區', 'declare_date': '1140120', 'main_material': '鋼筋混凝土', 'building_lands': None, 'selling_period': '自售:1140130~1160130', 'building_permit_no': '(114)南工造字第00067號', 'building_permit_date': None, 'first_registration_date': None}",2026-03-19 15:48:10.336040+00:00,2026-03-20 12:41:06.145999+00:00,
81,presale_csv,柳營區|悠植居3|柳營52-87號旁|(109)南工造字第04489號,柳營區,悠植居3,柳營52-87號旁,開鼎開發股份有限公司,14,住宅區,住家用,鋼筋混凝土造,1101104,自售:無,士林段872地號,,(109)南工造字第04489號,,台南市柳營區柳營52-87號旁,台南市柳營區柳營52號,,,NONE,NONE,"{'builder': '開鼎開發股份有限公司', 'main_use': '住家用', 'household': '14', 'use_zoning': '住宅區', 'declare_date': '1101104', 'main_material': '鋼筋混凝土造', 'building_lands': None, 'selling_period': '自售:無', 'building_permit_no': '(109)南工造字第04489號', 'building_permit_date': None, 'first_registration_date': None}",2026-03-19 15:48:10.336040+00:00,2026-03-20 12:41:06.145999+00:00,
697,presale_csv,柳營區|柳營太康富居|太康|(113)南工造字第01373號,柳營區,柳營太康富居,太康,方信富,2,鄉村區,住家用,鋼骨造,1130730,自售:113年07月30日~至完銷止,綠隧段862地號,,(113)南工造字第01373號,,台南市柳營區太康,台南市柳營區太康,,,NONE,NONE,"{'builder': '方信富', 'main_use': '住家用', 'household': '2', 'use_zoning': '鄉村區', 'declare_date': '1130730', 'main_material': '鋼骨造', 'building_lands': None, 'selling_period': '自售:113年07月30日~至完銷止', 'building_permit_no': '(113)南工造字第01373號', 'building_permit_date': None, 'first_registration_date': None}",2026-03-19 15:48:10.336040+00:00,2026-03-20 12:41:06.145999+00:00,
643,presale_csv,歸仁區|佳順大富|東園街|(110)南工造字第04642號,歸仁區,佳順大富,東園街,佳順建設股份有限公司  負責人：衣冠英,309,住宅區,集合住宅,鋼筋混凝土造,1130515,自售:無,武東段90地號,,(110)南工造字第04642號,,台南市歸仁區東園街,台南市歸仁區東園街,,,NONE,NONE,"{'builder': '佳順建設股份有限公司  負責人：衣冠英', 'main_use': '集合住宅', 'household': '309', 'use_zoning': '住宅區', 'declare_date': '1130515', 'main_material': '鋼筋混凝土造', 'building_lands': None, 'selling_period': '自售:無', 'building_permit_no': '(110)南工造字第04642號', 'building_permit_date': None, 'first_registration_date': None}",2026-03-19 15:48:10.336040+00:00,2026-03-20 12:41:06.145999+00:00,
388,presale_csv,歸仁區|春福天綻|綠園街|(111)南工造字第03758號,歸仁區,春福天綻,綠園街,新春建設股份有限公司,86,住宅區,住家用,鋼筋混凝土造,1120119,自售:無,武東段126地號,,(111)南工造字第03758號,,台南市歸仁區綠園街,台南市歸仁區綠園街,,,NONE,NONE,"{'builder': '新春建設股份有限公司', 'main_use': '住家用', 'household': '86', 'use_zoning': '住宅區', 'declare_date': '1120119', 'main_material': '鋼筋混凝土造', 'building_lands': None, 'selling_period': '自售:無', 'building_permit_no': '(111)南工造字第03758號', 'building_permit_date': None, 'first_registration_date': None}",2026-03-19 15:48:10.336040+00:00,2026-03-20 12:41:06.145999+00:00,
774,presale_csv,永康區|創築|?埕段|(113)南工造字第02171號,永康區,創築,?埕段,翰唐建設有限公司   法定代表人:黎偉良,15,住宅區,H2集合住宅,鋼筋混凝土造,1131115,自售:無,鹽埕段302地號,,(113)南工造字第02171號,,台南市永康區?埕段,台南市永康區?埕段,,,NONE,NONE,"{'builder': '翰唐建設有限公司   法定代表人:黎偉良', 'main_use': 'H2集合住宅', 'household': '15', 'use_zoning': '住宅區', 'declare_date': '1131115', 'main_material': '鋼筋混凝土造', 'building_lands': None, 'selling_period': '自售:無', 'building_permit_no': '(113)南工造字第02171號', 'building_permit_date': None, 'first_registration_date': None}",2026-03-19 15:48:10.336040+00:00,2026-03-20 12:41:06.145999+00:00,
830,presale_csv,永康區|勝美A Park|永運一路與平道十二路交叉口|(111)南工造字第04406號,永康區,勝美A Park,永運一路與平道十二路交叉口,勝美建設股份有限公司 負責人:曾周信 等如附表,146,住宅區,店舖，集合住宅,鋼筋混凝土構造,1140227,自售:無,平道段154地號,,(111)南工造字第04406號,,台南市永康區永運一路與平道十二路交叉口,台南市永康區永運一路與平道十二路交叉口,,,NONE,NONE,"{'builder': '勝美建設股份有限公司 負責人:曾周信 等如附表', 'main_use': '店舖，集合住宅', 'household': '146', 'use_zoning': '住宅區', 'declare_date': '1140227', 'main_material': '鋼筋混凝土構造', 'building_lands': None, 'selling_period': '自售:無', 'building_permit_no': '(111)南工造字第04406號', 'building_permit_date': None, 'first_registration_date': None}",2026-03-19 15:48:10.336040+00:00,2026-03-20 12:41:06.145999+00:00,
54,presale_csv,永康區|家家富富2|永康段地號1139-5，1139-16-24|(110)南工造字地02798號,永康區,家家富富2,永康段地號1139-5，1139-16-24,東宸開發有限公司(負責人:許東豪),10,第一種住宅區,H2住宅,鋼筋混凝土,1101012,自售:1100910~1110909,永康段1139-5地號,,(110)南工造字地02798號,,台南市永康區永康段地號1139-5，1139-16-24,台南市永康區永康段地號,,,NONE,NONE,"{'builder': '東宸開發有限公司(負責人:許東豪)', 'main_use': 'H2住宅', 'household': '10', 'use_zoning': '第一種住宅區', 'declare_date': '1101012', 'main_material': '鋼筋混凝土', 'building_lands': None, 'selling_period': '自售:1100910~1110909', 'building_permit_no': '(110)南工造字地02798號', 'building_permit_date': None, 'first_registration_date': None}",2026-03-19 15:48:10.336040+00:00,2026-03-20 12:41:06.145999+00:00,
489,presale_csv,永康區|富躍居5|和平路238巷3號和5號對面|(110)南工造字第02862號,永康區,富躍居5,和平路238巷3號和5號對面,寬鎮建設有限公司,20,住宅區,住家用,鋼筋混凝土構造,1120629,自售:1120629~1140630,東邊寮段639地號,,(110)南工造字第02862號,,台南市永康區和平路238巷3號和5號對面,台南市永康區和平路238巷3號,,,NONE,NONE,"{'builder': '寬鎮建設有限公司', 'main_use': '住家用', 'household': '20', 'use_zoning': '住宅區', 'declare_date': '1120629', 'main_material': '鋼筋混凝土構造', 'building_lands': None, 'selling_period': '自售:1120629~1140630', 'building_permit_no': '(110)南工造字第02862號', 'building_permit_date': None, 'first_registration_date': None}",2026-03-19 15:48:10.336040+00:00,2026-03-20 12:41:06.145999+00:00,
811,presale_csv,永康區|木津川|平道六路|(113)南工造字第03397號,永康區,木津川,平道六路,沅陞建設股份有限公司 甘霖建設股份有限公司,86,住宅區,G3店鋪（<500平方公尺)、H2集合住宅,鋼筋混凝土造,1140124,自售:無,平道段285地號,,(113)南工造字第03397號,,台南市永康區平道六路,台南市永康區平道六路,,,NONE,NONE,"{'builder': '沅陞建設股份有限公司 甘霖建設股份有限公司', 'main_use': 'G3店鋪（<500平方公尺)、H2集合住宅', 'household': '86', 'use_zoning': '住宅區', 'declare_date': '1140124', 'main_material': '鋼筋混凝土造', 'building_lands': None, 'selling_period': '自售:無', 'building_permit_no': '(113)南工造字第03397號', 'building_permit_date': None, 'first_registration_date': None}",2026-03-19 15:48:10.336040+00:00,2026-03-20 12:41:06.145999+00:00,
671,presale_csv,永康區|誠真映月|鹽行路|(113)南工造字第00961號,永康區,誠真映月,鹽行路,誠真開發建築有限公司,81,住宅區,店鋪、集合住宅,鋼筋混凝土造,1130618,自售:1130701~1150630,三村段785地號,,(113)南工造字第00961號,,台南市永康區鹽行路,台南市永康區鹽行路,,,NONE,NONE,"{'builder': '誠真開發建築有限公司', 'main_use': '店鋪、集合住宅', 'household': '81', 'use_zoning': '住宅區', 'declare_date': '1130618', 'main_material': '鋼筋混凝土造', 'building_lands': None, 'selling_period': '自售:1130701~1150630', 'building_permit_no': '(113)南工造字第00961號', 'building_permit_date': None, 'first_registration_date': None}",2026-03-19 15:48:10.336040+00:00,2026-03-20 12:41:06.145999+00:00,
423,presale_csv,白河區|冠辰：喜得三期|竹門里|(111)南工造字第03044號,白河區,冠辰：喜得三期,竹門里,冠辰建設有限公司,10,鄉村區乙種建築用地,住家用,鋼筋混凝土造,1120316,自售:自112年3月16日起至完銷為止,竹子門段1308地號,,(111)南工造字第03044號,,台南市白河區竹門里,台南市白河區竹門里,,,NONE,NONE,"{'builder': '冠辰建設有限公司', 'main_use': '住家用', 'household': '10', 'use_zoning': '鄉村區乙種建築用地', 'declare_date': '1120316', 'main_material': '鋼筋混凝土造', 'building_lands': None, 'selling_period': '自售:自112年3月16日起至完銷為止', 'building_permit_no': '(111)南工造字第03044號', 'building_permit_date': None, 'first_registration_date': None}",2026-03-19 15:48:10.336040+00:00,2026-03-20 12:41:06.145999+00:00,
916,presale_csv,白河區|愛上白河3|杭內樣仔林產業道路|(113)南工造字第01591號,白河區,愛上白河3,杭內樣仔林產業道路,瓏曜開發有限公司,5,鄉村區,住家用,鋼筋混凝土造,1141017,自售:無,河東段230地號,,(113)南工造字第01591號,,台南市白河區杭內樣仔林產業道路,台南市白河區杭內樣仔林產業道路,,,NONE,NONE,"{'builder': '瓏曜開發有限公司', 'main_use': '住家用', 'household': '5', 'use_zoning': '鄉村區', 'declare_date': '1141017', 'main_material': '鋼筋混凝土造', 'building_lands': None, 'selling_period': '自售:無', 'building_permit_no': '(113)南工造字第01591號', 'building_permit_date': None, 'first_registration_date': None}",2026-03-19 15:48:10.336040+00:00,2026-03-20 12:41:06.145999+00:00,
234,presale_csv,西港區|5福霖門3期--傳澄|大塭寮|(111)南工造字第01141號,西港區,5福霖門3期--傳澄,大塭寮,賦川建設有限公司,2,鄉村區,住宅用,鋼筋混凝土構造,1110611,自售:1111120~1121120,新樂段506地號,,(111)南工造字第01141號,,台南市西港區大塭寮,台南市西港區大塭寮,,,NONE,NONE,"{'builder': '賦川建設有限公司', 'main_use': '住宅用', 'household': '2', 'use_zoning': '鄉村區', 'declare_date': '1110611', 'main_material': '鋼筋混凝土構造', 'building_lands': None, 'selling_period': '自售:1111120~1121120', 'building_permit_no': '(111)南工造字第01141號', 'building_permit_date': None, 'first_registration_date': None}",2026-03-19 15:48:10.336040+00:00,2026-03-20 12:41:06.145999+00:00,
340,presale_csv,西港區|5福霖門5期--三宅滬|劉厝里|(111)南工造字第01962號,西港區,5福霖門5期--三宅滬,劉厝里,賦川建設有限公司,3,鄉村區,住家用,鋼筋混凝土構造,1111115,自售:1111201~1121201,成功段756-2地號,,(111)南工造字第01962號,,台南市西港區劉厝里,台南市西港區劉厝里,,,NONE,NONE,"{'builder': '賦川建設有限公司', 'main_use': '住家用', 'household': '3', 'use_zoning': '鄉村區', 'declare_date': '1111115', 'main_material': '鋼筋混凝土構造', 'building_lands': None, 'selling_period': '自售:1111201~1121201', 'building_permit_no': '(111)南工造字第01962號', 'building_permit_date': None, 'first_registration_date': None}",2026-03-19 15:48:10.336040+00:00,2026-03-20 12:41:06.145999+00:00,
663,presale_csv,西港區|5福霖門6期—旭潗|大塭寮126號旁|(112)南工造字第00764號,西港區,5福霖門6期—旭潗,大塭寮126號旁,賦川建設有限公司,10,鄉村區,住家用,鋼筋混凝土造,1130608,自售:1130610~1151231,新樂段637地號,,(112)南工造字第00764號,,台南市西港區大塭寮126號旁,台南市西港區大塭寮126號,,,NONE,NONE,"{'builder': '賦川建設有限公司', 'main_use': '住家用', 'household': '10', 'use_zoning': '鄉村區', 'declare_date': '1130608', 'main_material': '鋼筋混凝土造', 'building_lands': None, 'selling_period': '自售:1130610~1151231', 'building_permit_no': '(112)南工造字第00764號', 'building_permit_date': None, 'first_registration_date': None}",2026-03-19 15:48:10.336040+00:00,2026-03-20 12:41:06.145999+00:00,
414,presale_csv,西港區|双贏|?營段28地號|(112)南工造字第00442-1號,西港區,双贏,?營段28地號,東宸開發有限公司代表人:許東豪,64,鄉村區乙種建築用地,住家用,鋼筋混凝土造,1120309,自售:112/03/12~至完銷止(代銷已售3戶),營段28地號,,(112)南工造字第00442-1號,,台南市西港區?營段28地號,台南市西港區?營段28地號,,,NONE,NONE,"{'builder': '東宸開發有限公司代表人:許東豪', 'main_use': '住家用', 'household': '64', 'use_zoning': '鄉村區乙種建築用地', 'declare_date': '1120309', 'main_material': '鋼筋混凝土造', 'building_lands': None, 'selling_period': '自售:112/03/12~至完銷止(代銷已售3戶)', 'building_permit_no': '(112)南工造字第00442-1號', 'building_permit_date': None, 'first_registration_date': None}",2026-03-19 15:48:10.336040+00:00,2026-03-20 12:41:06.145999+00:00,
540,presale_csv,西港區|堡湖天下 7|慶安里|(112)南工造字第2038號,西港區,堡湖天下 7,慶安里,堡湖建設開發有限公司 代表人：李玫雀,13,住宅區,住宅,鋼筋混凝土造,1121002,自售:1121015~1141231,西港堡段215地號,,(112)南工造字第2038號,,台南市西港區慶安里,台南市西港區慶安里,,,NONE,NONE,"{'builder': '堡湖建設開發有限公司 代表人：李玫雀', 'main_use': '住宅', 'household': '13', 'use_zoning': '住宅區', 'declare_date': '1121002', 'main_material': '鋼筋混凝土造', 'building_lands': None, 'selling_period': '自售:1121015~1141231', 'building_permit_no': '(112)南工造字第2038號', 'building_permit_date': None, 'first_registration_date': None}",2026-03-19 15:48:10.336040+00:00,2026-03-20 12:41:06.145999+00:00,
860,presale_csv,西港區|夏木漱石NO.10|?營段507等32筆地號|(114)南工造字地00570號,西港區,夏木漱石NO.10,?營段507等32筆地號,益阜建設有限公司,31,鄉村區乙種建築用地,店鋪、住宅,鋼筋混凝土造,1140505,自售:無,營段507地號,,(114)南工造字地00570號,,台南市西港區?營段507等32筆地號,台南市西港區?營段507等32筆地號,,,NONE,NONE,"{'builder': '益阜建設有限公司', 'main_use': '店鋪、住宅', 'household': '31', 'use_zoning': '鄉村區乙種建築用地', 'declare_date': '1140505', 'main_material': '鋼筋混凝土造', 'building_lands': None, 'selling_period': '自售:無', 'building_permit_no': '(114)南工造字地00570號', 'building_permit_date': None, 'first_registration_date': None}",2026-03-19 15:48:10.336040+00:00,2026-03-20 12:41:06.145999+00:00,
630,presale_csv,西港區|富裕人生19|溪埔寮24之6門牌旁|(112)南工造字第03004號,西港區,富裕人生19,溪埔寮24之6門牌旁,穩富建設股份有限公司,25,鄉村區乙種建築用地,住宅用,鋼筋混凝土造,1130410,自售:1130410~1140410,西埔段374-27地號,,(112)南工造字第03004號,,台南市西港區溪埔寮24之6門牌旁,台南市西港區溪埔寮24之6門牌旁,,,NONE,NONE,"{'builder': '穩富建設股份有限公司', 'main_use': '住宅用', 'household': '25', 'use_zoning': '鄉村區乙種建築用地', 'declare_date': '1130410', 'main_material': '鋼筋混凝土造', 'building_lands': None, 'selling_period': '自售:1130410~1140410', 'building_permit_no': '(112)南工造字第03004號', 'building_permit_date': None, 'first_registration_date': None}",2026-03-19 15:48:10.336040+00:00,2026-03-20 12:41:06.145999+00:00,
158,presale_csv,西港區|我的家27|新寮31之1號旁|(110)南工造字第04625號,西港區,我的家27,新寮31之1號旁,玄錠興業有限公司,13,鄉村區,住家用,鋼筋混凝土造,1110225,自售:1110225~1121231,後營段141地號,,(110)南工造字第04625號,,台南市西港區新寮31之1號旁,台南市西港區新寮31之1號,,,NONE,NONE,"{'builder': '玄錠興業有限公司', 'main_use': '住家用', 'household': '13', 'use_zoning': '鄉村區', 'declare_date': '1110225', 'main_material': '鋼筋混凝土造', 'building_lands': None, 'selling_period': '自售:1110225~1121231', 'building_permit_no': '(110)南工造字第04625號', 'building_permit_date': None, 'first_registration_date': None}",2026-03-19 15:48:10.336040+00:00,2026-03-20 12:41:06.145999+00:00,
560,presale_csv,西港區|晨夏2|營西里後營68號之10|(112)南工造字第02293號,西港區,晨夏2,營西里後營68號之10,九鈿建設開發股份有限公司,7,鄉村區乙種建築用地,H2住宅,鋼筋混凝土造,1121113,自售:1121113~1141112,双營段1109-0003地號,,(112)南工造字第02293號,,台南市西港區營西里後營68號之10,台南市西港區營西里後營68號,,,NONE,NONE,"{'builder': '九鈿建設開發股份有限公司', 'main_use': 'H2住宅', 'household': '7', 'use_zoning': '鄉村區乙種建築用地', 'declare_date': '1121113', 'main_material': '鋼筋混凝土造', 'building_lands': None, 'selling_period': '自售:1121113~1141112', 'building_permit_no': '(112)南工造字第02293號', 'building_permit_date': None, 'first_registration_date': None}",2026-03-19 15:48:10.336040+00:00,2026-03-20 12:41:06.145999+00:00,
612,presale_csv,西港區|為有巢西港西埔|溪埔寮|南工造字第04163號,西港區,為有巢西港西埔,溪埔寮,柏陽建設開發有限公司,36,鄉村區乙種建築用地,住宅,鋼筋混凝土造,1130306,自售:無,西埔段179地號,,南工造字第04163號,,台南市西港區溪埔寮,台南市西港區溪埔寮,,,NONE,NONE,"{'builder': '柏陽建設開發有限公司', 'main_use': '住宅', 'household': '36', 'use_zoning': '鄉村區乙種建築用地', 'declare_date': '1130306', 'main_material': '鋼筋混凝土造', 'building_lands': None, 'selling_period': '自售:無', 'building_permit_no': '南工造字第04163號', 'building_permit_date': None, 'first_registration_date': None}",2026-03-19 15:48:10.336040+00:00,2026-03-20 12:41:06.145999+00:00,
194,presale_csv,西港區|舜暉御品9大營家2|西港區後營27-8號|(110)南工造字第01391-01號,西港區,舜暉御品9大營家2,西港區後營27-8號,舜暉建築開發股份有限公司,40,鄉村區乙種建築用地,集合住宅；停車空間,鋼筋混凝土構造,1110422,自售:1110601~1121231,西港區後營27-8號,,(110)南工造字第01391-01號,,台南市西港區西港區後營27-8號,台南市西港區西港區後營27號,,,NONE,NONE,"{'builder': '舜暉建築開發股份有限公司', 'main_use': '集合住宅；停車空間', 'household': '40', 'use_zoning': '鄉村區乙種建築用地', 'declare_date': '1110422', 'main_material': '鋼筋混凝土構造', 'building_lands': None, 'selling_period': '自售:1110601~1121231', 'building_permit_no': '(110)南工造字第01391-01號', 'building_permit_date': None, 'first_registration_date': None}",2026-03-19 15:48:10.336040+00:00,2026-03-20 12:41:06.145999+00:00,
862,presale_csv,西港區|誠銳美居|檨子林18號之1旁|(113)南工造字第02823號,西港區,誠銳美居,檨子林18號之1旁,誠駿建設有限公司,20,鄉村區乙種建築用地,住家用,鋼筋混凝土造,1140506,自售:1140601~自完售止,檨林段729地號,,(113)南工造字第02823號,,台南市西港區檨子林18號之1旁,台南市西港區檨子林18號,,,NONE,NONE,"{'builder': '誠駿建設有限公司', 'main_use': '住家用', 'household': '20', 'use_zoning': '鄉村區乙種建築用地', 'declare_date': '1140506', 'main_material': '鋼筋混凝土造', 'building_lands': None, 'selling_period': '自售:1140601~自完售止', 'building_permit_no': '(113)南工造字第02823號', 'building_permit_date': None, 'first_registration_date': None}",2026-03-19 15:48:10.336040+00:00,2026-03-20 12:41:06.145999+00:00,
214,presale_csv,西港區|金艷富邸9|劉厝宗祠對面|（111）南工造字第00819號,西港區,金艷富邸9,劉厝宗祠對面,嬿銡建設有限公司 代表人鄭嬿雯,16,鄉村區乙種建築用地,集合住宅(H2)、停車空間,鋼筋混凝土構造,1110517,自售:1110601~1120601,成功段905地號,,（111）南工造字第00819號,,台南市西港區劉厝宗祠對面,台南市西港區劉厝宗祠對面,,,NONE,NONE,"{'builder': '嬿銡建設有限公司 代表人鄭嬿雯', 'main_use': '集合住宅(H2)、停車空間', 'household': '16', 'use_zoning': '鄉村區乙種建築用地', 'declare_date': '1110517', 'main_material': '鋼筋混凝土構造', 'building_lands': None, 'selling_period': '自售:1110601~1120601', 'building_permit_no': '（111）南工造字第00819號', 'building_permit_date': None, 'first_registration_date': None}",2026-03-19 15:48:10.336040+00:00,2026-03-20 12:41:06.145999+00:00,
321,presale_csv,西港區|開喜苑|堀子頭|(111)南工造字00039號,西港區,開喜苑,堀子頭,鴻俊建設有限公司 代表人：吳玉釵,18,住宅區,門廊、住宅,鋼筋混凝土造,1111011,自售:無,港南段777地號,,(111)南工造字00039號,,台南市西港區堀子頭,台南市西港區堀子頭,,,NONE,NONE,"{'builder': '鴻俊建設有限公司 代表人：吳玉釵', 'main_use': '門廊、住宅', 'household': '18', 'use_zoning': '住宅區', 'declare_date': '1111011', 'main_material': '鋼筋混凝土造', 'building_lands': None, 'selling_period': '自售:無', 'building_permit_no': '(111)南工造字00039號', 'building_permit_date': None, 'first_registration_date': None}",2026-03-19 15:48:10.336040+00:00,2026-03-20 12:41:06.145999+00:00,
154,presale_csv,鹽水區|仙盈捷座|蔦松腳|(110)南工造字第03475號,鹽水區,仙盈捷座,蔦松腳,仙盈建設有限公司,34,特定農業區甲種建築用地,住宅,鋼筋混凝土造,1110221,自售:1110221~自完售止,岸南段933-8地號,,(110)南工造字第03475號,,台南市鹽水區蔦松腳,台南市鹽水區蔦松腳,,,NONE,NONE,"{'builder': '仙盈建設有限公司', 'main_use': '住宅', 'household': '34', 'use_zoning': '特定農業區甲種建築用地', 'declare_date': '1110221', 'main_material': '鋼筋混凝土造', 'building_lands': None, 'selling_period': '自售:1110221~自完售止', 'building_permit_no': '(110)南工造字第03475號', 'building_permit_date': None, 'first_registration_date': None}",2026-03-19 15:48:10.336040+00:00,2026-03-20 12:41:06.145999+00:00,
681,presale_csv,鹽水區|月津帝居|歡雅里尾寮|(112)南工造字第01725號,鹽水區,月津帝居,歡雅里尾寮,鉑金建設有限公司 代表人:魏榕萱,22,鄉村區乙種建築用地,住宅,R.C造,1130701,自售:1130701~1131231,歡雅段221地號,,(112)南工造字第01725號,,台南市鹽水區歡雅里尾寮,台南市鹽水區歡雅里尾寮,,,NONE,NONE,"{'builder': '鉑金建設有限公司 代表人:魏榕萱', 'main_use': '住宅', 'household': '22', 'use_zoning': '鄉村區乙種建築用地', 'declare_date': '1130701', 'main_material': 'R.C造', 'building_lands': None, 'selling_period': '自售:1130701~1131231', 'building_permit_no': '(112)南工造字第01725號', 'building_permit_date': None, 'first_registration_date': None}",2026-03-19 15:48:10.336040+00:00,2026-03-20 12:41:06.145999+00:00,
741,presale_csv,麻豆區|仁喬知見|興新街2號|(113)南工造字第02196號,麻豆區,仁喬知見,興新街2號,仁喬建設股份有限公司,19,第三種住宅區,H2集合住宅、停車空間,鋼筋混凝土造,1130926,自售:1131001~1141231,大埕段140地號,,(113)南工造字第02196號,,台南市麻豆區興新街2號,台南市麻豆區興新街2號,,,NONE,NONE,"{'builder': '仁喬建設股份有限公司', 'main_use': 'H2集合住宅、停車空間', 'household': '19', 'use_zoning': '第三種住宅區', 'declare_date': '1130926', 'main_material': '鋼筋混凝土造', 'building_lands': None, 'selling_period': '自售:1131001~1141231', 'building_permit_no': '(113)南工造字第02196號', 'building_permit_date': None, 'first_registration_date': None}",2026-03-19 15:48:10.336040+00:00,2026-03-20 12:41:06.145999+00:00,
513,presale_csv,麻豆區|傳家堡8|安東段0275-0017地號等10筆|南工造字第00438號,麻豆區,傳家堡8,安東段0275-0017地號等10筆,龍禾開發建設有限公司,9,鄉村區乙種建築用地,住家用  商業用,鋼筋混凝土,1120811,自售:無,安東段0275-0017地號,,南工造字第00438號,,台南市麻豆區安東段0275-0017地號等10筆,台南市麻豆區安東段0275-0017地號,,,NONE,NONE,"{'builder': '龍禾開發建設有限公司', 'main_use': '住家用  商業用', 'household': '9', 'use_zoning': '鄉村區乙種建築用地', 'declare_date': '1120811', 'main_material': '鋼筋混凝土', 'building_lands': None, 'selling_period': '自售:無', 'building_permit_no': '南工造字第00438號', 'building_permit_date': None, 'first_registration_date': None}",2026-03-19 15:48:10.336040+00:00,2026-03-20 12:41:06.145999+00:00,
91,presale_csv,麻豆區|吉億．擁恆3|南48鄉道|南工造字第01802~01809號,麻豆區,吉億．擁恆3,南48鄉道,吉億建設股份有限公司,30,住宅區,住宅區,鋼筋混凝土造,1101115,自售:無,龍泉段449-39地號,,南工造字第01802~01809號,,台南市麻豆區南48鄉道,台南市麻豆區南48鄉道,,,NONE,NONE,"{'builder': '吉億建設股份有限公司', 'main_use': '住宅區', 'household': '30', 'use_zoning': '住宅區', 'declare_date': '1101115', 'main_material': '鋼筋混凝土造', 'building_lands': None, 'selling_period': '自售:無', 'building_permit_no': '南工造字第01802~01809號', 'building_permit_date': None, 'first_registration_date': None}",2026-03-19 15:48:10.336040+00:00,2026-03-20 12:41:06.145999+00:00,
348,presale_csv,麻豆區|吉億．擁恆5|南48鄉道|南工造字第03661~03672號,麻豆區,吉億．擁恆5,南48鄉道,吉億建設股份有限公司 負責人：陳江山,26,第三種住宅區,住家用,鋼筋混凝土造,1111122,自售:無,龍泉段757-2地號,,南工造字第03661~03672號,,台南市麻豆區南48鄉道,台南市麻豆區南48鄉道,,,NONE,NONE,"{'builder': '吉億建設股份有限公司 負責人：陳江山', 'main_use': '住家用', 'household': '26', 'use_zoning': '第三種住宅區', 'declare_date': '1111122', 'main_material': '鋼筋混凝土造', 'building_lands': None, 'selling_period': '自售:無', 'building_permit_no': '南工造字第03661~03672號', 'building_permit_date': None, 'first_registration_date': None}",2026-03-19 15:48:10.336040+00:00,2026-03-20 12:41:06.145999+00:00,
934,presale_csv,麻豆區|常鼎家圓3|總爺庄|(114)南工造字第01166-01號,麻豆區,常鼎家圓3,總爺庄,常鼎建設股份有限公司,6,鄉村區乙種建築用地,住宅,鋼筋混凝土造,1141202,自售:1141205~售完,清水段411地號,,(114)南工造字第01166-01號,,台南市麻豆區總爺庄,台南市麻豆區總爺庄,,,NONE,NONE,"{'builder': '常鼎建設股份有限公司', 'main_use': '住宅', 'household': '6', 'use_zoning': '鄉村區乙種建築用地', 'declare_date': '1141202', 'main_material': '鋼筋混凝土造', 'building_lands': None, 'selling_period': '自售:1141205~售完', 'building_permit_no': '(114)南工造字第01166-01號', 'building_permit_date': None, 'first_registration_date': None}",2026-03-19 15:48:10.336040+00:00,2026-03-20 12:41:06.145999+00:00,
10,presale_csv,麻豆區|春日朗|大山里大山腳|,麻豆區,春日朗,大山里大山腳,九鈿建設開發股份有限公司,12,住宅區,住家用,鋼筋混凝土構造,1100729,自售:1101001~1111231,大山段218地號,,,,台南市麻豆區大山里大山腳,台南市麻豆區大山里大山腳,,,NONE,NONE,"{'builder': '九鈿建設開發股份有限公司', 'main_use': '住家用', 'household': '12', 'use_zoning': '住宅區', 'declare_date': '1100729', 'main_material': '鋼筋混凝土構造', 'building_lands': None, 'selling_period': '自售:1101001~1111231', 'building_permit_no': None, 'building_permit_date': None, 'first_registration_date': None}",2026-03-19 15:48:10.336040+00:00,2026-03-20 12:41:06.145999+00:00,
543,presale_csv,麻豆區|春日朗2|大山里大山腳46號附近|(112)南工造字第02138號,麻豆區,春日朗2,大山里大山腳46號附近,宇新建設有限公司,4,第三種住宅區,H2住宅,鋼筋混凝土造,1121011,自售:1121011~1141010,大山段100-4地號,,(112)南工造字第02138號,,台南市麻豆區大山里大山腳46號附近,台南市麻豆區大山里大山腳46號,,,NONE,NONE,"{'builder': '宇新建設有限公司', 'main_use': 'H2住宅', 'household': '4', 'use_zoning': '第三種住宅區', 'declare_date': '1121011', 'main_material': '鋼筋混凝土造', 'building_lands': None, 'selling_period': '自售:1121011~1141010', 'building_permit_no': '(112)南工造字第02138號', 'building_permit_date': None, 'first_registration_date': None}",2026-03-19 15:48:10.336040+00:00,2026-03-20 12:41:06.145999+00:00,
538,presale_csv,麻豆區|滿築|真理段1200-0000地號|(111)南工造字第01994-01號,麻豆區,滿築,真理段1200-0000地號,宗唐建設股份有限公司,34,鄉村區乙種建築用地,住家用,鋼筋混凝土造,1121002,自售:1121005~1141004,真理段1200-0000地號,,(111)南工造字第01994-01號,,台南市麻豆區真理段1200-0000地號,台南市麻豆區真理段1200-0000地號,,,NONE,NONE,"{'builder': '宗唐建設股份有限公司', 'main_use': '住家用', 'household': '34', 'use_zoning': '鄉村區乙種建築用地', 'declare_date': '1121002', 'main_material': '鋼筋混凝土造', 'building_lands': None, 'selling_period': '自售:1121005~1141004', 'building_permit_no': '(111)南工造字第01994-01號', 'building_permit_date': None, 'first_registration_date': None}",2026-03-19 15:48:10.336040+00:00,2026-03-20 12:41:06.145999+00:00,
187,presale_csv,麻豆區|綠品苑|巷口段|(110)南工造字第02340號,麻豆區,綠品苑,巷口段,和建開發股份有限公司,28,住宅區,住家用,鋼筋混凝土造,1110408,自售:1110601~1121231,巷口段900-1地號,,(110)南工造字第02340號,,台南市麻豆區巷口段,台南市麻豆區巷口段,,,NONE,NONE,"{'builder': '和建開發股份有限公司', 'main_use': '住家用', 'household': '28', 'use_zoning': '住宅區', 'declare_date': '1110408', 'main_material': '鋼筋混凝土造', 'building_lands': None, 'selling_period': '自售:1110601~1121231', 'building_permit_no': '(110)南工造字第02340號', 'building_permit_date': None, 'first_registration_date': None}",2026-03-19 15:48:10.336040+00:00,2026-03-20 12:41:06.145999+00:00,
469,presale_csv,麻豆區|綠品苑2|巷口段|(111)南工造字第03804號,麻豆區,綠品苑2,巷口段,和建開發股份有限公司,20,住宅區,住家用,鋼筋混凝土造,1120605,自售:無,巷口段897-15地號,,(111)南工造字第03804號,,台南市麻豆區巷口段,台南市麻豆區巷口段,,,NONE,NONE,"{'builder': '和建開發股份有限公司', 'main_use': '住家用', 'household': '20', 'use_zoning': '住宅區', 'declare_date': '1120605', 'main_material': '鋼筋混凝土造', 'building_lands': None, 'selling_period': '自售:無', 'building_permit_no': '(111)南工造字第03804號', 'building_permit_date': None, 'first_registration_date': None}",2026-03-19 15:48:10.336040+00:00,2026-03-20 12:41:06.145999+00:00,
58,presale_csv,麻豆區|臺邦優悅|謝厝寮|,麻豆區,臺邦優悅,謝厝寮,臺邦開發建設股份有限公司,38,鄉村區乙種建築用地,店舖、集合住宅、停車空間，住宅,鋼筋混凝土構造,1101014,自售:自110年10月16日起至全案銷售完畢,謝厝寮段1137地號,,,,台南市麻豆區謝厝寮,台南市麻豆區謝厝寮,,,NONE,NONE,"{'builder': '臺邦開發建設股份有限公司', 'main_use': '店舖、集合住宅、停車空間，住宅', 'household': '38', 'use_zoning': '鄉村區乙種建築用地', 'declare_date': '1101014', 'main_material': '鋼筋混凝土構造', 'building_lands': None, 'selling_period': '自售:自110年10月16日起至全案銷售完畢', 'building_permit_no': None, 'building_permit_date': None, 'first_registration_date': None}",2026-03-19 15:48:10.336040+00:00,2026-03-20 12:41:06.145999+00:00,
503,presale_csv,麻豆區|陳新建設-深白序曲|安業|(111)南工造字第02296號,麻豆區,陳新建設-深白序曲,安業,陳新建設有限公司代表人:陳秀芳,2,鄉村區乙種建築用地,住家用,鋼筋混凝土造,1120723,自售:1120801~1130731,安西段1090地號,,(111)南工造字第02296號,,台南市麻豆區安業,台南市麻豆區安業,,,NONE,NONE,"{'builder': '陳新建設有限公司代表人:陳秀芳', 'main_use': '住家用', 'household': '2', 'use_zoning': '鄉村區乙種建築用地', 'declare_date': '1120723', 'main_material': '鋼筋混凝土造', 'building_lands': None, 'selling_period': '自售:1120801~1130731', 'building_permit_no': '(111)南工造字第02296號', 'building_permit_date': None, 'first_registration_date': None}",2026-03-19 15:48:10.336040+00:00,2026-03-20 12:41:06.145999+00:00,
